method,node_id,x,y,z,nearest_in_other_m
baseline,472,16.00000762939453,3.200000047683716,-0.34776604175567627,1.4460179805755615
baseline,473,14.500008583068848,4.600000381469727,-0.3492060899734497,1.7222899198532104
baseline,474,16.900009155273438,4.5,-0.3242911696434021,0.20557843148708344
baseline,475,17.50000762939453,4.300000190734863,-0.32525157928466797,0.2783353328704834
baseline,476,17.400009155273438,-0.7999999523162842,-0.24328549206256866,0.34319940209388733
baseline,477,8.100008010864258,-4.900000095367432,0.8478678464889526,10.45400333404541
baseline,478,8.800008773803711,-4.0,0.503473699092865,9.46596908569336
baseline,479,9.000008583068848,4.800000190734863,0.5828862190246582,6.9769673347473145
baseline,480,10.300008773803711,5.400000095367432,0.3074952960014343,5.603715419769287
baseline,481,17.900009155273438,2.700000047683716,-0.2760123312473297,0.27103492617607117
baseline,482,17.30000877380371,2.3000001907348633,-0.2769245505332947,0.694629430770874
baseline,483,17.500009536743164,0.9000000953674316,-0.2539408802986145,0.45772063732147217
baseline,484,16.100008010864258,4.099999904632568,-0.3302840292453766,0.8944405913352966
baseline,485,7.100008487701416,3.9000000953674316,-0.27348828315734863,8.927905082702637
baseline,486,18.10000991821289,3.200000286102295,-0.26195573806762695,0.35782134532928467
baseline,487,16.900009155273438,0.6000000834465027,-0.2735302150249481,1.0994220972061157
baseline,488,16.900009155273438,-1.0,-0.2546912431716919,0.8807388544082642
baseline,489,17.80000877380371,-2.5999999046325684,-0.26531004905700684,0.9029607772827148
baseline,490,17.60000991821289,0.20000004768371582,-0.2495666742324829,0.6959190368652344
baseline,491,17.30000877380371,-0.2999999523162842,-0.2516298294067383,0.5578029751777649
baseline,492,18.200010299682617,1.4000000953674316,-0.24274392426013947,0.3504239022731781
baseline,493,17.800010681152344,-1.7000000476837158,-0.28773897886276245,0.5361317992210388
baseline,494,18.200010299682617,-0.49999988079071045,-0.2515685558319092,0.508335530757904
baseline,495,15.10000991821289,4.800000190734863,-0.3542785346508026,1.1483314037322998
baseline,496,17.10000991821289,1.5000001192092896,-0.25512659549713135,1.0065727233886719
baseline,497,17.700010299682617,1.5000001192092896,-0.2506052255630493,0.5576616525650024
baseline,498,18.500009536743164,3.8000001907348633,-0.09709378331899643,0.19161087274551392
baseline,499,18.400009155273438,-0.9999998807907104,-0.26168304681777954,0.4390438199043274
baseline,500,18.400009155273438,0.40000009536743164,-0.25413188338279724,0.4486803412437439
baseline,501,16.300010681152344,5.900000095367432,-0.3710279166698456,0.508834719657898
baseline,502,17.900009155273438,2.200000286102295,-0.25148943066596985,0.28010010719299316
baseline,503,18.500011444091797,2.3000001907348633,-0.21901744604110718,0.2716673016548157
baseline,504,17.40001106262207,5.5,-0.37262022495269775,0.2529139816761017
baseline,505,16.40001106262207,3.700000047683716,-0.2923121452331543,0.8994776010513306
baseline,506,18.40001106262207,-2.799999952316284,-0.13426780700683594,0.7097547650337219
baseline,507,17.300010681152344,2.9000000953674316,-0.28652119636535645,0.42677849531173706
baseline,508,10.100010871887207,4.300000190734863,0.7258151173591614,6.0201096534729
baseline,509,9.40001106262207,-3.4000000953674316,1.1015911102294922,8.802057266235352
baseline,510,18.000011444091797,0.8000000715255737,-0.1995861679315567,0.11491825431585312
baseline,511,15.90001106262207,-2.200000047683716,-0.3113492429256439,2.1580166816711426
baseline,512,10.000011444091797,3.8000001907348633,1.0480555295944214,6.313492298126221
baseline,513,16.700010299682617,6.400000095367432,-0.3560023903846741,0.6835491061210632
baseline,514,18.600011825561523,1.7000000476837158,-0.19112373888492584,0.22640462219715118
baseline,515,17.600011825561523,3.6000001430511475,-0.2761082053184509,0.35052290558815
baseline,516,16.200010299682617,5.960464477539063e-08,-0.23951862752437592,1.6565521955490112
baseline,517,18.600011825561523,1.1000001430511475,-0.19387179613113403,0.20256565511226654
baseline,518,17.000011444091797,3.4000000953674316,-0.2586977779865265,0.5787525773048401
baseline,519,18.70001220703125,-0.3999999761581421,-0.1864171326160431,0.1377795934677124
baseline,520,18.70001220703125,3.1000001430511475,-0.21100293099880219,0.2004593312740326
baseline,521,18.900012969970703,-1.2999998331069946,-0.17961780726909637,0.23257125914096832
baseline,522,16.20001220703125,6.700000286102295,-0.3961477279663086,0.47314581274986267
baseline,523,10.100011825561523,4.100000381469727,-0.437653124332428,5.959827899932861
baseline,524,13.600011825561523,3.8000001907348633,-0.3660077750682831,2.9243428707122803
baseline,525,10.600011825561523,4.200000286102295,0.5906205177307129,5.543820858001709
baseline,526,19.300012588500977,2.200000286102295,-0.1593111753463745,0.33326688408851624
baseline,527,12.300012588500977,-4.900000095367432,-0.2704735994338989,6.643221855163574
baseline,528,16.900012969970703,3.9000000953674316,-0.25236693024635315,0.40655261278152466
baseline,529,17.50001335144043,-1.2999998331069946,-0.2203977257013321,0.3389303982257843
baseline,530,19.30001449584961,0.2000001072883606,-0.1705661118030548,0.19218100607395172
baseline,531,19.100013732910156,1.7000001668930054,-0.18857407569885254,0.5176389813423157
baseline,532,17.00001335144043,6.90000057220459,-0.20518484711647034,0.9696134924888611
baseline,533,11.300013542175293,4.100000381469727,0.9247171878814697,4.9963154792785645
baseline,534,14.600013732910156,6.5,-0.3949873447418213,1.3191958665847778
baseline,535,19.600013732910156,-0.5999999046325684,-0.14661070704460144,0.4294373095035553
baseline,536,15.80001449584961,5.300000190734863,-0.3169320225715637,0.38420629501342773
baseline,537,19.000015258789062,3.500000238418579,-0.1985100358724594,0.30367591977119446
baseline,538,18.900014877319336,0.5000001192092896,-0.18132221698760986,0.21057525277137756
baseline,539,19.700014114379883,3.4000000953674316,-0.18698376417160034,0.21536701917648315
baseline,540,18.000015258789062,6.5,-0.28398680686950684,0.3645291328430176
baseline,541,19.500015258789062,0.7000001668930054,-0.17131833732128143,0.3584376573562622
baseline,542,18.500015258789062,6.100000381469727,-0.4064084589481354,0.2927301824092865
baseline,543,19.60001564025879,1.7000001668930054,-0.17120562493801117,0.37808355689048767
baseline,544,13.7000150680542,-4.099999904632568,-0.40151774883270264,5.037641525268555
baseline,545,19.90001678466797,0.3000001311302185,-0.13158255815505981,0.26518499851226807
baseline,546,19.200016021728516,2.9000000953674316,-0.19168922305107117,0.34529954195022583
baseline,547,9.800016403198242,-3.6999998092651367,1.014937400817871,8.491930961608887
baseline,548,19.700016021728516,-1.1999999284744263,-0.14351817965507507,0.17920778691768646
baseline,549,20.10001564025879,2.700000286102295,-0.20559650659561157,0.27542057633399963
baseline,550,11.700016021728516,4.400000095367432,0.7602742314338684,4.496453285217285
baseline,551,14.000016212463379,4.800000190734863,-0.357851505279541,2.044098377227783
baseline,552,20.10001564025879,-0.49999988079071045,-0.16274504363536835,0.2813844382762909
baseline,553,16.500017166137695,7.200000286102295,-0.3486548960208893,0.7563149929046631
baseline,554,20.200016021728516,1.6000001430511475,-0.1420658975839615,0.10532144457101822
baseline,555,18.90001678466797,5.500000476837158,-0.3680265545845032,0.4373697340488434
baseline,556,14.900016784667969,3.6000003814697266,-0.33216771483421326,2.174014091491699
baseline,557,15.600016593933105,2.8000001907348633,-0.23174132406711578,2.001565456390381
baseline,558,11.700016975402832,3.8000001907348633,0.8205991387367249,4.716409683227539
baseline,559,17.40001678466797,7.200000286102295,-0.11072280257940292,1.2640743255615234
baseline,560,20.20001792907715,0.7000001668930054,-0.1521790325641632,0.41108202934265137
baseline,561,19.90001678466797,4.100000381469727,-0.19498977065086365,0.3572961688041687
baseline,562,20.500017166137695,0.20000016689300537,-0.13357585668563843,0.3540394902229309
baseline,563,20.500017166137695,3.4000003337860107,-0.1642773300409317,0.36336955428123474
baseline,564,20.20001792907715,-1.6999998092651367,-0.14480726420879364,0.23460938036441803
baseline,565,18.70001792907715,6.900000095367432,0.05048682540655136,0.49659085273742676
baseline,566,17.40001678466797,6.000000476837158,-0.23684848845005035,0.3418518602848053
baseline,567,20.500017166137695,2.1000001430511475,-0.11453904211521149,0.23403777182102203
baseline,568,19.600017547607422,1.2000001668930054,-0.16538965702056885,0.21247164905071259
baseline,569,17.500017166137695,6.5,-0.17363421618938446,0.6556745767593384
baseline,570,11.300017356872559,-4.5,-0.023573173210024834,7.306046485900879
baseline,571,20.000017166137695,2.200000286102295,-0.15216374397277832,0.2599470615386963
baseline,572,17.600017547607422,4.900000095367432,-0.305275559425354,0.2631596624851227
baseline,573,20.20001792907715,-1.0999997854232788,-0.13259904086589813,0.3216707110404968
baseline,574,21.000017166137695,4.100000381469727,-0.13625532388687134,0.4557711184024811
baseline,575,18.500017166137695,6.600000381469727,-0.3318721354007721,0.3521360456943512
baseline,576,14.200017929077148,1.1000001430511475,-0.08265466243028641,3.7596547603607178
baseline,577,20.4000186920166,3.9000000953674316,-0.14279751479625702,0.2997947633266449
baseline,578,20.9000186920166,1.4000002145767212,-0.1191011518239975,0.264588862657547
baseline,579,17.9000186920166,7.300000190734863,-0.05006357282400131,0.9177225232124329
baseline,580,20.70001792907715,-0.29999983310699463,-0.12138107419013977,0.3249218165874481
baseline,581,20.800018310546875,2.8000001907348633,-0.12627899646759033,0.2647424638271332
baseline,582,21.000019073486328,2.1000001430511475,-0.12618812918663025,0.4948734641075134
baseline,583,19.000019073486328,6.100000381469727,-0.30160579085350037,0.1832868903875351
baseline,584,21.100017547607422,3.200000286102295,-0.1206241324543953,0.4722611904144287
baseline,585,21.20001792907715,-0.29999983310699463,-0.04751317575573921,0.20414410531520844
baseline,586,19.100017547607422,-0.6999999284744263,-0.18882077932357788,0.3849175274372101
baseline,587,17.9000186920166,-0.899999737739563,-0.19220831990242004,0.29578328132629395
baseline,588,21.000019073486328,0.20000016689300537,-0.123991459608078,0.3411045968532562
baseline,589,18.100019454956055,5.600000381469727,-0.33508118987083435,0.22022975981235504
baseline,590,20.70001983642578,0.8000002503395081,-0.13133902847766876,0.26858726143836975
baseline,591,21.4000186920166,1.600000262260437,-0.1044531911611557,0.15546736121177673
baseline,592,20.900020599365234,-0.9999997615814209,-0.12223532050848007,0.27383047342300415
baseline,593,21.400020599365234,2.500000238418579,-0.1210058331489563,0.40976566076278687
baseline,594,18.500019073486328,7.5,-0.021346377208828926,0.6599394679069519
baseline,595,9.700019836425781,4.90000057220459,1.028303623199463,6.364342212677002
baseline,596,21.600019454956055,0.4000002145767212,-0.10009241104125977,0.4459502696990967
baseline,597,21.600021362304688,-0.899999737739563,-0.17869579792022705,0.34682220220565796
baseline,598,21.300020217895508,3.700000286102295,-0.16500115394592285,0.3729243874549866
baseline,599,21.800020217895508,-0.2999997138977051,-0.20900151133537292,0.316361665725708
baseline,600,21.400020599365234,1.000000238418579,-0.17217227816581726,0.22618833184242249
baseline,601,18.100021362304688,2.384185791015625e-07,-0.26022812724113464,0.21655148267745972
baseline,602,17.300020217895508,-1.7999998331069946,-0.22971485555171967,0.8095985054969788
baseline,603,21.700021743774414,3.000000476837158,-0.16491693258285522,0.4046730697154999
baseline,604,16.400020599365234,2.1000003814697266,-0.06945155560970306,1.5911121368408203
baseline,605,22.200021743774414,-0.7999997138977051,-0.05539380759000778,0.22514675557613373
baseline,606,19.100021362304688,1.100000262260437,-0.19524352252483368,0.24432720243930817
baseline,607,14.900022506713867,1.4000003337860107,-0.018492059782147408,3.0977158546447754
baseline,608,22.30002212524414,3.200000286102295,-0.06351247429847717,0.2568490207195282
baseline,609,22.10002326965332,1.200000286102295,-0.056411609053611755,0.2999938428401947
baseline,610,21.80002212524414,2.200000286102295,-0.11784492433071136,0.13308919966220856
baseline,611,22.10002326965332,0.7000002861022949,-0.051318734884262085,0.32265567779541016
baseline,612,11.800023078918457,5.600000381469727,-0.22197690606117249,4.055371284484863
baseline,613,21.800024032592773,-1.6999996900558472,-0.058228425681591034,0.09769034385681152
baseline,614,22.300024032592773,2.4000003337860107,-0.03411845490336418,0.3073953092098236
baseline,615,22.600025177001953,1.8000003099441528,-0.04411458224058151,0.23618142306804657
baseline,616,22.600025177001953,0.40000033378601074,-0.05369240418076515,0.4016248285770416
baseline,617,21.9000244140625,3.700000286102295,-0.08754275739192963,0.4082186222076416
baseline,618,22.800025939941406,2.6000003814697266,-0.06355277448892593,0.2378944456577301
baseline,619,21.9000244140625,1.700000286102295,-0.07275521755218506,0.20217277109622955
baseline,620,16.100025177001953,1.4000003337860107,-0.009302500635385513,1.9265847206115723
baseline,621,22.900026321411133,3.3000001907348633,-0.11264722049236298,0.44598713517189026
baseline,622,19.100025177001953,6.700000762939453,-0.258407324552536,0.5339215993881226
baseline,623,22.70002555847168,1.1000001430511475,-0.08833589404821396,0.34514543414115906
baseline,624,23.300025939941406,2.1000001430511475,-0.07679527997970581,0.3057200014591217
baseline,625,22.700027465820312,-0.09999990463256836,-0.07568177580833435,0.3961141109466553
baseline,626,11.60002613067627,4.90000057220459,0.6939493417739868,4.45969820022583
baseline,627,22.200027465820312,0.10000026226043701,-0.08888164162635803,0.2900773286819458
baseline,628,23.200027465820312,0.9000002145767212,-0.05740705877542496,0.3789185881614685
baseline,629,23.200027465820312,-0.19999980926513672,-0.07260923832654953,0.553389847278595
baseline,630,23.30002784729004,1.6000001430511475,-0.07307253777980804,0.3460555374622345
baseline,631,22.700027465820312,-0.7999999523162842,-0.06632359325885773,0.2887888550758362
baseline,632,23.600027084350586,3.4000000953674316,-0.0732027143239975,0.16928339004516602
baseline,633,14.700027465820312,-3.799999952316284,0.10816749185323715,4.086432933807373
baseline,634,13.800027847290039,5.200000286102295,0.036987487226724625,2.151362895965576
baseline,635,23.60002899169922,0.5000001192092896,-0.05171728879213333,0.35491809248924255
baseline,636,23.60002899169922,2.700000047683716,-0.0811605155467987,0.27814406156539917
baseline,637,23.800029754638672,1.2999999523162842,-0.06152281165122986,0.3263930380344391
baseline,638,23.800029754638672,-0.2999999523162842,-0.0016973542515188456,0.31040945649147034
baseline,639,23.400028228759766,-0.7000000476837158,-0.06612693518400192,0.3535577356815338
baseline,640,23.9000301361084,1.9000000953674316,-0.059094663709402084,0.2648279070854187
baseline,641,24.4000301361084,3.5,-0.05447108671069145,0.3399292826652527
baseline,642,24.300031661987305,2.200000047683716,-0.051532380282878876,0.30319368839263916
baseline,643,24.300031661987305,4.199999809265137,-0.07995027303695679,0.20868276059627533
baseline,644,24.200031280517578,-0.5999999046325684,-0.022438649088144302,0.133070170879364
baseline,645,24.000030517578125,3.0,-0.041499197483062744,0.08341080695390701
baseline,646,24.600032806396484,1.7999999523162842,0.002048379508778453,0.32298144698143005
baseline,647,24.40003204345703,0.09999990463256836,-0.030945759266614914,0.5106162428855896
baseline,648,24.800033569335938,2.799999952316284,-0.019999608397483826,0.2462327480316162
baseline,649,24.90003204345703,-1.1000001430511475,-0.021151963621377945,0.30673685669898987
baseline,650,19.300033569335938,-3.6000001430511475,-0.00544088426977396,0.8348895311355591
baseline,651,25.000032424926758,0.0,-0.021651137620210648,0.3241465091705322
baseline,652,24.900033950805664,1.3999998569488525,-0.001472035190090537,0.31410032510757446
baseline,653,24.300033569335938,1.1999999284744263,-0.012490508146584034,0.3965074121952057
baseline,654,25.00003433227539,2.0999999046325684,-0.015318913385272026,0.24283388257026672
baseline,655,25.300033569335938,3.3999998569488525,0.027724847197532654,0.5910360813140869
baseline,656,25.100034713745117,-0.5000002384185791,0.0690191313624382,0.3576374053955078
baseline,657,24.800033569335938,4.0,0.011720464564859867,0.19631870090961456
baseline,658,19.600034713745117,2.5999999046325684,-0.06023431941866875,0.4739815592765808
baseline,659,25.200035095214844,0.5999997854232788,0.01862841472029686,0.06425878405570984
baseline,660,25.600034713745117,1.2999998331069946,0.026585521176457405,0.33468198776245117
baseline,661,25.600034713745117,2.299999952316284,0.022870387881994247,0.21570982038974762
baseline,662,25.400035858154297,1.7999998331069946,0.014663765206933022,0.3820198178291321
baseline,663,25.700035095214844,3.799999713897705,-0.05086158961057663,0.36204713582992554
baseline,664,22.400035858154297,3.6999998092651367,-0.04927793890237808,0.07347692549228668
baseline,665,25.500036239624023,0.09999990463256836,-0.03637519106268883,0.5350910425186157
baseline,666,24.700037002563477,0.6999998092651367,-0.016926312819123268,0.49857011437416077
baseline,667,24.200037002563477,0.5999997854232788,-0.0571405403316021,0.07323973625898361
baseline,668,26.000036239624023,2.5999999046325684,0.04200025275349617,0.05374429374933243
baseline,669,26.10003662109375,2.0999996662139893,0.06083627790212631,0.3196747303009033
baseline,670,25.500038146972656,4.299999713897705,-0.05993710085749626,0.1828245222568512
baseline,671,26.10003662109375,0.7999997138977051,0.03472865745425224,0.325928270816803
baseline,672,25.90003776550293,3.0999999046325684,-0.04498184472322464,0.41816890239715576
baseline,673,26.200037002563477,-0.10000038146972656,0.06026061624288559,0.5813654065132141
baseline,674,25.600038528442383,-0.5000002384185791,-0.011365256272256374,0.10674997419118881
baseline,675,26.500038146972656,0.2999997138977051,0.02680262364447117,0.22730086743831635
baseline,676,26.600038528442383,3.999999761581421,0.01813349314033985,0.30157649517059326
baseline,677,25.400039672851562,-1.1000003814697266,0.03405227139592171,0.3454210162162781
baseline,678,26.400039672851562,1.499999761581421,0.0336453914642334,0.2980104684829712
baseline,679,26.300039291381836,-1.1000003814697266,0.028744284063577652,0.7973454594612122
baseline,680,26.600040435791016,2.6999998092651367,0.04922128841280937,0.21845769882202148
baseline,681,26.100040435791016,4.299999713897705,0.006147108040750027,0.32082584500312805
baseline,682,16.50004005432129,4.699999809265137,-0.050628576427698135,0.5388328433036804
baseline,683,26.700040817260742,1.0999997854232788,0.07817598432302475,0.30828264355659485
baseline,684,26.80004119873047,1.9999996423721313,0.0665663629770279,0.44672277569770813
baseline,685,26.700040817260742,3.1999998092651367,0.04560454189777374,0.27150195837020874
baseline,686,27.000041961669922,3.6999998092651367,0.04548998177051544,0.32645899057388306
baseline,687,26.700040817260742,-0.40000033378601074,0.03211905062198639,0.20315739512443542
baseline,688,27.30004119873047,1.1999996900558472,0.05467526614665985,0.15443012118339539
baseline,689,27.3000431060791,3.0999996662139893,0.057422734797000885,0.4467250406742096
baseline,690,27.500041961669922,4.199999809265137,0.05378742143511772,0.4082401692867279
baseline,691,27.200042724609375,0.2999997138977051,0.03852463513612747,0.2938440144062042
baseline,692,27.500041961669922,2.1999995708465576,0.07766170799732208,0.33740362524986267
baseline,693,27.60004234313965,-0.9000003337860107,0.11596750468015671,0.4545232951641083
baseline,694,15.800043106079102,-2.700000524520874,0.06572593003511429,2.545837163925171
baseline,695,25.3000431060791,2.8999996185302734,0.02779839001595974,0.21763965487480164
baseline,696,28.000043869018555,2.999999523162842,0.08059124648571014,0.35617363452911377
baseline,697,27.800045013427734,1.1999995708465576,0.08844120800495148,0.3148103356361389
baseline,698,27.200044631958008,-0.40000057220458984,0.0718594342470169,0.38783568143844604
baseline,699,28.000045776367188,-4.76837158203125e-07,0.0908208042383194,0.3604828119277954
baseline,700,26.300045013427734,3.5999996662139893,0.06382551044225693,0.27344486117362976
baseline,701,28.40004539489746,0.9999995231628418,0.14997588098049164,0.22842615842819214
baseline,702,27.500045776367188,0.6999995708465576,0.08154700696468353,0.38246646523475647
baseline,703,27.100046157836914,2.5999996662139893,0.08101816475391388,0.2757258713245392
baseline,704,27.800046920776367,3.799999713897705,0.11204537749290466,0.5722792148590088
baseline,705,28.300046920776367,2.3999996185302734,0.12636730074882507,0.3183046281337738
baseline,706,16.90004539489746,2.499999523162842,-0.03934049606323242,0.9899143576622009
baseline,707,28.400047302246094,0.4999995231628418,0.1379793882369995,0.1591915488243103
baseline,708,27.70004653930664,1.6999995708465576,0.09686590731143951,0.18530842661857605
baseline,709,27.100046157836914,-1.0000004768371582,0.08296510577201843,0.44311758875846863
baseline,710,28.400047302246094,3.999999523162842,0.0783831775188446,0.2738761305809021
baseline,711,18.70004653930664,-3.200000524520874,-0.025036543607711792,0.816000759601593
baseline,712,28.20004653930664,-0.700000524520874,0.08046971261501312,0.16887684166431427
baseline,713,27.000045776367188,4.399999618530273,0.03329561650753021,0.33275315165519714
baseline,714,28.50004768371582,2.8999993801116943,0.07946278899908066,0.42334285378456116
baseline,715,17.400047302246094,-3.1000006198883057,0.09372220933437347,1.569239854812622
baseline,716,28.800048828125,2.299999475479126,0.0788663774728775,0.20572274923324585
baseline,717,28.900047302246094,3.299999475479126,0.11050701141357422,0.14533981680870056
baseline,718,29.100048065185547,3.799999475479126,0.10261818766593933,0.4014148712158203
baseline,719,28.500049591064453,-0.20000052452087402,0.1146160289645195,0.23841896653175354
baseline,720,28.800048828125,1.3999994993209839,0.08040657639503479,0.20426328480243683
baseline,721,28.900049209594727,0.4999995231628418,0.1251317411661148,0.27307870984077454
baseline,722,29.10004997253418,4.299999237060547,0.09923572838306427,0.40465301275253296
baseline,723,19.500049591064453,-1.700000524520874,0.20177461206912994,0.5238502025604248
baseline,724,17.500049591064453,1.8999993801116943,-0.0149915786460042,0.5010336637496948
baseline,725,29.300048828125,2.1999993324279785,0.04418715089559555,0.19288115203380585
baseline,726,29.700048446655273,4.1999993324279785,0.14563456177711487,0.37183281779289246
baseline,727,28.300048828125,1.799999475479126,0.0768287405371666,0.22844435274600983
baseline,728,29.60004997253418,0.5999994277954102,0.05380968749523163,0.3073374927043915
baseline,729,29.800050735473633,3.299999475479126,0.16429801285266876,0.40518882870674133
baseline,730,29.40005111694336,-0.7000007629394531,0.06782088428735733,0.249089315533638
baseline,731,29.800050735473633,1.8999993801116943,0.17332346737384796,0.3214752972126007
baseline,732,29.300050735473633,2.8999993801116943,0.03398331254720688,0.36084192991256714
baseline,733,30.100051879882812,0.39999938011169434,0.1550697535276413,0.17429885268211365
baseline,734,27.700050354003906,-0.40000057220458984,0.07062779366970062,0.4152013063430786
baseline,735,30.000051498413086,2.799999475479126,0.13426536321640015,0.1323147565126419
baseline,736,30.300050735473633,4.399999618530273,0.145340234041214,0.2704261839389801
baseline,737,29.600051879882812,1.2999993562698364,0.1309576779603958,0.3606867790222168
baseline,738,30.300050735473633,2.09999942779541,0.14365001022815704,0.1901901662349701
baseline,739,30.300052642822266,-0.20000076293945312,0.1567910760641098,0.3438718318939209
baseline,740,30.40005111694336,0.9999994039535522,0.15471966564655304,0.3317270576953888
baseline,741,29.600051879882812,-7.152557373046875e-07,0.11979801952838898,0.363612562417984
baseline,742,30.20005226135254,3.8999993801116943,0.11770357936620712,0.300078809261322
baseline,743,20.800052642822266,-1.6000006198883057,0.24406003952026367,0.6041059494018555
baseline,744,28.300052642822266,3.3999993801116943,0.09316179901361465,0.1600436121225357
baseline,745,30.400053024291992,3.1999993324279785,0.130724236369133,0.33094513416290283
baseline,746,30.8000545501709,2.299999237060547,0.1461421400308609,0.36832818388938904
baseline,747,31.00005340576172,3.3999993801116943,0.16741803288459778,0.4278523623943329
baseline,748,30.600053787231445,0.19999933242797852,0.11448463797569275,0.1865048110485077
baseline,749,29.3000545501709,1.6999993324279785,0.10687492042779922,0.36272960901260376
baseline,750,30.8000545501709,1.3999993801116943,0.14630314707756042,0.3682168424129486
baseline,751,31.200054168701172,-0.3000006675720215,0.12490738183259964,0.3439922332763672
baseline,752,31.100055694580078,4.399999618530273,0.16840176284313202,0.5639739632606506
baseline,753,30.900054931640625,0.6999993324279785,0.12306366860866547,0.2797851264476776
baseline,754,30.30005645751953,-0.7000007629394531,0.1354282647371292,0.7206480503082275
baseline,755,30.700056076049805,3.999999523162842,0.14460408687591553,0.39768320322036743
baseline,756,28.100055694580078,4.399999141693115,0.07369227707386017,0.25122910737991333
baseline,757,31.50005531311035,2.8999993801116943,0.2247191220521927,0.46076419949531555
baseline,758,31.50005531311035,1.9999992847442627,0.21944761276245117,0.21686460077762604
baseline,759,30.30005645751953,1.4999992847442627,0.11324237287044525,0.27836689352989197
baseline,760,31.600055694580078,1.199999213218689,0.12043989449739456,0.2642521262168884
baseline,761,31.200056076049805,0.19999933242797852,0.10475961863994598,0.4743505120277405
baseline,762,31.60005760192871,3.6999993324279785,0.156059131026268,0.285030335187912
baseline,763,30.80005645751953,2.8999993801116943,0.1514013409614563,0.3399066627025604
baseline,764,27.200057983398438,1.699999213218689,0.08667561411857605,0.45652857422828674
baseline,765,32.20005798339844,1.9999992847442627,0.20132771134376526,0.4034765362739563
baseline,766,29.200057983398438,0.9999992847442627,0.11470098793506622,0.33745917677879333
baseline,767,31.90005874633789,0.6999993324279785,0.17998911440372467,0.38033223152160645
baseline,768,32.000057220458984,3.1999993324279785,0.16449934244155884,0.4738125205039978
baseline,769,31.600059509277344,4.299999237060547,0.17577697336673737,0.4699312448501587
baseline,770,31.800058364868164,2.4999992847442627,0.18757593631744385,0.44660434126853943
baseline,771,32.3000602722168,4.499999046325684,0.19773007929325104,0.8471763730049133
baseline,772,32.20005798339844,3.6999993324279785,0.19253522157669067,0.5497548580169678
baseline,773,32.3000602722168,0.09999918937683105,0.20115165412425995,0.7994979619979858
baseline,774,32.50006103515625,0.9999992847442627,0.21237598359584808,0.4857093095779419
baseline,775,32.50006103515625,2.8999993801116943,0.21561479568481445,0.5009682178497314
baseline,776,32.00006103515625,1.4999992847442627,0.19250330328941345,0.48346805572509766
baseline,777,32.8000602722168,1.599999189376831,0.23114845156669617,0.42880016565322876
baseline,778,32.600059509277344,-0.3000009059906006,0.2009350061416626,0.7342903017997742
baseline,779,32.7000617980957,3.799999237060547,0.20851565897464752,0.5012577176094055
baseline,780,32.8000602722168,0.19999909400939941,0.18583515286445618,0.49708065390586853
baseline,781,33.00006103515625,2.799999237060547,0.18691694736480713,0.48351895809173584
baseline,782,32.80006408691406,4.499999046325684,0.15819072723388672,0.8663297891616821
baseline,783,23.200061798095703,3.6999993324279785,0.08055146783590317,0.41453856229782104
baseline,784,33.30006408691406,1.3999991416931152,0.24154609441757202,0.5081208944320679
baseline,785,33.2000617980957,3.799999237060547,0.18052972853183746,0.4958451986312866
baseline,786,33.500064849853516,2.3999991416931152,0.24857649207115173,0.527582585811615
baseline,787,33.30006408691406,-0.3000009059906006,0.25824645161628723,0.4811290502548218
baseline,788,33.30006408691406,0.8999991416931152,0.24662716686725616,0.5137795209884644
baseline,789,32.7000617980957,2.3999991416931152,0.2214176058769226,0.3277350068092346
baseline,790,23.500062942504883,-1.2000010013580322,0.21942968666553497,0.6102069020271301
baseline,791,32.80006408691406,3.2999989986419678,0.2146875560283661,0.681515097618103
baseline,792,31.40006446838379,0.6999990940093994,0.17600198090076447,0.3685246407985687
baseline,793,33.70006561279297,4.099998950958252,0.23488962650299072,0.5674917697906494
baseline,794,34.000064849853516,1.8999990224838257,0.2241932600736618,0.4353218972682953
baseline,795,31.70006561279297,0.09999895095825195,0.1742931753396988,0.42521971464157104
baseline,796,33.70006561279297,2.8999991416931152,0.23807565867900848,0.39548203349113464
baseline,797,34.100067138671875,2.4999990463256836,0.3738729953765869,0.4134969711303711
baseline,798,33.80006408691406,3.599999189376831,0.2444002777338028,0.5820428729057312
baseline,799,33.30006408691406,3.1999990940093994,0.23558644950389862,0.4701020419597626
baseline,800,33.80006790161133,0.4999990463256836,0.28888750076293945,0.3806902766227722
baseline,801,33.30006790161133,1.8999990224838257,0.28647246956825256,0.37095820903778076
baseline,802,34.70006561279297,2.1999990940093994,0.3080543875694275,0.16238848865032196
baseline,803,34.40006637573242,3.2999989986419678,0.27377575635910034,0.2508046627044678
baseline,804,33.40006637573242,4.599998950958252,0.23045668005943298,0.4857514500617981
baseline,805,34.500064849853516,0.7999989986419678,0.2971520721912384,0.3256967067718506
baseline,806,34.90006637573242,-9.5367431640625e-07,0.3009297847747803,0.5558637976646423
baseline,807,34.20006561279297,4.499999046325684,0.26067104935646057,0.21102294325828552
baseline,808,33.90006637573242,1.1999990940093994,0.25781089067459106,0.37870559096336365
baseline,809,32.00006866455078,-0.40000104904174805,0.19874924421310425,0.6653431057929993
baseline,810,35.100067138671875,4.499999046325684,0.3073367774486542,0.26398709416389465
baseline,811,34.80006790161133,2.7999989986419678,0.305266797542572,0.355430543422699
baseline,812,35.40007019042969,0.2999989986419678,0.29887253046035767,0.5829426646232605
baseline,813,35.00006866455078,1.6999989748001099,0.30784469842910767,0.2369856983423233
baseline,814,35.50006866455078,3.599998950958252,0.29939067363739014,0.2668866515159607
baseline,815,35.50006866455078,1.099998950958252,0.3062655031681061,0.17375187575817108
baseline,816,35.50006866455078,2.9999990463256836,0.3114190995693207,0.28926289081573486
baseline,817,34.30006790161133,3.9999990463256836,0.27437394857406616,0.2121197134256363
baseline,818,34.700069427490234,3.6999990940093994,0.2851528525352478,0.16170549392700195
baseline,819,34.600067138671875,1.2999989986419678,0.2885485887527466,0.45625191926956177
baseline,820,35.60007095336914,1.999998927116394,0.3479562997817993,0.4737204611301422
baseline,821,33.300071716308594,0.39999890327453613,0.2249726951122284,0.4658859074115753
baseline,822,36.300071716308594,0.599998950958252,0.33730173110961914,0.271755188703537
baseline,823,36.00007247924805,2.7999989986419678,0.3194032311439514,0.2750263810157776
baseline,824,36.300071716308594,4.19999885559082,0.3405633866786957,0.24251262843608856
baseline,825,36.10007095336914,1.7999989986419678,0.3395392894744873,0.3920151889324188
baseline,826,35.10007095336914,3.2999989986419678,0.29360896348953247,0.24574562907218933
baseline,827,35.300071716308594,2.4999990463256836,0.29639604687690735,0.38257208466529846
baseline,828,35.7000732421875,4.099998950958252,0.30079662799835205,0.07751468569040298
baseline,829,36.300071716308594,3.399998903274536,0.3194737434387207,0.20737938582897186
baseline,830,36.300071716308594,4.69999885559082,0.2901301681995392,0.3224751651287079
baseline,831,36.50007247924805,1.3999990224838257,0.3420325517654419,0.27770838141441345
baseline,832,36.50007247924805,2.399998903274536,0.3443729877471924,0.3976501226425171
baseline,833,36.80007553100586,3.2999989986419678,0.3465573191642761,0.08904993534088135
baseline,834,36.100074768066406,0.09999895095825195,0.31582111120224,0.34179726243019104
baseline,835,37.100074768066406,0.7999989986419678,0.3444294333457947,0.338009238243103
baseline,836,37.100074768066406,4.599998950958252,0.3097260594367981,0.25855952501296997
baseline,837,37.30007553100586,3.1999988555908203,0.33516553044319153,0.1039385050535202
baseline,838,37.40007781982422,1.499998927116394,0.3394026458263397,0.31136584281921387
baseline,839,35.700077056884766,4.599998950958252,0.27599087357521057,0.394989013671875
baseline,840,37.60007858276367,0.4999988079071045,0.3431793451309204,0.35680708289146423
baseline,841,37.40007781982422,2.2999987602233887,0.31924161314964294,0.06768310070037842
baseline,842,37.200077056884766,0.1999988555908203,0.30996620655059814,0.6542037725448608
baseline,843,37.90007781982422,4.399998664855957,0.3667757213115692,0.19650930166244507
baseline,844,36.90007781982422,3.7999989986419678,0.3084754943847656,0.13649415969848633
baseline,845,38.00007247924805,1.1999988555908203,0.37818002700805664,0.3013899326324463
baseline,846,35.100074768066406,0.7999987602233887,0.2790341377258301,0.41901636123657227
baseline,847,36.90007400512695,1.8999989032745361,0.33088648319244385,0.30687451362609863
baseline,848,38.10007095336914,2.4999988079071045,0.30478304624557495,0.48694542050361633
baseline,849,38.2000732421875,0.1999988555908203,0.2766794264316559,0.37556320428848267
baseline,850,37.50007247924805,3.7999989986419678,0.28926774859428406,0.24127571284770966
baseline,851,38.10007095336914,3.4999988079071045,0.2996702492237091,0.246885746717453
baseline,852,38.40007019042969,0.6999988555908203,0.27698245644569397,0.2562888264656067
baseline,853,36.800071716308594,2.7999987602233887,0.3265639543533325,0.24912966787815094
baseline,854,37.90007019042969,2.9999988079071045,0.3045557737350464,0.08161608129739761
baseline,855,38.50007247924805,4.099998950958252,0.3845284581184387,0.12829679250717163
baseline,856,38.7000732421875,3.099998950958252,0.3992859721183777,0.30876290798187256
baseline,857,38.700069427490234,4.69999885559082,0.3805907368659973,0.2434220016002655
baseline,858,38.00006866455078,1.7999988794326782,0.30112195014953613,0.06074585020542145
baseline,859,39.10007095336914,2.1999988555908203,0.3874824345111847,0.3038313090801239
baseline,860,38.800071716308594,1.5999988317489624,0.36404770612716675,0.4785676896572113
baseline,861,39.300071716308594,4.499999046325684,0.34930112957954407,0.214063823223114
baseline,862,39.40007019042969,2.7999987602233887,0.39754506945610046,0.4652852714061737
baseline,863,39.40006637573242,3.399998903274536,0.35612064599990845,0.30763551592826843
baseline,864,39.500064849853516,1.8999987840652466,0.3863849341869354,0.37876608967781067
baseline,865,38.80006790161133,1.0999987125396729,0.3518049120903015,0.36501964926719666
baseline,866,38.600067138671875,2.2999987602233887,0.3621281087398529,0.07396004348993301
baseline,867,39.600067138671875,3.9999988079071045,0.347237229347229,0.35477423667907715
baseline,868,40.000064849853516,1.9999988079071045,0.39196568727493286,0.43522635102272034
baseline,869,39.900062561035156,4.799998760223389,0.3649536371231079,0.22992993891239166
baseline,870,39.900062561035156,1.1999988555908203,0.38411009311676025,0.2731713354587555
baseline,871,40.00006103515625,2.599998712539673,0.38980966806411743,0.2044399529695511
baseline,872,40.2000617980957,3.9999988079071045,0.3932306170463562,0.22610518336296082
baseline,873,40.7000617980957,2.599998712539673,0.46558234095573425,0.32227930426597595
baseline,874,40.7000617980957,3.9999988079071045,0.4424942135810852,0.2600434422492981
baseline,875,40.500057220458984,3.4999988079071045,0.4158898591995239,0.36678123474121094
baseline,876,40.8000602722168,1.6999987363815308,0.4456768333911896,0.386513888835907
baseline,877,39.90005874633789,3.4999988079071045,0.3898698091506958,0.35456737875938416
baseline,878,41.100059509277344,0.5999987125396729,0.45555269718170166,0.3445373475551605
baseline,879,39.000057220458984,3.699998617172241,0.3788143992424011,0.4029688835144043
baseline,880,40.10005569458008,0.5999984741210938,0.42635130882263184,0.3786475956439972
baseline,881,36.70005798339844,0.09999847412109375,0.30462896823883057,0.25710418820381165
baseline,882,40.20005798339844,3.0999984741210938,0.40954163670539856,0.19600209593772888
baseline,883,40.70005798339844,1.1999986171722412,0.39850687980651855,0.26572081446647644
baseline,884,41.10005569458008,3.399998664855957,0.3980056643486023,0.30898335576057434
baseline,885,41.000057220458984,4.799998760223389,0.37802594900131226,0.29874080419540405
baseline,886,41.10005569458008,2.2999987602233887,0.39007511734962463,0.3818517327308655
baseline,887,41.40005874633789,4.19999885559082,0.3981403112411499,0.4478890001773834
baseline,888,41.500057220458984,2.699998617172241,0.4012420177459717,0.512599766254425
baseline,889,41.60005569458008,1.6999986171722412,0.4084920287132263,0.3853606581687927
baseline,890,41.60005569458008,3.199998617172241,0.4554084539413452,0.32340458035469055
baseline,891,39.300052642822266,1.0999984741210938,0.36072906851768494,0.21845220029354095
baseline,892,41.800052642822266,4.599998474121094,0.3995055556297302,0.22334080934524536
baseline,893,42.00005340576172,1.199998378753662,0.43249598145484924,0.08845999091863632
baseline,894,42.20005416870117,3.0999984741210938,0.4449191093444824,0.30696630477905273
baseline,895,30.500051498413086,-0.3000013828277588,0.6447956562042236,0.49549686908721924
baseline,896,42.300052642822266,3.7999985218048096,0.4481160044670105,0.16177727282047272
baseline,897,41.50004959106445,0.8999984264373779,0.421843945980072,0.3379213809967041
baseline,898,40.40005111694336,4.499998569488525,0.3943255543708801,0.3029598891735077
baseline,899,42.10004806518555,1.7999985218048096,0.4348624348640442,0.31255894899368286
baseline,900,42.400047302246094,2.2999985218048096,0.44048476219177246,0.2472260594367981
baseline,901,41.70004653930664,3.699998617172241,0.4225114583969116,0.3139759302139282
baseline,902,36.700050354003906,4.999998569488525,0.3313268721103668,0.49809494614601135
baseline,903,40.50004959106445,2.0999984741210938,0.39791011810302734,0.1889948844909668
baseline,904,42.800048828125,3.699998617172241,0.5117824673652649,0.33037829399108887
baseline,905,39.10004425048828,0.39999842643737793,0.3517301082611084,0.5464489459991455
baseline,906,42.60004806518555,2.7999985218048096,0.4658172130584717,0.3047741949558258
baseline,907,42.400047302246094,4.2999982833862305,0.4283406734466553,0.12546683847904205
baseline,908,43.20004653930664,3.9999985694885254,0.4949612319469452,0.4543114900588989
baseline,909,42.90004348754883,4.399998664855957,0.3937491774559021,0.15880289673805237
baseline,910,37.40004348754883,5.099998474121094,0.3520571291446686,0.1070718988776207
baseline,911,43.200042724609375,1.199998378753662,0.41347163915634155,0.43096160888671875
baseline,912,43.00004196166992,2.399998664855957,0.5046436786651611,0.10402866452932358
baseline,913,43.200042724609375,4.899998664855957,0.3859931528568268,0.2548750936985016
baseline,914,43.50004196166992,2.4999985694885254,0.4101450741291046,0.21231728792190552
baseline,915,43.500038146972656,1.8999985456466675,0.4023227095603943,0.1394767314195633
baseline,916,43.70003890991211,3.9999985694885254,0.46599751710891724,0.09557121992111206
baseline,917,44.100040435791016,1.2999985218048096,0.5349381566047668,0.24288325011730194
baseline,918,42.000038146972656,2.5999984741210938,0.4449749290943146,0.3769182860851288
baseline,919,43.9000358581543,3.399998426437378,0.5211821794509888,0.2633990943431854
baseline,920,44.20003890991211,2.2999985218048096,0.5287373661994934,0.1989765167236328
baseline,921,43.3000373840332,3.2999985218048096,0.4743924140930176,0.36159855127334595
baseline,922,41.20003890991211,1.2999985218048096,0.4094870090484619,0.3563581705093384
baseline,923,43.90003967285156,2.899998426437378,0.5209260582923889,0.07235486805438995
baseline,924,42.8000373840332,1.5999984741210938,0.4716952443122864,0.26952049136161804
baseline,925,41.60003662109375,2.199998378753662,0.44362956285476685,0.3279706835746765
baseline,926,44.4000358581543,4.7999982833862305,0.49597039818763733,0.29137131571769714
baseline,927,44.40003204345703,3.4999985694885254,0.5091599225997925,0.32170164585113525
baseline,928,43.90003204345703,4.599998474121094,0.4903867840766907,0.2751105725765228
baseline,929,44.700035095214844,2.2999985218048096,0.5210238695144653,0.3358252942562103
baseline,930,43.80003356933594,0.8999984264373779,0.49310144782066345,0.5871665477752686
baseline,931,42.30003356933594,4.999998569488525,0.42456522583961487,0.30698472261428833
baseline,932,44.700035095214844,3.9999983310699463,0.5104358196258545,0.40051162242889404
baseline,933,44.80003356933594,1.7999982833862305,0.4996945261955261,0.26103606820106506
baseline,934,44.40003204345703,2.9999983310699463,0.5092130899429321,0.17766961455345154
baseline,935,45.000030517578125,4.999998569488525,0.5123639106750488,0.29267746210098267
baseline,936,39.20003128051758,5.099998474121094,0.3955436050891876,0.46697428822517395
baseline,937,42.10002899169922,0.6999983787536621,0.4299774169921875,0.5479045510292053
baseline,938,45.20002746582031,2.0999984741210938,0.5211484432220459,0.3099425733089447
baseline,939,45.10002899169922,3.5999984741210938,0.48173952102661133,0.4103143811225891
baseline,940,45.60002899169922,1.399998426437378,0.5313281416893005,0.11714097857475281
baseline,941,44.70002746582031,0.9999983310699463,0.5134717226028442,0.47760507464408875
baseline,942,45.70002746582031,2.699998378753662,0.5422473549842834,0.19486092031002045
baseline,943,44.20002746582031,3.9999983310699463,0.4784216284751892,0.48917439579963684
baseline,944,46.10002899169922,3.2999982833862305,0.5943207740783691,0.28659677505493164
baseline,945,45.20002746582031,4.2999982833862305,0.4807771146297455,0.2211228460073471
baseline,946,45.800025939941406,4.2999982833862305,0.5209890604019165,0.36103007197380066
baseline,947,40.60002517700195,0.4999983310699463,0.3938353955745697,0.4945642650127411
baseline,948,40.300025939941406,5.099998474121094,0.4095537066459656,0.36478301882743835
baseline,949,45.20002746582031,3.0999984741210938,0.5300132632255554,0.41467076539993286
baseline,950,46.300025939941406,4.899998664855957,0.540698766708374,0.324703186750412
baseline,951,45.60002517700195,3.5999984741210938,0.5148218870162964,0.3683041036128998
baseline,952,46.500022888183594,2.2999982833862305,0.561834454536438,0.5066562294960022
baseline,953,46.400020599365234,2.899998188018799,0.5457689166069031,0.41175544261932373
baseline,954,46.30002212524414,3.9999983310699463,0.5457639098167419,0.35289984941482544
baseline,955,35.20001983642578,3.9999983310699463,0.43181920051574707,0.44922083616256714
baseline,956,41.300018310546875,5.2999982833862305,0.4871879816055298,0.6298609972000122
baseline,957,46.00001907348633,2.199998378753662,0.5685172080993652,0.28350839018821716
baseline,958,47.00001525878906,3.9999983310699463,0.5461509823799133,0.549774706363678
baseline,959,46.70001220703125,3.4999983310699463,0.5664037466049194,0.3745044469833374
baseline,960,47.0000114440918,2.699998378753662,0.5432499647140503,0.2582615613937378
baseline,961,46.20001220703125,1.5999982357025146,0.5392231941223145,0.28804805874824524
baseline,962,47.20001220703125,4.899998188018799,0.5480483770370483,0.4085468649864197
baseline,963,44.0000114440918,1.7999982833862305,0.4880049526691437,0.38609573245048523
baseline,964,45.100013732910156,2.5999984741210938,0.5125253796577454,0.19814558327198029
baseline,965,47.4000129699707,3.5999984741210938,0.5321769118309021,0.45297256112098694
baseline,966,47.800010681152344,2.399998426437378,0.5211266875267029,0.40145060420036316
baseline,967,47.10000991821289,1.699998378753662,0.5686760544776917,0.4525284767150879
baseline,968,48.0000114440918,5.099998474121094,0.5022048354148865,0.38030797243118286
baseline,969,48.10000991821289,3.399998426437378,0.5122860670089722,0.20565935969352722
baseline,970,47.700008392333984,4.099998474121094,0.5270025134086609,0.3404264748096466
baseline,971,48.30000686645508,2.5999984741210938,0.5367394685745239,0.1520708203315735
baseline,972,47.50000762939453,1.2999985218048096,0.5699185729026794,0.22581204771995544
baseline,973,47.600006103515625,1.7999985218048096,0.5567911267280579,0.2358357459306717
baseline,974,48.40000534057617,4.599998474121094,0.5103833675384521,0.3227483332157135
baseline,975,47.600006103515625,2.899998426437378,0.5332791209220886,0.3163146674633026
baseline,976,42.80000686645508,5.2999982833862305,0.5022138953208923,0.4142454266548157
baseline,977,48.50000762939453,3.7999985218048096,0.5261151790618896,0.28735363483428955
baseline,978,46.40000534057617,5.699998378753662,1.5399028062820435,1.4195810556411743
baseline,979,48.40000534057617,0.8999984264373779,0.5684904456138611,0.5922770500183105
baseline,980,47.80000686645508,4.599998474121094,0.5337238907814026,0.12026441842317581
baseline,981,47.000003814697266,-0.20000171661376953,1.6100486516952515,1.7996355295181274
baseline,982,48.80000305175781,2.399998188018799,0.5753129124641418,0.17470982670783997
baseline,983,45.500003814697266,4.699998378753662,0.566079318523407,0.2686608135700226
baseline,984,48.20000457763672,1.4999983310699463,0.5781252980232239,0.14032375812530518
baseline,985,48.900001525878906,4.999998569488525,0.5597133636474609,0.3793831169605255
baseline,986,43.80000305175781,5.399998664855957,0.5878803133964539,0.6953868865966797
baseline,987,48.500003814697266,1.899998426437378,0.5676084160804749,0.36858904361724854
baseline,988,49.20000076293945,3.399998426437378,0.5670797228813171,0.08647933602333069
baseline,989,48.900001525878906,2.899998188018799,0.5558106899261475,0.2035837471485138
baseline,990,49.400001525878906,5.2999982833862305,0.5242633819580078,0.32984432578086853
baseline,991,48.900001525878906,0.5999982357025146,0.5447787642478943,0.5881462097167969
baseline,992,49.400001525878906,4.2999982833862305,0.5385361909866333,0.11635135859251022
baseline,993,48.900001525878906,4.099998474121094,0.536271870136261,0.37032270431518555
baseline,994,49.599998474121094,4.7999982833862305,0.5387389659881592,0.4082791209220886
baseline,995,48.79999923706055,5.599998474121094,0.5488026142120361,0.37075498700141907
baseline,996,47.89999771118164,0.5999982357025146,0.5353637337684631,0.6108230948448181
baseline,997,49.20000076293945,1.5999982357025146,0.5451200604438782,0.41497722268104553
baseline,998,48.599998474121094,3.2999982833862305,0.5650436878204346,0.3017541170120239
baseline,999,49.29999923706055,0.8999984264373779,0.5533111691474915,0.4151722490787506
baseline,1000,44.39999771118164,5.2999982833862305,0.5242030024528503,0.39011818170547485
baseline,1001,49.69999694824219,3.7999982833862305,0.542559802532196,0.34025490283966064
baseline,1002,49.5,0.39999818801879883,0.574216902256012,0.5017701387405396
baseline,1003,49.69999694824219,2.899998188018799,0.5770501494407654,0.2698439955711365
baseline,1004,46.69999694824219,4.399998188018799,0.6115381717681885,0.3257460594177246
baseline,1005,49.499996185302734,2.399998188018799,0.5654028654098511,0.2786826193332672
baseline,1006,49.29999542236328,5.999998092651367,0.5533972382545471,0.47205162048339844
baseline,1007,49.999996185302734,4.199998378753662,0.5770705938339233,0.5223445892333984
baseline,1008,49.19999694824219,-0.40000200271606445,0.5632981657981873,0.48321133852005005
baseline,1009,47.599998474121094,5.399998188018799,0.5622285604476929,0.2122391164302826
baseline,1010,49.69999694824219,1.2999982833862305,0.5593597292900085,0.2494085729122162
baseline,1011,38.899993896484375,4.2999982833862305,0.6503944993019104,0.5114806294441223
baseline,1012,50.09999465942383,5.599998474121094,0.5677274465560913,0.4641357660293579
baseline,1013,48.69999694824219,-0.3000016212463379,0.533139169216156,0.500681459903717
baseline,1014,50.29999542236328,4.599998474121094,0.5640733242034912,0.40551629662513733
baseline,1015,48.19999313354492,0.09999799728393555,0.5194284319877625,0.8583430647850037
baseline,1016,44.99999237060547,5.599998474121094,0.5183848142623901,0.7220762372016907
baseline,1017,47.29999542236328,2.2999982833862305,0.5663999319076538,0.40829387307167053
baseline,1018,50.29999542236328,3.0999982357025146,0.5743855237960815,0.4760836660861969
baseline,1019,50.29999542236328,6.499998092651367,0.5572322010993958,0.5366124510765076
baseline,1020,47.09999465942383,3.199998378753662,0.5595478415489197,0.410298228263855
baseline,1021,50.399993896484375,2.199998140335083,0.5541444420814514,0.17341436445713043
baseline,1022,50.399993896484375,5.199998378753662,0.6000819206237793,0.6860182285308838
baseline,1023,49.899993896484375,-0.10000181198120117,0.599035382270813,0.2736770212650299
baseline,1024,50.39999008178711,1.4999983310699463,0.6100503206253052,0.42727112770080566
baseline,1025,48.39999008178711,5.999998092651367,0.5820015072822571,0.6565301418304443
baseline,1026,49.69999313354492,1.8999981880187988,0.5723416805267334,0.19131606817245483
baseline,1027,48.69999313354492,1.3999981880187988,0.5662306547164917,0.19745078682899475
baseline,1028,50.699989318847656,2.699998378753662,0.5817545056343079,0.42073172330856323
baseline,1029,50.799991607666016,4.599998474121094,0.5843621492385864,0.3424896001815796
baseline,1030,49.9999885559082,0.699998140335083,0.55523681640625,0.1194370687007904
baseline,1031,49.199989318847656,6.599998474121094,0.5523972511291504,1.0062763690948486
baseline,1032,50.799991607666016,5.899998188018799,0.5524141192436218,0.3447240889072418
baseline,1033,45.49999237060547,5.599998474121094,0.5688294172286987,0.3519895076751709
baseline,1034,49.49999237060547,-0.9000020027160645,0.5846887230873108,0.7131097316741943
baseline,1035,50.99999237060547,3.699998378753662,0.605611264705658,0.5114261507987976
baseline,1036,47.89999008178711,5.899998188018799,0.6011918187141418,0.4951407313346863
baseline,1037,50.49999237060547,7.199998378753662,0.5840836763381958,0.2972518801689148
baseline,1038,50.39999008178711,3.7999982833862305,0.5933669209480286,0.3566271662712097
baseline,1039,49.99999237060547,2.499998092651367,0.6031798124313354,0.10620812326669693
baseline,1040,50.79998779296875,0.29999828338623047,0.635899543762207,0.32220545411109924
baseline,1041,50.89999008178711,5.399998188018799,0.5816508531570435,0.48949289321899414
baseline,1042,49.59999084472656,7.099998474121094,0.5932466387748718,0.4489079713821411
baseline,1043,49.899986267089844,-0.6000018119812012,0.530541181564331,0.513831615447998
baseline,1044,50.9999885559082,6.599998474121094,0.5682541131973267,0.268506795167923
baseline,1045,51.0999870300293,1.4999983310699463,0.6574532389640808,0.31739404797554016
baseline,1046,50.0999870300293,7.499998092651367,0.6057104468345642,0.3612516522407532
baseline,1047,51.29998779296875,4.2999982833862305,0.6107687950134277,0.4427242875099182
baseline,1048,49.19998550415039,7.399998188018799,0.6345716118812561,0.8110575079917908
baseline,1049,48.0999870300293,6.499998092651367,0.613064169883728,1.114539623260498
baseline,1050,51.399986267089844,2.999998092651367,0.6627946496009827,0.45996513962745667
baseline,1051,50.899986267089844,1.9999980926513672,0.6393115520477295,0.3608801066875458
baseline,1052,50.69998550415039,0.8999981880187988,0.6380773186683655,0.40280821919441223
baseline,1053,48.5999870300293,7.099998474121094,0.6372967958450317,1.3630107641220093
baseline,1054,51.29998779296875,5.999998092651367,0.6295014023780823,0.18503475189208984
baseline,1055,49.5999870300293,8.199997901916504,0.6605134010314941,0.22308652102947235
baseline,1056,50.5999870300293,-0.20000171661376953,0.6073517203330994,0.36776670813560486
baseline,1057,51.399986267089844,4.899998188018799,0.616378664970398,0.1262836456298828
baseline,1058,51.49998474121094,3.499998092651367,0.6439645290374756,0.29740041494369507
baseline,1059,48.69998550415039,6.499998092651367,0.6253697872161865,1.0793607234954834
baseline,1060,48.399986267089844,7.599998474121094,0.5411778092384338,1.1731297969818115
baseline,1061,50.09998321533203,8.599998474121094,0.5314217805862427,0.3134434223175049
baseline,1062,51.59998321533203,1.0999982357025146,0.5802063345909119,0.3688901662826538
baseline,1063,48.99998474121094,8.499998092651367,0.5312879681587219,0.3797913193702698
baseline,1064,47.69998550415039,6.7999982833862305,0.5701138973236084,1.3581758737564087
baseline,1065,50.99998474121094,7.199997901916504,0.5388688445091248,0.44209733605384827
baseline,1066,49.19998550415039,7.899998188018799,0.5370931029319763,0.3593873977661133
baseline,1067,51.69998550415039,2.3999979496002197,0.5729865431785583,0.44112691283226013
baseline,1068,51.69998550415039,5.399998188018799,0.5517933964729309,0.45355287194252014
baseline,1069,46.99998474121094,5.699997901916504,0.6434180736541748,0.832830548286438
baseline,1070,50.69998550415039,7.999998092651367,0.5456298589706421,0.27459612488746643
baseline,1071,50.0999870300293,7.999998092651367,0.5342105031013489,0.26635780930519104
baseline,1072,51.899986267089844,4.399998188018799,0.620614767074585,0.2649881839752197
baseline,1073,51.99998474121094,2.999998092651367,0.5724937319755554,0.4182000458240509
baseline,1074,47.69998550415039,8.199997901916504,0.5447824001312256,1.1349725723266602
baseline,1075,47.09998321533203,7.2999982833862305,0.5479488968849182,1.9703664779663086
baseline,1076,51.19998550415039,0.7999980449676514,0.587557852268219,0.6388688683509827
baseline,1077,46.199981689453125,4.499998092651367,0.8881538510322571,0.6575779914855957
baseline,1078,51.49998474121094,6.899998188018799,0.5536233186721802,0.42123422026634216
baseline,1079,46.99998474121094,6.7999982833862305,0.5664962530136108,1.5587828159332275
baseline,1080,52.199981689453125,1.5999979972839355,0.631718099117279,0.18255624175071716
baseline,1081,51.59998321533203,1.8999979496002197,0.5953301191329956,0.22984106838703156
baseline,1082,51.89998245239258,0.4999980926513672,0.6318724751472473,0.1485070288181305
baseline,1083,50.49998092651367,8.999998092651367,0.5527346730232239,0.34012916684150696
baseline,1084,51.199981689453125,8.099998474121094,0.5759497284889221,0.26679670810699463
baseline,1085,46.89998245239258,6.199997901916504,0.589122474193573,1.157165765762329
baseline,1086,47.79998016357422,7.2999982833862305,0.5736066102981567,1.694359302520752
baseline,1087,47.49998092651367,6.2999982833862305,0.6188226342201233,0.909030020236969
baseline,1088,52.699981689453125,2.8999979496002197,0.613182544708252,0.35159727931022644
baseline,1089,49.699981689453125,9.39999771118164,0.5390782356262207,0.3188179135322571
baseline,1090,51.49998092651367,7.699997901916504,0.5445702075958252,0.41090700030326843
baseline,1091,52.39997863769531,4.699997901916504,0.592620313167572,0.33532124757766724
baseline,1092,51.49998092651367,-1.9073486328125e-06,0.5937386751174927,0.41286346316337585
baseline,1093,51.99998092651367,6.199997901916504,0.5694035291671753,0.4456392824649811
baseline,1094,50.99998092651367,8.79999828338623,0.5445073843002319,0.37092745304107666
baseline,1095,48.699981689453125,9.099998474121094,0.5392789840698242,0.28743118047714233
baseline,1096,48.199981689453125,8.099998474121094,0.5397443771362305,0.8082647323608398
baseline,1097,52.89998245239258,3.3999979496002197,0.6283810138702393,0.3180229961872101
baseline,1098,47.599979400634766,8.79999828338623,0.5337204933166504,1.1035103797912598
baseline,1099,48.199981689453125,9.79999828338623,0.5390616655349731,0.4780884385108948
baseline,1100,52.49998092651367,0.7999978065490723,0.6544764637947083,0.40041548013687134
baseline,1101,46.69997787475586,4.999998092651367,0.8343303203582764,0.5114853382110596
baseline,1102,52.69997787475586,2.3999979496002197,0.6222861409187317,0.3320780098438263
baseline,1103,51.99998092651367,7.399997711181641,0.5608096122741699,0.3992600739002228
baseline,1104,52.599979400634766,5.5999979972839355,0.584224283695221,0.2793525457382202
baseline,1105,52.19997787475586,3.999997854232788,0.5781432390213013,0.18102684617042542
baseline,1106,52.89997863769531,1.0999977588653564,0.6236936450004578,0.3409813940525055
baseline,1107,52.79997634887695,4.0999979972839355,0.6122092604637146,0.1803646683692932
baseline,1108,50.39997863769531,9.599998474121094,0.5653603076934814,0.31489402055740356
baseline,1109,52.69997787475586,1.7999978065490723,0.6279700994491577,0.33505332469940186
baseline,1110,49.79997634887695,6.0999979972839355,0.601936936378479,0.4541008174419403
baseline,1111,49.699974060058594,8.89999771118164,0.5628179311752319,0.2485838681459427
baseline,1112,53.199974060058594,5.5999979972839355,0.6381158232688904,0.15970541536808014
baseline,1113,52.5999755859375,7.199997901916504,0.5677493810653687,0.17102299630641937
baseline,1114,53.29997634887695,1.7999978065490723,0.650994062423706,0.3890596330165863
baseline,1115,51.699974060058594,8.999998092651367,0.5708057284355164,0.3286741077899933
baseline,1116,48.699974060058594,10.199997901916504,0.5493414402008057,0.24115242063999176
baseline,1117,52.199974060058594,8.099997520446777,0.5509200692176819,0.22843018174171448
baseline,1118,49.699974060058594,10.39999771118164,0.5520823001861572,0.2566351294517517
baseline,1119,51.29997253417969,9.39999771118164,0.5785328149795532,0.3023666441440582
baseline,1120,43.29997253417969,5.399997711181641,0.5757160782814026,0.3237665295600891
baseline,1121,52.89997482299805,6.699997901916504,0.6121771335601807,0.2079995721578598
baseline,1122,51.99997329711914,6.799997806549072,0.5897721648216248,0.33071064949035645
baseline,1123,49.099971771240234,9.499998092651367,0.5531275272369385,0.36775606870651245
baseline,1124,52.699974060058594,6.099997520446777,0.6017417311668396,0.13649983704090118
baseline,1125,52.199974060058594,2.3999977111816406,0.6063830852508545,0.3812425136566162
baseline,1126,53.49997329711914,4.599997520446777,0.6250184178352356,0.2999587059020996
baseline,1127,50.39997100830078,10.39999771118164,0.5475196838378906,0.2823752462863922
baseline,1128,53.49997329711914,2.3999977111816406,0.6371948719024658,0.20373626053333282
baseline,1129,48.49997329711914,10.799997329711914,0.5471023321151733,0.2974337637424469
baseline,1130,53.29997253417969,6.099997520446777,0.6071890592575073,0.38631221652030945
baseline,1131,49.79997253417969,6.599997520446777,0.6177696585655212,0.605318009853363
baseline,1132,51.69997024536133,8.199997901916504,0.5829943418502808,0.3505983054637909
baseline,1133,53.599971771240234,4.099997520446777,0.6169484853744507,0.35673511028289795
baseline,1134,47.89997100830078,9.39999771118164,0.5568241477012634,0.8691661357879639
baseline,1135,52.79996871948242,7.799997329711914,0.5980684161186218,0.3196524679660797
baseline,1136,53.499969482421875,2.8999974727630615,0.6308404207229614,0.27805662155151367
baseline,1137,53.599971771240234,3.499997615814209,0.679747998714447,0.46017658710479736
baseline,1138,49.599971771240234,9.89999771118164,0.5582247376441956,0.28732916712760925
baseline,1139,48.29996871948242,8.799997329711914,0.5572249889373779,0.40961846709251404
baseline,1140,52.399967193603516,8.699997901916504,0.6049849390983582,0.4293723404407501
baseline,1141,51.19997024536133,10.099997520446777,0.5823370218276978,0.24507512152194977
baseline,1142,52.899967193603516,5.099997520446777,0.6342092752456665,0.33084115386009216
baseline,1143,52.29996871948242,3.499997615814209,0.6384811401367188,0.3743991255760193
baseline,1144,51.899967193603516,9.599997520446777,0.5798101425170898,0.2625836730003357
baseline,1145,53.299964904785156,7.799997329711914,0.5843489766120911,0.38817885518074036
baseline,1146,53.899967193603516,5.399997234344482,0.6339072585105896,0.2720925211906433
baseline,1147,49.0999641418457,10.89999771118164,0.572339653968811,0.41609686613082886
baseline,1148,48.0999641418457,10.499998092651367,0.5624834299087524,0.3313411474227905
baseline,1149,52.0999641418457,5.099997520446777,0.6361292600631714,0.16101397573947906
baseline,1150,51.1999626159668,2.3999974727630615,0.6013807654380798,0.38160401582717896
baseline,1151,52.0999641418457,1.0999975204467773,0.6178983449935913,0.4197014272212982
baseline,1152,52.39996337890625,6.499997615814209,0.6348132491111755,0.2504183053970337
baseline,1153,50.499961853027344,10.89999771118164,0.5680330395698547,0.24764558672904968
baseline,1154,54.0999641418457,3.299997329711914,0.6549701690673828,0.10378420352935791
baseline,1155,53.79996109008789,5.999997138977051,0.6243196129798889,0.2622767388820648
baseline,1156,54.0999641418457,4.899997234344482,0.6602256894111633,0.3858129382133484
baseline,1157,52.89996337890625,8.699996948242188,0.5832047462463379,0.36829960346221924
baseline,1158,52.0999641418457,5.699997425079346,0.6271874308586121,0.4624524712562561
baseline,1159,54.1999626159668,4.299997329711914,0.7488155364990234,0.3455730974674225
baseline,1160,53.999961853027344,6.599997520446777,0.6288363337516785,0.27565330266952515
baseline,1161,48.999961853027344,0.09999704360961914,0.5797547101974487,0.16297927498817444
baseline,1162,53.399959564208984,6.899997234344482,0.6107022166252136,0.4139067232608795
baseline,1163,53.79996109008789,8.099997520446777,0.6780994534492493,0.30743515491485596
baseline,1164,52.49995803833008,9.39999771118164,0.5960814952850342,0.2960715591907501
baseline,1165,50.69995880126953,9.99999713897705,0.5783896446228027,0.1978996843099594
baseline,1166,50.09996032714844,9.99999713897705,0.5786983966827393,0.2083061784505844
baseline,1167,47.59995651245117,10.099996566772461,0.5889154672622681,0.7450085878372192
baseline,1168,49.59995651245117,11.199996948242188,0.5862022638320923,0.15989911556243896
baseline,1169,53.19995880126953,8.299997329711914,0.6020138263702393,0.30517643690109253
baseline,1170,54.199954986572266,7.399997234344482,0.6510028839111328,0.09987924993038177
baseline,1171,53.49995803833008,8.799997329711914,0.6382946968078613,0.18450365960597992
baseline,1172,52.699954986572266,9.89999771118164,0.6383255124092102,0.23384179174900055
baseline,1173,53.99995422363281,8.699996948242188,0.6243312358856201,0.4541441798210144
baseline,1174,54.39995574951172,5.299996852874756,0.6505603790283203,0.10269223898649216
baseline,1175,46.99995422363281,11.599996566772461,0.5681211352348328,1.0834026336669922
baseline,1176,48.59995651245117,11.599996566772461,0.6008539199829102,0.3165739178657532
baseline,1177,51.59995651245117,10.39999771118164,0.6176777482032776,0.3202357590198517
baseline,1178,49.199954986572266,11.699996948242188,0.6027439832687378,0.3654504120349884
baseline,1179,47.89995574951172,11.199996948242188,0.5831853747367859,0.42575499415397644
baseline,1180,53.199954986572266,9.899996757507324,0.6238139867782593,0.3813960552215576
baseline,1181,51.199954986572266,10.799997329711914,0.5829136967658997,0.20768025517463684
baseline,1182,47.29995346069336,10.899996757507324,0.5758581161499023,0.9194480776786804
baseline,1183,50.099952697753906,11.299997329711914,0.5773921608924866,0.24006299674510956
baseline,1184,54.699954986572266,5.6999969482421875,0.6710437536239624,0.41936084628105164
baseline,1185,54.29995346069336,7.999997138977051,0.5752387642860413,0.33459213376045227
baseline,1186,54.699954986572266,4.599996566772461,0.6689996123313904,0.3277570903301239
baseline,1187,53.199954986572266,9.199996948242188,0.6157307028770447,0.32744300365448
baseline,1188,54.699954986572266,6.6999969482421875,0.6756657361984253,0.3787555694580078
baseline,1189,53.79995346069336,9.49999713897705,0.6220778226852417,0.3279617130756378
baseline,1190,50.89995574951172,3.1999967098236084,0.6084802746772766,0.29468634724617004
baseline,1191,52.099952697753906,10.599996566772461,0.6139107346534729,0.30727264285087585
baseline,1192,54.699951171875,7.399996757507324,0.6488968729972839,0.34577155113220215
baseline,1193,54.29995346069336,9.399996757507324,0.6759098768234253,0.19879230856895447
baseline,1194,54.79995346069336,6.199996471405029,0.6725047826766968,0.19681169092655182
baseline,1195,53.39995193481445,5.099996566772461,0.6633549332618713,0.35119178891181946
baseline,1196,51.699951171875,11.299997329711914,0.5930836796760559,0.3082501292228699
baseline,1197,54.49995040893555,8.899996757507324,0.6401258707046509,0.13787783682346344
baseline,1198,52.699951171875,10.599996566772461,0.5820390582084656,0.5364013910293579
baseline,1199,55.09994888305664,5.199996471405029,0.6707320213317871,0.2790369689464569
baseline,1200,55.299949645996094,7.399996757507324,0.705115795135498,0.4778853952884674
baseline,1201,53.49994659423828,10.399996757507324,0.5892831683158875,0.3029681444168091
baseline,1202,50.39994812011719,11.899996757507324,0.5863834023475647,0.3835946023464203
baseline,1203,54.89994812011719,8.399996757507324,0.66804039478302,0.45082077383995056
baseline,1204,53.699947357177734,7.299996376037598,0.6772247552871704,0.12948890030384064
baseline,1205,49.199947357177734,10.399995803833008,0.5971488952636719,0.2223283052444458
baseline,1206,55.19994354248047,7.899996280670166,0.7306543588638306,0.33188843727111816
baseline,1207,54.19994354248047,10.299996376037598,0.6744275689125061,0.33219799399375916
baseline,1208,52.69994354248047,11.199996948242188,0.6556435823440552,0.4176488220691681
baseline,1209,45.69994354248047,5.099996089935303,0.8494980335235596,0.5573369860649109
baseline,1210,51.49994659423828,11.799996376037598,0.6155657768249512,0.28619685769081116
baseline,1211,55.29994583129883,6.899996280670166,0.7280920743942261,0.3948652446269989
baseline,1212,48.29994583129883,5.499996185302734,0.7716167569160461,0.3122217655181885
baseline,1213,53.69994354248047,10.999996185302734,0.6804699301719666,0.23439545929431915
baseline,1214,50.69994354248047,11.399995803833008,0.601481556892395,0.4025968015193939
baseline,1215,54.69994354248047,9.699995994567871,0.6103998422622681,0.4177390933036804
baseline,1216,49.89994430541992,12.099996566772461,0.5907873511314392,0.3181159496307373
baseline,1217,55.599945068359375,6.399996280670166,0.6813418865203857,0.26800474524497986
baseline,1218,55.499942779541016,8.799996376037598,0.6391485333442688,0.40859001874923706
baseline,1219,55.39994430541992,5.799996376037598,0.674968957901001,0.39060643315315247
baseline,1220,52.19994354248047,10.099996566772461,0.608706533908844,0.3052690029144287
baseline,1221,55.69994354248047,7.699995994567871,0.661205530166626,0.205267071723938
baseline,1222,50.999942779541016,12.099996566772461,0.5900130867958069,0.35513925552368164
baseline,1223,51.999942779541016,11.899995803833008,0.6073033809661865,0.25348955392837524
baseline,1224,54.99993896484375,10.099996566772461,0.5995863080024719,0.38934728503227234
baseline,1225,52.6999397277832,11.699995994567871,0.6229162812232971,0.3243076801300049
baseline,1226,48.6999397277832,8.099995613098145,0.5920916199684143,0.6388223171234131
baseline,1227,53.1999397277832,10.899995803833008,0.6337906122207642,0.16348764300346375
baseline,1228,55.7999382019043,8.399995803833008,0.6560387015342712,0.3909638822078705
baseline,1229,55.99993896484375,6.899995803833008,0.6903894543647766,0.12779511511325836
baseline,1230,46.7999382019043,0.9999957084655762,1.541468620300293,1.2656115293502808
baseline,1231,56.099937438964844,5.899995803833008,0.6922028064727783,0.17137905955314636
baseline,1232,54.999935150146484,9.099995613098145,0.6728752255439758,0.1809120625257492
baseline,1233,55.499935150146484,10.299995422363281,0.6679510474205017,0.39855480194091797
baseline,1234,55.69993591308594,5.399995803833008,0.6445757150650024,0.13100802898406982
baseline,1235,54.499935150146484,11.199995994567871,0.6518298387527466,0.47604629397392273
baseline,1236,56.099937438964844,7.999995708465576,0.6792832016944885,0.40593868494033813
baseline,1237,53.79993438720703,9.999996185302734,0.6465132832527161,0.28147053718566895
baseline,1238,54.399932861328125,11.699995040893555,0.631731390953064,0.26511499285697937
baseline,1239,53.19993591308594,11.899995803833008,0.6258022785186768,0.44057995080947876
baseline,1240,55.09993362426758,10.699995994567871,0.6659230589866638,0.3990430235862732
baseline,1241,55.69993591308594,9.799995422363281,0.6675534844398499,0.4439989924430847
baseline,1242,51.19993209838867,12.799995422363281,0.6330205202102661,0.3439671993255615
baseline,1243,54.19993209838867,3.7999954223632812,0.6219116449356079,0.255867600440979
baseline,1244,50.799930572509766,13.199995040893555,0.6485995054244995,0.3537459671497345
baseline,1245,54.09992980957031,12.199995040893555,0.6336509585380554,0.37338125705718994
baseline,1246,52.09992980957031,12.599995613098145,0.6352292895317078,0.29662638902664185
baseline,1247,49.299930572509766,13.299995422363281,0.6366097331047058,0.24217374622821808
baseline,1248,55.59992980957031,9.299995422363281,0.6505922079086304,0.363130658864975
baseline,1249,53.299930572509766,12.599995613098145,0.7423939108848572,0.25735875964164734
baseline,1250,51.59992980957031,12.499996185302734,0.6504060626029968,0.34385961294174194
baseline,1251,49.69993209838867,12.799995422363281,0.6462202668190002,0.2758234739303589
baseline,1252,56.399932861328125,7.499995231628418,0.7343212366104126,0.27249911427497864
baseline,1253,50.09992980957031,13.299995422363281,0.6710101366043091,0.19188138842582703
baseline,1254,52.799930572509766,12.199995040893555,0.6435671448707581,0.4038371741771698
baseline,1255,53.69993209838867,11.699995040893555,0.6393939256668091,0.4356343746185303
baseline,1256,56.399932861328125,6.299995422363281,0.7115382552146912,0.35199785232543945
baseline,1257,56.49993133544922,8.699995040893555,0.7447526454925537,0.1758309304714203
baseline,1258,55.09993362426758,11.199995040893555,0.6762462854385376,0.2564972937107086
baseline,1259,56.09993362426758,10.199995040893555,0.696515679359436,0.38666003942489624
baseline,1260,50.49993133544922,12.699995040893555,0.6326654553413391,0.3997718393802643
baseline,1261,55.69993209838867,10.799995422363281,0.6976392269134521,0.2462630569934845
baseline,1262,52.99993133544922,13.099994659423828,0.6722232103347778,0.3409685492515564
baseline,1263,56.39992904663086,9.699995040893555,0.7114976644515991,0.3590800166130066
baseline,1264,49.39992904663086,12.399995803833008,0.6154653429985046,0.3069112300872803
baseline,1265,51.19993209838867,11.399994850158691,0.6509004235267639,0.23418471217155457
baseline,1266,53.699928283691406,12.899995803833008,0.6891231536865234,0.27369624376296997
baseline,1267,54.89992904663086,11.799995422363281,0.6319160461425781,0.2686658203601837
baseline,1268,51.49992752075195,13.599994659423828,0.6391044855117798,0.46093571186065674
baseline,1269,53.09992980957031,7.299994945526123,0.7113645672798157,0.15428511798381805
baseline,1270,52.699928283691406,12.699995040893555,0.6718105673789978,0.49072158336639404
baseline,1271,55.59992599487305,11.499995231628418,0.7257145047187805,0.12618373334407806
baseline,1272,54.59992599487305,12.299995422363281,0.6891934275627136,0.21907523274421692
baseline,1273,56.89992904663086,6.99999475479126,0.7132094502449036,0.17420338094234467
baseline,1274,52.7999267578125,13.699995040893555,0.6686635613441467,0.43097275495529175
baseline,1275,56.59992599487305,10.799995422363281,0.7311253547668457,0.3134106993675232
baseline,1276,56.899925231933594,7.99999475479126,0.7359620928764343,0.16724705696105957
baseline,1277,56.09992599487305,8.999995231628418,0.7404925227165222,0.3901275098323822
baseline,1278,56.99992752075195,8.599994659423828,0.7508003115653992,0.40793585777282715
baseline,1279,54.399925231933594,12.799995422363281,0.6717691421508789,0.37949517369270325
baseline,1280,56.99992752075195,9.699995040893555,0.749113917350769,0.36558395624160767
baseline,1281,56.7999267578125,9.199995040893555,0.7036352753639221,0.41387784481048584
baseline,1282,50.09992599487305,14.199995040893555,0.6244056820869446,0.22728902101516724
baseline,1283,52.199928283691406,13.699995040893555,0.635292112827301,0.44526177644729614
baseline,1284,53.2999267578125,13.799995422363281,0.6467427015304565,0.3162713646888733
baseline,1285,56.99992370605469,11.199995040893555,0.7537124752998352,0.1477198302745819
baseline,1286,55.59992599487305,12.199995040893555,0.7281615138053894,0.3774394690990448
baseline,1287,52.2999267578125,13.199995040893555,0.6551121473312378,0.37950313091278076
baseline,1288,51.59992599487305,13.099995613098145,0.6330662965774536,0.4751417636871338
baseline,1289,54.2999267578125,13.599996566772461,0.7172437310218811,0.2671796679496765
baseline,1290,51.49992370605469,14.199995994567871,0.6587468385696411,0.33789750933647156
baseline,1291,57.2999267578125,9.299995422363281,0.739066481590271,0.208047553896904
baseline,1292,57.2999267578125,10.599995613098145,0.7712597846984863,0.27414730191230774
baseline,1293,47.2999267578125,4.399995803833008,0.7526918649673462,0.5239718556404114
baseline,1294,53.59992599487305,12.199995994567871,0.6910662055015564,0.24918995797634125
baseline,1295,56.69992446899414,12.099996566772461,0.7234461903572083,0.27562907338142395
baseline,1296,55.59992218017578,13.099996566772461,0.7113388180732727,0.34633153676986694
baseline,1297,56.19992446899414,11.299996376037598,0.7455178499221802,0.4013991057872772
baseline,1298,53.69992446899414,13.399995803833008,0.6523650288581848,0.3604632616043091
baseline,1299,52.89992141723633,14.199996948242188,0.6415473818778992,0.14268191158771515
baseline,1300,56.59992218017578,12.599996566772461,0.7237029075622559,0.3836001455783844
baseline,1301,57.09992218017578,11.699996948242188,0.7479268908500671,0.12487908452749252
baseline,1302,55.09992218017578,13.199996948242188,0.685455322265625,0.17445485293865204
baseline,1303,57.49992370605469,8.699996948242188,0.7740516662597656,0.2436000555753708
baseline,1304,51.39992141723633,8.599996566772461,0.8096607327461243,0.3741886019706726
baseline,1305,56.699920654296875,10.199996948242188,0.7575355172157288,0.3975229859352112
baseline,1306,57.59992218017578,9.99999713897705,0.7694766521453857,0.3899233341217041
baseline,1307,55.09992218017578,13.799997329711914,0.6978769898414612,0.4642694890499115
baseline,1308,54.199920654296875,14.299997329711914,0.6771929264068604,0.1875399649143219
baseline,1309,55.09992218017578,12.599996566772461,0.6853203177452087,0.4189613461494446
baseline,1310,56.09992218017578,12.399996757507324,0.7124132513999939,0.1176062598824501
baseline,1311,50.59992218017578,13.799997329711914,0.6192609667778015,0.2721216082572937
baseline,1312,57.59992218017578,8.199996948242188,0.7681934833526611,0.4015597105026245
baseline,1313,56.09992218017578,11.799997329711914,0.7162189483642578,0.2951280176639557
baseline,1314,54.29991912841797,6.099996566772461,0.6615504026412964,0.3273133933544159
baseline,1315,54.49991989135742,10.699996948242188,0.717664361000061,0.32096362113952637
baseline,1316,53.29991912841797,11.399996757507324,0.706978440284729,0.22358407080173492
baseline,1317,55.999916076660156,13.699996948242188,0.7314415574073792,0.32191744446754456
baseline,1318,52.599918365478516,14.599996566772461,0.6715481877326965,0.35436540842056274
baseline,1319,53.599918365478516,14.39999771118164,0.6837959289550781,0.16766364872455597
baseline,1320,54.69991683959961,14.299997329711914,0.67469722032547,0.3037072420120239
baseline,1321,57.89991760253906,11.599997520446777,0.755897581577301,0.22411440312862396
baseline,1322,57.89991760253906,10.399996757507324,0.783699095249176,0.22448456287384033
baseline,1323,57.39991760253906,12.699996948242188,0.7593915462493896,0.1873135268688202
baseline,1324,55.59991455078125,13.99999713897705,0.7141233086585999,0.16938570141792297
baseline,1325,57.7999153137207,12.299997329711914,0.7698264718055725,0.14342354238033295
baseline,1326,56.89991760253906,13.299997329711914,0.7427616119384766,0.2659251093864441
baseline,1327,52.09991455078125,14.39999771118164,0.6573003530502319,0.215045765042305
baseline,1328,57.7999153137207,9.199997901916504,0.7689703106880188,0.23692062497138977
baseline,1329,52.2999153137207,14.999998092651367,0.6487709879875183,0.33287981152534485
baseline,1330,52.999916076660156,4.5999979972839355,0.6429619789123535,0.27492499351501465
baseline,1331,53.499916076660156,14.999998092651367,0.6670622825622559,0.5275349617004395
baseline,1332,56.09991455078125,12.999998092651367,0.7302578687667847,0.28673553466796875
baseline,1333,57.29991149902344,7.599998474121094,0.7202335000038147,0.25614869594573975
baseline,1334,52.8999137878418,14.999998092651367,0.6418432593345642,0.18604618310928345
baseline,1335,57.99991226196289,8.699997901916504,0.7831782102584839,0.4474914073944092
baseline,1336,56.59991455078125,13.79999828338623,0.6927099823951721,0.35939982533454895
baseline,1337,58.199913024902344,9.59999942779541,0.8014218211174011,0.3312554359436035
baseline,1338,55.29991149902344,14.69999885559082,0.6925793886184692,0.2507169842720032
baseline,1339,51.89990997314453,15.299999237060547,0.6738093495368958,0.3677133321762085
baseline,1340,52.199913024902344,11.09999942779541,0.7647032737731934,0.2473566085100174
baseline,1341,57.79991149902344,10.999999046325684,0.774109423160553,0.30728915333747864
baseline,1342,56.19990921020508,14.399999618530273,0.6996930837631226,0.24555706977844238
baseline,1343,53.999908447265625,15.299999237060547,0.6942355036735535,0.3332267701625824
baseline,1344,58.39990997314453,10.699999809265137,0.7783756256103516,0.2936924993991852
baseline,1345,50.999908447265625,14.5,0.6516413688659668,0.30576813220977783
baseline,1346,50.89990997314453,15.699999809265137,0.649390697479248,0.1299661099910736
baseline,1347,57.39990997314453,13.399999618530273,0.739820122718811,0.31261542439460754
baseline,1348,53.19990539550781,15.5,0.6705970764160156,0.3416982591152191
baseline,1349,54.499908447265625,15.399999618530273,0.7007015943527222,0.14932353794574738
baseline,1350,56.999908447265625,14.100000381469727,0.7639063000679016,0.2509985864162445
baseline,1351,55.79990768432617,14.899999618530273,0.7334019541740417,0.30318063497543335
baseline,1352,58.399906158447266,12.100000381469727,0.7855173349380493,0.12055197358131409
baseline,1353,58.499908447265625,11.40000057220459,0.78432297706604,0.12207839637994766
baseline,1354,57.29990768432617,12.200000762939453,0.750653862953186,0.4342445731163025
baseline,1355,54.59990692138672,14.800000190734863,0.6911143660545349,0.18194198608398438
baseline,1356,52.999908447265625,10.300000190734863,0.8574070334434509,0.15234285593032837
baseline,1357,52.59990692138672,15.800000190734863,0.672612726688385,0.2834862768650055
baseline,1358,58.399906158447266,9.100000381469727,0.7606062293052673,0.3957046866416931
baseline,1359,57.899906158447266,13.800000190734863,0.7863834500312805,0.26008695363998413
baseline,1360,53.49990463256836,15.90000057220459,0.6985677480697632,0.3067958652973175
baseline,1361,58.399906158447266,12.700000762939453,0.7910617589950562,0.3606231212615967
baseline,1362,57.899906158447266,13.0,0.7475162148475647,0.17259539663791656
baseline,1363,57.49990463256836,14.100000381469727,0.7207287549972534,0.304015576839447
baseline,1364,58.299903869628906,13.40000057220459,0.7601399421691895,0.2588220238685608
baseline,1365,55.499900817871094,15.30000114440918,0.6728138327598572,0.4172193109989166
baseline,1366,51.89990234375,15.900001525878906,0.6733443737030029,0.24815012514591217
baseline,1367,54.89990234375,15.700000762939453,0.6596346497535706,0.40355169773101807
baseline,1368,58.89990234375,9.900001525878906,0.7196429371833801,0.1805725246667862
baseline,1369,56.09989929199219,15.30000114440918,0.6758595108985901,0.20753973722457886
baseline,1370,58.39990234375,10.200000762939453,0.7335473299026489,0.4047320485115051
baseline,1371,56.999900817871094,15.20000171661377,0.667962372303009,0.42313337326049805
baseline,1372,54.999900817871094,15.10000228881836,0.6559041142463684,0.2697475850582123
baseline,1373,58.999900817871094,12.500001907348633,0.7303647994995117,0.4163810908794403
baseline,1374,58.399898529052734,14.000001907348633,0.7116955518722534,0.16985952854156494
baseline,1375,51.19989776611328,16.10000228881836,0.6670083403587341,0.31042006611824036
baseline,1376,55.79990005493164,15.800002098083496,0.6877455115318298,0.2342841923236847
baseline,1377,56.59989929199219,14.700002670288086,0.6837416887283325,0.3048369884490967
baseline,1378,53.99989700317383,16.60000228881836,0.7296543121337891,0.26907119154930115
baseline,1379,59.09989929199219,11.500001907348633,0.7667961716651917,0.3623620271682739
baseline,1380,59.09989929199219,10.400002479553223,0.7359100580215454,0.3817873001098633
baseline,1381,57.49989700317383,14.60000228881836,0.6942235827445984,0.26748767495155334
baseline,1382,54.49989700317383,16.400001525878906,0.6900441646575928,0.39638790488243103
baseline,1383,57.49989700317383,15.300002098083496,0.6738161444664001,0.18106117844581604
baseline,1384,56.299896240234375,15.800002098083496,0.6646836400032043,0.2795964181423187
baseline,1385,53.49989700317383,16.60000228881836,0.66802978515625,0.29724448919296265
baseline,1386,54.19989776611328,15.900001525878906,0.685195803642273,0.4780403673648834
baseline,1387,50.699893951416016,16.900001525878906,0.6573258638381958,0.21027350425720215
baseline,1388,59.299896240234375,12.00000286102295,0.7780792713165283,0.24351242184638977
baseline,1389,54.99989318847656,16.400001525878906,0.703238308429718,0.2322438806295395
baseline,1390,58.299896240234375,14.800003051757812,0.7950687408447266,0.31539949774742126
baseline,1391,58.89989471435547,14.00000286102295,0.8085142970085144,0.49854743480682373
baseline,1392,52.49989318847656,16.400001525878906,0.6687437295913696,0.28049132227897644
baseline,1393,58.99989700317383,14.50000286102295,0.7813482880592346,0.15188896656036377
baseline,1394,56.59989547729492,16.40000343322754,0.7148352861404419,0.17078238725662231
baseline,1395,59.199893951416016,10.900002479553223,0.7592827081680298,0.3140842616558075
baseline,1396,59.39989471435547,13.900003433227539,0.7690285444259644,0.2803676426410675
baseline,1397,55.89989471435547,16.90000343322754,0.7186936140060425,0.3041384220123291
baseline,1398,54.89989471435547,17.300003051757812,0.7004427313804626,0.32952266931533813
baseline,1399,58.79989242553711,13.50000286102295,0.7901910543441772,0.29153043031692505
baseline,1400,58.3998908996582,15.500003814697266,0.7510597109794617,0.4739416837692261
baseline,1401,59.3998908996582,13.200003623962402,0.7867317795753479,0.45252275466918945
baseline,1402,59.699893951416016,14.800003051757812,0.8663272857666016,0.24511899054050446
baseline,1403,57.3998908996582,16.100004196166992,0.7433422207832336,0.39631959795951843
baseline,1404,58.8998908996582,15.400003433227539,0.7868552803993225,0.2920796275138855
baseline,1405,59.699893951416016,10.800004005432129,0.7962822318077087,0.24975411593914032
baseline,1406,53.99989318847656,17.20000457763672,0.6790983080863953,0.3399251699447632
baseline,1407,55.49989318847656,16.500003814697266,0.6946687698364258,0.3454205095767975
baseline,1408,55.99989318847656,16.40000343322754,0.6961874961853027,0.32567524909973145
baseline,1409,53.4998893737793,17.300004959106445,0.6824839115142822,0.1925385445356369
baseline,1410,56.9998893737793,16.800004959106445,0.7211396098136902,0.36308643221855164
baseline,1411,58.19989013671875,16.000003814697266,0.7526828050613403,0.40542083978652954
baseline,1412,59.79989242553711,11.900004386901855,0.7952789664268494,0.533052921295166
baseline,1413,59.69989013671875,11.400004386901855,0.7736812829971313,0.1664997935295105
baseline,1414,56.59988784790039,17.100004196166992,0.7103089690208435,0.28625237941741943
baseline,1415,59.4998893737793,15.300004959106445,0.7885282039642334,0.31316420435905457
baseline,1416,54.3998908996582,16.900005340576172,0.6969670057296753,0.40973955392837524
baseline,1417,56.8998908996582,16.000003814697266,0.7301304340362549,0.3041497766971588
baseline,1418,58.799888610839844,16.0000057220459,0.7805184721946716,0.23107202351093292
baseline,1419,54.09988784790039,17.800004959106445,0.7144191265106201,0.2923295497894287
baseline,1420,57.59988784790039,17.20000457763672,0.7602275609970093,0.2464134395122528
baseline,1421,58.89988708496094,13.000005722045898,0.7938233613967896,0.3590995669364929
baseline,1422,52.9998893737793,16.100006103515625,0.7065235376358032,0.31538671255111694
baseline,1423,52.99988555908203,17.20000648498535,0.6888676881790161,0.3982256352901459
baseline,1424,58.49988555908203,16.400005340576172,0.7158058881759644,0.418551504611969
baseline,1425,57.699886322021484,16.600006103515625,0.7142673134803772,0.28014808893203735
baseline,1426,52.39988708496094,17.0000057220459,0.682525634765625,0.3480808138847351
baseline,1427,51.09988784790039,17.70000648498535,0.6807429790496826,0.23248787224292755
baseline,1428,59.79988479614258,12.600006103515625,0.8023830056190491,0.40054842829704285
baseline,1429,55.89988708496094,17.5000057220459,0.6872690916061401,0.1490734964609146
baseline,1430,59.39988708496094,16.0000057220459,0.7323972582817078,0.5588701367378235
baseline,1431,55.39988708496094,17.100006103515625,0.6863295435905457,0.20491942763328552
baseline,1432,52.99988555908203,16.70000648498535,0.6848710179328918,0.3503076434135437
baseline,1433,55.29988479614258,16.0000057220459,0.7267462611198425,0.183631032705307
baseline,1434,55.39988327026367,17.800006866455078,0.688930869102478,0.24140672385692596
baseline,1435,58.29988479614258,17.100006103515625,0.7029709219932556,0.20405970513820648
baseline,1436,56.599884033203125,17.600006103515625,0.711831271648407,0.47671225666999817
baseline,1437,57.99988555908203,14.300006866455078,0.7654362320899963,0.34975430369377136
baseline,1438,57.099884033203125,17.70000648498535,0.7479242086410522,0.13206271827220917
baseline,1439,53.79988479614258,13.900007247924805,0.751592755317688,0.34865981340408325
baseline,1440,59.39988327026367,16.600006103515625,0.7402346730232239,0.0825512632727623
baseline,1441,54.79988098144531,17.900007247924805,0.7064111232757568,0.19859595596790314
baseline,1442,57.69987869262695,18.300006866455078,0.7412751913070679,0.2712033689022064
baseline,1443,54.59988021850586,18.600008010864258,0.6777442097663879,0.24469582736492157
baseline,1444,56.69987869262695,18.200008392333984,0.7176556587219238,0.2676711082458496
baseline,1445,58.09988021850586,18.00000762939453,0.7445770502090454,0.21906839311122894
baseline,1446,58.79987716674805,17.200008392333984,0.756610631942749,0.22767274081707
baseline,1447,55.9998779296875,18.400007247924805,0.6937617063522339,0.12702257931232452
baseline,1448,52.099876403808594,9.200008392333984,0.8460953831672668,0.2854654788970947
baseline,1449,59.499874114990234,17.200008392333984,0.7870337963104248,0.29255831241607666
baseline,1450,56.39987564086914,18.700008392333984,0.6940500736236572,0.3095990717411041
baseline,1451,53.19987487792969,18.30000877380371,0.6797957420349121,0.08302104473114014
baseline,1452,58.89987564086914,17.80000877380371,0.77829909324646,0.1401219367980957
baseline,1453,57.999874114990234,15.2000093460083,0.7776477932929993,0.024767545983195305
baseline,1454,55.09987258911133,18.400009155273438,0.6826289892196655,0.48389559984207153
baseline,1455,57.79987335205078,15.7000093460083,0.7726219892501831,0.23445633053779602
baseline,1456,55.499874114990234,18.900009155273438,0.7021761536598206,0.4973486065864563
baseline,1457,58.59987258911133,18.500009536743164,0.7405509948730469,0.14653770625591278
baseline,1458,57.499874114990234,19.000009536743164,0.717079222202301,0.20268775522708893
baseline,1459,56.29987335205078,19.200010299682617,0.7072158455848694,0.200849249958992
baseline,1460,57.09987258911133,18.500011444091797,0.7301633954048157,0.3179440200328827
baseline,1461,59.899871826171875,14.100010871887207,0.8351722359657288,0.30072277784347534
baseline,1462,57.59987258911133,17.800010681152344,0.7324726581573486,0.2874603569507599
baseline,1463,59.399871826171875,18.100011825561523,0.7587710618972778,0.2014295756816864
baseline,1464,60.79987335205078,16.300010681152344,1.0424884557724,0.4747556149959564
baseline,1465,59.99987030029297,16.100011825561523,1.1038082838058472,0.5535343885421753
baseline,1466,60.09986877441406,17.90001106262207,0.7266688346862793,0.5346032977104187
baseline,1467,59.09986877441406,18.600011825561523,0.7362027764320374,0.2544829845428467
baseline,1468,58.29986572265625,19.20001220703125,0.7169918417930603,0.43409109115600586
baseline,1469,58.79986572265625,19.20001220703125,0.7264318466186523,0.07814572751522064
baseline,1470,59.9998664855957,13.60001277923584,0.8144427537918091,0.42435482144355774
baseline,1471,60.0998649597168,18.600013732910156,0.755813717842102,0.23084311187267303
baseline,1472,61.19986343383789,18.20001220703125,0.7792696356773376,0.41017666459083557
baseline,1473,60.69986343383789,18.400012969970703,0.7688333988189697,0.2915796637535095
baseline,1474,60.399864196777344,16.600013732910156,1.0943095684051514,0.5352150201797485
baseline,1475,61.4998664855957,16.400012969970703,0.9316278696060181,0.29607173800468445
baseline,1476,60.4998664855957,17.50001335144043,0.743511974811554,0.21405276656150818
baseline,1477,58.399864196777344,17.600013732910156,0.7375890016555786,0.32018667459487915
baseline,1478,62.0998649597168,18.100013732910156,0.7881532907485962,0.055478714406490326
baseline,1479,59.99986267089844,13.100013732910156,0.8490952253341675,0.44328582286834717
baseline,1480,61.19986343383789,17.700014114379883,0.7686684131622314,0.20352578163146973
baseline,1481,60.69986343383789,18.900014877319336,0.7600136399269104,0.2324489951133728
baseline,1482,61.799861907958984,18.50001335144043,0.7604398131370544,0.24620354175567627
baseline,1483,61.99986267089844,16.30001449584961,0.9143885374069214,0.17517808079719543
baseline,1484,61.29985809326172,19.400014877319336,0.7450107932090759,0.4067935645580292
baseline,1485,59.89985656738281,16.800016403198242,0.7901957035064697,0.3210543394088745
baseline,1486,59.89985656738281,15.2000150680542,1.1025745868682861,0.42876654863357544
baseline,1487,62.599857330322266,16.300016403198242,0.8046748638153076,0.3106212019920349
baseline,1488,62.29985427856445,18.700016021728516,0.7902043461799622,0.446120947599411
baseline,1489,62.39985275268555,17.700016021728516,0.799219012260437,0.4773598909378052
baseline,1490,61.89985275268555,19.000015258789062,0.7803823947906494,0.27503371238708496
baseline,1491,62.69985580444336,18.10001564025879,0.7931105494499207,0.20289969444274902
baseline,1492,61.999855041503906,16.80001449584961,1.110085129737854,0.38654837012290955
baseline,1493,59.999855041503906,17.30001449584961,0.7906754612922668,0.27791813015937805
baseline,1494,61.39985275268555,18.80001449584961,0.7767823934555054,0.2703033983707428
baseline,1495,59.89985275268555,19.700016021728516,0.7362543344497681,0.11592565476894379
baseline,1496,61.79985427856445,19.800016403198242,0.7528578639030457,0.2871178090572357
baseline,1497,60.89985275268555,20.40001678466797,0.7379458546638489,0.3311407268047333
baseline,1498,60.79985427856445,19.500015258789062,0.7486095428466797,0.3356189727783203
baseline,1499,59.599853515625,18.800016403198242,0.7372176647186279,0.36849144101142883
baseline,1500,59.49985122680664,19.300016403198242,0.737666666507721,0.2649771571159363
baseline,1501,60.89985275268555,16.90001678466797,0.8187711238861084,0.19995421171188354
baseline,1502,58.89985275268555,16.700016021728516,0.8302335739135742,0.1743692010641098
baseline,1503,60.49985122680664,21.000015258789062,0.7394546270370483,0.3798567056655884
baseline,1504,58.599853515625,19.700016021728516,0.7362760901451111,0.1739780753850937
baseline,1505,59.699851989746094,20.200016021728516,0.7370554208755493,0.18261748552322388
baseline,1506,57.099853515625,19.300016403198242,0.7363735437393188,0.254219651222229
baseline,1507,59.99985122680664,19.200016021728516,0.7414571642875671,0.16164995729923248
baseline,1508,60.39985275268555,20.10001564025879,0.7388173937797546,0.38881343603134155
baseline,1509,58.099849700927734,18.700016021728516,0.7621616125106812,0.20302355289459229
baseline,1510,62.79985046386719,16.700016021728516,1.1337499618530273,0.2756684720516205
baseline,1511,62.599849700927734,19.90001678466797,0.7590284943580627,0.2547335922718048
baseline,1512,62.89984893798828,18.800016403198242,0.7666128277778625,0.24792222678661346
baseline,1513,62.599849700927734,19.20001792907715,0.7698384523391724,0.3427625596523285
baseline,1514,56.599849700927734,11.600017547607422,0.7580609917640686,0.39924341440200806
baseline,1515,61.69984817504883,17.300016403198242,0.7671569585800171,0.25695955753326416
baseline,1516,61.79984664916992,20.70001792907715,0.7420276999473572,0.3254603445529938
baseline,1517,62.999847412109375,17.100017547607422,0.7543343305587769,0.40149396657943726
baseline,1518,63.19984817504883,19.20001792907715,0.7703231573104858,0.324941486120224
baseline,1519,63.19984817504883,17.9000186920166,0.7492396831512451,0.4046665132045746
baseline,1520,61.09984588623047,20.9000186920166,0.7515868544578552,0.3796280324459076
baseline,1521,62.399845123291016,20.4000186920166,0.754734992980957,0.3123686909675598
baseline,1522,60.399845123291016,17.000019073486328,0.78460693359375,0.29442572593688965
baseline,1523,62.09984588623047,21.100019454956055,0.7556222081184387,0.3807394206523895
baseline,1524,61.19984436035156,20.000019073486328,0.7586807012557983,0.5314419865608215
baseline,1525,63.39984130859375,18.600019454956055,0.777507483959198,0.2830927073955536
baseline,1526,63.1998405456543,19.70001983642578,0.7547628879547119,0.27666258811950684
baseline,1527,62.39984130859375,16.800020217895508,0.7988338470458984,0.41756099462509155
baseline,1528,56.99984359741211,19.800018310546875,0.729128360748291,0.37978389859199524
baseline,1529,63.69984436035156,20.20001983642578,0.765407919883728,0.3272711932659149
baseline,1530,61.39984130859375,21.300018310546875,0.7330453395843506,0.2978602349758148
baseline,1531,57.799842834472656,19.500019073486328,0.7433400750160217,0.3267771899700165
baseline,1532,62.799842834472656,20.800020217895508,0.7593321800231934,0.3310929834842682
baseline,1533,57.999839782714844,20.20001983642578,0.7351124286651611,0.4535874128341675
baseline,1534,59.0998420715332,20.300020217895508,0.7344748377799988,0.3361295163631439
baseline,1535,61.39984130859375,16.900020599365234,0.7849138379096985,0.2604369819164276
baseline,1536,63.6998405456543,19.600019454956055,0.7836138010025024,0.3363366723060608
baseline,1537,62.0998420715332,21.600019454956055,0.7296099662780762,0.27604997158050537
baseline,1538,63.799842834472656,19.100019454956055,0.7325107455253601,0.3963388204574585
baseline,1539,63.29983901977539,21.00002098083496,0.726877748966217,0.24598222970962524
baseline,1540,57.39984130859375,20.50002098083496,0.7186174392700195,0.3694286346435547
baseline,1541,61.09983825683594,22.300020217895508,0.7193349599838257,0.24127303063869476
baseline,1542,59.6998405456543,21.400020599365234,0.7164742350578308,0.3320307731628418
baseline,1543,63.79983901977539,18.20001983642578,0.7610922455787659,0.32662442326545715
baseline,1544,59.999839782714844,20.800020217895508,0.721224844455719,0.3955094814300537
baseline,1545,62.399837493896484,22.100021362304688,0.7241916656494141,0.14268611371517181
baseline,1546,63.899837493896484,17.700021743774414,0.8169152736663818,0.32212474942207336
baseline,1547,62.899837493896484,20.300020217895508,0.7745052576065063,0.23010776937007904
baseline,1548,62.59983825683594,21.400020599365234,0.7413850426673889,0.2123727947473526
baseline,1549,58.799835205078125,24.30002212524414,0.7653257250785828,0.48562973737716675
baseline,1550,64.29983520507812,19.500022888183594,0.7798902988433838,0.3352559208869934
baseline,1551,64.19983673095703,18.500022888183594,0.792169988155365,0.17588898539543152
baseline,1552,59.199832916259766,19.80002212524414,0.7579880952835083,0.18303313851356506
baseline,1553,58.99983215332031,21.10002326965332,0.7336919903755188,0.3424238860607147
baseline,1554,64.0998306274414,17.200021743774414,0.7746847867965698,0.4807710647583008
baseline,1555,58.39983367919922,20.60002326965332,0.7510078549385071,0.1559872180223465
baseline,1556,63.89983367919922,20.800024032592773,0.7651916146278381,0.2625581622123718
baseline,1557,63.09983444213867,21.700023651123047,0.7531800866127014,0.1591968685388565
baseline,1558,64.29983520507812,20.000022888183594,0.7544059753417969,0.2095828354358673
baseline,1559,63.59983444213867,21.500022888183594,0.7562746405601501,0.087859608232975
baseline,1560,64.49983215332031,18.10002326965332,0.7592989206314087,0.27603304386138916
baseline,1561,61.699832916259766,22.10002326965332,0.7357630729675293,0.14886868000030518
baseline,1562,62.99983215332031,22.4000244140625,0.7328051328659058,0.14752817153930664
baseline,1563,59.49983215332031,20.9000244140625,0.7534306645393372,0.29816383123397827
baseline,1564,64.39983367919922,20.9000244140625,0.7392416596412659,0.39957961440086365
baseline,1565,64.79983520507812,19.9000244140625,0.7824618816375732,0.34724751114845276
baseline,1566,58.299835205078125,21.4000244140625,0.7298989295959473,0.3635109066963196
baseline,1567,62.29983139038086,22.600025177001953,0.7257874011993408,0.29329848289489746
baseline,1568,63.99983215332031,22.200023651123047,0.7260017991065979,0.4925925135612488
baseline,1569,60.29983139038086,22.4000244140625,0.7236483097076416,0.13387835025787354
baseline,1570,59.29983139038086,22.300024032592773,0.7244157791137695,0.184522345662117
baseline,1571,60.79983139038086,21.700023651123047,0.7232711315155029,0.4528152644634247
baseline,1572,60.199832916259766,21.9000244140625,0.7243672013282776,0.40623801946640015
baseline,1573,59.199832916259766,21.700023651123047,0.7316856384277344,0.5344966650009155
baseline,1574,64.99983215332031,20.500024795532227,0.7516496777534485,0.4029216170310974
baseline,1575,65.0998306274414,18.100025177001953,0.8216400742530823,0.29481133818626404
baseline,1576,64.5998306274414,18.800025939941406,0.7848429083824158,0.35988372564315796
baseline,1577,64.0998306274414,21.400026321411133,0.7433997392654419,0.3021434247493744
baseline,1578,64.5998306274414,21.70002555847168,0.7413915991783142,0.32262665033340454
baseline,1579,62.39982986450195,25.100025177001953,0.8831313252449036,0.4685182273387909
baseline,1580,65.1998291015625,18.70002555847168,0.7808442711830139,0.5416310429573059
baseline,1581,65.2998275756836,19.800025939941406,0.7443802952766418,0.09207487851381302
baseline,1582,63.09982681274414,25.00002670288086,0.9395386576652527,0.38640955090522766
baseline,1583,64.6998291015625,17.300025939941406,0.7193549275398254,0.49653586745262146
baseline,1584,63.49982833862305,22.300025939941406,0.7182915210723877,0.1877477765083313
baseline,1585,65.09982299804688,21.400026321411133,0.7208817005157471,0.3614221513271332
baseline,1586,65.49982452392578,19.100027084350586,0.7870302200317383,0.08870203047990799
baseline,1587,63.59982681274414,22.900026321411133,0.7189546227455139,0.2970016598701477
baseline,1588,64.99982452392578,22.200027465820312,0.7301018238067627,0.2888091206550598
baseline,1589,63.1998291015625,25.50002670288086,0.7309861779212952,0.38354918360710144
baseline,1590,61.6998291015625,17.80002784729004,0.7644683122634888,0.25252413749694824
baseline,1591,64.89982604980469,19.200027465820312,0.7606493830680847,0.348862886428833
baseline,1592,65.39982604980469,21.900028228759766,0.73122638463974,0.4403420090675354
baseline,1593,65.6998291015625,20.700027465820312,0.7587969303131104,0.32570740580558777
baseline,1594,64.09982299804688,23.000028610229492,0.7025303840637207,0.45243731141090393
baseline,1595,62.799827575683594,23.200027465820312,0.7026991248130798,0.31829604506492615
baseline,1596,60.199825286865234,22.900028228759766,0.7031534910202026,0.10767664760351181
baseline,1597,61.79982376098633,22.700029373168945,0.7132545113563538,0.28243792057037354
baseline,1598,66.09982299804688,18.500028610229492,0.8115363717079163,0.19932827353477478
baseline,1599,60.79982376098633,22.80002784729004,0.714179277420044,0.12328134477138519
baseline,1600,65.99982452392578,19.900028228759766,0.7705455422401428,0.23209261894226074
baseline,1601,65.99982452392578,21.500028610229492,0.7477770447731018,0.2933749556541443
baseline,1602,66.19982147216797,22.800029754638672,0.7487679719924927,0.2900397777557373
baseline,1603,66.19982147216797,19.10002899169922,0.8172005414962769,0.14734463393688202
baseline,1604,65.19982147216797,17.4000301361084,0.7739885449409485,0.3431619107723236
baseline,1605,64.19982147216797,24.000030517578125,0.7073115110397339,0.2656380832195282
baseline,1606,66.49982452392578,20.300029754638672,0.7899866700172424,0.3563924729824066
baseline,1607,61.89982223510742,23.800029754638672,0.7036958336830139,0.26215073466300964
baseline,1608,60.79982376098633,23.9000301361084,0.7047193646430969,0.37405410408973694
baseline,1609,65.49982452392578,23.4000301361084,0.7160575985908508,0.2157256305217743
baseline,1610,59.69982147216797,22.800029754638672,0.7045383453369141,0.4655589163303375
baseline,1611,63.29982376098633,23.300029754638672,0.7045122385025024,0.3201228678226471
baseline,1612,63.19982147216797,23.9000301361084,0.7048680782318115,0.23840075731277466
baseline,1613,60.49982452392578,23.300029754638672,0.7056289911270142,0.31420454382896423
baseline,1614,61.39982223510742,23.000030517578125,0.7122020721435547,0.2857855558395386
baseline,1615,65.49982452392578,22.800029754638672,0.7057284712791443,0.13320478796958923
baseline,1616,63.69982147216797,23.700029373168945,0.7076791524887085,0.20435340702533722
baseline,1617,65.39982604980469,23.9000301361084,0.7111008167266846,0.2687115967273712
baseline,1618,62.19982147216797,23.300029754638672,0.7112048268318176,0.3452533483505249
baseline,1619,66.49982452392578,22.10003089904785,0.7365297675132751,0.40608862042427063
baseline,1620,66.49982452392578,20.800029754638672,0.7757735848426819,0.2761339247226715
baseline,1621,66.49982452392578,19.800029754638672,0.7975977659225464,0.36576056480407715
baseline,1622,64.69982147216797,22.60003089904785,0.72260582447052,0.19471415877342224
baseline,1623,65.79981994628906,22.4000301361084,0.7239412069320679,0.28829625248908997
baseline,1624,63.599822998046875,17.200029373168945,0.7428077459335327,0.3708372414112091
baseline,1625,65.59982299804688,18.200029373168945,0.7153571248054504,0.2733324468135834
baseline,1626,66.79981994628906,19.300029754638672,0.7245778441429138,0.1407935619354248
baseline,1627,66.59982299804688,21.500028610229492,0.7207298874855042,0.23196052014827728
baseline,1628,64.79981994628906,23.200029373168945,0.7170839309692383,0.31335318088531494
baseline,1629,63.79981994628906,24.800029754638672,0.704235851764679,0.4428950846195221
baseline,1630,66.09982299804688,23.500030517578125,0.7052925229072571,0.2146267592906952
baseline,1631,63.69982147216797,24.300029754638672,0.7078163623809814,0.3607005178928375
baseline,1632,64.59982299804688,24.300029754638672,0.7042303085327148,0.37504327297210693
baseline,1633,62.59981918334961,24.200029373168945,0.7065855264663696,0.23159019649028778
baseline,1634,61.39982223510742,23.700029373168945,0.70808345079422,0.3527189791202545
baseline,1635,66.99982452392578,21.9000301361084,0.7522538304328918,0.3544723093509674
baseline,1636,67.09982299804688,20.000030517578125,0.7819809317588806,0.1489458829164505
baseline,1637,65.39981842041016,24.500030517578125,0.7052925825119019,0.2465398609638214
baseline,1638,60.999820709228516,23.4000301361084,0.7175232172012329,0.12771207094192505
baseline,1639,66.19982147216797,24.200031280517578,0.7195501327514648,0.23061150312423706
baseline,1640,67.09982299804688,20.60003089904785,0.7617329955101013,0.2570410370826721
baseline,1641,59.79981994628906,22.300029754638672,0.722664475440979,0.4648122191429138
baseline,1642,66.79981994628906,23.10003089904785,0.7279883027076721,0.29746586084365845
baseline,1643,67.19982147216797,19.000030517578125,0.7960608601570129,0.20691965520381927
baseline,1644,66.99981689453125,21.200031280517578,0.7660742402076721,0.37475699186325073
baseline,1645,65.59981536865234,20.200031280517578,0.734757661819458,0.12337192893028259
baseline,1646,67.29981994628906,23.10003089904785,0.7016836404800415,0.28346213698387146
baseline,1647,57.49981689453125,21.200031280517578,0.6992576122283936,0.18470512330532074
baseline,1648,66.99981689453125,22.40003204345703,0.70537930727005,0.1987173706293106
baseline,1649,57.7998161315918,21.60003089904785,0.6926571130752563,0.2812400460243225
baseline,1650,65.89981842041016,24.60003089904785,0.6929594278335571,0.4277801811695099
baseline,1651,67.09981536865234,23.800031661987305,0.7196821570396423,0.19686277210712433
baseline,1652,67.39981079101562,19.60003089904785,0.7537731528282166,0.42930611968040466
baseline,1653,60.39981460571289,25.90003204345703,1.1632294654846191,0.9169772863388062
baseline,1654,61.2998161315918,21.800031661987305,0.8811314702033997,0.23329602181911469
baseline,1655,60.19981384277344,21.4000301361084,0.8085228204727173,0.11602085828781128
baseline,1656,67.79981231689453,20.500030517578125,0.7458566427230835,0.42237308621406555
baseline,1657,67.59981536865234,21.700031280517578,0.7319944500923157,0.27823787927627563
baseline,1658,67.79981231689453,23.200031280517578,0.7234917879104614,0.4488964080810547
baseline,1659,67.69981384277344,22.500030517578125,0.7257733345031738,0.12091551721096039
baseline,1660,62.09981155395508,24.300031661987305,0.706995964050293,0.30131521821022034
baseline,1661,63.29981231689453,24.60003089904785,0.6988945007324219,0.19895543158054352
baseline,1662,67.59980773925781,23.800031661987305,0.7047586441040039,0.2766300439834595
baseline,1663,66.59980773925781,23.60003089904785,0.7002221941947937,0.30595919489860535
baseline,1664,67.59980773925781,21.10003089904785,0.7171884179115295,0.17362281680107117
baseline,1665,67.99980926513672,20.000032424926758,0.7319420576095581,0.26570889353752136
baseline,1666,64.29981231689453,23.500032424926758,0.715465784072876,0.16670583188533783
baseline,1667,65.59980773925781,21.200031280517578,0.730501115322113,0.2368912696838379
baseline,1668,68.1998062133789,22.800031661987305,0.7319350838661194,0.5102760195732117
baseline,1669,68.09980773925781,21.90003204345703,0.7306563854217529,0.1538507491350174
baseline,1670,67.7998046875,24.500032424926758,0.701930582523346,0.21785667538642883
baseline,1671,64.89981079101562,24.70003318786621,0.7004536390304565,0.16207410395145416
baseline,1672,66.99980926513672,25.100032806396484,0.7019994258880615,0.27535128593444824
baseline,1673,66.7998046875,24.400033950805664,0.7064834833145142,0.22532537579536438
baseline,1674,68.09980773925781,21.100032806396484,0.7423507571220398,0.20509694516658783
baseline,1675,68.49980926513672,20.20003318786621,0.7509679794311523,0.33384108543395996
baseline,1676,68.49980926513672,21.500032424926758,0.7336572408676147,0.27112773060798645
baseline,1677,68.6998062133789,22.300033569335938,0.726883053779602,0.30817875266075134
baseline,1678,68.39981079101562,23.800033569335938,0.7302019000053406,0.29745110869407654
baseline,1679,64.2998046875,25.100034713745117,0.6979877948760986,0.23638154566287994
baseline,1680,68.59980773925781,23.30003547668457,0.7256126403808594,0.370065301656723
baseline,1681,68.2998046875,24.600034713745117,0.6994938850402832,0.3024654686450958
baseline,1682,66.49980163574219,25.00003433227539,0.6982606053352356,0.23303818702697754
baseline,1683,57.99980545043945,20.900033950805664,0.708556056022644,0.3403216302394867
baseline,1684,65.59980773925781,25.30003547668457,0.693054735660553,0.1888931691646576
baseline,1685,67.59980773925781,25.400035858154297,0.6930270791053772,0.23740817606449127
baseline,1686,68.7998046875,20.700035095214844,0.7365741729736328,0.11470416188240051
baseline,1687,57.09980392456055,20.900035858154297,0.6937589645385742,0.27521616220474243
baseline,1688,68.7998046875,24.400035858154297,0.7153796553611755,0.21619869768619537
baseline,1689,66.69979858398438,18.80003547668457,0.7982107400894165,0.3214229345321655
baseline,1690,68.99980163574219,23.700035095214844,0.7221638560295105,0.34403350949287415
baseline,1691,69.19979858398438,22.700037002563477,0.7412500381469727,0.28580448031425476
baseline,1692,69.39979553222656,21.60003662109375,0.7562929391860962,0.18179307878017426
baseline,1693,62.599796295166016,23.700037002563477,0.7792422771453857,0.2571329176425934
baseline,1694,69.19979858398438,22.200037002563477,0.7422754764556885,0.18961533904075623
baseline,1695,63.99979782104492,25.500036239624023,0.7052146792411804,0.03522232174873352
baseline,1696,68.09979248046875,25.200037002563477,0.7021059989929199,0.18350176513195038
baseline,1697,69.09979248046875,24.900035858154297,0.7047328948974609,0.15766628086566925
baseline,1698,62.19979476928711,19.500036239624023,0.7612516283988953,0.4290328025817871
baseline,1699,69.49979400634766,23.10003662109375,0.7226883172988892,0.25688406825065613
baseline,1700,64.69979858398438,25.800037384033203,0.6941094398498535,0.26391926407814026
baseline,1701,68.39979553222656,25.700037002563477,0.7000397443771362,0.08540040999650955
baseline,1702,64.79979705810547,23.800037384033203,0.7841595411300659,0.21961621940135956
baseline,1703,65.49979400634766,26.000036239624023,0.6950443387031555,0.38668692111968994
baseline,1704,69.59979248046875,24.000036239624023,0.7214948534965515,0.30247482657432556
baseline,1705,66.89979553222656,25.700037002563477,0.6934475898742676,0.05259495601058006
baseline,1706,66.19979858398438,25.60003662109375,0.6974554061889648,0.1514059454202652
baseline,1707,69.69979858398438,22.100038528442383,0.7694069147109985,0.19583430886268616
baseline,1708,69.29979705810547,21.000038146972656,0.7406860589981079,0.2055904120206833
baseline,1709,64.29979705810547,29.40003776550293,1.088405966758728,0.5791730880737305
baseline,1710,64.79978942871094,29.600038528442383,1.1566860675811768,0.6606566309928894
baseline,1711,64.69979095458984,26.500038146972656,0.6914411187171936,0.13384290039539337
baseline,1712,63.59979248046875,29.600038528442383,1.3410205841064453,0.624799370765686
baseline,1713,69.19979095458984,25.500038146972656,0.696712076663971,0.2950592041015625
baseline,1714,65.09979248046875,25.20003890991211,0.7257763147354126,0.07195485383272171
baseline,1715,68.69979095458984,26.500038146972656,0.6812596321105957,0.1400584578514099
baseline,1716,66.19979095458984,26.20003890991211,0.6813044548034668,0.2855100929737091
baseline,1717,69.89978790283203,22.600038528442383,0.6852726340293884,0.20039579272270203
baseline,1718,69.99979400634766,24.70003890991211,0.6817579865455627,0.4338318407535553
baseline,1719,67.39978790283203,26.20003890991211,0.6812310814857483,0.2165219932794571
baseline,1720,69.69979095458984,25.300039291381836,0.6891837120056152,0.37437060475349426
baseline,1721,68.09979248046875,26.100038528442383,0.6883108615875244,0.46889588236808777
baseline,1722,70.29978942871094,23.100040435791016,0.7004362344741821,0.10177510231733322
baseline,1723,69.89979553222656,21.600040435791016,0.6923415064811707,0.3692754805088043
baseline,1724,70.19979095458984,24.100040435791016,0.694849967956543,0.3946617543697357
baseline,1725,63.199790954589844,30.00004005432129,0.7876989841461182,0.4190690517425537
baseline,1726,66.29978942871094,26.900039672851562,0.6743261814117432,0.23572580516338348
baseline,1727,68.49979400634766,27.200040817260742,0.6773200631141663,0.24537672102451324
baseline,1728,58.699790954589844,21.700040817260742,0.6752700805664062,0.4066227078437805
baseline,1729,70.19979095458984,25.600040435791016,0.6844619512557983,0.20328965783119202
baseline,1730,60.09979248046875,23.900039672851562,0.674342691898346,0.32507169246673584
baseline,1731,69.59979248046875,26.400039672851562,0.6833505630493164,0.15993449091911316
baseline,1732,70.49979400634766,23.700040817260742,0.71595299243927,0.04456887021660805
baseline,1733,70.59979248046875,22.700040817260742,0.7296198010444641,0.15101493895053864
baseline,1734,67.49979400634766,26.700040817260742,0.6748566627502441,0.24806898832321167
baseline,1735,65.19979095458984,27.30004119873047,0.6748886108398438,0.29174044728279114
baseline,1736,69.29978942871094,24.400039672851562,0.6897562146186829,0.4364359378814697
baseline,1737,70.49979400634766,25.100040435791016,0.6841452717781067,0.4308587312698364
baseline,1738,64.19979095458984,26.400041580200195,0.6745700240135193,0.43911486864089966
baseline,1739,68.79979705810547,26.000041961669922,0.6754194498062134,0.36940711736679077
baseline,1740,65.59979248046875,26.600040435791016,0.6881825923919678,0.3572762608528137
baseline,1741,66.89979553222656,26.500041961669922,0.669183075428009,0.42605528235435486
baseline,1742,69.29978942871094,27.10004234313965,0.6762381196022034,0.22896188497543335
baseline,1743,70.89979553222656,24.10004234313965,0.725138783454895,0.4725322127342224
baseline,1744,70.19979095458984,26.400041580200195,0.6770693063735962,0.1882483810186386
baseline,1745,64.39978790283203,27.000041961669922,0.6678089499473572,0.30048391222953796
baseline,1746,59.199790954589844,23.60004234313965,0.6703310012817383,0.3380141854286194
baseline,1747,71.09979248046875,25.10004234313965,0.6827812194824219,0.12821528315544128
baseline,1748,66.29978942871094,30.500041961669922,0.6685236096382141,0.22655156254768372
baseline,1749,70.89978790283203,23.200042724609375,0.6956008076667786,0.17403577268123627
baseline,1750,65.09979248046875,26.80004119873047,0.6886395812034607,0.462293416261673
baseline,1751,65.79978942871094,27.30004119873047,0.6618451476097107,0.33985114097595215
baseline,1752,69.89978790283203,27.10004234313965,0.6675171256065369,0.10014371573925018
baseline,1753,62.199790954589844,26.60004234313965,1.050274133682251,0.7454143762588501
baseline,1754,63.09979248046875,27.900041580200195,0.6618485450744629,0.749437689781189
baseline,1755,67.29978942871094,24.30004119873047,0.7256793975830078,0.3993225693702698
baseline,1756,59.79978942871094,23.500041961669922,0.6616372466087341,0.41743040084838867
baseline,1757,67.79978942871094,28.500041961669922,0.6478531360626221,0.1626635640859604
baseline,1758,64.99978637695312,28.3000431060791,0.6479114890098572,0.3249303996562958
baseline,1759,69.19979095458984,28.500041961669922,0.6479389071464539,0.3453371524810791
baseline,1760,66.79978942871094,27.200042724609375,0.6474916338920593,0.24432969093322754
baseline,1761,69.59979248046875,25.8000431060791,0.6773636937141418,0.17829714715480804
baseline,1762,67.89978790283203,27.60004234313965,0.6564835906028748,0.3207317292690277
baseline,1763,68.99978637695312,27.500041961669922,0.6569021344184875,0.29080086946487427
baseline,1764,69.49978637695312,27.60004234313965,0.6516209840774536,0.1952633261680603
baseline,1765,64.79978942871094,27.8000431060791,0.6524105072021484,0.2815839648246765
baseline,1766,70.09978485107422,27.8000431060791,0.6491602063179016,0.36196649074554443
baseline,1767,68.19979095458984,28.000041961669922,0.6503047347068787,0.18984784185886383
baseline,1768,67.29978942871094,27.400043487548828,0.6695464849472046,0.37602126598358154
baseline,1769,71.19978332519531,23.700042724609375,0.7090843915939331,0.2897033095359802
baseline,1770,71.19978332519531,26.200042724609375,0.672969400882721,0.1785314977169037
baseline,1771,70.7997817993164,25.700042724609375,0.6783735156059265,0.31010258197784424
baseline,1772,69.9997787475586,28.300045013427734,0.6490933299064636,0.3731013834476471
baseline,1773,71.3997802734375,25.500043869018555,0.6877885460853577,0.275311678647995
baseline,1774,65.4997787475586,28.10004425048828,0.6458578109741211,0.21966253221035004
baseline,1775,70.8997802734375,27.500043869018555,0.655430793762207,0.2652747631072998
baseline,1776,68.8997802734375,29.10004425048828,0.6494669318199158,0.23142194747924805
baseline,1777,69.2997817993164,30.700044631958008,0.6682640314102173,0.08373228460550308
baseline,1778,71.4997787475586,24.500043869018555,0.7178463339805603,0.40286991000175476
baseline,1779,65.4997787475586,30.900043487548828,1.2564222812652588,1.0184050798416138
baseline,1780,70.59978485107422,24.60004425048828,0.7045382261276245,0.1344742476940155
baseline,1781,66.19978332519531,27.60004425048828,0.6598044037818909,0.24600379168987274
baseline,1782,70.59978485107422,26.700044631958008,0.664149284362793,0.2455524057149887
baseline,1783,71.4997787475586,26.700044631958008,0.673244059085846,0.18848398327827454
baseline,1784,65.9997787475586,28.10004425048828,0.6456725597381592,0.34421220421791077
baseline,1785,67.2997817993164,28.200044631958008,0.6519334316253662,0.3977310061454773
baseline,1786,68.59978485107422,25.10004425048828,0.7362934350967407,0.0543234758079052
baseline,1787,66.7997817993164,27.800045013427734,0.6466310620307922,0.24966800212860107
baseline,1788,69.9997787475586,23.500043869018555,0.7223765850067139,0.35342660546302795
baseline,1789,67.9997787475586,26.700044631958008,0.6787441968917847,0.12260019779205322
baseline,1790,71.99978637695312,24.40004539489746,0.6930615901947021,0.5074055790901184
baseline,1791,71.8997802734375,23.600046157836914,0.6847039461135864,0.2992073893547058
baseline,1792,67.3997802734375,24.800045013427734,0.7584120631217957,0.16114544868469238
baseline,1793,72.19978332519531,25.40004539489746,0.7165687084197998,0.445749431848526
baseline,1794,68.3997802734375,29.100046157836914,0.6514046788215637,0.3063459098339081
baseline,1795,71.3997802734375,27.70004653930664,0.651907742023468,0.2588939070701599
baseline,1796,69.7997817993164,28.90004539489746,0.6512694954872131,0.38505297899246216
baseline,1797,69.19978332519531,28.000045776367188,0.6640101671218872,0.27374523878097534
baseline,1798,70.3997802734375,27.40004539489746,0.6777518391609192,0.28475427627563477
baseline,1799,68.8997802734375,21.800045013427734,0.7132764458656311,0.27445274591445923
baseline,1800,68.4997787475586,28.600046157836914,0.6493372917175293,0.30506786704063416
baseline,1801,71.09978485107422,28.500045776367188,0.644782543182373,0.22692403197288513
baseline,1802,72.19978332519531,26.600046157836914,0.689961850643158,0.39741432666778564
baseline,1803,70.69978332519531,28.000045776367188,0.6467097401618958,0.3160470724105835
baseline,1804,66.7997817993164,28.500045776367188,0.6501069068908691,0.31196218729019165
baseline,1805,66.7997817993164,30.500045776367188,0.6520788669586182,0.30549734830856323
baseline,1806,71.69977569580078,28.300046920776367,0.668609619140625,0.2412339597940445
baseline,1807,65.9997787475586,31.600048065185547,1.2068756818771362,0.8738268613815308
baseline,1808,71.69977569580078,25.00004768371582,0.695338249206543,0.11114106327295303
baseline,1809,71.69977569580078,27.300046920776367,0.6703165769577026,0.29815027117729187
baseline,1810,66.4997787475586,31.00004768371582,0.7854202389717102,0.4626151919364929
baseline,1811,72.3997802734375,27.100046157836914,0.6842854619026184,0.1873563677072525
baseline,1812,72.4997787475586,24.300046920776367,0.6989175081253052,0.174371138215065
baseline,1813,70.29977416992188,22.00004768371582,0.6935907602310181,0.20516306161880493
baseline,1814,71.9997787475586,26.00004768371582,0.6714358925819397,0.21438609063625336
baseline,1815,68.69977569580078,28.100048065185547,0.6625258922576904,0.2565869688987732
baseline,1816,72.4997787475586,26.20004653930664,0.6734655499458313,0.3047354817390442
baseline,1817,68.69977569580078,22.800046920776367,0.7174505591392517,0.2523811459541321
baseline,1818,71.29977416992188,29.00004768371582,0.6524165272712708,0.10771680623292923
baseline,1819,71.49977111816406,23.20004653930664,0.7089217305183411,0.10620658844709396
baseline,1820,70.39977264404297,28.70004653930664,0.6506558656692505,0.2232966125011444
baseline,1821,66.89977264404297,31.70004653930664,0.666323184967041,0.23223361372947693
baseline,1822,69.59976959228516,29.70004653930664,0.6445687413215637,0.20644928514957428
baseline,1823,66.19976806640625,28.900047302246094,0.644636869430542,0.26999592781066895
baseline,1824,68.29977416992188,29.600046157836914,0.6451860070228577,0.16009022295475006
baseline,1825,71.39977264404297,29.500045776367188,0.6523267030715942,0.22025378048419952
baseline,1826,67.19976806640625,29.600046157836914,0.6446970105171204,0.294975221157074
baseline,1827,72.69976806640625,25.500045776367188,0.6936575174331665,0.12125194817781448
baseline,1828,67.09976959228516,28.900047302246094,0.6536682844161987,0.19879823923110962
baseline,1829,71.89977264404297,27.800046920776367,0.6673250198364258,0.34461554884910583
baseline,1830,71.89977264404297,28.800046920776367,0.6524879932403564,0.16941140592098236
baseline,1831,67.79977416992188,29.70004653930664,0.6446083784103394,0.10980332642793655
baseline,1832,68.89977264404297,29.900047302246094,0.6453984975814819,0.21593067049980164
baseline,1833,66.49977111816406,29.400047302246094,0.6453589200973511,0.22868052124977112
baseline,1834,70.49977111816406,29.20004653930664,0.6492499113082886,0.3206462562084198
baseline,1835,72.79976654052734,24.900047302246094,0.6552931666374207,0.2034766972064972
baseline,1836,72.49977111816406,27.900047302246094,0.6549472808837891,0.2282179743051529
baseline,1837,67.29976654052734,30.100046157836914,0.6536474823951721,0.22219130396842957
baseline,1838,72.29976654052734,24.800046920776367,0.6573282480239868,0.3257128894329071
baseline,1839,66.59976959228516,30.00004768371582,0.6445369124412537,0.2609318792819977
baseline,1840,69.99977111816406,29.400047302246094,0.640138566493988,0.3014660179615021
baseline,1841,67.89976501464844,29.20004653930664,0.6482731103897095,0.1911250799894333
baseline,1842,64.09976959228516,27.400047302246094,0.6248586177825928,0.40509024262428284
baseline,1843,71.99976348876953,29.300046920776367,0.6310104131698608,0.42523568868637085
baseline,1844,70.19976806640625,30.100048065185547,0.6259822845458984,0.4055418372154236
baseline,1845,73.19976806640625,26.00004768371582,0.6292062997817993,0.2578955590724945
baseline,1846,71.29976654052734,30.100048065185547,0.6273531317710876,0.43290355801582336
baseline,1847,70.89976501464844,29.600048065185547,0.6319609880447388,0.2604852318763733
baseline,1848,67.29976654052734,30.600048065185547,0.6293106079101562,0.3978722095489502
baseline,1849,72.99976348876953,27.300046920776367,0.6333335041999817,0.45247647166252136
baseline,1850,71.39976501464844,30.900047302246094,0.6299043297767639,0.3991967737674713
baseline,1851,63.39976501464844,28.300048828125,0.6297804713249207,0.4931148290634155
baseline,1852,72.89976501464844,29.00004768371582,0.6295397877693176,0.3945252001285553
baseline,1853,72.49976348876953,30.800048828125,0.6482997536659241,0.11307526379823685
baseline,1854,66.99976348876953,31.200048446655273,0.677480936050415,0.2661389708518982
baseline,1855,73.19976043701172,26.700048446655273,0.6622181534767151,0.337894082069397
baseline,1856,72.79975891113281,28.400049209594727,0.6607164144515991,0.34775254130363464
baseline,1857,66.19976043701172,32.200050354003906,1.2339249849319458,0.9155844449996948
baseline,1858,71.79975891113281,29.900049209594727,0.6584203839302063,0.35928982496261597
baseline,1859,67.09976196289062,32.10004806518555,0.9130354523658752,0.5179365277290344
baseline,1860,66.49976348876953,31.800048828125,1.0736737251281738,0.43446698784828186
baseline,1861,71.99976348876953,30.400047302246094,0.6449094414710999,0.11130151152610779
baseline,1862,73.59976196289062,25.700048446655273,0.6634858250617981,0.39280590415000916
baseline,1863,73.39976501464844,27.800048828125,0.6505333185195923,0.3172359764575958
baseline,1864,70.89976501464844,30.50004768371582,0.6382157206535339,0.3744022846221924
baseline,1865,68.29976654052734,30.200048446655273,0.6399253606796265,0.40248826146125793
baseline,1866,62.699764251708984,24.700048446655273,0.6469298601150513,0.14655262231826782
baseline,1867,61.99976348876953,24.800048828125,0.6947646737098694,0.5387665629386902
baseline,1868,73.29976654052734,28.600048065185547,0.6468665599822998,0.18701423704624176
baseline,1869,63.29976272583008,26.100048065185547,0.6395004987716675,0.4087023138999939
baseline,1870,72.29976654052734,29.900047302246094,0.6384627223014832,0.2646908164024353
baseline,1871,69.89976501464844,30.50004768371582,0.6392900347709656,0.2240615338087082
baseline,1872,71.89976501464844,30.900047302246094,0.6358811259269714,0.15864908695220947
baseline,1873,72.29976654052734,28.50004768371582,0.6379991173744202,0.23371070623397827
baseline,1874,69.39976501464844,30.200048446655273,0.641882061958313,0.5578747987747192
baseline,1875,73.79975891113281,27.400049209594727,0.6563833355903625,0.2617192268371582
baseline,1876,72.99976348876953,29.700048446655273,0.6486644148826599,0.36223217844963074
baseline,1877,70.69976043701172,26.200048446655273,0.6864703893661499,0.18273593485355377
baseline,1878,73.49976348876953,25.200048446655273,0.6750746965408325,0.46959972381591797
baseline,1879,68.8997573852539,30.400049209594727,0.6456822156906128,0.2579666078090668
baseline,1880,73.8997573852539,28.200048446655273,0.6738463640213013,0.39944690465927124
baseline,1881,72.59976196289062,31.700048446655273,0.6354174613952637,0.23755915462970734
baseline,1882,73.8997573852539,26.200048446655273,0.6472960710525513,0.21600750088691711
baseline,1883,72.79975891113281,30.300048828125,0.677188515663147,0.3919614553451538
baseline,1884,66.69975280761719,32.300048828125,1.1383897066116333,0.7842789888381958
baseline,1885,74.19975280761719,26.700050354003906,0.6582013964653015,0.22290486097335815
baseline,1886,73.499755859375,29.800048828125,0.6524183750152588,0.25656208395957947
baseline,1887,67.999755859375,30.60004997253418,0.6222404837608337,0.34371206164360046
baseline,1888,74.499755859375,27.60004997253418,0.6558377146720886,0.37051165103912354
baseline,1889,74.0997543334961,29.10004997253418,0.6734212040901184,0.29464974999427795
baseline,1890,74.3997573852539,28.200050354003906,0.6602070927619934,0.20692135393619537
baseline,1891,72.999755859375,30.800050735473633,0.6626101136207581,0.3875669538974762
baseline,1892,65.69975280761719,30.60004997253418,0.6843902468681335,0.706274151802063
baseline,1893,74.19975280761719,29.60004997253418,0.6585598587989807,0.41075021028518677
baseline,1894,70.999755859375,27.000049591064453,0.6927000880241394,0.18082113564014435
baseline,1895,74.69975280761719,28.700050354003906,0.6698823571205139,0.5041428208351135
baseline,1896,74.69975280761719,26.90005111694336,0.6505818963050842,0.2241077423095703
baseline,1897,74.69975280761719,29.60004997253418,0.6571590900421143,0.14697186648845673
baseline,1898,73.5997543334961,29.200050354003906,0.6513612866401672,0.1597842574119568
baseline,1899,72.39974975585938,29.000051498413086,0.6567927598953247,0.08955439925193787
baseline,1900,74.999755859375,27.400049209594727,0.6695470809936523,0.3754567503929138
baseline,1901,73.999755859375,30.60004997253418,0.644152045249939,0.18042129278182983
baseline,1902,73.89974975585938,32.60005187988281,0.6722284555435181,0.31709685921669006
baseline,1903,73.39974975585938,30.300050735473633,0.6404882073402405,0.2683556377887726
baseline,1904,74.89974975585938,31.10004997253418,0.6423079371452332,0.3467962145805359
baseline,1905,69.79975128173828,31.10004997253418,0.7077184319496155,0.14685317873954773
baseline,1906,73.49974822998047,30.90005111694336,0.6407809257507324,0.5601181983947754
baseline,1907,75.19975280761719,29.60004997253418,0.6635246276855469,0.3500126898288727
baseline,1908,75.19975280761719,28.10004997253418,0.6593914031982422,0.28587964177131653
baseline,1909,75.19975280761719,29.000051498413086,0.6407099366188049,0.3043685257434845
baseline,1910,65.69975280761719,28.600051879882812,0.618475079536438,0.2160685956478119
baseline,1911,75.09974670410156,30.40005111694336,0.6235793828964233,0.17296814918518066
baseline,1912,71.59974670410156,24.000051498413086,0.6999578475952148,0.24475029110908508
baseline,1913,74.59974670410156,30.600051879882812,0.6266124844551086,0.3384609520435333
baseline,1914,65.89974975585938,29.600051879882812,0.617171585559845,0.3649774491786957
baseline,1915,63.49974822998047,27.600051879882812,0.6241510510444641,0.31034308671951294
baseline,1916,64.09974670410156,27.90005111694336,0.6186057329177856,0.423475980758667
baseline,1917,75.59974670410156,30.40005111694336,0.6793854236602783,0.38911789655685425
baseline,1918,73.89974975585938,31.300050735473633,0.6203004121780396,0.31202152371406555
baseline,1919,64.09974670410156,28.60004997253418,0.6240856647491455,0.32511794567108154
baseline,1920,70.39974975585938,31.10004997253418,0.6321430802345276,0.169777974486351
baseline,1921,64.49974822998047,28.200050354003906,0.6260470747947693,0.35301169753074646
baseline,1922,67.09974670410156,32.60005187988281,0.6342490911483765,0.38617661595344543
baseline,1923,70.19974517822266,31.60004997253418,0.6261758804321289,0.32460883259773254
baseline,1924,74.99974822998047,31.700050354003906,0.7748444080352783,0.522218644618988
baseline,1925,70.89974975585938,31.800050735473633,0.6286123991012573,0.2355213463306427
baseline,1926,72.19974517822266,31.40005111694336,0.628119707107544,0.3148050904273987
baseline,1927,74.29974365234375,31.000051498413086,0.6389427781105042,0.28493577241897583
baseline,1928,74.79974365234375,32.60005187988281,0.8505837321281433,0.6269088387489319
baseline,1929,68.69974517822266,31.700050354003906,0.6160629987716675,0.38695502281188965
baseline,1930,73.39974212646484,32.40005111694336,0.6135464906692505,0.31180721521377563
baseline,1931,75.89974212646484,31.300050735473633,0.7085733413696289,0.3582959473133087
baseline,1932,71.59974670410156,32.50005340576172,0.6042923927307129,0.2985280454158783
baseline,1933,75.49974822998047,32.40005111694336,0.8075485229492188,0.7867932915687561
baseline,1934,74.29974365234375,34.10005187988281,0.6046966314315796,0.25821906328201294
baseline,1935,73.19974517822266,33.300052642822266,0.6051037311553955,0.2609627842903137
baseline,1936,70.39974212646484,32.200050354003906,0.6049622297286987,0.4158807098865509
baseline,1937,72.79974365234375,32.200050354003906,0.6040126085281372,0.38534310460090637
baseline,1938,75.49974060058594,31.800052642822266,0.8754119277000427,0.5127149820327759
baseline,1939,74.69974517822266,34.40005111694336,0.6122109889984131,0.4056333005428314
baseline,1940,72.69974517822266,33.60005187988281,0.6100021004676819,0.22940154373645782
baseline,1941,72.99974060058594,31.300052642822266,0.6077332496643066,0.12561076879501343
baseline,1942,72.29974365234375,32.300052642822266,0.6087652444839478,0.36652612686157227
baseline,1943,71.59974670410156,31.90005111694336,0.6181714534759521,0.4044077396392822
baseline,1944,68.49974060058594,30.900053024291992,0.6165897250175476,0.2998383641242981
baseline,1945,69.09973907470703,31.20005226135254,0.6109982132911682,0.3534370958805084
baseline,1946,72.59973907470703,32.700050354003906,0.6050888895988464,0.462913453578949
baseline,1947,73.69973754882812,35.50005340576172,0.6019805073738098,0.4518415629863739
baseline,1948,71.59973907470703,31.400053024291992,0.6664093136787415,0.30422645807266235
baseline,1949,73.49974060058594,33.90005111694336,0.6059256792068481,0.5115675330162048
baseline,1950,74.39974212646484,35.50005340576172,0.6091324687004089,0.5170207619667053
baseline,1951,75.59973907470703,34.70005416870117,0.6130248308181763,1.0751807689666748
baseline,1952,75.99974060058594,31.800052642822266,0.976690948009491,0.5871250033378601
baseline,1953,71.09973907470703,32.800052642822266,0.6059369444847107,0.4500178098678589
baseline,1954,75.39974212646484,33.300052642822266,1.2945057153701782,1.1238731145858765
baseline,1955,67.29973602294922,33.10005187988281,0.6143411993980408,0.2964031994342804
baseline,1956,70.09973907470703,32.800052642822266,0.6111953854560852,0.23975130915641785
baseline,1957,74.09973907470703,34.800052642822266,0.6048539876937866,0.5644815564155579
baseline,1958,69.49974060058594,32.60005187988281,0.6073703765869141,0.22260481119155884
baseline,1959,73.59973907470703,36.10005569458008,0.5897958874702454,0.387960284948349
baseline,1960,69.39973449707031,33.50005340576172,0.5841641426086426,0.42868685722351074
baseline,1961,75.19973754882812,35.20005416870117,0.6045361757278442,0.6413920521736145
baseline,1962,72.9997329711914,34.300052642822266,0.5876094102859497,0.2790280878543854
baseline,1963,71.29973602294922,33.70005416870117,0.5836983323097229,0.3178093135356903
baseline,1964,68.19973754882812,31.600053787231445,0.5843828916549683,0.21728791296482086
baseline,1965,74.69973754882812,33.800052642822266,0.5966714024543762,0.3608952462673187
baseline,1966,72.09973907470703,33.10005569458008,0.5837984681129456,0.3161245882511139
baseline,1967,70.69973754882812,33.20005416870117,0.5911151170730591,0.36324721574783325
baseline,1968,74.59973907470703,33.10005569458008,0.9382334351539612,0.5371588468551636
baseline,1969,67.89973449707031,32.60005569458008,0.5894399881362915,0.15201014280319214
baseline,1970,67.39973449707031,31.600055694580078,0.5923457741737366,0.17759230732917786
baseline,1971,65.89973449707031,30.100055694580078,0.5939570665359497,0.3319667875766754
baseline,1972,69.69973754882812,32.00005340576172,0.6505438685417175,0.43533483147621155
baseline,1973,69.69973754882812,33.10005569458008,0.5874687433242798,0.3495212197303772
baseline,1974,65.29973602294922,29.100055694580078,0.5860005617141724,0.28859513998031616
baseline,1975,75.5997314453125,29.900056838989258,0.6365938782691956,0.398372620344162
baseline,1976,68.9997329711914,32.30005645751953,0.5930641889572144,0.3237915635108948
baseline,1977,70.89973449707031,31.30005645751953,0.7408666610717773,0.4262678027153015
baseline,1978,75.4997329711914,36.10005569458008,0.5730904936790466,0.3291446268558502
baseline,1979,73.79973602294922,33.500057220458984,0.5731192827224731,0.37732139229774475
baseline,1980,69.89973449707031,33.60005569458008,0.5740341544151306,0.2037232220172882
baseline,1981,66.79973602294922,33.000057220458984,0.5947052240371704,0.431639164686203
baseline,1982,72.39973449707031,34.20005798339844,0.5736169219017029,0.11294114589691162
baseline,1983,68.9997329711914,33.000057220458984,0.5761581063270569,0.2970103919506073
baseline,1984,70.0997314453125,30.80005645751953,0.9989092350006104,0.3278721272945404
baseline,1985,73.29973602294922,31.700056076049805,0.5866673588752747,0.3427191972732544
baseline,1986,71.69973754882812,33.400054931640625,0.5941963195800781,0.21612660586833954
baseline,1987,70.69973754882812,33.90005874633789,0.584813117980957,0.26282787322998047
baseline,1988,72.69973754882812,26.700057983398438,0.6601390838623047,0.26972511410713196
baseline,1989,74.89973449707031,36.80005645751953,0.5726386308670044,0.4619767665863037
baseline,1990,70.89973449707031,32.30005645751953,0.7338507771492004,0.42033883929252625
baseline,1991,73.69973754882812,26.800058364868164,0.5911440253257751,0.3445321023464203
baseline,1992,73.5997314453125,34.8000602722168,0.558063805103302,0.3333129286766052
baseline,1993,71.4997329711914,34.500057220458984,0.5572459697723389,0.3257674276828766
baseline,1994,74.4997329711914,36.40005874633789,0.5607749223709106,0.4178149700164795
baseline,1995,69.5997314453125,34.20005798339844,0.5581462383270264,0.35281574726104736
baseline,1996,68.29973602294922,33.500057220458984,0.5576810836791992,0.4817051887512207
baseline,1997,74.69973754882812,35.000057220458984,0.5603255033493042,0.3589444160461426
baseline,1998,69.4997329711914,31.500059127807617,0.5783872008323669,0.4529467821121216
baseline,1999,70.59973907470703,34.40005874633789,0.5652251243591309,0.3288656771183014
baseline,2000,75.69973754882812,35.30005645751953,0.5644996166229248,0.6097524166107178
baseline,2001,67.79973602294922,33.100059509277344,0.5651152729988098,0.47280365228652954
baseline,2002,65.19973754882812,32.20005798339844,1.4103373289108276,0.7925941348075867
baseline,2003,68.9997329711914,33.80005645751953,0.5635703206062317,0.37409457564353943
baseline,2004,68.4997329711914,32.600059509277344,0.5876011252403259,0.3395499289035797
baseline,2005,67.59973907470703,32.100059509277344,0.5645533204078674,0.2720373570919037
baseline,2006,64.89973449707031,31.600055694580078,1.5811759233474731,1.2191641330718994
baseline,2007,70.9997329711914,34.70005416870117,0.5535668730735779,0.4250408709049225
baseline,2008,74.9997329711914,35.80005645751953,0.5528192520141602,0.2948617935180664
baseline,2009,74.09973907470703,36.10005187988281,0.5443679094314575,0.38670432567596436
baseline,2010,72.69973754882812,34.70005416870117,0.5421900153160095,0.22381792962551117
baseline,2011,76.09973907470703,34.900054931640625,0.5526652336120605,1.0888588428497314
baseline,2012,70.29973602294922,34.800052642822266,0.538686215877533,0.07185545563697815
baseline,2013,73.59973907470703,33.00005340576172,0.5602186918258667,0.20408178865909576
baseline,2014,71.9997329711914,33.800052642822266,0.5444797873497009,0.47753843665122986
baseline,2015,73.89973449707031,30.100051879882812,0.6375215649604797,0.27331843972206116
baseline,2016,74.19973754882812,33.10005187988281,0.5666196346282959,0.3538324534893036
baseline,2017,70.19973754882812,34.10005187988281,0.5895337462425232,0.1692054122686386
baseline,2018,68.99974060058594,34.300052642822266,0.5312929153442383,0.22139348089694977
baseline,2019,66.49974060058594,33.40005111694336,0.5381655097007751,0.28431186079978943
baseline,2020,74.19973754882812,36.90005111694336,0.5343202948570251,0.4766947329044342
baseline,2021,73.19973754882812,35.700050354003906,0.5310951471328735,0.49789586663246155
baseline,2022,65.89973449707031,33.200050354003906,0.5342457294464111,0.18003809452056885
baseline,2023,72.99974060058594,36.700050354003906,0.5106000304222107,0.32141241431236267
baseline,2024,70.69973754882812,35.700050354003906,0.5104038119316101,0.37067314982414246
baseline,2025,69.49974060058594,35.00004959106445,0.5102851390838623,0.27655819058418274
baseline,2026,64.49974060058594,35.60005187988281,0.533147931098938,0.38263607025146484
baseline,2027,67.29974365234375,33.60005187988281,0.5105923414230347,0.36250990629196167
baseline,2028,71.89974212646484,35.300048828125,0.5103278160095215,0.4070388376712799
baseline,2029,72.59973907470703,35.200050354003906,0.5158030986785889,0.3844898045063019
baseline,2030,71.99974060058594,34.800048828125,0.5173578262329102,0.41103222966194153
baseline,2031,67.89974212646484,33.800048828125,0.5243636965751648,0.4224250018596649
baseline,2032,70.89974212646484,35.200050354003906,0.5237656831741333,0.2907811105251312
baseline,2033,68.49974060058594,34.10004806518555,0.528321385383606,0.3887527883052826
baseline,2034,69.99974060058594,35.50004959106445,0.5260975360870361,0.30632850527763367
baseline,2035,64.89974212646484,28.800048828125,0.5935651063919067,0.30072298645973206
baseline,2036,73.59973907470703,36.700050354003906,0.5246261954307556,0.3570106029510498
baseline,2037,64.49974060058594,36.20004653930664,0.5380650758743286,0.2914910912513733
baseline,2038,64.59974670410156,31.50004768371582,2.0875301361083984,1.6936551332473755
baseline,2039,65.49974060058594,31.50004768371582,1.2910305261611938,1.2379271984100342
baseline,2040,73.89974212646484,37.300045013427734,0.5085381269454956,0.4283629059791565
baseline,2041,65.39974212646484,33.20004653930664,0.5155414342880249,0.1785542219877243
baseline,2042,72.39974212646484,35.900047302246094,0.5075069069862366,0.36720508337020874
baseline,2043,75.99974822998047,32.300045013427734,0.9580300450325012,0.810542643070221
baseline,2044,64.99974822998047,30.800046920776367,1.3896466493606567,0.9585533142089844
baseline,2045,64.59974670410156,30.90004539489746,1.9407985210418701,1.5139491558074951
baseline,2046,67.49974822998047,31.10004425048828,0.5229260921478271,0.31191304326057434
baseline,2047,68.69974517822266,34.700042724609375,0.5042324066162109,0.41637304425239563
baseline,2048,67.39974975585938,34.10004425048828,0.50407874584198,0.4180053472518921
baseline,2049,69.39974975585938,35.90004348754883,0.5017551779747009,0.3048771023750305
baseline,2050,65.99974822998047,32.700042724609375,0.591778039932251,0.33504730463027954
baseline,2051,71.5997543334961,36.00004577636719,0.4913415014743805,0.5723636150360107
baseline,2052,64.29975128173828,33.00004577636719,0.4951833486557007,0.43211185932159424
baseline,2053,75.0997543334961,34.700042724609375,0.5396230220794678,0.5795688629150391
baseline,2054,72.49974822998047,36.60004425048828,0.49093204736709595,0.5173006057739258
baseline,2055,75.19975280761719,34.200042724609375,0.5401645302772522,0.7254219651222229
baseline,2056,66.39974975585938,39.90004348754883,0.6038060188293457,0.5442571640014648
baseline,2057,67.8997573852539,34.50004196166992,0.5198662877082825,0.46139463782310486
baseline,2058,64.29975128173828,35.10004425048828,0.5179798007011414,0.5605878829956055
baseline,2059,74.3997573852539,32.40004348754883,0.5644578337669373,0.5752508640289307
baseline,2060,68.29975128173828,32.10004425048828,0.5142214894294739,0.31695103645324707
baseline,2061,74.499755859375,30.10004234313965,0.6363619565963745,0.3051990568637848
baseline,2062,63.599754333496094,35.40003967285156,0.8139457106590271,0.7972887754440308
baseline,2063,68.79975128173828,35.600040435791016,0.5122702717781067,0.3380570113658905
baseline,2064,66.79975891113281,33.90003967285156,0.5034140348434448,0.24993029236793518
baseline,2065,65.69975280761719,32.100040435791016,1.2494745254516602,0.9900333285331726
baseline,2066,63.899757385253906,36.20003890991211,0.6401715874671936,0.6591607928276062
baseline,2067,71.09976196289062,36.000038146972656,0.48515206575393677,0.38250693678855896
baseline,2068,72.999755859375,37.60003662109375,0.48371434211730957,0.6163300275802612
baseline,2069,68.29975891113281,35.40003967285156,0.4835696220397949,0.32581377029418945
baseline,2070,73.69976043701172,37.90003967285156,0.47916746139526367,0.31143614649772644
baseline,2071,63.499759674072266,34.90003967285156,0.5609801411628723,0.4334127902984619
baseline,2072,63.29975891113281,32.70003890991211,0.5009973645210266,0.3010734021663666
baseline,2073,65.69976043701172,39.8000373840332,0.4843834638595581,0.5601215362548828
baseline,2074,74.59976196289062,37.20003890991211,0.4950752258300781,0.5857667922973633
baseline,2075,73.19976043701172,35.10003662109375,0.5217084884643555,0.34943443536758423
baseline,2076,69.89976501464844,36.000038146972656,0.48041966557502747,0.29278764128685
baseline,2077,67.49976348876953,34.9000358581543,0.4801355004310608,0.43452638387680054
baseline,2078,73.39976501464844,37.200035095214844,0.482450932264328,0.30987614393234253
baseline,2079,70.99976348876953,36.50003433227539,0.4686410427093506,0.2921381890773773
baseline,2080,72.19976043701172,37.200035095214844,0.4687832295894623,0.4155007004737854
baseline,2081,68.79976654052734,36.10003662109375,0.4705173969268799,0.4719877243041992
baseline,2082,66.99976348876953,34.50003433227539,0.4699864983558655,0.35323867201805115
baseline,2083,65.99976348876953,33.9000358581543,0.4693871736526489,0.3982152044773102
baseline,2084,71.99976348876953,36.30003356933594,0.4717491865158081,0.27316156029701233
baseline,2085,65.69976806640625,34.30003356933594,0.45564085245132446,0.04277828708291054
baseline,2086,72.49976348876953,38.00003433227539,0.45630523562431335,0.4765215814113617
baseline,2087,70.29976654052734,36.600032806396484,0.45703771710395813,0.3322954475879669
baseline,2088,68.09976196289062,36.00003433227539,0.4557299315929413,0.30443790555000305
baseline,2089,71.39976501464844,36.90003204345703,0.46194109320640564,0.4162190556526184
baseline,2090,63.09976577758789,32.100032806396484,0.7447381019592285,0.45937681198120117
baseline,2091,63.89976501464844,32.700035095214844,0.5288805961608887,0.20856867730617523
baseline,2092,67.69976806640625,35.700035095214844,0.4626427888870239,0.32716819643974304
baseline,2093,66.39976501464844,34.30003356933594,0.4618527889251709,0.18984104692935944
baseline,2094,73.79976654052734,34.30003356933594,0.5484970211982727,0.42786893248558044
baseline,2095,63.3997688293457,36.40003204345703,0.8012523651123047,0.8601492643356323
baseline,2096,62.599769592285156,31.800031661987305,0.5366109609603882,0.7046836018562317
baseline,2097,71.39977264404297,35.100032806396484,0.5048511624336243,0.3446994125843048
baseline,2098,63.39976501464844,35.90003204345703,0.7276578545570374,0.7074708342552185
baseline,2099,69.69976806640625,36.80002975463867,0.44699642062187195,0.3116697371006012
baseline,2100,67.09976959228516,35.500030517578125,0.4471830427646637,0.3412608206272125
baseline,2101,73.19976806640625,38.10002899169922,0.4467547535896301,0.28076764941215515
baseline,2102,70.59976959228516,36.20003128051758,0.4575052261352539,0.3827385902404785
baseline,2103,62.299766540527344,33.10002899169922,0.46207743883132935,0.28237223625183105
baseline,2104,63.89976501464844,39.60002899169922,0.492819607257843,0.639006495475769
baseline,2105,62.89976501464844,34.90003204345703,0.6495000720024109,0.6672137379646301
baseline,2106,71.69976806640625,37.400028228759766,0.4483080804347992,0.2097858041524887
baseline,2107,63.799766540527344,33.20002746582031,0.44874337315559387,0.31906598806381226
baseline,2108,63.299766540527344,39.60002899169922,0.5699866414070129,0.7190316915512085
baseline,2109,62.799766540527344,32.80002975463867,0.6248761415481567,0.19105243682861328
baseline,2110,66.39976501464844,35.10002899169922,0.4512113928794861,0.3748868703842163
baseline,2111,64.69976806640625,33.900028228759766,0.4321289360523224,0.2776711583137512
baseline,2112,69.19976806640625,36.70002746582031,0.43809711933135986,0.3353036642074585
baseline,2113,70.39977264404297,37.30002975463867,0.4293656349182129,0.2581251561641693
baseline,2114,65.39977264404297,34.80002975463867,0.4295344054698944,0.3223022222518921
baseline,2115,64.79976654052734,33.400028228759766,0.4338110089302063,0.19902454316616058
baseline,2116,68.19976806640625,34.900028228759766,0.5466509461402893,0.512665867805481
baseline,2117,62.19977569580078,35.500030517578125,0.8969120979309082,0.5651594996452332
baseline,2118,66.49977111816406,35.60002899169922,0.4387827217578888,0.3410564363002777
baseline,2119,62.799774169921875,39.400028228759766,0.43992191553115845,0.8035804033279419
baseline,2120,67.19977569580078,36.000030517578125,0.45306673645973206,0.38969650864601135
baseline,2121,62.29977798461914,31.200029373168945,0.7472472190856934,0.9068666100502014
baseline,2122,70.59977722167969,32.70002746582031,0.7225502729415894,0.2389167696237564
baseline,2123,71.8997802734375,36.80002975463867,0.4659569263458252,0.340489000082016
baseline,2124,65.3997802734375,32.500030517578125,1.002629280090332,0.5471150279045105
baseline,2125,70.69977569580078,36.900028228759766,0.4542177617549896,0.3245380222797394
baseline,2126,72.69977569580078,37.20002746582031,0.4554533362388611,0.3477100431919098
baseline,2127,63.999778747558594,35.70002746582031,0.7521029710769653,0.7341276407241821
baseline,2128,72.8997802734375,36.10002899169922,0.5001727938652039,0.36679980158805847
baseline,2129,65.8997802734375,35.50002670288086,0.44943076372146606,0.2596847414970398
baseline,2130,62.69978332519531,35.800025939941406,0.8354491591453552,0.8184323310852051
baseline,2131,71.89978790283203,38.00002670288086,0.43732595443725586,0.28456351161003113
baseline,2132,65.19978332519531,34.00002670288086,0.4425649046897888,0.24830400943756104
baseline,2133,61.69978713989258,39.400028228759766,0.592748761177063,1.1410467624664307
baseline,2134,64.39978790283203,39.70002746582031,0.5008158087730408,0.6621893048286438
baseline,2135,65.99978637695312,34.70002746582031,0.49909016489982605,0.2956910729408264
baseline,2136,71.09978485107422,34.20002746582031,0.5494751930236816,0.13162346184253693
baseline,2137,62.3997917175293,35.00002670288086,0.826459527015686,0.5783884525299072
baseline,2138,62.699790954589844,30.80002784729004,0.5240143537521362,0.4609619081020355
baseline,2139,61.09979248046875,32.60002899169922,0.443699449300766,0.5999996066093445
baseline,2140,65.39978790283203,35.800025939941406,0.44416722655296326,0.10401730984449387
baseline,2141,68.99979400634766,35.10002899169922,0.5648137331008911,0.3405018746852875
baseline,2142,65.99979400634766,31.100027084350586,1.109623670578003,0.7007268667221069
baseline,2143,66.29979705810547,36.10002899169922,0.43716853857040405,0.35886767506599426
baseline,2144,64.99979400634766,35.20002746582031,0.43525609374046326,0.21732474863529205
baseline,2145,71.29979705810547,37.70002746582031,0.423298716545105,0.4895046055316925
baseline,2146,62.39979553222656,36.20002746582031,0.7057458162307739,0.8722120523452759
baseline,2147,67.49979400634766,36.400028228759766,0.41367456316947937,0.24953144788742065
baseline,2148,62.099796295166016,30.800029754638672,0.9875677824020386,0.8055528402328491
baseline,2149,70.89979553222656,38.000030517578125,0.4121135473251343,0.4161805808544159
baseline,2150,64.79979705810547,34.60002899169922,0.413003534078598,0.21668434143066406
baseline,2151,72.09980010986328,38.500030517578125,0.41368889808654785,0.2627548277378082
baseline,2152,60.799800872802734,32.20003128051758,0.848122775554657,0.9471865296363831
baseline,2153,59.59980010986328,32.40003204345703,0.45932483673095703,0.40787091851234436
baseline,2154,65.19979858398438,40.70003128051758,0.9332519173622131,1.5801005363464355
baseline,2155,59.59980010986328,35.20003128051758,0.6403191089630127,0.4942845106124878
baseline,2156,61.399803161621094,31.70003318786621,0.9159473776817322,1.4584197998046875
baseline,2157,63.99980163574219,34.30003356933594,0.4152599275112152,0.41386377811431885
baseline,2158,59.39980697631836,31.10003662109375,1.4895447492599487,1.1575970649719238
baseline,2159,61.49980545043945,32.200035095214844,0.7332428693771362,0.9417725205421448
baseline,2160,61.2998046875,29.900035858154297,1.1663987636566162,1.3129653930664062
baseline,2161,59.59980773925781,36.00003433227539,0.7720683813095093,0.6597455739974976
baseline,2162,62.89980697631836,36.3000373840332,0.7534509897232056,1.0653008222579956
baseline,2163,60.19980239868164,32.200035095214844,0.46318164467811584,0.36824554204940796
baseline,2164,68.09980773925781,36.60003662109375,0.4126947522163391,0.2571141719818115
baseline,2165,63.2998046875,34.4000358581543,0.41108494997024536,0.27958783507347107
baseline,2166,61.7998046875,32.8000373840332,0.4156082570552826,0.4309019446372986
baseline,2167,70.59980773925781,31.700037002563477,1.1181660890579224,0.6785198450088501
baseline,2168,69.8998031616211,37.500038146972656,0.4042384922504425,0.2396346926689148
baseline,2169,63.39980697631836,33.60003662109375,0.4042007625102997,0.40598130226135254
baseline,2170,58.699806213378906,31.900035858154297,1.436193823814392,0.9987526535987854
baseline,2171,68.6998062133789,36.700035095214844,0.40576058626174927,0.5157846808433533
baseline,2172,59.09980773925781,30.500036239624023,1.4960689544677734,0.9389951229095459
baseline,2173,61.999813079833984,34.90003967285156,0.514885663986206,0.4381377398967743
baseline,2174,63.999813079833984,33.70003890991211,0.4733222424983978,0.1160435900092125
baseline,2175,62.89981460571289,33.600040435791016,0.3952871561050415,0.27807632088661194
baseline,2176,58.79981231689453,31.20003890991211,1.385093331336975,0.8579196333885193
baseline,2177,66.59981536865234,36.500038146972656,0.39625653624534607,0.4019092619419098
baseline,2178,62.39981460571289,34.600040435791016,0.40634918212890625,0.4662252366542816
baseline,2179,61.39981460571289,29.400041580200195,1.2382930517196655,1.6059470176696777
baseline,2180,57.89981460571289,32.200042724609375,1.0691335201263428,0.8032647371292114
baseline,2181,57.7998161315918,30.200040817260742,0.7650208473205566,0.7275276184082031
baseline,2182,63.69981384277344,36.600040435791016,0.4099358916282654,0.4307065010070801
baseline,2183,57.7998161315918,31.500041961669922,0.7745940089225769,0.4897252023220062
baseline,2184,69.09981536865234,37.30004119873047,0.39013591408729553,0.257247656583786
baseline,2185,63.099815368652344,30.500041961669922,0.48397135734558105,0.3622174859046936
baseline,2186,62.2998161315918,34.100040435791016,0.3922728896141052,0.42267119884490967
baseline,2187,62.39981460571289,32.30004119873047,0.8879143595695496,0.5399700403213501
baseline,2188,62.89981460571289,34.100040435791016,0.46250540018081665,0.2659013867378235
baseline,2189,66.09981536865234,36.80004119873047,0.3661419749259949,0.39782798290252686
baseline,2190,61.399818420410156,34.90004348754883,0.3661138117313385,0.31303563714027405
baseline,2191,68.59981536865234,37.40004348754883,0.3730107545852661,0.3027050495147705
baseline,2192,65.09981536865234,36.200042724609375,0.3669697642326355,0.47347381711006165
baseline,2193,57.7998161315918,31.000041961669922,0.3735370635986328,0.40452301502227783
baseline,2194,67.29981994628906,36.90004348754883,0.36758095026016235,0.28265032172203064
baseline,2195,57.2998161315918,30.500041961669922,0.8030970096588135,1.1338387727737427
baseline,2196,60.399818420410156,32.80004119873047,0.3642960786819458,0.49203863739967346
baseline,2197,60.6998176574707,31.700042724609375,0.9097564220428467,1.153594970703125
baseline,2198,64.19981384277344,36.60004425048828,0.35410836338996887,0.5659189820289612
baseline,2199,65.29981994628906,36.90004348754883,0.33144137263298035,0.3399032652378082
baseline,2200,68.59981536865234,38.10004425048828,0.33282187581062317,0.4199815094470978
baseline,2201,61.2998161315918,33.10004425048828,0.33496201038360596,0.2768101394176483
baseline,2202,66.29981994628906,37.40004348754883,0.332192063331604,0.23712566494941711
baseline,2203,67.89981842041016,37.300045013427734,0.35671624541282654,0.36727142333984375
baseline,2204,61.99981689453125,31.60004425048828,0.8816049695014954,1.270737886428833
baseline,2205,67.49981689453125,37.90004348754883,0.33471840620040894,0.2946465313434601
baseline,2206,61.09981918334961,35.300045013427734,0.3312793970108032,0.22915513813495636
baseline,2207,65.69981384277344,36.50004577636719,0.3483593165874481,0.2150830328464508
baseline,2208,60.499820709228516,29.800045013427734,1.1192480325698853,1.830047845840454
baseline,2209,68.49981689453125,38.60004425048828,0.3384421765804291,0.16917388141155243
baseline,2210,58.6998176574707,34.50004577636719,0.3426455557346344,0.3956826627254486
baseline,2211,62.1998176574707,33.60004425048828,0.3596680760383606,0.48800697922706604
baseline,2212,60.99981689453125,34.40004348754883,0.33138635754585266,0.46845102310180664
baseline,2213,56.899818420410156,32.10004425048828,0.32196325063705444,0.49801522493362427
baseline,2214,61.7998161315918,33.300045013427734,0.34633174538612366,0.4931783378124237
baseline,2215,66.99981689453125,35.00004577636719,0.5547311305999756,0.33649709820747375
baseline,2216,60.6998176574707,34.800045013427734,0.3201468884944916,0.32938188314437866
baseline,2217,65.39981842041016,37.40004348754883,0.3182886838912964,0.4243377447128296
baseline,2218,61.09981918334961,33.700042724609375,0.3191087543964386,0.479358971118927
baseline,2219,66.59982299804688,37.90004348754883,0.3145008087158203,0.43277597427368164
baseline,2220,59.29981994628906,29.700044631958008,1.0664125680923462,0.9480879902839661
baseline,2221,61.899818420410156,34.40004348754883,0.4163944125175476,0.47863996028900146
baseline,2222,64.69982147216797,36.800045013427734,0.32056286931037903,0.322846382856369
baseline,2223,61.69982147216797,31.800045013427734,0.41084858775138855,1.0435824394226074
baseline,2224,60.1998176574707,34.50004577636719,0.3056713342666626,0.26408421993255615
baseline,2225,56.1998176574707,31.500045776367188,0.3074118494987488,0.28444039821624756
baseline,2226,61.1998176574707,39.50004577636719,0.5096639394760132,1.1177160739898682
baseline,2227,64.59982299804688,37.300045013427734,0.3068079352378845,0.3729158341884613
baseline,2228,66.89981842041016,38.400047302246094,0.3066750168800354,0.3746233284473419
baseline,2229,61.499820709228516,30.300045013427734,0.7889301776885986,0.7766848802566528
baseline,2230,61.999820709228516,32.20004653930664,0.4723297357559204,0.7860759496688843
baseline,2231,57.1998176574707,30.90004539489746,0.48479020595550537,0.8155003786087036
baseline,2232,57.09981918334961,29.20004653930664,0.4197448790073395,0.9149699807167053
baseline,2233,61.09981918334961,36.20004653930664,0.30797305703163147,0.3212985098361969
baseline,2234,64.99981689453125,30.300045013427734,1.2583818435668945,0.5322695970535278
baseline,2235,60.499820709228516,36.300045013427734,0.2920053005218506,0.2727626860141754
baseline,2236,60.29981994628906,33.400047302246094,0.2918452024459839,0.35209137201309204
baseline,2237,66.39981842041016,38.70004653930664,0.29210564494132996,0.33367258310317993
baseline,2238,67.39981842041016,39.300045013427734,0.2914353013038635,0.3899524509906769
baseline,2239,67.39981842041016,38.60004425048828,0.3031834065914154,0.3851570188999176
baseline,2240,66.89981842041016,37.300045013427734,0.32534703612327576,0.5245751142501831
baseline,2241,67.39981842041016,37.400047302246094,0.34379372000694275,0.3363350033760071
baseline,2242,60.099822998046875,34.00004577636719,0.2928612232208252,0.28953877091407776
baseline,2243,58.999820709228516,30.90004539489746,0.5391217470169067,0.5362251400947571
baseline,2244,66.09982299804688,37.900047302246094,0.3023499548435211,0.3183099329471588
baseline,2245,61.599822998046875,31.20004653930664,0.8392775058746338,1.0080270767211914
baseline,2246,55.599822998046875,31.40004539489746,0.31444865465164185,0.6633792519569397
baseline,2247,61.69982147216797,33.900047302246094,0.3418867290019989,0.31984320282936096
baseline,2248,55.599822998046875,31.900047302246094,0.2878253757953644,0.445740669965744
baseline,2249,54.69982147216797,30.600048065185547,0.4095779359340668,0.20280702412128448
baseline,2250,59.999820709228516,35.900047302246094,0.27510255575180054,0.37193137407302856
baseline,2251,64.39981842041016,38.10004806518555,0.26583588123321533,0.394613653421402
baseline,2252,65.59982299804688,38.60004806518555,0.2652907073497772,0.34209978580474854
baseline,2253,66.39981842041016,39.400047302246094,0.26475274562835693,0.4107721447944641
baseline,2254,65.19982147216797,38.20004653930664,0.26506125926971436,0.3815079927444458
baseline,2255,55.39982223510742,30.800046920776367,0.3266751766204834,0.3485702872276306
baseline,2256,56.099822998046875,32.20004653930664,0.2657751441001892,0.28813937306404114
baseline,2257,56.69982147216797,31.300046920776367,0.35135382413864136,0.4497416615486145
baseline,2258,64.09982299804688,37.400047302246094,0.2760964334011078,0.5199811458587646
baseline,2259,54.499820709228516,30.100048065185547,0.46189793944358826,0.2768978178501129
baseline,2260,59.19982147216797,32.900047302246094,0.2737899720668793,0.2571198642253876
baseline,2261,59.89982223510742,32.900047302246094,0.36683404445648193,0.4051865041255951
baseline,2262,63.699825286865234,38.10004806518555,0.2626454532146454,0.28779420256614685
baseline,2263,59.199825286865234,34.00004577636719,0.27173128724098206,0.2854353189468384
baseline,2264,63.199825286865234,33.20004653930664,0.6295297741889954,0.27525779604911804
baseline,2265,55.199825286865234,29.900047302246094,0.3946256935596466,0.2886461317539215
baseline,2266,56.89982604980469,28.50004768371582,0.5578219294548035,1.1393132209777832
baseline,2267,62.49982452392578,37.300048828125,0.249788299202919,0.40611329674720764
baseline,2268,64.89982604980469,38.70004653930664,0.24004331231117249,0.5141149759292603
baseline,2269,62.99982833862305,37.400047302246094,0.24419566988945007,0.37043827772140503
baseline,2270,59.799827575683594,29.70004653930664,1.2335513830184937,1.3362935781478882
baseline,2271,65.99982452392578,39.00004577636719,0.24438054859638214,0.430521696805954
baseline,2272,60.49982833862305,35.70004653930664,0.28650739789009094,0.3307020366191864
baseline,2273,64.1998291015625,31.600048065185547,0.8082614541053772,0.4527142643928528
baseline,2274,59.699825286865234,39.400047302246094,0.24648506939411163,0.9153172969818115
baseline,2275,60.59982681274414,33.900047302246094,0.3309391438961029,0.23346957564353943
baseline,2276,58.79982376098633,33.200050354003906,0.25067588686943054,0.41043052077293396
baseline,2277,55.99982452392578,30.800048828125,0.28699585795402527,0.31433984637260437
baseline,2278,53.99982452392578,30.000049591064453,0.47541749477386475,0.2895418107509613
baseline,2279,59.59982681274414,33.300048828125,0.2803197503089905,0.2976154685020447
baseline,2280,63.99982833862305,38.50004959106445,0.23647746443748474,0.3468899130821228
baseline,2281,60.799827575683594,33.10004806518555,0.3166956603527069,0.28765228390693665
baseline,2282,58.09982681274414,33.200050354003906,0.22401419281959534,0.3583098351955414
baseline,2283,62.89982604980469,38.50004959106445,0.22432972490787506,0.3771938681602478
baseline,2284,54.39982604980469,31.800048828125,0.22323191165924072,0.27672410011291504
baseline,2285,53.59982681274414,30.300048828125,0.22651547193527222,0.42824500799179077
baseline,2286,58.39982604980469,39.300048828125,0.22413764894008636,1.6640623807907104
baseline,2287,63.59982681274414,37.60004806518555,0.23852203786373138,0.19611771404743195
baseline,2288,60.199825286865234,39.300048828125,0.23382270336151123,0.6658300161361694
baseline,2289,58.699825286865234,33.900047302246094,0.25558099150657654,0.2593131959438324
baseline,2290,56.799827575683594,27.400049209594727,0.4953632056713104,1.8335028886795044
baseline,2291,57.39982986450195,31.400049209594727,0.31512385606765747,0.5251845717430115
baseline,2292,55.6998291015625,30.200048446655273,0.29498809576034546,0.47770610451698303
baseline,2293,64.89982604980469,39.300048828125,0.22778165340423584,0.4558086693286896
baseline,2294,57.49982833862305,33.400047302246094,0.22677834331989288,0.3613039553165436
baseline,2295,62.099830627441406,37.700050354003906,0.21477724611759186,0.32455018162727356
baseline,2296,60.599830627441406,36.900047302246094,0.21460473537445068,0.07799308747053146
baseline,2297,62.29983139038086,39.300048828125,0.2171584665775299,0.49989283084869385
baseline,2298,57.79983139038086,33.900047302246094,0.2419242262840271,0.4328323006629944
baseline,2299,64.7998275756836,37.800048828125,0.2670671343803406,0.5150358080863953
baseline,2300,59.599830627441406,36.800048828125,0.2008095681667328,0.2786918878555298
baseline,2301,61.699832916259766,35.300048828125,0.36284536123275757,0.3331715166568756
baseline,2302,64.6998291015625,32.00004959106445,1.2402328252792358,0.7417199015617371
baseline,2303,53.199832916259766,29.800048828125,0.4846576750278473,0.5050962567329407
baseline,2304,57.39982986450195,28.300048828125,0.5211886167526245,1.612718939781189
baseline,2305,54.29983139038086,29.600048065185547,0.38263270258903503,0.38449013233184814
baseline,2306,63.39982986450195,39.00004959106445,0.19720792770385742,0.40795522928237915
baseline,2307,58.199832916259766,32.200050354003906,0.4805851876735687,0.4431666135787964
baseline,2308,57.49983215332031,28.800050735473633,0.5133802890777588,1.3976609706878662
baseline,2309,64.0998306274414,39.200050354003906,0.2035841941833496,0.31361475586891174
baseline,2310,54.199832916259766,30.500049591064453,0.23700088262557983,0.5373210310935974
baseline,2311,54.79983139038086,29.10004997253418,0.4313289523124695,0.40565118193626404
baseline,2312,62.89983367919922,37.90005111694336,0.20048151910305023,0.3834475874900818
baseline,2313,58.599830627441406,32.700050354003906,0.5491517782211304,0.6319209933280945
baseline,2314,55.099830627441406,32.300048828125,0.20586609840393066,0.35193541646003723
baseline,2315,56.699832916259766,33.800048828125,0.20306363701820374,0.3694210946559906
baseline,2316,53.799835205078125,29.500049591064453,0.3889482319355011,0.25421142578125
baseline,2317,52.699832916259766,29.800050735473633,0.5699036121368408,0.21182729303836823
baseline,2318,54.699832916259766,28.60004997253418,0.629092812538147,0.19492313265800476
baseline,2319,62.99983215332031,35.40005111694336,0.8419983386993408,0.9003276228904724
baseline,2320,57.09983444213867,32.90005111694336,0.17579327523708344,0.2509990930557251
baseline,2321,58.799835205078125,37.10005187988281,0.17687582969665527,0.39421266317367554
baseline,2322,61.39983367919922,38.300048828125,0.1775711178779602,0.3694455027580261
baseline,2323,60.59983444213867,37.40005111694336,0.1760636568069458,0.30078619718551636
baseline,2324,55.49983596801758,29.500049591064453,0.5637021064758301,0.37585076689720154
baseline,2325,56.199832916259766,33.700050354003906,0.17646390199661255,0.2519668638706207
baseline,2326,59.39983367919922,37.50004959106445,0.17544402182102203,0.22311821579933167
baseline,2327,54.19983673095703,28.90005111694336,0.5082107782363892,0.1931053251028061
baseline,2328,61.799835205078125,39.10005187988281,0.18200498819351196,0.7062660455703735
baseline,2329,56.09983444213867,32.90005111694336,0.18228031694889069,0.3186759948730469
baseline,2330,54.19983673095703,27.90005111694336,0.6135976910591125,0.3245525360107422
baseline,2331,54.99983596801758,31.800050735473633,0.2645581066608429,0.31667762994766235
baseline,2332,55.39983367919922,29.000049591064453,0.598580002784729,0.39422956109046936
baseline,2333,54.89983367919922,27.70005226135254,0.6060093641281128,0.4140198528766632
baseline,2334,53.699832916259766,28.90005111694336,0.6176648736000061,0.5129064917564392
baseline,2335,54.09983444213867,34.10005187988281,0.3171575963497162,0.517784595489502
baseline,2336,58.199832916259766,31.600051879882812,0.43392807245254517,0.3799872100353241
baseline,2337,58.99983596801758,37.90005111694336,0.14435219764709473,0.3680128753185272
baseline,2338,52.19983673095703,29.70005226135254,0.5509098172187805,0.29009944200515747
baseline,2339,58.399837493896484,31.500051498413086,1.2097461223602295,0.764927327632904
baseline,2340,60.399837493896484,38.300052642822266,0.14705820381641388,0.7310771942138672
baseline,2341,55.49983596801758,33.60005187988281,0.1511603742837906,0.424229234457016
baseline,2342,59.899837493896484,37.300052642822266,0.14707180857658386,0.31605222821235657
baseline,2343,56.69983673095703,32.60005187988281,0.15597829222679138,0.36711081862449646
baseline,2344,53.29983901977539,29.300052642822266,0.6239707469940186,0.2490628957748413
baseline,2345,61.19983673095703,38.800052642822266,0.13814185559749603,0.5862230062484741
baseline,2346,55.399837493896484,28.300052642822266,0.6081106066703796,0.3192789852619171
baseline,2347,59.29983901977539,39.10005187988281,0.14254045486450195,0.8966941833496094
baseline,2348,61.59983825683594,37.50005340576172,0.18786078691482544,0.5409361720085144
baseline,2349,62.19983673095703,38.50005340576172,0.1529308706521988,0.4428766667842865
baseline,2350,54.399837493896484,27.40005111694336,0.6125391721725464,0.3776639699935913
baseline,2351,55.59983444213867,32.60005187988281,0.17153608798980713,0.4493740499019623
baseline,2352,56.49983596801758,33.200050354003906,0.26197192072868347,0.24585960805416107
baseline,2353,53.59983825683594,28.300052642822266,0.6187669634819031,0.31037068367004395
baseline,2354,53.899837493896484,32.200050354003906,0.14895184338092804,0.627276599407196
baseline,2355,53.79983901977539,31.600051879882812,0.6057783961296082,0.46657246351242065
baseline,2356,60.29983901977539,37.800052642822266,0.14087919890880585,0.5280627012252808
baseline,2357,54.59983825683594,32.40005111694336,0.137739896774292,0.5257728099822998
baseline,2358,54.6998405456543,33.50005340576172,0.12925994396209717,0.37116071581840515
baseline,2359,52.999839782714844,28.500051498413086,0.6108018755912781,0.4148079454898834
baseline,2360,55.1998405456543,33.200050354003906,0.16492149233818054,0.30166468024253845
baseline,2361,54.89984130859375,32.800052642822266,0.15127432346343994,0.27812281250953674
baseline,2362,52.799842834472656,29.300052642822266,0.596207320690155,0.27639877796173096
baseline,2363,57.1998405456543,33.800052642822266,0.3360087275505066,0.40178000926971436
baseline,2364,58.49984359741211,37.60005187988281,0.14232806861400604,0.7076682448387146
baseline,2365,55.99984359741211,29.800052642822266,0.5018560290336609,0.515770435333252
baseline,2366,51.399845123291016,29.200054168701172,0.6215369701385498,0.4405600428581238
baseline,2367,53.5998420715332,27.600053787231445,0.5830947160720825,0.31673601269721985
baseline,2368,53.899845123291016,31.100053787231445,0.40518343448638916,0.40451779961586
baseline,2369,54.399845123291016,31.00005340576172,0.34469208121299744,0.20776361227035522
baseline,2370,58.69984436035156,38.300052642822266,0.11612354964017868,0.6738268733024597
baseline,2371,53.19984436035156,27.900053024291992,0.5882068872451782,0.22908419370651245
baseline,2372,54.899845123291016,31.100053787231445,0.34757667779922485,0.34092262387275696
baseline,2373,56.799842834472656,30.50005340576172,0.6865804195404053,0.6465771794319153
baseline,2374,53.899845123291016,33.20005416870117,0.10148096084594727,0.3374786078929901
baseline,2375,50.49984359741211,29.900053024291992,0.36440807580947876,0.38748836517333984
baseline,2376,51.899845123291016,29.300052642822266,0.6007135510444641,0.22560659050941467
baseline,2377,60.899845123291016,38.10005187988281,0.12109416723251343,0.4820784032344818
baseline,2378,49.799842834472656,34.00005340576172,0.2695130407810211,0.9526433944702148
baseline,2379,52.299842834472656,28.50005340576172,0.5767117738723755,0.5043140053749084
baseline,2380,50.19984436035156,30.700054168701172,0.1337209939956665,0.44655367732048035
baseline,2381,56.299842834472656,34.400054931640625,0.37026068568229675,0.3898210823535919
baseline,2382,50.99984359741211,30.400053024291992,0.21740740537643433,0.31618732213974
baseline,2383,49.99984359741211,29.900053024291992,0.3204843997955322,0.36733144521713257
baseline,2384,51.1998405456543,28.00005340576172,0.6050040125846863,0.4854263961315155
baseline,2385,50.799842834472656,29.00005340576172,0.603878378868103,0.4400053322315216
baseline,2386,54.39984130859375,33.10005187988281,0.1493273377418518,0.38409844040870667
baseline,2387,59.799842834472656,38.50005340576172,0.11559516191482544,0.5173536539077759
baseline,2388,53.0998420715332,30.300052642822266,0.44575855135917664,0.20154866576194763
baseline,2389,51.0998420715332,30.900053024291992,0.11604823917150497,0.560573160648346
baseline,2390,51.299842834472656,28.600053787231445,0.5930309295654297,0.21179258823394775
baseline,2391,51.999839782714844,27.8000545501709,0.5671998262405396,0.4209206998348236
baseline,2392,53.39984130859375,31.900054931640625,0.17371279001235962,0.6022770404815674
baseline,2393,51.999839782714844,32.00005340576172,0.09710954874753952,0.3703179657459259
baseline,2394,51.1998405456543,29.8000545501709,0.3823612332344055,0.42395666241645813
baseline,2395,49.799842834472656,34.50005340576172,0.10148817300796509,1.0939794778823853
baseline,2396,49.49984359741211,30.8000545501709,0.10801781713962555,0.5487262010574341
baseline,2397,53.19984436035156,33.50005340576172,0.0881514623761177,0.49113890528678894
baseline,2398,58.0998420715332,38.30005645751953,0.08893389254808426,1.1107169389724731
baseline,2399,52.39984130859375,27.50005531311035,0.5787078738212585,0.21105459332466125
baseline,2400,60.6998405456543,38.80005645751953,0.1274298131465912,0.3824290633201599
baseline,2401,53.0998420715332,33.00005340576172,0.09280308336019516,0.40757134556770325
baseline,2402,51.6998405456543,28.200054168701172,0.5885624289512634,0.28470656275749207
baseline,2403,53.5998420715332,32.80005645751953,0.1186579167842865,0.45997339487075806
baseline,2404,51.69984436035156,30.3000545501709,0.2589655816555023,0.563385546207428
baseline,2405,51.399845123291016,27.50005531311035,0.5894856452941895,0.3177652657032013
baseline,2406,49.99984359741211,28.600055694580078,0.6557314395904541,0.659691572189331
baseline,2407,52.79984664916992,32.20005416870117,0.08460056781768799,0.52696293592453
baseline,2408,57.29984664916992,32.400054931640625,0.3221607804298401,0.2827727198600769
baseline,2409,54.99984359741211,34.10005569458008,0.19326260685920715,0.488909512758255
baseline,2410,49.0998420715332,30.200056076049805,0.11468034237623215,0.6056280732154846
baseline,2411,52.5998420715332,33.60005569458008,0.07856524735689163,0.5234836339950562
baseline,2412,59.99984359741211,36.500057220458984,0.20697112381458282,0.1793748140335083
baseline,2413,51.19984436035156,31.400056838989258,0.07605341076850891,0.4158218204975128
baseline,2414,58.19984436035156,38.80005645751953,0.07584794610738754,1.3248192071914673
baseline,2415,52.99984359741211,27.30005645751953,0.5903034210205078,0.324177086353302
baseline,2416,52.19984436035156,30.900056838989258,0.1359720081090927,0.4917720556259155
baseline,2417,50.49984359741211,28.30005645751953,0.5910180807113647,0.40556564927101135
baseline,2418,51.99984359741211,31.500057220458984,0.0751640722155571,0.5823631286621094
baseline,2419,59.69984436035156,38.000057220458984,0.11446160823106766,0.3087262511253357
baseline,2420,52.19984436035156,34.10005569458008,0.07568904012441635,0.697493314743042
baseline,2421,51.99984359741211,27.200056076049805,0.5316521525382996,0.6487401723861694
baseline,2422,48.69984436035156,30.700056076049805,0.09446984529495239,0.4371299743652344
baseline,2423,48.99984359741211,29.500057220458984,0.2889849841594696,0.5326265692710876
baseline,2424,50.99984359741211,27.100055694580078,0.5596808195114136,0.640653133392334
baseline,2425,51.59984588623047,30.80005645751953,0.20329976081848145,0.7056928873062134
baseline,2426,51.899845123291016,28.80005645751953,0.5534923672676086,0.2973801791667938
baseline,2427,52.19984436035156,30.400056838989258,0.310043603181839,0.22121328115463257
baseline,2428,50.299842834472656,29.400056838989258,0.3406399190425873,0.3830988109111786
baseline,2429,50.59984588623047,31.000057220458984,0.07915665209293365,0.6461403965950012
baseline,2430,58.899845123291016,38.80005645751953,0.07309797406196594,1.0168501138687134
baseline,2431,49.799842834472656,35.10005569458008,0.23935283720493317,0.48264840245246887
baseline,2432,50.499847412109375,27.80005645751953,0.603601336479187,0.5683795213699341
baseline,2433,52.29984664916992,32.900054931640625,0.06286497414112091,0.5503374934196472
baseline,2434,51.499847412109375,26.900056838989258,0.5278447866439819,0.8282275199890137
baseline,2435,52.899845123291016,31.400056838989258,0.2448214590549469,0.48140594363212585
baseline,2436,51.69984436035156,34.30005645751953,0.06711515039205551,0.6746519207954407
baseline,2437,48.29984664916992,30.400056838989258,0.15844540297985077,0.431501567363739
baseline,2438,49.79984664916992,34.70005798339844,0.6132448315620422,0.9272295236587524
baseline,2439,49.59984588623047,29.000057220458984,0.7806181311607361,0.545585572719574
baseline,2440,51.399845123291016,31.900056838989258,0.07387778908014297,0.14373426139354706
baseline,2441,48.499847412109375,29.30005645751953,0.4118998348712921,0.4888298213481903
baseline,2442,52.499847412109375,28.000057220458984,0.5322264432907104,0.5304394960403442
baseline,2443,47.69984817504883,30.700056076049805,0.13617278635501862,0.22667932510375977
baseline,2444,49.79984664916992,28.000057220458984,0.6714602708816528,0.637620747089386
baseline,2445,49.69984817504883,30.30005645751953,0.2935381531715393,0.5401140451431274
baseline,2446,49.899845123291016,31.10005760192871,0.04710518568754196,0.589678168296814
baseline,2447,57.999847412109375,37.80005645751953,0.05196766555309296,1.0970709323883057
baseline,2448,51.09984588623047,33.500057220458984,0.03457571566104889,0.6191035509109497
baseline,2449,51.29984664916992,35.20005798339844,0.034980595111846924,1.362491488456726
baseline,2450,51.999847412109375,33.500057220458984,0.09864635020494461,0.38291922211647034
baseline,2451,51.499847412109375,32.600059509277344,0.034545112401247025,0.21244418621063232
baseline,2452,47.899845123291016,30.10005760192871,0.27945172786712646,0.3253462612628937
baseline,2453,52.19984817504883,34.600059509277344,0.044541992247104645,1.1558395624160767
baseline,2454,49.59984588623047,29.60005760192871,0.300385981798172,0.5272794961929321
baseline,2455,52.69984817504883,30.90005874633789,0.12535938620567322,0.3425048887729645
baseline,2456,48.499847412109375,29.800058364868164,0.34116601943969727,0.2940904498100281
baseline,2457,50.79984664916992,34.500057220458984,0.034963756799697876,0.8915836215019226
baseline,2458,51.59984588623047,33.80005645751953,0.11572958528995514,0.4539271295070648
baseline,2459,50.599849700927734,32.80005645751953,-0.001457325415685773,0.5687331557273865
baseline,2460,49.19984817504883,31.700057983398438,-0.0038765936624258757,0.30703750252723694
baseline,2461,47.39984893798828,29.40005874633789,0.4004291594028473,0.496467262506485
baseline,2462,48.999847412109375,31.10005760192871,0.007900421507656574,0.4968831539154053
baseline,2463,47.39984893798828,30.300058364868164,0.19005747139453888,0.268985778093338
baseline,2464,50.599849700927734,35.000057220458984,-0.0033402221743017435,0.9734720587730408
baseline,2465,48.29985046386719,31.500057220458984,-0.0006305029965005815,0.46673497557640076
baseline,2466,47.29985046386719,31.300058364868164,-0.0028868713416159153,0.5385787487030029
baseline,2467,47.099849700927734,29.90005874633789,0.27773386240005493,0.21976594626903534
baseline,2468,47.699851989746094,28.700057983398438,0.4497756063938141,0.45830491185188293
baseline,2469,50.79985046386719,32.000057220458984,0.0030651551205664873,0.42447835206985474
baseline,2470,50.39984893798828,33.500057220458984,0.00990466121584177,0.9198379516601562
baseline,2471,51.29985046386719,34.600059509277344,0.03326370194554329,0.8134443163871765
baseline,2472,51.599849700927734,33.20005798339844,0.03362900763750076,0.49531641602516174
baseline,2473,47.89984893798828,29.500057220458984,0.3910394310951233,0.3061049282550812
baseline,2474,46.79985046386719,30.700057983398438,0.04431966319680214,0.24817875027656555
baseline,2475,47.39984893798828,28.000057220458984,0.5365384817123413,0.5750653743743896
baseline,2476,46.599849700927734,29.60005760192871,0.28663191199302673,0.40592846274375916
baseline,2477,51.099849700927734,33.000057220458984,0.0008360249339602888,0.45455580949783325
baseline,2478,48.19984817504883,28.800060272216797,0.47816967964172363,0.2649044990539551
baseline,2479,49.79985046386719,31.600059509277344,-0.014160779304802418,0.3586343228816986
baseline,2480,47.39984893798828,33.50006103515625,0.13533753156661987,0.4895126521587372
baseline,2481,50.19984817504883,27.40005874633789,0.6206241846084595,0.45130231976509094
baseline,2482,50.79985046386719,34.00006103515625,0.054285645484924316,0.657548725605011
baseline,2483,46.099849700927734,29.600059509277344,0.3622892498970032,0.2006717324256897
baseline,2484,50.29985046386719,34.20005798339844,-0.015612767077982426,1.155717134475708
baseline,2485,47.199851989746094,28.500059127807617,0.44825616478919983,0.15641272068023682
baseline,2486,46.099849700927734,30.800060272216797,-0.013824716210365295,0.40635520219802856
baseline,2487,49.89984893798828,33.100059509277344,-0.014519485644996166,0.6479955911636353
baseline,2488,46.69984817504883,28.100059509277344,0.518584668636322,0.17711736261844635
baseline,2489,50.49985122680664,31.600059509277344,-0.034805718809366226,0.46759775280952454
baseline,2490,50.89985275268555,35.50006103515625,-0.03610647842288017,1.082453966140747
baseline,2491,46.39985275268555,28.500059127807617,0.32495230436325073,0.6781505942344666
baseline,2492,46.599853515625,31.20005989074707,-0.039419881999492645,0.32631662487983704
baseline,2493,51.89985275268555,35.00006103515625,0.013682316057384014,1.318758249282837
baseline,2494,47.099853515625,27.40005874633789,0.49542924761772156,0.7515990138053894
baseline,2495,46.29985046386719,29.100059509277344,0.3180731534957886,0.3565635085105896
baseline,2496,45.699851989746094,30.100059509277344,0.03701617568731308,0.3327757716178894
baseline,2497,50.199851989746094,32.3000602722168,0.015963507816195488,0.26175716519355774
baseline,2498,49.699851989746094,32.100059509277344,-0.025697365403175354,0.3870754837989807
baseline,2499,49.29985427856445,32.40005874633789,-0.046790510416030884,0.44802844524383545
baseline,2500,46.79985427856445,29.000059127807617,0.2799936532974243,0.21346916258335114
baseline,2501,45.099853515625,30.000059127807617,0.23247182369232178,0.3934759795665741
baseline,2502,51.39985275268555,35.8000602722168,-0.03351076692342758,1.5782898664474487
baseline,2503,46.499855041503906,30.100059509277344,0.11780425161123276,0.3695031404495239
baseline,2504,49.39985275268555,33.00006103515625,-0.046049296855926514,0.5525158643722534
baseline,2505,47.89985275268555,28.200061798095703,0.4067201614379883,0.6411626935005188
baseline,2506,47.79985427856445,31.300060272216797,-0.04420898109674454,0.4794464707374573
baseline,2507,46.19985580444336,27.800060272216797,0.5576661825180054,0.25503820180892944
baseline,2508,53.29985427856445,31.200061798095703,0.6327714323997498,0.3731004595756531
baseline,2509,44.89985275268555,29.00006103515625,1.1253844499588013,0.8923704624176025
baseline,2510,46.89985275268555,27.00006103515625,0.7280323505401611,1.0598828792572021
baseline,2511,50.099853515625,35.600059509277344,-0.0827290341258049,0.45034608244895935
baseline,2512,47.599853515625,27.300060272216797,0.48446622490882874,1.1360974311828613
baseline,2513,56.19985580444336,28.100061416625977,0.5303006172180176,0.9257863759994507
baseline,2514,45.599853515625,27.900060653686523,0.4875120520591736,0.3763100504875183
baseline,2515,45.499855041503906,30.600061416625977,0.02356633171439171,0.21742165088653564
baseline,2516,44.39985275268555,30.00006103515625,0.0507514551281929,0.26170724630355835
baseline,2517,50.999855041503906,32.50006103515625,0.09656500071287155,0.3299819231033325
baseline,2518,50.89985275268555,36.100059509277344,-0.08805080503225327,1.2181199789047241
baseline,2519,49.79985427856445,32.600059509277344,0.05284103751182556,0.5103334188461304
baseline,2520,48.699851989746094,32.400062561035156,-0.06297873705625534,0.2654951810836792
baseline,2521,48.79985427856445,33.100059509277344,-0.06632208824157715,0.3052259385585785
baseline,2522,45.79985427856445,27.400060653686523,0.5497139096260071,0.39530253410339355
baseline,2523,47.999855041503906,27.600061416625977,0.5710298418998718,1.0870991945266724
baseline,2524,48.099853515625,32.400062561035156,-0.10399974137544632,0.5956960916519165
baseline,2525,55.599853515625,34.400062561035156,0.36247292160987854,0.34392523765563965
baseline,2526,47.39985275268555,26.800060272216797,0.6910446882247925,1.4009205102920532
baseline,2527,48.69985580444336,31.900060653686523,-0.05067755654454231,0.3217499852180481
baseline,2528,45.29985427856445,27.500062942504883,0.5456341505050659,0.7003924250602722
baseline,2529,48.29985427856445,33.10006332397461,-0.08275966346263885,0.4179101586341858
baseline,2530,46.99985885620117,33.400062561035156,0.4350367486476898,0.48869290947914124
baseline,2531,53.599857330322266,32.400062561035156,0.5046189427375793,0.25786450505256653
baseline,2532,47.699859619140625,32.80006408691406,-0.12143907696008682,0.617874264717102
baseline,2533,43.79985809326172,29.000062942504883,0.9823366403579712,0.8168129324913025
baseline,2534,45.599857330322266,31.10006332397461,-0.049217358231544495,0.39141711592674255
baseline,2535,46.19985580444336,33.400062561035156,0.008954009041190147,0.32773488759994507
baseline,2536,44.39985656738281,29.000064849853516,1.0061699151992798,0.9252347946166992
baseline,2537,44.499855041503906,30.700063705444336,0.03073233924806118,0.22539322078227997
baseline,2538,49.89985656738281,36.10006332397461,-0.13582660257816315,0.5095322132110596
baseline,2539,43.69985580444336,29.90006446838379,0.3023057281970978,0.31465187668800354
baseline,2540,46.999855041503906,31.800064086914062,-0.13587528467178345,0.531458854675293
baseline,2541,45.999855041503906,31.40006446838379,-0.11271120607852936,0.4787326753139496
baseline,2542,46.999855041503906,32.60006332397461,-0.14781008660793304,0.18169920146465302
baseline,2543,43.79985809326172,30.60006332397461,-0.024620553478598595,0.32103419303894043
baseline,2544,47.69985580444336,32.000064849853516,-0.05306696519255638,0.28672143816947937
baseline,2545,46.29985809326172,31.800064086914062,-0.16239766776561737,0.35985231399536133
baseline,2546,42.599857330322266,29.40006446838379,0.1836049109697342,0.2955564260482788
baseline,2547,50.29985809326172,36.900062561035156,-0.1634618043899536,1.2204850912094116
baseline,2548,46.099857330322266,27.000064849853516,0.6089980006217957,0.7844739556312561
baseline,2549,43.099857330322266,28.70006561279297,0.6151878833770752,0.7519950270652771
baseline,2550,46.29985809326172,32.600067138671875,-0.1711788922548294,0.47170934081077576
baseline,2551,50.39986038208008,36.100067138671875,-0.12957626581192017,0.8626582622528076
baseline,2552,41.89986038208008,29.20006561279297,0.14290714263916016,0.24707064032554626
baseline,2553,43.89986038208008,31.100065231323242,-0.1611795276403427,0.4635883569717407
baseline,2554,44.99985885620117,30.600065231323242,0.04430161789059639,0.41314321756362915
baseline,2555,45.89986038208008,32.20006561279297,-0.17534542083740234,0.18317802250385284
baseline,2556,44.79985809326172,31.20006561279297,-0.13740356266498566,0.25029850006103516
baseline,2557,42.89986038208008,28.100065231323242,0.5529846549034119,0.691305935382843
baseline,2558,49.09986114501953,36.40006637573242,-0.2125929296016693,0.6798601746559143
baseline,2559,45.59986114501953,32.80006408691406,-0.2119615375995636,0.4673791229724884
baseline,2560,45.49986267089844,31.800065994262695,-0.2070770114660263,0.2661944627761841
baseline,2561,46.699859619140625,32.20006561279297,-0.07585175335407257,0.2481464445590973
baseline,2562,49.299861907958984,36.90006637573242,-0.2192809134721756,0.8702314496040344
baseline,2563,41.59986114501953,29.800067901611328,-0.16507701575756073,0.29755616188049316
baseline,2564,42.99985885620117,30.00006675720215,-0.06304850429296494,0.3641757667064667
baseline,2565,43.39986038208008,31.00006675720215,-0.21930265426635742,0.4357267916202545
baseline,2566,42.49986267089844,31.100067138671875,-0.26014775037765503,0.30851051211357117
baseline,2567,49.699859619140625,37.50006866455078,-0.2581930160522461,1.4910392761230469
baseline,2568,48.49986267089844,36.80006790161133,-0.25836658477783203,0.5608583688735962
baseline,2569,49.199859619140625,37.600067138671875,-0.2536484897136688,1.262336015701294
baseline,2570,44.799861907958984,32.70006561279297,-0.2560039460659027,0.38143372535705566
baseline,2571,52.49986267089844,31.800067901611328,0.04798169061541557,0.34107691049575806
baseline,2572,40.99985885620117,30.2000675201416,-0.15226294100284576,0.3420773446559906
baseline,2573,44.699859619140625,32.00006866455078,-0.25230613350868225,0.3009133040904999
baseline,2574,42.09986114501953,30.7000675201416,-0.21589615941047668,0.2705134153366089
baseline,2575,45.49986267089844,29.600067138671875,0.4914317727088928,0.3369652330875397
baseline,2576,49.69986343383789,36.600067138671875,-0.22309181094169617,0.7835128903388977
baseline,2577,51.99986267089844,32.50006866455078,0.1572391241788864,0.10458766669034958
baseline,2578,42.09986114501953,30.100067138671875,-0.119440957903862,0.18113721907138824
baseline,2579,42.49986267089844,28.900066375732422,0.26741042733192444,0.4270983040332794
baseline,2580,42.89986038208008,30.800067901611328,-0.21407178044319153,0.25195103883743286
baseline,2581,44.19986343383789,32.600067138671875,-0.2817189395427704,0.41179296374320984
baseline,2582,48.39986038208008,37.30006790161133,-0.28182104229927063,0.9149218201637268
baseline,2583,40.39986038208008,30.400068283081055,-0.010397271253168583,0.29975128173828125
baseline,2584,40.09986114501953,32.40007019042969,-0.29169827699661255,0.388835072517395
baseline,2585,45.89986038208008,28.900068283081055,0.675682544708252,0.4474560022354126
baseline,2586,43.69986343383789,31.800067901611328,-0.3163495659828186,0.43437233567237854
baseline,2587,40.89986038208008,30.700069427490234,-0.2890082895755768,0.47378674149513245
baseline,2588,42.69986343383789,33.100067138671875,-0.29301297664642334,0.3837144076824188
baseline,2589,49.39986038208008,35.90007019042969,-0.20739354193210602,0.5218844413757324
baseline,2590,42.69986343383789,26.700069427490234,0.6334845423698425,1.4866846799850464
baseline,2591,43.0998649597168,27.100069046020508,0.5556333065032959,1.4756669998168945
baseline,2592,41.399864196777344,29.300067901611328,0.021809685975313187,0.35579413175582886
baseline,2593,43.5998649597168,32.50006866455078,-0.3275549113750458,0.483109712600708
baseline,2594,48.899864196777344,38.00006866455078,-0.3070048689842224,1.538972020149231
baseline,2595,44.19986343383789,32.100067138671875,-0.2347564697265625,0.2830715477466583
baseline,2596,47.19986343383789,33.100067138671875,-0.12341625988483429,0.412563294172287
baseline,2597,43.0998649597168,31.400068283081055,-0.2976495921611786,0.18837310373783112
baseline,2598,40.4998664855957,29.800067901611328,0.10585350543260574,0.3868025839328766
baseline,2599,39.699867248535156,30.700069427490234,-0.3102438449859619,0.19532808661460876
baseline,2600,48.0998649597168,37.700069427490234,-0.3113231062889099,1.3520253896713257
baseline,2601,48.89986801147461,37.200069427490234,-0.2729751765727997,0.8444113731384277
baseline,2602,44.199867248535156,31.600069046020508,-0.2340013086795807,0.383365660905838
baseline,2603,40.0998649597168,31.400068283081055,-0.17787602543830872,0.22175535559654236
baseline,2604,43.29986572265625,32.100067138671875,-0.31126895546913147,0.27352723479270935
baseline,2605,42.5998649597168,30.300067901611328,-0.09728562086820602,0.18229185044765472
baseline,2606,41.0998649597168,31.200069427490234,-0.3357711136341095,0.1455017477273941
baseline,2607,42.899864196777344,32.40007019042969,-0.3398714065551758,0.37727606296539307
baseline,2608,39.79986572265625,27.100067138671875,0.2906551957130432,0.6681642532348633
baseline,2609,50.0998649597168,29.100069046020508,0.6941144466400146,0.29562652111053467
baseline,2610,41.9998664855957,31.2000675201416,-0.31350037455558777,0.19941307604312897
baseline,2611,42.199867248535156,28.50006866455078,0.7275311946868896,0.7071727514266968
baseline,2612,38.39986801147461,31.600069046020508,-0.28664296865463257,0.42657601833343506
baseline,2613,42.199867248535156,31.800067901611328,-0.3855416774749756,0.5559725165367126
baseline,2614,40.699867248535156,28.600069046020508,0.0841975286602974,0.3145362436771393
baseline,2615,45.29986572265625,32.30006790161133,-0.20716021955013275,0.36860164999961853
baseline,2616,42.0998649597168,32.600067138671875,-0.39685752987861633,0.2845768928527832
baseline,2617,41.5998649597168,30.800067901611328,-0.27989980578422546,0.19802609086036682
baseline,2618,40.09986877441406,26.7000675201416,0.4721968472003937,0.8609309196472168
baseline,2619,40.59986877441406,31.400068283081055,-0.38142356276512146,0.41116777062416077
baseline,2620,39.89986801147461,30.2000675201416,-0.24824991822242737,0.4483188986778259
baseline,2621,42.699867248535156,31.900068283081055,-0.30317482352256775,0.3840313255786896
baseline,2622,38.9998664855957,35.30006790161133,-0.2841741740703583,0.4674082100391388
baseline,2623,49.199867248535156,33.700069427490234,-0.016967177391052246,0.7509975433349609
baseline,2624,40.39986801147461,33.00006866455078,-0.3649890720844269,0.27286452054977417
baseline,2625,41.799869537353516,32.200069427490234,-0.38583534955978394,0.48378482460975647
baseline,2626,41.59986877441406,30.300067901611328,-0.15217553079128265,0.42335984110832214
baseline,2627,41.89986801147461,28.7000675201416,0.3127604126930237,0.3452266454696655
baseline,2628,41.39986801147461,31.7000675201416,-0.42170605063438416,0.22283874452114105
baseline,2629,43.699867248535156,33.200069427490234,-0.28237777948379517,0.28596752882003784
baseline,2630,37.59986877441406,33.200069427490234,-0.37874507904052734,0.31098878383636475
baseline,2631,38.99987030029297,31.600069046020508,-0.43057823181152344,0.28936249017715454
baseline,2632,40.199867248535156,28.600069046020508,-0.05401644483208656,0.49330374598503113
baseline,2633,41.49987030029297,32.600067138671875,-0.4115838408470154,0.3788834512233734
baseline,2634,40.39986801147461,30.900068283081055,-0.30043578147888184,0.34609630703926086
baseline,2635,41.09986877441406,32.30006790161133,-0.42506900429725647,0.14959000051021576
baseline,2636,40.09986877441406,33.700069427490234,-0.42532700300216675,0.15633843839168549
baseline,2637,38.99987030029297,34.80006790161133,-0.43159911036491394,0.25084227323532104
baseline,2638,37.99987030029297,31.300067901611328,-0.37247195839881897,0.4621996283531189
baseline,2639,40.99987030029297,33.00006866455078,-0.43081536889076233,0.23857802152633667
baseline,2640,37.59987258911133,33.80006790161133,-0.4343823492527008,0.5704147219657898
baseline,2641,41.69987106323242,33.30006790161133,-0.4586557447910309,0.46043089032173157
baseline,2642,43.299869537353516,30.50006866455078,0.029868388548493385,0.3899655342102051
baseline,2643,40.99987030029297,29.7000675201416,-0.09617138653993607,0.3591251075267792
baseline,2644,40.59987258911133,31.900068283081055,-0.45756620168685913,0.3806006908416748
baseline,2645,40.09987258911133,38.00006866455078,0.12407539784908295,1.0513001680374146
baseline,2646,36.399871826171875,33.00006866455078,-0.18751676380634308,0.9414675235748291
baseline,2647,36.999874114990234,33.00006866455078,-0.4546387791633606,0.7164687514305115
baseline,2648,48.19987487792969,33.600067138671875,-0.048820074647665024,0.8071714043617249
baseline,2649,40.999874114990234,33.90006637573242,-0.47098472714424133,0.5769495368003845
baseline,2650,40.79987335205078,37.90006637573242,-0.05314135551452637,0.8858243823051453
baseline,2651,42.999874114990234,29.100067138671875,0.1925932615995407,0.4353782832622528
baseline,2652,35.999874114990234,33.600067138671875,-0.10138996690511703,0.594879150390625
baseline,2653,40.69987487792969,33.40006637573242,-0.48481863737106323,0.34997260570526123
baseline,2654,39.499874114990234,31.400066375732422,-0.4839353859424591,0.40797045826911926
baseline,2655,42.09987258911133,33.80006790161133,-0.4824986755847931,0.917258083820343
baseline,2656,36.09987258911133,31.00006675720215,-0.48041069507598877,0.7800213098526001
baseline,2657,41.19987487792969,28.800067901611328,0.10088587552309036,0.41483864188194275
baseline,2658,39.499874114990234,32.40006637573242,-0.4651202857494354,0.3008671998977661
baseline,2659,40.59987258911133,32.50006866455078,-0.31548118591308594,0.17659878730773926
baseline,2660,38.39987564086914,34.70006561279297,-0.47803258895874023,0.44381463527679443
baseline,2661,38.599876403808594,31.100065231323242,-0.48249897360801697,0.28280505537986755
baseline,2662,38.599876403808594,32.100067138671875,-0.458026260137558,0.47209078073501587
baseline,2663,35.89987564086914,31.500064849853516,-0.13669128715991974,1.0642224550247192
baseline,2664,35.89987564086914,32.600067138671875,-0.39119356870651245,1.0657126903533936
baseline,2665,39.69987487792969,31.900066375732422,-0.48682498931884766,0.37834322452545166
baseline,2666,36.099876403808594,34.100067138671875,-0.1775050014257431,0.4931524693965912
baseline,2667,42.099876403808594,34.500064849853516,-0.44861528277397156,1.0380114316940308
baseline,2668,41.4998779296875,38.30006408691406,-0.1745881289243698,0.6684240102767944
baseline,2669,35.9998779296875,31.900062561035156,-0.48038211464881897,0.914267361164093
baseline,2670,46.59988021850586,27.400062561035156,0.609024167060852,0.6748648881912231
baseline,2671,35.59988021850586,35.7000617980957,-0.2723396420478821,0.48280125856399536
baseline,2672,37.899879455566406,34.60006332397461,-0.4591383934020996,0.43086567521095276
baseline,2673,41.399879455566406,34.80006408691406,-0.5016717314720154,0.774671733379364
baseline,2674,42.19987869262695,35.60006332397461,-0.5071696639060974,0.341334730386734
baseline,2675,35.69987869262695,34.7000617980957,-0.4737953245639801,0.30326470732688904
baseline,2676,37.399879455566406,32.60006332397461,-0.4885471761226654,0.4548635184764862
baseline,2677,36.59988021850586,37.60006332397461,0.2855943739414215,0.9441519379615784
baseline,2678,40.59988021850586,35.20006561279297,-0.5215721726417542,1.106929063796997
baseline,2679,38.19988250732422,38.70006561279297,-0.4715329110622406,0.654995322227478
baseline,2680,38.499881744384766,35.400062561035156,-0.15042366087436676,0.6052095890045166
baseline,2681,39.79988098144531,34.30006408691406,-0.5144966840744019,0.5636835694313049
baseline,2682,37.19988250732422,35.30006408691406,-0.462662011384964,0.24826738238334656
baseline,2683,36.999881744384766,31.90006446838379,-0.5164540410041809,0.2533591687679291
baseline,2684,39.59988021850586,33.30006408691406,-0.5204775333404541,0.08615971356630325
baseline,2685,40.79988098144531,34.500064849853516,-0.49621474742889404,0.68137127161026
baseline,2686,37.899879455566406,38.30006408691406,-0.5209011435508728,0.5540406703948975
baseline,2687,36.19988250732422,34.900062561035156,-0.5204922556877136,0.30416712164878845
baseline,2688,41.999881744384766,38.80006408691406,0.7695679664611816,1.5058130025863647
baseline,2689,40.29988098144531,35.60006332397461,-0.5325512290000916,0.9094333648681641
baseline,2690,35.89988327026367,33.10006332397461,-0.36226946115493774,0.6165556311607361
baseline,2691,35.69988250732422,36.2000617980957,-0.37289857864379883,0.3349820673465729
baseline,2692,36.19988250732422,37.30006408691406,0.3731798529624939,1.1451867818832397
baseline,2693,41.599884033203125,34.2000617980957,-0.510972261428833,0.7509549260139465
baseline,2694,42.499881744384766,36.7000617980957,-0.5257048010826111,0.5517528057098389
baseline,2695,41.89988327026367,35.000064849853516,-0.5428175926208496,0.6721314191818237
baseline,2696,39.39988327026367,33.900062561035156,-0.5422276258468628,0.22283488512039185
baseline,2697,36.599884033203125,30.800064086914062,-0.5368183851242065,0.41827449202537537
baseline,2698,43.79988479614258,39.10006332397461,0.5318028330802917,1.474230170249939
baseline,2699,38.19988250732422,33.80006408691406,-0.5423208475112915,0.3761858344078064
baseline,2700,41.39988327026367,35.30006408691406,-0.5324298143386841,0.72992342710495
baseline,2701,38.89988327026367,34.30006408691406,-0.48197588324546814,0.3742026686668396
baseline,2702,37.099884033203125,34.80006408691406,-0.5335155725479126,0.4751110374927521
baseline,2703,37.39988327026367,38.80006408691406,-0.40591132640838623,0.43880584836006165
baseline,2704,39.99988555908203,35.000064849853516,-0.5336963534355164,0.537528395652771
baseline,2705,42.99988555908203,39.10006332397461,0.518451988697052,1.3409579992294312
baseline,2706,37.99988555908203,39.30006408691406,-0.12975230813026428,0.7891882658004761
baseline,2707,42.49988555908203,35.20006561279297,-0.5041813254356384,0.4147622287273407
baseline,2708,40.49988555908203,34.10006332397461,-0.4597260355949402,0.378675639629364
baseline,2709,43.299888610839844,36.100067138671875,-0.537071704864502,0.8260919451713562
baseline,2710,44.299888610839844,39.20006561279297,0.4875291883945465,1.5462852716445923
baseline,2711,44.49988555908203,36.80006408691406,-0.4614291191101074,0.9382314085960388
baseline,2712,42.89988708496094,35.500064849853516,-0.4878247082233429,0.6430848836898804
baseline,2713,37.299888610839844,39.70006561279297,0.06300287693738937,1.1516196727752686
baseline,2714,42.699886322021484,36.000064849853516,-0.5362263917922974,0.6532908082008362
baseline,2715,35.59988784790039,37.30006408691406,0.17899556457996368,1.0356197357177734
baseline,2716,45.89988708496094,38.20006561279297,-0.32881882786750793,1.5778945684432983
baseline,2717,42.99988555908203,36.500064849853516,-0.5319643616676331,0.6970042586326599
baseline,2718,43.89988708496094,39.80006408691406,0.7435523271560669,1.72572922706604
baseline,2719,39.4998893737793,36.00006103515625,-0.5422403812408447,0.5456321835517883
baseline,2720,42.09988784790039,36.400062561035156,-0.542034387588501,0.5513895750045776
baseline,2721,43.39988708496094,28.10006332397461,0.539114236831665,1.0143932104110718
baseline,2722,40.9998893737793,36.10006332397461,-0.5640383362770081,0.8062044978141785
baseline,2723,42.9998893737793,39.60006332397461,0.566589891910553,1.485168218612671
baseline,2724,37.799888610839844,35.10006332397461,-0.4366881549358368,0.40668100118637085
baseline,2725,36.39988708496094,32.30006408691406,-0.547928512096405,0.9465055465698242
baseline,2726,44.09988784790039,36.400062561035156,-0.500902533531189,0.7135106921195984
baseline,2727,42.59988784790039,33.7000617980957,-0.546955943107605,0.9620221853256226
baseline,2728,39.799888610839844,36.400062561035156,-0.5791803598403931,0.419109970331192
baseline,2729,41.89988708496094,37.10006332397461,-0.5818465948104858,0.5376361608505249
baseline,2730,38.299888610839844,37.900062561035156,-0.5771864652633667,0.4787183701992035
baseline,2731,36.19989013671875,33.60006332397461,-0.5661648511886597,0.322004109621048
baseline,2732,41.799888610839844,35.900062561035156,-0.5090417265892029,0.376037061214447
baseline,2733,39.69989013671875,35.400062561035156,-0.5385190844535828,0.3197808265686035
baseline,2734,41.59988784790039,36.50006103515625,-0.5498942732810974,0.46787557005882263
baseline,2735,37.89988708496094,39.8000602722168,0.15865226089954376,1.2225414514541626
baseline,2736,34.9998893737793,36.3000602722168,-0.549114465713501,0.4706442058086395
baseline,2737,36.699886322021484,33.400062561035156,-0.18160276114940643,0.5333947539329529
baseline,2738,38.69989013671875,35.600059509277344,-0.5794868469238281,0.39962008595466614
baseline,2739,41.09988784790039,36.7000617980957,-0.5747196674346924,0.5724915862083435
baseline,2740,40.3998908996582,36.50006103515625,-0.5778432488441467,0.6288749575614929
baseline,2741,37.299888610839844,31.100059509277344,-0.5670954585075378,0.29793035984039307
baseline,2742,35.799888610839844,35.20005798339844,-0.5657886266708374,0.2989136874675751
baseline,2743,36.69989013671875,39.70005798339844,0.15830883383750916,1.3704864978790283
baseline,2744,40.8998908996582,35.600059509277344,-0.4877871870994568,0.9833474159240723
baseline,2745,43.199893951416016,40.00005340576172,0.8878156542778015,1.9605143070220947
baseline,2746,44.099891662597656,29.50005531311035,0.1888325959444046,0.24215373396873474
baseline,2747,37.49989318847656,34.30005645751953,-0.5670463442802429,0.2695234417915344
baseline,2748,38.8998908996582,36.10005569458008,-0.5813037157058716,0.5120161175727844
baseline,2749,38.599891662597656,37.400054931640625,-0.5721760988235474,0.5607144236564636
baseline,2750,44.79989242553711,29.600053787231445,0.3097144067287445,0.1530522257089615
baseline,2751,38.099891662597656,36.00005340576172,-0.39602532982826233,0.6409811973571777
baseline,2752,43.29989242553711,29.600053787231445,0.11026927828788757,0.2965434193611145
baseline,2753,37.3998908996582,38.20005416870117,-0.5713748335838318,0.4429885447025299
baseline,2754,34.4998893737793,38.00005340576172,-0.45644840598106384,0.6299411654472351
baseline,2755,37.99989318847656,37.50005340576172,-0.5844732522964478,0.4046154320240021
baseline,2756,39.99989318847656,37.300052642822266,-0.58917635679245,0.4838882088661194
baseline,2757,39.39989471435547,37.300052642822266,-0.5764219164848328,0.35815876722335815
baseline,2758,39.59989547729492,38.800052642822266,0.9721643924713135,1.7783074378967285
baseline,2759,36.699893951416016,34.20005416870117,-0.5767638683319092,0.3331218361854553
baseline,2760,37.39989471435547,36.00005340576172,-0.49275776743888855,0.7383887767791748
baseline,2761,36.699893951416016,41.90005111694336,1.1862868070602417,3.615358829498291
baseline,2762,39.09989929199219,36.800048828125,-0.5506978034973145,0.6426174640655518
baseline,2763,37.399898529052734,37.40005111694336,-0.5797217488288879,0.3401893973350525
baseline,2764,38.49989700317383,36.90005111694336,-0.5780754685401917,0.18931636214256287
baseline,2765,39.09989929199219,31.10004997253418,-0.5730071663856506,0.30528607964515686
baseline,2766,36.999900817871094,33.700050354003906,-0.5751997232437134,0.19672884047031403
baseline,2767,37.29990005493164,39.200050354003906,-0.10133126378059387,0.7517222166061401
baseline,2768,34.499900817871094,36.300048828125,-0.5250107049942017,0.3914017379283905
baseline,2769,40.69990158081055,37.200050354003906,-0.604938805103302,0.705830454826355
baseline,2770,37.499900817871094,41.50004959106445,0.4545031189918518,2.7022545337677
baseline,2771,39.09989929199219,32.70004653930664,-0.6278815865516663,0.348695307970047
baseline,2772,38.499900817871094,36.400047302246094,-0.5662984251976013,0.2998689115047455
baseline,2773,41.39990234375,37.50004577636719,-0.629926323890686,0.6012848019599915
baseline,2774,38.89990234375,33.70004653930664,-0.6265774369239807,0.3444986343383789
baseline,2775,37.39990234375,36.900047302246094,-0.628272533416748,0.4721544086933136
baseline,2776,37.69990158081055,30.600046157836914,-0.6647243499755859,0.24654704332351685
baseline,2777,38.59990310668945,36.00004577636719,-0.1639542281627655,0.7291719317436218
baseline,2778,37.09990310668945,30.600046157836914,-0.6696559190750122,0.223194420337677
baseline,2779,42.09990310668945,37.700042724609375,-0.6439798474311829,0.4788816571235657
baseline,2780,36.69990539550781,35.40004348754883,-0.7026235461235046,0.2695293724536896
baseline,2781,36.59990310668945,36.60004425048828,-0.7083420157432556,0.4066403806209564
baseline,2782,36.799903869628906,32.60004425048828,-0.7044731378555298,0.8802165389060974
baseline,2783,35.59990310668945,37.90004348754883,-0.4303942918777466,0.605623185634613
baseline,2784,37.69990539550781,36.40004348754883,-0.6187504529953003,0.7574973702430725
baseline,2785,37.09990310668945,36.40004348754883,-0.6918931603431702,0.6169275641441345
baseline,2786,36.09990692138672,35.700042724609375,-0.6850712299346924,0.32298722863197327
baseline,2787,35.79990768432617,36.90004348754883,-0.7455729246139526,0.40196821093559265
baseline,2788,36.499908447265625,33.200042724609375,-0.6565188765525818,0.7061192989349365
baseline,2789,36.79990768432617,35.90004348754883,-0.661905825138092,0.1571243554353714
baseline,2790,36.89990997314453,38.40004348754883,-0.3419502377510071,0.4569878876209259
baseline,2791,37.79991149902344,32.80004119873047,-0.762657880783081,0.18315018713474274
baseline,2792,36.39990997314453,38.700042724609375,0.10104111582040787,1.0040366649627686
baseline,2793,38.499908447265625,32.90003967285156,-0.7983112931251526,0.34095537662506104
baseline,2794,36.79991149902344,37.90003967285156,-0.4697369337081909,0.3889710605144501
baseline,2795,36.69990921020508,37.40003967285156,-0.4005182683467865,0.5008642673492432
baseline,2796,37.79991149902344,35.80004119873047,-0.7485392689704895,0.7063319087028503
baseline,2797,34.79991149902344,37.100040435791016,-0.8020653128623962,0.31199997663497925
baseline,2798,40.29991149902344,34.600040435791016,-0.3954870402812958,0.6487510800361633
baseline,2799,36.29991149902344,37.80004119873047,-0.5793769955635071,0.1773201823234558
baseline,2800,36.89990997314453,31.400041580200195,-0.7709252238273621,0.1841743290424347
baseline,2801,31.299911499023438,36.100040435791016,-0.640347957611084,0.9768176078796387
baseline,2802,39.09991455078125,33.200042724609375,-0.7132765054702759,0.37757307291030884
baseline,2803,30.59991455078125,38.30004119873047,0.6287127137184143,2.0282504558563232
baseline,2804,36.3999137878418,37.00004196166992,-0.4775828421115875,0.400092214345932
baseline,2805,36.199913024902344,34.40003967285156,-0.6271302700042725,0.2662471532821655
baseline,2806,35.2999153137207,36.70003890991211,-0.7649987936019897,0.10182105004787445
baseline,2807,34.19991683959961,37.00004196166992,-0.799799382686615,0.28433218598365784
baseline,2808,35.69991683959961,34.200042724609375,-0.5382083058357239,0.2595815062522888
baseline,2809,33.999916076660156,36.200042724609375,-0.7838230729103088,0.30550968647003174
baseline,2810,35.199920654296875,35.80004119873047,-0.730786919593811,0.3163703382015228
baseline,2811,33.199920654296875,39.600040435791016,0.8110553026199341,2.5673301219940186
baseline,2812,30.499921798706055,38.80004119873047,0.6994253993034363,2.264397382736206
baseline,2813,33.99992370605469,37.90003967285156,-0.5177507996559143,0.42611414194107056
baseline,2814,35.199920654296875,37.50004196166992,-0.6037449240684509,0.35307180881500244
baseline,2815,30.09992218017578,36.30004119873047,-0.809687077999115,0.6422873139381409
baseline,2816,37.39992141723633,33.40003967285156,-0.800830066204071,0.4116389751434326
baseline,2817,33.799922943115234,36.70003890991211,-0.8098232746124268,0.2517634630203247
baseline,2818,33.59992218017578,37.20003890991211,-0.8227778077125549,0.4511818289756775
baseline,2819,37.89992141723633,33.40003967285156,-0.7979649305343628,0.20447134971618652
baseline,2820,29.09992218017578,36.70003890991211,-0.6930792331695557,0.868370532989502
baseline,2821,38.49992370605469,33.40003967285156,-0.76762855052948,0.37163662910461426
baseline,2822,34.399925231933594,37.40003967285156,-0.5431409478187561,0.4419800341129303
baseline,2823,32.99992370605469,37.000038146972656,-0.8646571040153503,0.15701410174369812
baseline,2824,39.899925231933594,32.90003967285156,-0.5096353888511658,0.2751392722129822
baseline,2825,28.59992790222168,36.90003967285156,-0.8481539487838745,0.7915855050086975
baseline,2826,34.89992904663086,33.500038146972656,-0.8805211782455444,0.30783969163894653
baseline,2827,39.49992752075195,34.90003967285156,-0.46967342495918274,0.09468714892864227
baseline,2828,32.59992980957031,36.600040435791016,-0.9114230871200562,0.3095058500766754
baseline,2829,36.69993209838867,39.000038146972656,-0.18181900680065155,0.8514302372932434
baseline,2830,39.69993209838867,36.90003967285156,-0.5826258063316345,0.330822616815567
baseline,2831,36.299930572509766,36.20003890991211,-0.5976179838180542,0.2276027351617813
baseline,2832,29.599933624267578,36.40003967285156,-0.9326682686805725,0.5729867219924927
baseline,2833,28.099933624267578,37.200042724609375,-0.6630895733833313,0.8354172110557556
baseline,2834,32.09993362426758,37.200042724609375,-0.9487795233726501,0.27335378527641296
baseline,2835,31.699935913085938,36.600040435791016,-0.9932295680046082,0.2925112843513489
baseline,2836,38.89993667602539,37.80004119873047,-0.5327820181846619,0.45411717891693115
baseline,2837,31.59993553161621,37.100040435791016,-0.9951501488685608,0.39335718750953674
baseline,2838,34.6999397277832,35.80004119873047,-0.7454699277877808,0.46270567178726196
baseline,2839,33.49993896484375,36.200042724609375,-0.8050383925437927,0.5106441378593445
baseline,2840,31.09994125366211,37.200042724609375,-1.036356806755066,0.3951203227043152
baseline,2841,32.29994201660156,36.200042724609375,-0.9688373804092407,0.35252222418785095
baseline,2842,31.199941635131836,36.50004196166992,-1.0465494394302368,0.5204699635505676
baseline,2843,37.19994354248047,31.900041580200195,-0.9891020059585571,0.3851947784423828
baseline,2844,30.6999454498291,36.80004119873047,-1.0702277421951294,0.2650003731250763
baseline,2845,37.99994659423828,36.90003967285156,-0.6013171672821045,0.37037187814712524
baseline,2846,30.599945068359375,37.30004119873047,-1.0787431001663208,0.3311747610569
baseline,2847,32.599945068359375,37.30004119873047,-0.7386115789413452,0.35490304231643677
baseline,2848,27.599943161010742,37.600040435791016,-1.0769215822219849,0.6799684762954712
baseline,2849,31.69994354248047,36.100040435791016,-1.0219923257827759,0.4691910147666931
baseline,2850,30.099943161010742,36.90003967285156,-1.1152396202087402,0.36441218852996826
baseline,2851,36.59994125366211,31.900041580200195,-0.8879032135009766,0.4748057723045349
baseline,2852,29.999942779541016,37.600040435791016,-1.1407986879348755,0.3733971416950226
baseline,2853,30.699941635131836,36.200042724609375,-1.091995358467102,0.5909295678138733
baseline,2854,29.499940872192383,37.600040435791016,-1.173952341079712,0.4318617284297943
baseline,2855,29.199939727783203,37.20003890991211,-1.175308108329773,0.6474562883377075
baseline,2856,28.899938583374023,37.8000373840332,-1.209860920906067,0.4470272660255432
baseline,2857,26.899938583374023,38.4000358581543,-1.0639324188232422,0.6633594036102295
baseline,2858,35.6999397277832,32.30003356933594,-0.04386233910918236,1.4306236505508423
baseline,2859,26.599937438964844,38.90003204345703,-1.1424236297607422,0.7288403511047363
baseline,2860,28.799938201904297,38.30003356933594,-1.2457355260849,0.6395272016525269
baseline,2861,28.299936294555664,38.100032806396484,-1.265340805053711,0.5592172145843506
baseline,2862,28.39993667602539,38.600032806396484,-1.273362159729004,0.4554222822189331
baseline,2863,25.799936294555664,41.600032806396484,-1.2894830703735352,0.7896379828453064
baseline,2864,28.399934768676758,37.40003204345703,-1.1542938947677612,0.424337774515152
baseline,2865,28.099933624267578,39.000030517578125,-1.317201852798462,0.5898413062095642
baseline,2866,26.399934768676758,39.500030517578125,-1.1151365041732788,0.7130519151687622
baseline,2867,25.899934768676758,40.900028228759766,-1.3130385875701904,0.7698284983634949
baseline,2868,27.79993438720703,38.60002899169922,-1.3164829015731812,0.4793766736984253
baseline,2869,31.79993438720703,35.10002899169922,-1.3450984954833984,1.2791775465011597
baseline,2870,29.599933624267578,36.900028228759766,-1.1020575761795044,0.4329250156879425
baseline,2871,27.599933624267578,39.10002517700195,-1.3660550117492676,0.4478576183319092
baseline,2872,31.49993324279785,34.20002746582031,-1.4024566411972046,1.9252046346664429
baseline,2873,25.699932098388672,43.20002746582031,-1.3930950164794922,0.7930902242660522
baseline,2874,27.49993133544922,39.70002746582031,-1.412099003791809,0.6460902094841003
baseline,2875,27.099931716918945,39.4000244140625,-1.4258607625961304,0.5041834115982056
baseline,2876,31.199932098388672,35.10002517700195,-1.4262950420379639,0.9957602024078369
baseline,2877,28.99993133544922,36.60002517700195,-1.1841498613357544,0.5921725034713745
baseline,2878,27.799930572509766,38.10002517700195,-1.2455754280090332,0.49477675557136536
baseline,2879,30.89992904663086,34.30002212524414,-1.4681726694107056,1.652834415435791
baseline,2880,29.39992904663086,38.10002517700195,-1.115647554397583,0.7143969535827637
baseline,2881,27.39992904663086,40.20002365112305,-1.4732693433761597,0.29470065236091614
baseline,2882,26.799930572509766,40.10002136230469,-1.4695137739181519,0.5004549026489258
baseline,2883,27.19993019104004,38.800018310546875,-1.2956769466400146,0.6145544052124023
baseline,2884,26.799928665161133,40.700016021728516,-1.513598084449768,0.4008263945579529
baseline,2885,25.699928283691406,43.80001449584961,-1.433656930923462,0.7584222555160522
baseline,2886,31.199928283691406,33.80001449584961,-1.4942688941955566,2.1963658332824707
baseline,2887,27.299928665161133,40.90001678466797,-1.5510965585708618,0.398853600025177
baseline,2888,26.89992904663086,41.30001449584961,-1.558010458946228,0.4072985351085663
baseline,2889,25.499927520751953,45.10001754760742,-1.5601900815963745,0.7400320768356323
baseline,2890,27.09992790222168,41.90000534057617,-1.64898681640625,0.44690001010894775
baseline,2891,26.399927139282227,41.40000534057617,-1.6023445129394531,0.4490545988082886
baseline,2892,32.7999267578125,35.90000534057617,-0.8454836010932922,0.38087567687034607
baseline,2893,31.699928283691406,37.600006103515625,-0.7926177978515625,0.5686131119728088
baseline,2894,26.7999267578125,42.40000534057617,-1.703789234161377,0.5391746759414673
baseline,2895,27.2999267578125,42.500003814697266,-1.701299786567688,0.4044921398162842
baseline,2896,22.499927520751953,46.79999923706055,-1.6731349229812622,1.3260619640350342
baseline,2897,26.999927520751953,43.099998474121094,-1.734891414642334,0.5337557196617126
baseline,2898,26.199926376342773,42.5,-1.7380174398422241,0.5340963006019592
baseline,2899,21.7999267578125,46.79999923706055,-1.709101915359497,1.7952083349227905
baseline,2900,26.899927139282227,43.59999465942383,-1.7649166584014893,0.5199631452560425
baseline,2901,26.199926376342773,43.09999465942383,-1.784945011138916,0.47971317172050476
baseline,2902,26.899927139282227,44.09999465942383,-1.790570616722107,0.30476710200309753
baseline,2903,27.099925994873047,44.79998779296875,-1.8104342222213745,0.2879420518875122
baseline,2904,21.2999267578125,46.899986267089844,-1.778388500213623,2.1862378120422363
baseline,2905,22.199926376342773,49.0999870300293,-1.24156653881073,1.6015710830688477
baseline,2906,26.399927139282227,44.399986267089844,-1.8555223941802979,0.23242312669754028
baseline,2907,26.399927139282227,41.99998474121094,-1.749621868133545,0.4643523097038269
baseline,2908,26.7999267578125,45.399986267089844,-1.8582814931869507,0.2240535467863083
baseline,2909,21.599925994873047,49.09998321533203,-1.3016180992126465,1.550191879272461
baseline,2910,21.49992561340332,49.699981689453125,-1.6548244953155518,1.1621522903442383
baseline,2911,26.199926376342773,43.89997863769531,-1.8616224527359009,0.48485785722732544
baseline,2912,26.599925994873047,46.099979400634766,-1.8747597932815552,0.5318689942359924
baseline,2913,21.2999267578125,48.99998092651367,-1.8540829420089722,1.228410243988037
baseline,2914,26.99992561340332,46.499977111816406,-1.8969581127166748,0.2887238562107086
baseline,2915,21.99992561340332,49.89997863769531,-1.8747518062591553,0.9180439114570618
baseline,2916,26.599925994873047,44.89997863769531,-1.8582484722137451,0.4395361542701721
baseline,2917,26.099925994873047,44.89997482299805,-1.908562183380127,0.369851291179657
baseline,2918,25.199926376342773,50.49997329711914,-1.8555402755737305,0.563122034072876
baseline,2919,26.899925231933594,47.499977111816406,-1.9351227283477783,0.30134525895118713
baseline,2920,26.2999267578125,46.499977111816406,-1.9317858219146729,0.4347226321697235
baseline,2921,25.99992561340332,45.499977111816406,-1.9332257509231567,0.30328577756881714
baseline,2922,22.49992561340332,49.5999755859375,-1.8819658756256104,1.0376218557357788
baseline,2923,28.899925231933594,49.199974060058594,-1.9376672506332397,0.7141352891921997
baseline,2924,28.099925994873047,48.49997329711914,-1.945314645767212,0.3490282893180847
baseline,2925,20.899925231933594,49.699974060058594,-1.86276113986969,1.3408743143081665
baseline,2926,21.299924850463867,50.099971771240234,-1.919086217880249,1.1384559869766235
baseline,2927,27.699926376342773,47.99997329711914,-1.936728835105896,0.4258987009525299
baseline,2928,29.599925994873047,49.099971771240234,-1.941555380821228,1.2583664655685425
baseline,2929,26.399925231933594,47.69997024536133,-1.955723762512207,0.2764413058757782
baseline,2930,27.699926376342773,49.29996871948242,-1.9566724300384521,0.30973514914512634
baseline,2931,21.99992561340332,50.89997100830078,-1.7333670854568481,0.9841570854187012
baseline,2932,28.99992561340332,48.599971771240234,-1.9451276063919067,1.196915626525879
baseline,2933,27.599925994873047,48.599971771240234,-1.9360299110412598,0.3485174775123596
baseline,2934,25.899925231933594,45.999969482421875,-1.9582931995391846,0.2671780288219452
baseline,2935,26.99992561340332,48.69997024536133,-1.9580376148223877,0.4706818461418152
baseline,2936,21.399925231933594,51.499969482421875,-1.6088786125183105,1.0835548639297485
baseline,2937,30.7999267578125,49.499969482421875,-1.966757893562317,1.7237149477005005
baseline,2938,20.599925994873047,51.499969482421875,-1.6212589740753174,0.9801042675971985
baseline,2939,26.899925231933594,49.29996871948242,-1.9820882081985474,0.395608127117157
baseline,2940,26.099925994873047,47.29996871948242,-1.9732638597488403,0.08624008297920227
baseline,2941,22.099925994873047,51.39997100830078,-1.6729985475540161,1.284590244293213
baseline,2942,26.799924850463867,48.19997024536133,-1.9523708820343018,0.3951858878135681
baseline,2943,30.399925231933594,49.19996643066406,-1.9728246927261353,1.7318429946899414
baseline,2944,28.19992446899414,49.299964904785156,-1.9627443552017212,0.5404134392738342
baseline,2945,21.599925994873047,47.299964904785156,-1.9673887491226196,1.8843516111373901
baseline,2946,26.299924850463867,48.299964904785156,-1.9737277030944824,0.4117654263973236
baseline,2947,28.299924850463867,47.99996566772461,-1.9711472988128662,0.6950004696846008
baseline,2948,26.99992561340332,51.6999626159668,-1.9980697631835938,0.2827812731266022
baseline,2949,26.299924850463867,49.799964904785156,-1.996432900428772,0.4672861695289612
baseline,2950,26.899925231933594,52.49996566772461,-1.9957808256149292,0.4613359570503235
baseline,2951,25.99992561340332,54.799964904785156,-1.9840693473815918,0.518135666847229
baseline,2952,26.69992446899414,50.5999641418457,-1.997814416885376,0.47828376293182373
baseline,2953,26.69992446899414,53.799964904785156,-1.9905356168746948,0.41074225306510925
baseline,2954,22.099924087524414,50.39996337890625,-1.9205961227416992,0.769376814365387
baseline,2955,22.899925231933594,51.1999626159668,-1.9363504648208618,1.2814072370529175
baseline,2956,26.19992446899414,50.299964904785156,-1.9935004711151123,0.401100754737854
baseline,2957,26.69992446899414,54.499961853027344,-2.0093116760253906,0.23448927700519562
baseline,2958,21.099924087524414,50.89996337890625,-1.724402904510498,1.3575165271759033
baseline,2959,26.49992561340332,51.29996109008789,-2.013648748397827,0.2600763142108917
baseline,2960,26.49992561340332,52.999961853027344,-2.0123748779296875,0.3306499421596527
baseline,2961,25.799924850463867,47.899959564208984,-2.0127344131469727,0.2528725564479828
baseline,2962,22.19992446899414,47.09996032714844,-1.9926429986953735,1.3249691724777222
baseline,2963,28.49992561340332,48.79996109008789,-1.9565502405166626,0.77354496717453
baseline,2964,26.099924087524414,48.899959564208984,-2.0072553157806396,0.6728699803352356
baseline,2965,27.099924087524414,49.899959564208984,-1.9641926288604736,0.3972098231315613
baseline,2966,26.099924087524414,50.99995803833008,-2.024746894836426,0.2556379735469818
baseline,2967,25.099924087524414,55.19995880126953,-2.0034968852996826,0.5862814784049988
baseline,2968,22.799924850463867,51.69995880126953,-1.9729986190795898,1.5141773223876953
baseline,2969,26.799924850463867,55.799957275390625,-2.009772300720215,0.3050789535045624
baseline,2970,25.999923706054688,49.399959564208984,-2.0267179012298584,0.31276923418045044
baseline,2971,26.099924087524414,56.199954986572266,-2.0413827896118164,0.32659444212913513
baseline,2972,27.19992446899414,56.59995651245117,-2.0021047592163086,0.5757336616516113
baseline,2973,25.799924850463867,48.39995574951172,-2.04221510887146,0.5032392144203186
baseline,2974,24.799924850463867,56.59995651245117,-1.9494866132736206,0.5975009202957153
baseline,2975,25.499923706054688,56.799957275390625,-2.020859956741333,0.3808736503124237
baseline,2976,25.799924850463867,55.59995651245117,-2.042095422744751,0.42363595962524414
baseline,2977,20.799924850463867,54.69995880126953,-2.0348129272460938,0.47179388999938965
baseline,2978,23.799924850463867,56.799957275390625,-2.022186040878296,0.44914329051971436
baseline,2979,25.299924850463867,56.299957275390625,-2.042001247406006,0.5076229572296143
baseline,2980,25.899925231933594,52.49995803833008,-2.0647904872894287,0.398009330034256
baseline,2981,26.599924087524414,55.299957275390625,-2.0280091762542725,0.27538734674453735
baseline,2982,26.19992446899414,57.19995880126953,-2.008667230606079,0.41853415966033936
baseline,2983,25.799924850463867,51.399959564208984,-2.066880941390991,0.3176284730434418
baseline,2984,26.299924850463867,51.799957275390625,-2.0071139335632324,0.16916584968566895
baseline,2985,24.299924850463867,55.09996032714844,-2.067798376083374,0.43374890089035034
baseline,2986,23.69992446899414,55.99995803833008,-2.0677199363708496,0.634026050567627
baseline,2987,25.799924850463867,49.99995803833008,-2.0628209114074707,0.3866913616657257
baseline,2988,25.69992446899414,54.399959564208984,-2.067131280899048,0.18243816494941711
baseline,2989,24.399925231933594,57.09996032714844,-2.056117057800293,0.36907172203063965
baseline,2990,26.19992446899414,54.299957275390625,-2.054002046585083,0.31117871403694153
baseline,2991,24.399925231933594,55.99995803833008,-2.0667638778686523,0.4752356708049774
baseline,2992,24.69992446899414,55.49995803833008,-2.065105676651001,0.5329715609550476
baseline,2993,26.69992446899414,56.49995803833008,-2.002873420715332,0.4917696416378021
baseline,2994,25.299924850463867,57.49995803833008,-2.0048184394836426,0.49199724197387695
baseline,2995,20.999923706054688,48.19995880126953,-2.0476343631744385,1.804532766342163
baseline,2996,27.099924087524414,57.19995880126953,-1.9781605005264282,0.354096382856369
baseline,2997,24.69992446899414,57.49995803833008,-2.013231039047241,0.24630451202392578
baseline,2998,25.299924850463867,55.69995880126953,-2.051060676574707,0.36148661375045776
baseline,2999,26.099924087524414,53.699954986572266,-2.0517544746398926,0.3611476719379425
baseline,3000,20.39992332458496,55.199954986572266,-1.989768147468567,0.5991811752319336
baseline,3001,23.89992332458496,57.799957275390625,-2.061289072036743,0.2635473310947418
baseline,3002,27.39992332458496,55.99995422363281,-2.002476215362549,0.56253981590271
baseline,3003,25.799924850463867,57.699954986572266,-2.038198947906494,0.23581825196743011
baseline,3004,26.69992446899414,57.699954986572266,-2.007829427719116,0.34438028931617737
baseline,3005,22.999923706054688,57.39995193481445,-2.0565810203552246,0.42107704281806946
baseline,3006,27.69992446899414,57.199954986572266,-1.9958555698394775,0.23140963912010193
baseline,3007,24.999923706054688,58.099952697753906,-1.9909169673919678,0.2972913384437561
baseline,3008,27.599924087524414,58.199954986572266,-1.9388082027435303,0.47298577427864075
baseline,3009,23.299922943115234,57.79995346069336,-2.0364978313446045,0.2774237096309662
baseline,3010,25.39992332458496,58.39995193481445,-1.983152985572815,0.283969908952713
baseline,3011,21.599924087524414,50.599952697753906,-1.8848217725753784,0.897485613822937
baseline,3012,25.69992446899414,52.99995040893555,-2.0672173500061035,0.31779026985168457
baseline,3013,22.89992332458496,56.699951171875,-2.0766122341156006,0.4538455009460449
baseline,3014,27.69992446899414,54.199951171875,-1.9438269138336182,0.6748893857002258
baseline,3015,24.099924087524414,58.39995193481445,-2.0017893314361572,0.4348433315753937
baseline,3016,23.39992332458496,57.099952697753906,-2.0739004611968994,0.29042431712150574
baseline,3017,22.299922943115234,57.79995346069336,-2.0754270553588867,0.35190674662590027
baseline,3018,28.099924087524414,58.39995193481445,-1.9329164028167725,0.4716534912586212
baseline,3019,25.299922943115234,53.99995040893555,-2.077195405960083,0.34480372071266174
baseline,3020,23.799922943115234,55.49995040893555,-2.0767509937286377,0.8933197259902954
baseline,3021,27.099924087524414,58.39995193481445,-1.9525625705718994,0.36375051736831665
baseline,3022,19.999923706054688,54.699951171875,-2.064566135406494,0.4365255534648895
baseline,3023,26.299922943115234,58.199951171875,-1.9779844284057617,0.6061686277389526
baseline,3024,23.599924087524414,58.199951171875,-2.04582142829895,0.24922066926956177
baseline,3025,27.299922943115234,57.699951171875,-1.9911245107650757,0.5585127472877502
baseline,3026,20.099924087524414,55.49995040893555,-1.6089119911193848,0.9038975834846497
baseline,3027,25.69992446899414,50.699947357177734,-2.081598997116089,0.2922965884208679
baseline,3028,25.69992446899414,51.89994812011719,-2.0804481506347656,0.41999706625938416
baseline,3029,23.099924087524414,55.39994812011719,-2.0795130729675293,0.8190562725067139
baseline,3030,22.39992332458496,56.299949645996094,-2.079519748687744,0.40490126609802246
baseline,3031,24.59992218017578,54.59994888305664,-2.087656021118164,0.4793696701526642
baseline,3032,25.299922943115234,53.49994659423828,-2.084376335144043,0.4162765145301819
baseline,3033,25.199922561645508,54.49994659423828,-2.0712645053863525,0.39563465118408203
baseline,3034,23.999921798706055,54.49995040893555,-2.096256971359253,0.8320598602294922
baseline,3035,22.999921798706055,56.199947357177734,-2.068748712539673,0.1888071894645691
baseline,3036,22.299922943115234,55.09994888305664,-2.0938913822174072,0.3818037807941437
baseline,3037,23.499921798706055,54.59994888305664,-2.0948574542999268,1.150161862373352
baseline,3038,22.299922943115234,51.199947357177734,-2.093923807144165,0.8770300149917603
baseline,3039,21.09992218017578,52.199947357177734,-2.0695528984069824,0.3877059519290924
baseline,3040,22.999921798706055,54.49995040893555,-2.097033977508545,0.9782459139823914
baseline,3041,22.499921798706055,58.49995040893555,-2.054220199584961,0.22339516878128052
baseline,3042,20.999921798706055,56.39994812011719,-2.098571538925171,0.46519890427589417
baseline,3043,21.59992218017578,57.59994888305664,-2.091789484024048,0.38801318407058716
baseline,3044,24.799922943115234,53.39994812011719,-2.098785161972046,0.27989596128463745
baseline,3045,27.799922943115234,57.699947357177734,-2.0231475830078125,0.3034434914588928
baseline,3046,27.699922561645508,56.59994888305664,-2.002387285232544,0.5880526900291443
baseline,3047,21.899921417236328,58.199947357177734,-2.0610337257385254,0.4531309902667999
baseline,3048,20.699920654296875,51.199947357177734,-2.0633127689361572,0.9439908862113953
baseline,3049,21.7999210357666,56.49994659423828,-2.0851945877075195,0.5578065514564514
baseline,3050,23.09992218017578,58.39994812011719,-2.0751943588256836,0.5200833678245544
baseline,3051,21.899921417236328,53.89994812011719,-2.1198058128356934,0.7719980478286743
baseline,3052,20.09992218017578,53.79994583129883,-2.116046190261841,0.37947627902030945
baseline,3053,21.499921798706055,55.09994888305664,-2.0871336460113525,0.5833635926246643
baseline,3054,23.399921417236328,53.79994583129883,-2.118734836578369,1.4480793476104736
baseline,3055,22.399921417236328,55.699947357177734,-2.067897081375122,0.27723565697669983
baseline,3056,25.999921798706055,56.699947357177734,-2.0202879905700684,0.554976761341095
baseline,3057,21.699922561645508,54.49994659423828,-2.099672555923462,0.4184020459651947
baseline,3058,25.499921798706055,54.89994812011719,-2.057054281234741,0.39712634682655334
baseline,3059,21.199920654296875,54.39994812011719,-2.1139259338378906,0.36780279874801636
baseline,3060,24.199922561645508,56.49994659423828,-2.031557559967041,0.3685438334941864
baseline,3061,22.499921798706055,54.39994812011719,-2.1128921508789062,0.7771028280258179
baseline,3062,24.399921417236328,54.09994888305664,-2.0835678577423096,0.6614907383918762
baseline,3063,19.699920654296875,53.09994888305664,-2.121831178665161,0.43074730038642883
baseline,3064,21.499921798706055,53.59994888305664,-2.130539655685425,0.6087511777877808
baseline,3065,20.7999210357666,50.29994583129883,-1.7745616436004639,1.5558192729949951
baseline,3066,21.499921798706055,57.09994888305664,-2.077699661254883,0.1750475913286209
baseline,3067,28.999921798706055,55.79994583129883,-1.9511823654174805,1.7913240194320679
baseline,3068,20.59992218017578,53.79994583129883,-2.1259663105010986,0.37879687547683716
baseline,3069,21.39992332458496,58.599945068359375,-2.112861156463623,0.5485711693763733
baseline,3070,20.399921417236328,51.89994430541992,-1.8559036254882812,0.7190843820571899
baseline,3071,20.999921798706055,53.29994583129883,-2.1316518783569336,0.4159654974937439
baseline,3072,24.39992332458496,53.099945068359375,-2.1309738159179688,0.6941658854484558
baseline,3073,24.09992218017578,53.699947357177734,-2.1026980876922607,0.7506800293922424
baseline,3074,28.199922561645508,57.39994430541992,-1.9867265224456787,0.47990989685058594
baseline,3075,22.699922561645508,50.49994659423828,-2.1222891807556152,0.8562377095222473
baseline,3076,23.399921417236328,53.29994583129883,-2.144533157348633,1.472995638847351
baseline,3077,19.59992218017578,52.599945068359375,-2.109093427658081,0.7780572772026062
baseline,3078,22.499921798706055,52.199947357177734,-2.104113817214966,1.2300313711166382
baseline,3079,21.7999210357666,51.29994583129883,-2.1161561012268066,0.8970019817352295
baseline,3080,22.7999210357666,53.39994430541992,-2.144819736480713,1.6047381162643433
baseline,3081,21.199922561645508,51.99994659423828,-1.616424322128296,0.816552460193634
baseline,3082,22.399921417236328,56.89994430541992,-2.096470355987549,0.306873619556427
baseline,3083,21.899921417236328,58.79994583129883,-2.123410701751709,0.20728851854801178
baseline,3084,21.199920654296875,55.89994430541992,-2.1247377395629883,0.5053768157958984
baseline,3085,25.09992218017578,52.89994430541992,-2.1493754386901855,0.24582812190055847
baseline,3086,23.699920654296875,52.699947357177734,-2.1498546600341797,1.4679194688796997
baseline,3087,21.399921417236328,47.79994583129883,-2.062246561050415,1.9860419034957886
baseline,3088,27.199920654296875,47.89994430541992,-1.945159912109375,0.20333799719810486
baseline,3089,19.399921417236328,53.599945068359375,-2.1326122283935547,0.15717504918575287
baseline,3090,19.499919891357422,54.199947357177734,-2.1219429969787598,0.4764135181903839
baseline,3091,22.699920654296875,53.89994812011719,-2.1280593872070312,1.2060315608978271
baseline,3092,20.699920654296875,49.89994812011719,-1.444043755531311,1.7975451946258545
baseline,3093,23.199920654296875,52.59994888305664,-2.1492764949798584,1.9318714141845703
baseline,3094,21.59992027282715,55.59994888305664,-2.121830940246582,0.31392335891723633
baseline,3095,18.699920654296875,54.699947357177734,-2.112344980239868,0.3805604577064514
baseline,3096,22.09992027282715,53.09994888305664,-2.1551620960235596,1.3241468667984009
baseline,3097,19.399919509887695,54.699947357177734,-2.0929079055786133,0.2715429961681366
baseline,3098,18.699920654296875,53.09994888305664,-2.1072423458099365,0.5870575904846191
baseline,3099,29.899919509887695,49.49995040893555,-1.9553608894348145,1.2828902006149292
baseline,3100,24.999919891357422,48.39994812011719,-2.001865863800049,0.5311104655265808
baseline,3101,22.399919509887695,52.699947357177734,-2.1545727252960205,1.3494822978973389
baseline,3102,18.699918746948242,53.799949645996094,-2.1323983669281006,0.5584561228752136
baseline,3103,20.899919509887695,52.699947357177734,-2.147473096847534,0.6592733860015869
baseline,3104,18.399919509887695,52.39994812011719,-2.097060441970825,0.7559046149253845
baseline,3105,21.59992027282715,51.89994812011719,-2.0064845085144043,0.7151530981063843
baseline,3106,23.999919891357422,52.199947357177734,-2.1629371643066406,1.1636098623275757
baseline,3107,24.899919509887695,49.89994812011719,-2.1255416870117188,0.6176146268844604
baseline,3108,21.899919509887695,49.49995040893555,-1.3184093236923218,1.4216011762619019
baseline,3109,24.999919891357422,50.99995040893555,-2.0945916175842285,0.3241821229457855
baseline,3110,19.199918746948242,52.89994812011719,-2.1333184242248535,0.6274966597557068
baseline,3111,23.79991912841797,54.99995040893555,-2.0720605850219727,0.7891903519630432
baseline,3112,28.29991912841797,57.89994812011719,-1.9912391901016235,0.5305414199829102
baseline,3113,22.199918746948242,48.299949645996094,-2.111146926879883,1.4681636095046997
baseline,3114,20.29991912841797,54.299949645996094,-2.162168502807617,0.37824878096580505
baseline,3115,21.099918365478516,49.49994659423828,-1.2906972169876099,1.661034107208252
baseline,3116,24.499919891357422,52.29994583129883,-2.183323383331299,0.7392337322235107
baseline,3117,18.999919891357422,52.39994812011719,-2.159010171890259,0.709801971912384
baseline,3118,23.999919891357422,51.699947357177734,-2.1814143657684326,1.1755170822143555
baseline,3119,22.699918746948242,48.299949645996094,-2.16318941116333,1.210492491722107
baseline,3120,23.499919891357422,51.99995040893555,-2.175689458847046,1.6273674964904785
baseline,3121,22.79991912841797,54.99995040893555,-2.0966827869415283,0.638063907623291
baseline,3122,25.29991912841797,49.49994659423828,-2.077092170715332,0.4592733681201935
baseline,3123,21.79991912841797,52.49994659423828,-2.1935343742370605,0.8638682961463928
baseline,3124,24.499919891357422,51.799949645996094,-2.210536003112793,0.6856475472450256
baseline,3125,23.099918365478516,46.89994812011719,-2.2270097732543945,0.5590865015983582
baseline,3126,23.499919891357422,51.299949645996094,-2.2468035221099854,1.630663275718689
baseline,3127,26.29991912841797,55.699951171875,-2.0381596088409424,0.11083722859621048
baseline,3128,23.999919891357422,50.99995040893555,-2.2602388858795166,1.0480321645736694
baseline,3129,20.199918746948242,53.299949645996094,-2.128664016723633,0.4268433153629303
baseline,3130,20.899919509887695,47.49995040893555,-2.0380327701568604,2.430479049682617
baseline,3131,29.499919891357422,48.49995040893555,-2.1859238147735596,1.580956220626831
baseline,3132,28.899919509887695,48.09994888305664,-2.1427600383758545,1.1334489583969116
baseline,3133,22.999919891357422,47.49995040893555,-2.308285713195801,0.8046802282333374
baseline,3134,23.699918746948242,50.599952697753906,-2.3146650791168213,1.1472433805465698
baseline,3135,20.399919509887695,56.699951171875,-2.0890865325927734,0.41901764273643494
baseline,3136,25.499919891357422,48.89995193481445,-2.079667568206787,0.5185081958770752
baseline,3137,24.59992027282715,50.699951171875,-2.3151838779449463,0.37741246819496155
baseline,3138,24.09992027282715,50.199951171875,-2.3489322662353516,0.7401224374771118
baseline,3139,21.59992027282715,48.299949645996094,-2.3258910179138184,1.3953462839126587
baseline,3140,25.59992027282715,44.39994812011719,-1.8312050104141235,0.5056827068328857
baseline,3141,21.899919509887695,47.799949645996094,-2.3320393562316895,1.6541188955307007
baseline,3142,20.59992027282715,50.799949645996094,-1.6519372463226318,1.488044023513794
baseline,3143,22.899919509887695,49.99995040893555,-2.37056565284729,1.078803300857544
baseline,3144,22.199920654296875,50.799949645996094,-2.3843257427215576,0.3862452208995819
baseline,3145,26.699920654296875,46.99995040893555,-2.040865659713745,0.15439531207084656
baseline,3146,22.499919891357422,47.49995040893555,-2.205721616744995,1.1314575672149658
baseline,3147,23.199920654296875,50.59994888305664,-2.3658835887908936,1.1947965621948242
baseline,3148,24.199920654296875,49.599952697753906,-2.386432409286499,0.3239135146141052
baseline,3149,23.699920654296875,49.299949645996094,-2.432591438293457,0.35566315054893494
baseline,3150,23.399919509887695,50.09994888305664,-2.3972489833831787,0.8252763748168945
baseline,3151,24.399919509887695,49.09994888305664,-2.444078207015991,0.6222041845321655
baseline,3152,22.699920654296875,51.49995040893555,-2.428994655609131,1.1500133275985718
baseline,3153,20.999919891357422,55.199951171875,-2.1161646842956543,0.6538537740707397
baseline,3154,25.499919891357422,47.49995040893555,-2.0257418155670166,0.4646347761154175
baseline,3155,24.09992027282715,48.699951171875,-2.475299835205078,0.5236139297485352
baseline,3156,29.2999210357666,49.49995040893555,-1.9454196691513062,0.8190433979034424
baseline,3157,22.7999210357666,48.799949645996094,-2.4553825855255127,1.2258648872375488
baseline,3158,24.699920654296875,48.59994888305664,-2.4959797859191895,0.30531761050224304
baseline,3159,23.09992027282715,48.299949645996094,-2.4859585762023926,0.7986787557601929
baseline,3160,24.499919891357422,51.199947357177734,-2.273324728012085,0.6932219862937927
baseline,3161,23.999919891357422,48.09994888305664,-2.54036283493042,0.2832568883895874
baseline,3162,23.2999210357666,45.89994812011719,-2.4621975421905518,0.5825275182723999
baseline,3163,23.399919509887695,48.799949645996094,-2.5203750133514404,0.9001824855804443
baseline,3164,25.499919891357422,46.59994888305664,-1.9682596921920776,0.49116572737693787
baseline,3165,22.999919891357422,49.299949645996094,-2.503504991531372,0.9757910966873169
baseline,3166,21.499919891357422,50.299949645996094,-2.5176734924316406,0.6313998103141785
baseline,3167,24.199920654296875,47.199951171875,-2.604063034057617,0.385690838098526
baseline,3168,24.999919891357422,48.199954986572266,-2.5449440479278564,0.4704534411430359
baseline,3169,25.2999210357666,47.199954986572266,-2.430509328842163,0.29330554604530334
baseline,3170,24.2999210357666,46.699954986572266,-2.643789052963257,0.3497156500816345
baseline,3171,23.2999210357666,47.199954986572266,-2.622896432876587,0.36757734417915344
baseline,3172,22.2999210357666,47.699954986572266,-2.656351327896118,1.1722549200057983
baseline,3173,23.399921417236328,44.29995346069336,-2.6637611389160156,0.749527633190155
baseline,3174,24.7999210357666,47.09995651245117,-2.6606295108795166,0.35738906264305115
baseline,3175,27.899921417236328,40.79995346069336,-1.6650751829147339,0.6423503160476685
baseline,3176,23.7999210357666,46.59995651245117,-2.6684176921844482,0.43809568881988525
baseline,3177,27.7999210357666,41.799957275390625,-1.720833659172058,0.5880581140518188
baseline,3178,23.59992027282715,42.799957275390625,-2.714830160140991,0.7943034768104553
baseline,3179,23.7999210357666,46.09995651245117,-2.7122552394866943,0.2508396804332733
baseline,3180,24.7999210357666,46.299957275390625,-2.7120487689971924,0.36835208535194397
baseline,3181,22.199920654296875,46.49995422363281,-2.327303409576416,1.1950722932815552
baseline,3182,22.09992027282715,48.49995422363281,-2.659226179122925,1.1153091192245483
baseline,3183,24.199920654296875,44.99995422363281,-2.714207410812378,0.42897915840148926
baseline,3184,27.09992027282715,45.79995346069336,-1.9697751998901367,0.2735324800014496
baseline,3185,23.499919891357422,45.49995422363281,-2.7718288898468018,0.3632577061653137
baseline,3186,23.499919891357422,43.699954986572266,-2.7666900157928467,0.5994874835014343
baseline,3187,24.7999210357666,45.699954986572266,-2.768087387084961,0.3062931299209595
baseline,3188,23.59992027282715,47.599952697753906,-2.6128602027893066,0.3917349874973297
baseline,3189,21.399921417236328,47.699954986572266,-2.583393096923828,1.9703502655029297
baseline,3190,27.399921417236328,43.699954986572266,-1.8659623861312866,0.4308190941810608
baseline,3191,24.7999210357666,44.99995422363281,-2.8189191818237305,0.44102856516838074
baseline,3192,23.999921798706055,44.09995651245117,-2.816627025604248,0.5974739193916321
baseline,3193,23.59992027282715,42.09995651245117,-2.675172805786133,0.9879535436630249
baseline,3194,25.999921798706055,45.39995574951172,-2.7811098098754883,0.6919522881507874
baseline,3195,23.499921798706055,44.99995422363281,-2.790855646133423,0.46430066227912903
baseline,3196,24.499921798706055,44.099952697753906,-2.8039605617523193,0.5845786333084106
baseline,3197,25.7999210357666,46.39995574951172,-2.5438320636749268,0.4777468740940094
baseline,3198,24.2999210357666,46.199954986572266,-2.70181941986084,0.4488547742366791
baseline,3199,24.199920654296875,45.699954986572266,-2.7425482273101807,0.5433232188224792
baseline,3200,27.59992027282715,43.099952697753906,-1.8265515565872192,0.5023980140686035
baseline,3201,25.499921798706055,45.99995422363281,-2.3202831745147705,0.3490235507488251
baseline,3202,23.999921798706055,43.599952697753906,-2.8596177101135254,0.7018851637840271
baseline,3203,24.699920654296875,43.39995193481445,-2.8880555629730225,0.4744358956813812
baseline,3204,27.399921417236328,44.199954986572266,-1.890216588973999,0.28149521350860596
baseline,3205,24.399921417236328,42.89995574951172,-2.941500425338745,0.5026503801345825
baseline,3206,27.399921417236328,45.299957275390625,-1.9372937679290771,0.21059304475784302
baseline,3207,24.7999210357666,47.699954986572266,-2.595787763595581,0.2932108938694
baseline,3208,26.199920654296875,44.799957275390625,-2.8477447032928467,0.8037894368171692
baseline,3209,24.7999210357666,42.59996032714844,-2.9996025562286377,0.47682318091392517
baseline,3210,23.7999210357666,44.59996032714844,-2.765120029449463,0.5740544199943542
baseline,3211,24.699920654296875,42.09996032714844,-3.0112674236297607,0.4753066301345825
baseline,3212,24.7999210357666,41.59996032714844,-3.058114528656006,0.25582194328308105
baseline,3213,24.2999210357666,41.49995803833008,-3.050358295440674,0.4241444766521454
baseline,3214,26.59992218017578,37.899959564208984,-3.04103946685791,1.1934415102005005
baseline,3215,22.399921417236328,48.1999626159668,-3.0553369522094727,1.1409449577331543
baseline,3216,24.499921798706055,40.79996109008789,-3.1075186729431152,0.3935472071170807
baseline,3217,24.299922943115234,47.6999626159668,-2.5673768520355225,0.31743180751800537
baseline,3218,22.799922943115234,47.6999626159668,-2.7808356285095215,0.6574438810348511
baseline,3219,26.999921798706055,37.5999641418457,-3.084704875946045,1.0967200994491577
baseline,3220,24.999921798706055,41.0999641418457,-3.152092456817627,0.24911291897296906
baseline,3221,24.999921798706055,40.09996032714844,-3.171438455581665,0.3710774779319763
baseline,3222,24.799922943115234,44.499961853027344,-2.868593692779541,0.5299586653709412
baseline,3223,24.199922561645508,40.09996032714844,-3.1460986137390137,0.5904603004455566
baseline,3224,26.39992332458496,38.499961853027344,-3.106693744659424,1.0878239870071411
baseline,3225,27.39992332458496,37.1999626159668,-3.0153746604919434,1.0458258390426636
baseline,3226,28.699922561645508,34.79996109008789,-2.84476900100708,0.6807014346122742
baseline,3227,23.999921798706055,41.999961853027344,-2.987405776977539,0.4924161732196808
baseline,3228,24.499921798706055,39.499961853027344,-3.2349867820739746,0.5104643106460571
baseline,3229,23.09992218017578,44.39996337890625,-3.2374212741851807,0.16550445556640625
baseline,3230,25.299922943115234,39.5999641418457,-3.2384214401245117,0.48076850175857544
baseline,3231,25.09992218017578,40.5999641418457,-3.2047481536865234,0.29928362369537354
baseline,3232,27.89992332458496,36.799964904785156,-3.004054307937622,0.9705510139465332
baseline,3233,20.299922943115234,45.1999626159668,-3.2816696166992188,2.976548671722412
baseline,3234,29.199922561645508,34.999961853027344,-3.0893075466156006,0.35680249333381653
baseline,3235,21.499921798706055,44.1999626159668,-3.2853305339813232,1.6960440874099731
baseline,3236,23.299922943115234,42.799964904785156,-3.2836434841156006,0.3831908702850342
baseline,3237,23.499921798706055,41.5999641418457,-3.2841665744781494,0.7024039626121521
baseline,3238,28.39992332458496,34.39996337890625,-2.976405620574951,0.7334474325180054
baseline,3239,20.09992218017578,44.0999641418457,-3.2802963256835938,3.086557626724243
baseline,3240,25.499921798706055,38.89996337890625,-3.2838973999023438,0.5221278071403503
baseline,3241,20.299922943115234,44.5999641418457,-3.2816922664642334,2.888143539428711
baseline,3242,22.59992218017578,44.499961853027344,-3.2797398567199707,0.5958633422851562
baseline,3243,19.59992218017578,44.0999641418457,-3.2839367389678955,3.58489990234375
baseline,3244,21.89992332458496,44.89996337890625,-3.284928321838379,1.3740239143371582
baseline,3245,23.199922561645508,43.499961853027344,-3.2814159393310547,0.33050376176834106
baseline,3246,23.59992218017578,40.1999626159668,-3.2830255031585693,0.3065786063671112
baseline,3247,28.799922943115234,35.39996337890625,-2.643739700317383,0.8807268738746643
baseline,3248,22.299922943115234,33.999961853027344,-3.281883716583252,0.2196514904499054
baseline,3249,24.999921798706055,38.89996337890625,-3.2819607257843018,0.43405261635780334
baseline,3250,23.09992218017578,42.299964904785156,-3.2839760780334473,0.42292529344558716
baseline,3251,20.999921798706055,44.1999626159668,-3.2853336334228516,2.192427635192871
baseline,3252,22.09992218017578,43.99996566772461,-3.290573835372925,1.088722586631775
baseline,3253,24.699922561645508,38.299964904785156,-3.2897441387176514,0.5822519063949585
baseline,3254,19.299922943115234,43.1999626159668,-3.3053653240203857,3.7076456546783447
baseline,3255,20.39992332458496,43.39996337890625,-3.3095295429229736,2.671266794204712
baseline,3256,24.39992332458496,38.799964904785156,-3.254288673400879,0.46210232377052307
baseline,3257,22.499923706054688,45.1999626159668,-3.3103325366973877,0.7893373370170593
baseline,3258,25.799922943115234,37.6999626159668,-3.3091540336608887,0.6679856181144714
baseline,3259,21.39992332458496,43.299964904785156,-3.311530590057373,1.6922723054885864
baseline,3260,21.299922943115234,44.89996337890625,-3.3110015392303467,1.944164752960205
baseline,3261,23.59992218017578,41.0999641418457,-3.3101539611816406,0.35436487197875977
baseline,3262,25.59992218017578,38.299964904785156,-3.2955210208892822,0.3776809871196747
baseline,3263,20.699922561645508,44.89996337890625,-3.304253578186035,2.529226541519165
baseline,3264,22.699922561645508,43.89996337890625,-3.3053078651428223,0.4826371967792511
baseline,3265,25.999923706054688,37.19996643066406,-3.323892593383789,0.34815770387649536
baseline,3266,24.39992332458496,37.799964904785156,-3.3240838050842285,0.3359546959400177
baseline,3267,19.799922943115234,41.69996643066406,-3.3213212490081787,3.316521406173706
baseline,3268,28.499923706054688,36.19996643066406,-3.020685911178589,0.8205145001411438
baseline,3269,23.699922561645508,38.799964904785156,-3.3232758045196533,0.3410482108592987
baseline,3270,22.699922561645508,42.5999641418457,-3.3237948417663574,0.29758766293525696
baseline,3271,19.799922943115234,44.799964904785156,-3.3057003021240234,3.4034032821655273
baseline,3272,29.699922561645508,35.0999641418457,-2.8392820358276367,0.6165480613708496
baseline,3273,26.59992218017578,37.19996643066406,-3.322993755340576,0.7743711471557617
baseline,3274,19.799922943115234,43.39996337890625,-3.3230395317077637,3.2518386840820312
baseline,3275,22.699922561645508,43.299964904785156,-3.3236083984375,0.6883355379104614
baseline,3276,26.199922561645508,36.5999641418457,-3.336801528930664,0.3733389675617218
baseline,3277,21.799922943115234,41.5999641418457,-3.3368735313415527,1.5901031494140625
baseline,3278,23.299922943115234,39.39996337890625,-3.3367457389831543,0.7394804954528809
baseline,3279,22.09992218017578,42.5999641418457,-3.3331894874572754,0.8766427636146545
baseline,3280,20.59992218017578,42.499961853027344,-3.3351330757141113,2.3764843940734863
baseline,3281,25.199922561645508,37.1999626159668,-3.3359832763671875,0.41806116700172424
baseline,3282,22.999923706054688,41.0999641418457,-3.3350703716278076,0.8890905976295471
baseline,3283,27.799922943115234,35.499961853027344,-3.334733247756958,0.3776732087135315
baseline,3284,26.999923706054688,36.6999626159668,-3.3210771083831787,0.7281529903411865
baseline,3285,27.499923706054688,36.39996337890625,-3.321754217147827,0.5788010954856873
baseline,3286,22.199922561645508,43.299964904785156,-3.3258206844329834,0.9957587718963623
baseline,3287,20.89992332458496,43.1999626159668,-3.334238052368164,2.1359148025512695
baseline,3288,29.09992218017578,36.299964904785156,-3.0769617557525635,0.7713399529457092
baseline,3289,19.299922943115234,42.39996337890625,-3.336700916290283,3.679625988006592
baseline,3290,28.199922561645508,35.799964904785156,-3.3304834365844727,0.4605199098587036
baseline,3291,19.799922943115234,42.799964904785156,-3.3361258506774902,3.172015428543091
baseline,3292,21.39992332458496,40.799964904785156,-3.359001398086548,2.403747797012329
baseline,3293,27.09992218017578,35.1999626159668,-3.3590614795684814,0.38650062680244446
baseline,3294,19.699922561645508,40.89996337890625,-3.3542568683624268,3.719775438308716
baseline,3295,24.299922943115234,37.0999641418457,-3.357431411743164,0.4157680571079254
baseline,3296,25.499923706054688,36.39996337890625,-3.3580806255340576,0.4271440804004669
baseline,3297,28.299922943115234,35.299964904785156,-3.351815938949585,0.3534969985485077
baseline,3298,19.299922943115234,41.89996337890625,-3.3565282821655273,3.7498319149017334
baseline,3299,21.199922561645508,42.6999626159668,-3.34851336479187,1.7701915502548218
baseline,3300,25.199922561645508,37.89996337890625,-3.2853872776031494,0.36405572295188904
baseline,3301,21.09992218017578,43.6999626159668,-3.3146848678588867,2.0793280601501465
baseline,3302,20.799922943115234,41.799964904785156,-3.3511500358581543,2.3393256664276123
baseline,3303,27.09992218017578,35.89996337890625,-3.3383522033691406,0.49824970960617065
baseline,3304,22.499923706054688,41.99996566772461,-3.351255416870117,0.8250091075897217
baseline,3305,21.199922561645508,41.39996337890625,-3.3587231636047363,2.1809768676757812
baseline,3306,23.799922943115234,37.1999626159668,-3.3587160110473633,0.4569726586341858
baseline,3307,20.699922561645508,40.49996566772461,-3.3591668605804443,3.0539956092834473
baseline,3308,29.499923706054688,35.6999626159668,-3.069808006286621,0.38410869240760803
baseline,3309,19.59992218017578,40.1999626159668,-3.35884690284729,3.694103479385376
baseline,3310,27.799922943115234,34.799964904785156,-3.358489513397217,0.41877999901771545
baseline,3311,22.699922561645508,40.6999626159668,-3.3560855388641357,1.1355971097946167
baseline,3312,26.59992218017578,35.5999641418457,-3.3572134971618652,0.3415215015411377
baseline,3313,20.199922561645508,42.1999626159668,-3.3586061000823975,2.8095004558563232
baseline,3314,26.499923706054688,36.1999626159668,-3.3444416522979736,0.34892070293426514
baseline,3315,21.39992332458496,42.0999641418457,-3.357893466949463,1.671736717224121
baseline,3316,22.59992218017578,41.39996337890625,-3.3589508533477783,1.3287945985794067
baseline,3317,22.799922943115234,40.1999626159668,-3.3505570888519287,0.9640020728111267
baseline,3318,20.59992218017578,41.0999641418457,-3.34963321685791,2.8451285362243652
baseline,3319,24.799922943115234,36.6999626159668,-3.3483195304870605,0.47824662923812866
baseline,3320,23.999923706054688,42.49996566772461,-2.8959553241729736,0.6787769794464111
baseline,3321,25.999923706054688,38.799964904785156,-3.3549249172210693,0.7380924224853516
baseline,3322,25.199922561645508,35.899967193603516,-3.3930885791778564,0.2172114998102188
baseline,3323,22.099924087524414,38.799964904785156,-3.3929004669189453,1.8396440744400024
baseline,3324,19.999923706054688,38.899967193603516,-3.3921408653259277,2.364443302154541
baseline,3325,28.699922561645508,36.69996643066406,-3.0563437938690186,1.177165150642395
baseline,3326,24.299922943115234,36.399967193603516,-3.3905463218688965,0.512351930141449
baseline,3327,22.999923706054688,38.19996643066406,-3.39200496673584,0.9543231725692749
baseline,3328,22.799922943115234,37.0999641418457,-3.3918960094451904,0.8064348697662354
baseline,3329,19.699922561645508,39.399967193603516,-3.389286518096924,2.946779251098633
baseline,3330,23.199922561645508,38.799964904785156,-3.3866569995880127,0.807685375213623
baseline,3331,21.299922943115234,40.19996643066406,-3.382751226425171,2.4476776123046875
baseline,3332,21.89992332458496,40.799964904785156,-3.36262583732605,1.9198100566864014
baseline,3333,21.89992332458496,39.799964904785156,-3.378227472305298,1.9110270738601685
baseline,3334,20.799922943115234,39.69996643066406,-3.3920724391937256,2.843855857849121
baseline,3335,22.699922561645508,39.49996566772461,-3.3851699829101562,1.281313180923462
baseline,3336,23.699922561645508,37.99996566772461,-3.3700056076049805,0.40380582213401794
baseline,3337,21.799922943115234,40.299964904785156,-3.380864381790161,1.9476996660232544
baseline,3338,20.199922561645508,39.5999641418457,-3.3933465480804443,2.903672218322754
baseline,3339,27.799922943115234,34.299964904785156,-3.3770642280578613,0.46517565846443176
baseline,3340,26.099924087524414,35.799964904785156,-3.377225160598755,0.428882896900177
baseline,3341,20.09992218017578,40.399967193603516,-3.375873327255249,3.646571397781372
baseline,3342,25.499923706054688,35.19996643066406,-3.3764374256134033,0.4204828441143036
baseline,3343,29.199922561645508,34.399967193603516,-3.37471079826355,0.49977728724479675
baseline,3344,26.699922561645508,34.5999641418457,-3.3769125938415527,0.29200637340545654
baseline,3345,24.199922561645508,35.89996337890625,-3.387211799621582,0.3469882607460022
baseline,3346,27.199922561645508,34.19996643066406,-3.3863744735717773,0.20875950157642365
baseline,3347,23.299922943115234,37.49996566772461,-3.388221025466919,0.7878546714782715
baseline,3348,21.299922943115234,39.39996337890625,-3.387514114379883,2.5094003677368164
baseline,3349,26.599924087524414,35.0999641418457,-3.3748130798339844,0.18490976095199585
baseline,3350,23.199922561645508,39.89996337890625,-3.3659112453460693,0.6872876286506653
baseline,3351,23.799922943115234,36.399967193603516,-3.374091625213623,0.29552900791168213
baseline,3352,22.599924087524414,38.99996566772461,-3.3786346912384033,1.391200065612793
baseline,3353,24.699922561645508,35.49996566772461,-3.376913547515869,0.3386518359184265
baseline,3354,21.699922561645508,42.899967193603516,-3.3503646850585938,1.2904086112976074
baseline,3355,25.999923706054688,34.79996871948242,-3.351442813873291,0.33942505717277527
baseline,3356,24.999923706054688,34.999969482421875,-3.351047992706299,0.3827924132347107
baseline,3357,25.599924087524414,36.899967193603516,-3.2597179412841797,0.5478983521461487
baseline,3358,24.499923706054688,34.89997100830078,-3.3606863021850586,0.28188830614089966
baseline,3359,27.199922561645508,33.69997024536133,-3.3863797187805176,0.36446255445480347
baseline,3360,25.199922561645508,34.19997024536133,-3.387214183807373,0.2537294626235962
baseline,3361,29.799922943115234,33.999969482421875,-3.387488603591919,0.6121476292610168
baseline,3362,28.299922943115234,34.79996871948242,-3.385622978210449,0.44711801409721375
baseline,3363,28.299922943115234,33.499969482421875,-3.3868255615234375,0.37130874395370483
baseline,3364,26.199922561645508,33.999969482421875,-3.386683940887451,0.3178451657295227
baseline,3365,19.39992332458496,41.39997100830078,-3.3832082748413086,3.78936505317688
baseline,3366,19.499923706054688,38.69997024536133,-3.3934240341186523,2.514765739440918
baseline,3367,19.299922943115234,40.599971771240234,-3.3786652088165283,4.187193393707275
baseline,3368,24.199922561645508,34.39997100830078,-3.393505334854126,0.3980778455734253
baseline,3369,20.799922943115234,38.89997100830078,-3.3949809074401855,2.058712959289551
baseline,3370,23.999923706054688,35.39997100830078,-3.3749420642852783,0.3189008831977844
baseline,3371,19.299922943115234,39.69997024536133,-3.3689918518066406,3.4160573482513428
baseline,3372,27.199922561645508,34.69997024536133,-3.369746208190918,0.21264858543872833
baseline,3373,21.699922561645508,38.29996871948242,-3.404550552368164,1.4836233854293823
baseline,3374,23.499923706054688,35.89997100830078,-3.4044225215911865,0.4043944776058197
baseline,3375,20.699922561645508,38.19997024536133,-3.4043188095092773,1.4216479063034058
baseline,3376,25.39992332458496,33.599971771240234,-3.4032599925994873,0.2887439727783203
baseline,3377,19.699922561645508,38.19997024536133,-3.4040884971618652,2.027872323989868
baseline,3378,29.39992332458496,33.39997100830078,-3.3970530033111572,0.43225201964378357
baseline,3379,22.39992332458496,39.89997100830078,-3.3842921257019043,1.404238224029541
baseline,3380,21.799922943115234,39.19997024536133,-3.3982036113739014,2.155367374420166
baseline,3381,24.699922561645508,34.29996871948242,-3.358203887939453,0.3656373620033264
baseline,3382,29.999923706054688,35.49997329711914,-3.1027679443359375,0.7126906514167786
baseline,3383,24.89992332458496,33.49997329711914,-3.3978185653686523,0.22875812649726868
baseline,3384,26.09992218017578,33.39997482299805,-3.3979430198669434,0.2713189125061035
baseline,3385,27.699922561645508,33.49997329711914,-3.3979554176330566,0.345178484916687
baseline,3386,23.89992332458496,33.89997482299805,-3.3973021507263184,0.4023154675960541
baseline,3387,22.39992332458496,36.79997253417969,-3.414555311203003,0.37379926443099976
baseline,3388,23.59992218017578,34.89997100830078,-3.4194610118865967,0.3289700448513031
baseline,3389,27.89992332458496,32.89997100830078,-3.4200732707977295,0.3624684512615204
baseline,3390,26.89992332458496,32.99997329711914,-3.4181363582611084,0.10508738458156586
baseline,3391,20.59992218017578,37.69997024536133,-3.413159132003784,1.0423005819320679
baseline,3392,22.199922561645508,37.79997253417969,-3.419471025466919,1.3241801261901855
baseline,3393,20.299922943115234,38.49997329711914,-3.4142215251922607,1.869227647781372
baseline,3394,22.499921798706055,38.39997100830078,-3.4177052974700928,1.394210934638977
baseline,3395,25.59992218017578,32.99997329711914,-3.396249771118164,0.5027225017547607
baseline,3396,24.499921798706055,33.79997253417969,-3.3374850749969482,0.244576558470726
baseline,3397,23.09992218017578,36.29997253417969,-3.4202449321746826,0.7022303938865662
baseline,3398,23.89992332458496,33.19997024536133,-3.4173378944396973,0.31421205401420593
baseline,3399,25.999921798706055,32.39997100830078,-3.419642210006714,0.3859061300754547
baseline,3400,19.59992218017578,37.599971771240234,-3.4191744327545166,1.796695351600647
baseline,3401,24.999921798706055,32.499969482421875,-3.4191181659698486,0.4018670320510864
baseline,3402,21.299922943115234,38.79997253417969,-3.4124815464019775,1.9120690822601318
baseline,3403,26.499921798706055,32.499969482421875,-3.420064926147461,0.19826984405517578
baseline,3404,24.799922943115234,36.19997024536133,-3.334787368774414,0.4454290568828583
baseline,3405,26.699922561645508,33.89997100830078,-3.4119527339935303,0.34095320105552673
baseline,3406,30.399921417236328,31.999969482421875,-3.449721097946167,0.133552685379982
baseline,3407,20.999921798706055,35.79996871948242,-3.4487862586975098,0.5142351984977722
baseline,3408,25.699922561645508,31.89997100830078,-3.442511796951294,0.3074488639831543
baseline,3409,22.899921417236328,35.599971771240234,-3.448925018310547,0.16715025901794434
baseline,3410,21.499921798706055,36.999969482421875,-3.4421045780181885,0.323280394077301
baseline,3411,19.499921798706055,36.79996871948242,-3.450209140777588,1.5748828649520874
baseline,3412,28.499921798706055,32.39997100830078,-3.449997901916504,0.3657435178756714
baseline,3413,24.399921417236328,31.999969482421875,-3.449596405029297,0.3689291477203369
baseline,3414,21.199922561645508,38.19997024536133,-3.4285528659820557,1.3162075281143188
baseline,3415,20.09992218017578,37.69997024536133,-3.4358272552490234,1.4102733135223389
baseline,3416,28.59992218017578,32.89997100830078,-3.430340051651001,0.33858177065849304
baseline,3417,29.09992218017578,32.79996871948242,-3.4421443939208984,0.32531943917274475
baseline,3418,29.499921798706055,32.39997100830078,-3.44437313079834,0.2568739056587219
baseline,3419,21.399921417236328,37.599971771240234,-3.4456794261932373,0.7431777715682983
baseline,3420,24.699922561645508,32.89997100830078,-3.4041671752929688,0.21658988296985626
baseline,3421,24.199922561645508,32.69997024536133,-3.4194259643554688,0.22508946061134338
baseline,3422,26.999921798706055,32.49997329711914,-3.4583754539489746,0.2918953001499176
baseline,3423,23.199922561645508,34.19997024536133,-3.457763910293579,0.18914437294006348
baseline,3424,20.299922943115234,36.89997100830078,-3.4572417736053467,0.9199755787849426
baseline,3425,22.299922943115234,35.79997253417969,-3.4581942558288574,0.35505548119544983
baseline,3426,23.699922561645508,32.39997100830078,-3.4584178924560547,0.2682819664478302
baseline,3427,20.399921417236328,35.39997100830078,-3.458400249481201,0.1412535309791565
baseline,3428,28.09992218017578,36.29997253417969,-3.3176941871643066,0.45517489314079285
baseline,3429,21.199922561645508,36.49997329711914,-3.456216812133789,0.3167431950569153
baseline,3430,28.199922561645508,33.99997329711914,-3.42757511138916,0.32751715183258057
baseline,3431,21.899921417236328,37.29997253417969,-3.45786452293396,0.7920310497283936
baseline,3432,21.799922943115234,36.599971771240234,-3.4386157989501953,0.5663694143295288
baseline,3433,29.799922943115234,31.99997329711914,-3.443941116333008,0.28536292910575867
baseline,3434,24.399921417236328,33.29997253417969,-3.3754799365997314,0.3001413345336914
baseline,3435,22.699922561645508,37.599971771240234,-3.444798469543457,1.198695182800293
baseline,3436,24.999921798706055,31.99997329711914,-3.4105613231658936,0.11791910976171494
baseline,3437,23.999921798706055,38.39997482299805,-3.3284761905670166,0.5445990562438965
baseline,3438,25.399921417236328,34.699974060058594,-3.2853879928588867,0.1001582071185112
baseline,3439,27.299922943115234,31.79997444152832,-3.4777660369873047,0.4575470983982086
baseline,3440,19.499921798706055,35.0999755859375,-3.4722323417663574,0.11449475586414337
baseline,3441,29.699922561645508,32.99997329711914,-3.465930938720703,0.13157451152801514
baseline,3442,23.59992218017578,31.79997444152832,-3.478463649749756,0.4443987011909485
baseline,3443,24.999921798706055,30.99997329711914,-3.478614091873169,0.2849397361278534
baseline,3444,25.999921798706055,31.099973678588867,-3.4784884452819824,0.3235076367855072
baseline,3445,29.299922943115234,31.599973678588867,-3.4790711402893066,0.4564257264137268
baseline,3446,26.699922561645508,31.899974822998047,-3.4736616611480713,0.4423142075538635
baseline,3447,24.799922943115234,37.49997329711914,-3.280670166015625,0.5555948615074158
baseline,3448,21.799922943115234,35.5999755859375,-3.479572057723999,0.3433464467525482
baseline,3449,22.399921417236328,35.29997253417969,-3.477597713470459,0.21709005534648895
baseline,3450,22.59992218017578,34.79997253417969,-3.4762020111083984,0.23619748651981354
baseline,3451,25.499921798706055,30.99997329711914,-3.478929042816162,0.20143018662929535
baseline,3452,19.699922561645508,36.199974060058594,-3.4703502655029297,1.002435564994812
baseline,3453,30.699922561645508,31.399974822998047,-3.472944736480713,0.5888711810112
baseline,3454,23.499921798706055,32.89997482299805,-3.4775846004486084,0.48147907853126526
baseline,3455,21.899921417236328,36.0999755859375,-3.4792017936706543,0.14800208806991577
baseline,3456,23.399921417236328,36.699974060058594,-3.430048704147339,0.5213360786437988
baseline,3457,20.199922561645508,36.199974060058594,-3.466764211654663,0.7953628897666931
baseline,3458,23.899921417236328,31.399974822998047,-3.4676480293273926,0.33972033858299255
baseline,3459,29.999921798706055,32.5999755859375,-3.4662723541259766,0.5599119663238525
baseline,3460,27.899921417236328,32.199974060058594,-3.467522382736206,0.30239975452423096
baseline,3461,21.7999210357666,34.89997482299805,-3.4840619564056396,0.07668734341859818
baseline,3462,22.59992218017578,36.29997634887695,-3.469111204147339,0.32699665427207947
baseline,3463,25.699922561645508,33.99997329711914,-3.3214313983917236,0.3922244608402252
baseline,3464,26.09992218017578,35.29997634887695,-3.2852725982666016,0.5458264946937561
baseline,3465,20.199920654296875,33.999977111816406,-3.511075019836426,0.24328826367855072
baseline,3466,24.399921417236328,30.5999755859375,-3.5049922466278076,0.4197857975959778
baseline,3467,30.699922561645508,35.39997482299805,-2.682960271835327,1.1900596618652344
baseline,3468,26.999921798706055,30.999975204467773,-3.5098984241485596,0.2572478950023651
baseline,3469,19.59992218017578,35.699974060058594,-3.5096726417541504,0.7040330767631531
baseline,3470,28.2999210357666,31.0999755859375,-3.508728504180908,0.3958507776260376
baseline,3471,22.699922561645508,32.79997634887695,-3.5110068321228027,0.2882344722747803
baseline,3472,25.899921417236328,30.5999755859375,-3.5084755420684814,0.43485450744628906
baseline,3473,21.899921417236328,33.39997482299805,-3.5104596614837646,0.1462421715259552
baseline,3474,20.899921417236328,34.699974060058594,-3.510465383529663,0.26097989082336426
baseline,3475,21.499921798706055,34.199974060058594,-3.506349563598633,0.24914222955703735
baseline,3476,28.399921417236328,31.899974822998047,-3.496748924255371,0.2707626223564148
baseline,3477,20.09992218017578,34.89997482299805,-3.5026497840881348,0.3247344493865967
baseline,3478,20.7999210357666,34.0999755859375,-3.5100574493408203,0.24812693893909454
baseline,3479,22.999921798706055,33.39997482299805,-3.5034308433532715,0.2013091892004013
baseline,3480,27.399921417236328,32.79997634887695,-3.482830047607422,0.19178186357021332
baseline,3481,26.2999210357666,31.499975204467773,-3.481227159500122,0.23107677698135376
baseline,3482,25.199922561645508,30.499975204467773,-3.502073049545288,0.40724486112594604
baseline,3483,20.899921417236328,36.999977111816406,-3.4971742630004883,0.42531463503837585
baseline,3484,23.199922561645508,32.499977111816406,-3.502838611602783,0.24111391603946686
baseline,3485,20.699920654296875,33.5999755859375,-3.5012147426605225,0.19764265418052673
baseline,3486,20.699920654296875,36.39997482299805,-3.493880271911621,0.3177863657474518
baseline,3487,19.699920654296875,33.0999755859375,-3.5190846920013428,0.3852158784866333
baseline,3488,23.7999210357666,30.39997673034668,-3.5202224254608154,0.3333077132701874
baseline,3489,23.09992218017578,34.999977111816406,-3.4617180824279785,0.27631905674934387
baseline,3490,22.399921417236328,33.39997482299805,-3.517544984817505,0.45711222290992737
baseline,3491,28.399921417236328,30.5999755859375,-3.533400297164917,0.25768983364105225
baseline,3492,21.699922561645508,32.5999755859375,-3.537639856338501,0.35340526700019836
baseline,3493,30.299922943115234,30.799976348876953,-3.535748243331909,0.5399320721626282
baseline,3494,19.59992218017578,32.5999755859375,-3.534174919128418,0.7198949456214905
baseline,3495,19.59992218017578,33.699974060058594,-3.530256509780884,0.47123897075653076
baseline,3496,25.2999210357666,29.899974822998047,-3.53591251373291,0.30882805585861206
baseline,3497,22.699922561645508,31.899974822998047,-3.535243272781372,0.4566640555858612
baseline,3498,27.59992218017578,31.399974822998047,-3.5125036239624023,0.41237571835517883
baseline,3499,30.09992218017578,31.399974822998047,-3.508415937423706,0.19762368500232697
baseline,3500,23.999921798706055,30.899974822998047,-3.492253541946411,0.26703572273254395
baseline,3501,24.7999210357666,29.699974060058594,-3.539365291595459,0.25478923320770264
baseline,3502,20.59992218017578,32.699974060058594,-3.5408318042755127,0.491668701171875
baseline,3503,27.899921417236328,30.399974822998047,-3.5419840812683105,0.2885936498641968
baseline,3504,25.899921417236328,29.999975204467773,-3.5385375022888184,0.17922477424144745
baseline,3505,23.399921417236328,33.699974060058594,-3.4783437252044678,0.3016199469566345
baseline,3506,24.399921417236328,31.499975204467773,-3.403294324874878,0.21259824931621552
baseline,3507,24.199922561645508,29.5999755859375,-3.5507376194000244,0.42075783014297485
baseline,3508,19.59992218017578,34.39997482299805,-3.5393118858337402,0.45110204815864563
baseline,3509,29.399921417236328,30.499975204467773,-3.5504353046417236,0.37947848439216614
baseline,3510,21.199922561645508,33.5999755859375,-3.517836093902588,0.41522452235221863
baseline,3511,26.399921417236328,32.999977111816406,-3.5182933807373047,0.39386460185050964
baseline,3512,20.2999210357666,33.29997634887695,-3.545273542404175,0.27873578667640686
baseline,3513,21.09992218017578,33.0999755859375,-3.5497074127197266,0.2297295331954956
baseline,3514,22.999921798706055,30.699975967407227,-3.5590150356292725,0.1715024709701538
baseline,3515,30.899921417236328,30.699975967407227,-3.5121259689331055,0.14181819558143616
baseline,3516,21.899921417236328,31.999975204467773,-3.556328773498535,0.45519134402275085
baseline,3517,20.999921798706055,35.199974060058594,-3.5015156269073486,0.4066688120365143
baseline,3518,29.399921417236328,30.999975204467773,-3.5383286476135254,0.46746987104415894
baseline,3519,25.499921798706055,32.39997482299805,-3.3489463329315186,0.4914253354072571
baseline,3520,23.2999210357666,31.199975967407227,-3.5493876934051514,0.2366403490304947
baseline,3521,20.999921798706055,32.199974060058594,-3.5604560375213623,0.11767609417438507
baseline,3522,30.499921798706055,30.299976348876953,-3.556647300720215,0.3826860189437866
baseline,3523,24.999921798706055,29.0999755859375,-3.5597457885742188,0.20506718754768372
baseline,3524,26.59992218017578,30.5999755859375,-3.5555224418640137,0.2549349367618561
baseline,3525,28.999921798706055,32.199974060058594,-3.4810736179351807,0.29638588428497314
baseline,3526,28.7999210357666,31.199975967407227,-3.5395448207855225,0.4739168882369995
baseline,3527,25.2999210357666,31.5999755859375,-3.386986255645752,0.4810292720794678
baseline,3528,29.699922561645508,30.0999755859375,-3.554090738296509,0.25666898488998413
baseline,3529,22.7999210357666,33.89997482299805,-3.497565746307373,0.27709951996803284
baseline,3530,22.399921417236328,32.39997482299805,-3.546769142150879,0.16355670988559723
baseline,3531,27.499921798706055,30.899974822998047,-3.5309677124023438,0.2743836045265198
baseline,3532,24.09992218017578,28.999975204467773,-3.5639116764068604,0.3083469271659851
baseline,3533,23.399921417236328,29.999975204467773,-3.5643692016601562,0.24655774235725403
baseline,3534,29.699922561645508,29.499975204467773,-3.585570812225342,0.46783486008644104
baseline,3535,26.7999210357666,30.0999755859375,-3.5853285789489746,0.37448734045028687
baseline,3536,21.7999210357666,31.29997444152832,-3.58546781539917,0.25836387276649475
baseline,3537,28.399921417236328,29.699974060058594,-3.586519479751587,0.390350341796875
baseline,3538,20.199920654296875,31.899974822998047,-3.583631992340088,0.02385985665023327
baseline,3539,24.59992218017578,28.499975204467773,-3.584378957748413,0.2896580398082733
baseline,3540,25.7999210357666,29.199974060058594,-3.5765206813812256,0.29485636949539185
baseline,3541,30.899921417236328,29.499975204467773,-3.5795979499816895,0.6348035931587219
baseline,3542,30.199922561645508,29.79997444152832,-3.5848450660705566,0.28431078791618347
baseline,3543,22.09992218017578,34.49997329711914,-3.4867265224456787,0.28614649176597595
baseline,3544,20.09992218017578,32.5999755859375,-3.5700485706329346,0.5366306304931641
baseline,3545,28.699922561645508,30.199974060058594,-3.5692403316497803,0.3813464939594269
baseline,3546,23.699922561645508,34.39997482299805,-3.445582628250122,0.2759229242801666
baseline,3547,22.499921798706055,30.499975204467773,-3.58539080619812,0.37837034463882446
baseline,3548,22.699922561645508,31.29997444152832,-3.57466197013855,0.505790650844574
baseline,3549,20.499921798706055,31.0999755859375,-3.616997241973877,0.3017972409725189
baseline,3550,25.2999210357666,28.499975204467773,-3.6179921627044678,0.33413809537887573
baseline,3551,24.09992218017578,28.199975967407227,-3.6138856410980225,0.14325125515460968
baseline,3552,30.699922561645508,28.899974822998047,-3.6135008335113525,0.3480396866798401
baseline,3553,27.7999210357666,29.0999755859375,-3.6162357330322266,0.2671957314014435
baseline,3554,23.2999210357666,29.0999755859375,-3.617812395095825,0.2562183737754822
baseline,3555,29.09992218017578,29.199975967407227,-3.6168508529663086,0.3120121359825134
baseline,3556,19.399921417236328,31.999975204467773,-3.597261905670166,0.7759779095649719
baseline,3557,19.59992218017578,30.399974822998047,-3.6071128845214844,0.2994137406349182
baseline,3558,27.399921417236328,30.299976348876953,-3.616443634033203,0.22805514931678772
baseline,3559,20.7999210357666,31.5999755859375,-3.617424964904785,0.28869086503982544
baseline,3560,27.7999210357666,29.799976348876953,-3.616746664047241,0.20858801901340485
baseline,3561,19.999921798706055,31.399974822998047,-3.6123790740966797,0.1587403267621994
baseline,3562,24.899921417236328,27.999975204467773,-3.616888999938965,0.4002455174922943
baseline,3563,27.09992218017578,29.299976348876953,-3.6182477474212646,0.4593273401260376
baseline,3564,29.799922943115234,28.999975204467773,-3.6155271530151367,0.2127889096736908
baseline,3565,21.399921417236328,30.799976348876953,-3.6172876358032227,0.35078904032707214
baseline,3566,22.7999210357666,30.0999755859375,-3.600499391555786,0.3221704661846161
baseline,3567,29.199922561645508,29.699975967407227,-3.6044323444366455,0.24666883051395416
baseline,3568,28.59992218017578,29.199975967407227,-3.616596221923828,0.306027889251709
baseline,3569,21.399921417236328,31.799976348876953,-3.6030490398406982,0.4342566430568695
baseline,3570,24.499921798706055,30.0999755859375,-3.4891533851623535,0.32209277153015137
baseline,3571,29.399921417236328,27.799976348876953,-3.6704258918762207,0.13256067037582397
baseline,3572,27.2999210357666,28.699975967407227,-3.670637845993042,0.20840653777122498
baseline,3573,30.899921417236328,27.999975204467773,-3.668666362762451,0.8168654441833496
baseline,3574,22.59992218017578,28.89997673034668,-3.6713662147521973,0.40086600184440613
baseline,3575,19.499921798706055,29.699975967407227,-3.668534517288208,0.3043134808540344
baseline,3576,24.09992218017578,27.5999755859375,-3.6710290908813477,0.3287840485572815
baseline,3577,25.999921798706055,28.699975967407227,-3.6714060306549072,0.15959863364696503
baseline,3578,19.399921417236328,31.39997673034668,-3.661633014678955,0.5591435432434082
baseline,3579,21.2999210357666,29.299976348876953,-3.6705610752105713,0.3477446734905243
baseline,3580,21.09992218017578,31.199975967407227,-3.629666805267334,0.2540169060230255
baseline,3581,21.999921798706055,30.499975204467773,-3.6358933448791504,0.40608465671539307
baseline,3582,20.2999210357666,30.499975204467773,-3.6618456840515137,0.40960559248924255
baseline,3583,21.09992218017578,30.299976348876953,-3.6634693145751953,0.28863751888275146
baseline,3584,21.999921798706055,29.699975967407227,-3.653062105178833,0.23715335130691528
baseline,3585,22.59992218017578,29.5999755859375,-3.628570556640625,0.32265356183052063
baseline,3586,21.59992218017578,30.0999755859375,-3.667837619781494,0.34174880385398865
baseline,3587,20.499921798706055,29.999975204467773,-3.665092945098877,0.34998318552970886
baseline,3588,27.999921798706055,28.499975204467773,-3.66896390914917,0.2614445686340332
baseline,3589,29.799922943115234,25.499975204467773,-3.666095733642578,1.1429908275604248
baseline,3590,29.59992218017578,27.199975967407227,-3.66890025138855,0.18578791618347168
baseline,3591,26.699922561645508,28.89997673034668,-3.6696527004241943,0.1291627734899521
baseline,3592,26.2999210357666,29.5999755859375,-3.667189359664917,0.38727617263793945
baseline,3593,28.699922561645508,27.79997444152832,-3.6709649562835693,0.20898188650608063
baseline,3594,21.7999210357666,29.0999755859375,-3.670788049697876,0.2413100302219391
baseline,3595,23.09992218017578,28.199975967407227,-3.667717456817627,0.37464016675949097
baseline,3596,29.699922561645508,28.199975967407227,-3.6708595752716064,0.380182147026062
baseline,3597,22.199922561645508,30.999975204467773,-3.5953903198242188,0.1945081651210785
baseline,3598,19.899921417236328,30.899974822998047,-3.666872501373291,0.24543078243732452
baseline,3599,28.699922561645508,28.5999755859375,-3.664544105529785,0.3139212727546692
baseline,3600,30.899921417236328,27.499975204467773,-3.688214063644409,0.4347744286060333
baseline,3601,20.699920654296875,28.999975204467773,-3.6940603256225586,0.31345534324645996
baseline,3602,27.7999210357666,27.999975204467773,-3.6926310062408447,0.2502184212207794
baseline,3603,25.59992218017578,27.399974822998047,-3.692924976348877,0.24276059865951538
baseline,3604,24.59992218017578,27.29997444152832,-3.6936421394348145,0.34447526931762695
baseline,3605,30.09992218017578,27.499975204467773,-3.682556390762329,0.4822724461555481
baseline,3606,22.2999210357666,31.5999755859375,-3.5707101821899414,0.2235793024301529
baseline,3607,20.7999210357666,29.5999755859375,-3.682512044906616,0.2107997089624405
baseline,3608,30.199922561645508,28.199975967407227,-3.688333034515381,0.4748421311378479
baseline,3609,28.199922561645508,27.699975967407227,-3.713312864303589,0.09493997693061829
baseline,3610,23.59992218017578,27.29997444152832,-3.7122464179992676,0.08203870058059692
baseline,3611,21.09992218017578,28.5999755859375,-3.712022542953491,0.2678322196006775
baseline,3612,25.7999210357666,27.999975204467773,-3.711343765258789,0.1978260576725006
baseline,3613,22.09992218017578,28.29997444152832,-3.713193416595459,0.32401973009109497
baseline,3614,27.999921798706055,23.5999755859375,-3.701613187789917,0.7615882754325867
baseline,3615,19.199920654296875,28.699975967407227,-3.7136731147766113,0.28897374868392944
baseline,3616,30.899921417236328,26.0999755859375,-3.6454684734344482,1.0047862529754639
baseline,3617,28.999921798706055,27.0999755859375,-3.7108871936798096,0.12097082287073135
baseline,3618,26.999921798706055,28.0999755859375,-3.7143497467041016,0.16814053058624268
baseline,3619,19.999921798706055,29.999975204467773,-3.6866047382354736,0.3573009967803955
baseline,3620,19.999921798706055,29.29997444152832,-3.698463201522827,0.3155256509780884
baseline,3621,22.59992218017578,28.199975967407227,-3.7081172466278076,0.2812938392162323
baseline,3622,20.499921798706055,28.299976348876953,-3.7258520126342773,0.10214754194021225
baseline,3623,27.699922561645508,27.399974822998047,-3.7274928092956543,0.24496184289455414
baseline,3624,19.399921417236328,28.199975967407227,-3.7270028591156006,0.3162502348423004
baseline,3625,22.09992218017578,27.699975967407227,-3.723142147064209,0.47679516673088074
baseline,3626,23.699922561645508,28.5999755859375,-3.630195379257202,0.4324381947517395
baseline,3627,27.199922561645508,29.799976348876953,-3.6144416332244873,0.30999431014060974
baseline,3628,19.699920654296875,28.899974822998047,-3.7240943908691406,0.20019955933094025
baseline,3629,29.09992218017578,28.199975967407227,-3.6821937561035156,0.2800476551055908
baseline,3630,20.199920654296875,28.799976348876953,-3.726425886154175,0.3423174023628235
baseline,3631,24.09992218017578,27.0999755859375,-3.725785732269287,0.27336910367012024
baseline,3632,23.199922561645508,26.799976348876953,-3.77047061920166,0.3599284291267395
baseline,3633,28.699922561645508,26.5999755859375,-3.773108720779419,0.15720748901367188
baseline,3634,24.899921417236328,25.799976348876953,-3.772488594055176,0.19678685069084167
baseline,3635,20.899921417236328,27.199975967407227,-3.7686374187469482,0.2627127170562744
baseline,3636,27.699922561645508,22.999975204467773,-3.7687976360321045,0.5353798866271973
baseline,3637,19.199920654296875,29.199975967407227,-3.753462791442871,0.3804199695587158
baseline,3638,28.2999210357666,24.199975967407227,-3.7563462257385254,0.9360941052436829
baseline,3639,26.499921798706055,26.89997673034668,-3.771951675415039,0.3157399594783783
baseline,3640,19.399921417236328,27.499975204467773,-3.7707455158233643,0.2673533260822296
baseline,3641,28.499921798706055,20.999975204467773,-2.215717077255249,2.5883736610412598
baseline,3642,21.2999210357666,27.89997673034668,-3.757338523864746,0.2261473387479782
baseline,3643,26.199922561645508,27.5999755859375,-3.750901460647583,0.2859814167022705
baseline,3644,22.699922561645508,27.499975204467773,-3.7531087398529053,0.465323269367218
baseline,3645,25.999921798706055,27.0999755859375,-3.7511775493621826,0.3188006281852722
baseline,3646,25.09992218017578,26.499975204467773,-3.763443946838379,0.27111566066741943
baseline,3647,25.499921798706055,25.699975967407227,-3.7802934646606445,0.4162203371524811
baseline,3648,29.999921798706055,26.5999755859375,-3.771728992462158,0.40110427141189575
baseline,3649,22.199922561645508,26.5999755859375,-3.779264450073242,0.28753426671028137
baseline,3650,23.699922561645508,26.5999755859375,-3.779432773590088,0.26065221428871155
baseline,3651,27.399921417236328,26.999975204467773,-3.7804300785064697,0.3616634011268616
baseline,3652,19.2999210357666,30.899974822998047,-3.7514076232910156,0.3228687047958374
baseline,3653,19.899921417236328,28.399974822998047,-3.7452449798583984,0.2561420202255249
baseline,3654,26.999921798706055,27.5999755859375,-3.772094249725342,0.1941535770893097
baseline,3655,19.999921798706055,27.899974822998047,-3.7805075645446777,0.3046506941318512
baseline,3656,24.2999210357666,26.499975204467773,-3.761695146560669,0.31274959444999695
baseline,3657,21.499921798706055,26.999975204467773,-3.7802414894104004,0.3120536804199219
baseline,3658,26.399921417236328,28.29997444152832,-3.713467597961426,0.5138959884643555
baseline,3659,30.399921417236328,29.29997444152832,-3.6162703037261963,0.32460474967956543
baseline,3660,28.399921417236328,28.199975967407227,-3.7053444385528564,0.2711174190044403
baseline,3661,25.499921798706055,26.899974822998047,-3.75274920463562,0.3328113257884979
baseline,3662,29.199922561645508,24.999975204467773,-3.7397871017456055,1.0450997352600098
baseline,3663,19.999921798706055,27.299976348876953,-3.7853915691375732,0.20692847669124603
baseline,3664,27.999921798706055,26.699975967407227,-3.7867019176483154,0.2353043258190155
baseline,3665,20.59992218017578,27.5999755859375,-3.7842752933502197,0.33903804421424866
baseline,3666,28.199922561645508,27.199975967407227,-3.750944137573242,0.39318594336509705
baseline,3667,25.999921798706055,25.999975204467773,-3.8099167346954346,0.11348085105419159
baseline,3668,23.7999210357666,25.5999755859375,-3.8094356060028076,0.2968023717403412
baseline,3669,27.09992218017578,26.29997444152832,-3.8109991550445557,0.2659641206264496
baseline,3670,25.09992218017578,27.199975967407227,-3.7158939838409424,0.13069888949394226
baseline,3671,22.09992218017578,27.199975967407227,-3.7817916870117188,0.3067744970321655
baseline,3672,29.399921417236328,26.0999755859375,-3.78519606590271,0.6663287878036499
baseline,3673,20.499921798706055,26.499975204467773,-3.804633378982544,0.3061462938785553
baseline,3674,23.399921417236328,26.0999755859375,-3.8125758171081543,0.29725947976112366
baseline,3675,24.59992218017578,25.299976348876953,-3.813283920288086,0.14547529816627502
baseline,3676,25.59992218017578,25.0999755859375,-3.8122220039367676,0.276437908411026
baseline,3677,21.999921798706055,25.999975204467773,-3.8127920627593994,0.34861233830451965
baseline,3678,27.699922561645508,26.199975967407227,-3.813671112060547,0.2683192193508148
baseline,3679,23.699922561645508,29.399974822998047,-3.6036534309387207,0.49337732791900635
baseline,3680,23.499921798706055,27.899974822998047,-3.708784818649292,0.31802481412887573
baseline,3681,21.699922561645508,26.499975204467773,-3.8130576610565186,0.278398334980011
baseline,3682,28.7999210357666,25.799976348876953,-3.8117423057556152,0.15567484498023987
baseline,3683,27.2999210357666,21.899974822998047,-3.806743621826172,0.7879278063774109
baseline,3684,29.199922561645508,26.5999755859375,-3.7579946517944336,0.45758065581321716
baseline,3685,24.399921417236328,25.799976348876953,-3.795915365219116,0.1834353655576706
baseline,3686,23.2999210357666,25.199975967407227,-3.8354313373565674,0.2361747920513153
baseline,3687,27.699922561645508,25.0999755859375,-3.8392176628112793,0.19196759164333344
baseline,3688,28.699922561645508,24.499975204467773,-3.832648277282715,0.9875043034553528
baseline,3689,18.999921798706055,26.899974822998047,-3.832786798477173,0.5809007883071899
baseline,3690,27.999921798706055,19.5999755859375,-2.6348326206207275,1.8160486221313477
baseline,3691,24.999921798706055,24.79997444152832,-3.8374857902526855,0.5229716897010803
baseline,3692,26.499921798706055,26.399974822998047,-3.8075687885284424,0.5957658290863037
baseline,3693,22.499921798706055,25.999975204467773,-3.8380775451660156,0.2676689028739929
baseline,3694,27.399921417236328,25.79997444152832,-3.838298797607422,0.5465471744537354
baseline,3695,28.2999210357666,25.499975204467773,-3.8335444927215576,0.6164007186889648
baseline,3696,19.499921798706055,26.29997444152832,-3.8284988403320312,0.5463444590568542
baseline,3697,27.499921798706055,22.499975204467773,-3.750920057296753,0.6113501787185669
baseline,3698,30.499921798706055,27.199975967407227,-3.767200231552124,0.2857559025287628
baseline,3699,26.899921417236328,25.499975204467773,-3.838346242904663,0.3625982701778412
baseline,3700,22.899921417236328,26.399974822998047,-3.809354305267334,0.2797669768333435
baseline,3701,26.199922561645508,24.899974822998047,-3.8798868656158447,0.47869327664375305
baseline,3702,20.09992218017578,25.5999755859375,-3.879866123199463,0.41653352975845337
baseline,3703,21.999921798706055,24.799976348876953,-3.8769919872283936,0.26278620958328247
baseline,3704,27.09992218017578,21.0999755859375,-3.859282970428467,0.5116265416145325
baseline,3705,23.399921417236328,24.699975967407227,-3.880126953125,0.46769431233406067
baseline,3706,24.7999210357666,24.199975967407227,-3.877356767654419,0.35684260725975037
baseline,3707,27.199922561645508,19.499975204467773,-3.879486083984375,0.41521942615509033
baseline,3708,22.699922561645508,26.999975204467773,-3.7622029781341553,0.2840023934841156
baseline,3709,19.899921417236328,26.5999755859375,-3.849027633666992,0.10427781194448471
baseline,3710,18.999921798706055,27.799976348876953,-3.7641677856445312,0.4216509163379669
baseline,3711,20.999921798706055,25.999975204467773,-3.852066993713379,0.3511427342891693
baseline,3712,20.999921798706055,25.199975967407227,-3.87341570854187,0.5306433439254761
baseline,3713,23.999921798706055,24.299976348876953,-3.879417657852173,0.10108740627765656
baseline,3714,22.7999210357666,25.0999755859375,-3.88015079498291,0.42540645599365234
baseline,3715,18.999921798706055,25.899974822998047,-3.8694851398468018,0.6903575658798218
baseline,3716,21.09992218017578,26.5999755859375,-3.8382363319396973,0.3235055208206177
baseline,3717,28.399921417236328,26.199975967407227,-3.8121261596679688,0.3758971095085144
baseline,3718,23.09992218017578,29.5999755859375,-3.6403017044067383,0.20746175944805145
baseline,3719,21.499921798706055,25.699975967407227,-3.8553950786590576,0.13095909357070923
baseline,3720,28.59992218017578,25.0999755859375,-3.8513307571411133,0.721112072467804
baseline,3721,21.899921417236328,25.299976348876953,-3.8574888706207275,0.26290833950042725
baseline,3722,25.499921798706055,23.699975967407227,-3.8975470066070557,0.5028960704803467
baseline,3723,26.899921417236328,24.699975967407227,-3.8972976207733154,0.4574788212776184
baseline,3724,20.399921417236328,25.199975967407227,-3.896695852279663,0.2270774394273758
baseline,3725,26.399921417236328,25.399974822998047,-3.873859405517578,0.09278909862041473
baseline,3726,23.7999210357666,25.0999755859375,-3.841179847717285,0.25833165645599365
baseline,3727,29.199922561645508,28.699975967407227,-3.7276575565338135,0.31969648599624634
baseline,3728,25.699922561645508,24.499975204467773,-3.874392032623291,0.17734111845493317
baseline,3729,27.09992218017578,20.29997444152832,-3.89947509765625,0.6400031447410583
baseline,3730,27.999921798706055,20.999975204467773,-2.44288969039917,2.1008853912353516
baseline,3731,20.899921417236328,24.5999755859375,-3.906738758087158,0.2960657477378845
baseline,3732,27.09992218017578,23.999975204467773,-3.9070374965667725,0.369640588760376
baseline,3733,27.799922943115234,24.399974822998047,-3.904524326324463,0.47009801864624023
baseline,3734,19.499921798706055,25.399974822998047,-3.9060511589050293,0.06782519817352295
baseline,3735,24.399921417236328,23.79997444152832,-3.906898021697998,0.37019431591033936
baseline,3736,21.59992218017578,28.399974822998047,-3.7275240421295166,0.24874363839626312
baseline,3737,19.59992218017578,26.999975204467773,-3.8560822010040283,0.33703362941741943
baseline,3738,25.999921798706055,23.999975204467773,-3.8993096351623535,0.2083311527967453
baseline,3739,20.299922943115234,24.699975967407227,-3.9134840965270996,0.3050292134284973
baseline,3740,23.09992218017578,25.699975967407227,-3.833244562149048,0.37148889899253845
baseline,3741,26.59992218017578,23.999975204467773,-3.9117376804351807,0.3088317811489105
baseline,3742,26.59992218017578,22.899974822998047,-3.966123342514038,0.17572914063930511
baseline,3743,19.09992218017578,24.399974822998047,-3.9521541595458984,0.38997283577919006
baseline,3744,27.199922561645508,18.499975204467773,-3.949087619781494,0.3851391077041626
baseline,3745,23.499921798706055,23.5999755859375,-3.9651362895965576,0.24022935330867767
baseline,3746,20.699922561645508,23.999975204467773,-3.9628796577453613,0.14205437898635864
baseline,3747,24.899921417236328,22.5999755859375,-3.9652700424194336,0.22595638036727905
baseline,3748,21.699922561645508,23.299976348876953,-3.9668807983398438,0.1246333047747612
baseline,3749,19.799922943115234,24.899974822998047,-3.934164047241211,0.1790023148059845
baseline,3750,21.499921798706055,24.299976348876953,-3.94073748588562,0.2211938053369522
baseline,3751,22.499921798706055,24.299976348876953,-3.9494755268096924,0.3275202214717865
baseline,3752,24.999921798706055,23.399974822998047,-3.9320545196533203,0.4206617772579193
baseline,3753,25.999921798706055,26.499975204467773,-3.7881667613983154,0.24035657942295074
baseline,3754,19.199922561645508,24.999975204467773,-3.954908609390259,0.16038081049919128
baseline,3755,19.699922561645508,24.399974822998047,-3.954496383666992,0.25251302123069763
baseline,3756,21.999921798706055,23.999975204467773,-3.951951026916504,0.36879289150238037
baseline,3757,27.199922561645508,23.399974822998047,-3.9555511474609375,0.21645934879779816
baseline,3758,24.499921798706055,22.999975204467773,-3.9668502807617188,0.21349367499351501
baseline,3759,22.299922943115234,23.5999755859375,-3.9660232067108154,0.2923753261566162
baseline,3760,27.09992218017578,22.799976348876953,-3.963857412338257,0.2944340109825134
baseline,3761,26.09992218017578,22.499975204467773,-3.966295003890991,0.6161425113677979
baseline,3762,23.899921417236328,22.899974822998047,-3.9667203426361084,0.4234994351863861
baseline,3763,25.899921417236328,23.399974822998047,-3.9568710327148438,0.2978714406490326
baseline,3764,25.59992218017578,22.899974822998047,-3.957617998123169,0.5142356157302856
baseline,3765,30.299922943115234,25.799976348876953,-3.6911635398864746,1.169690728187561
baseline,3766,19.699922561645508,23.699975967407227,-3.977900266647339,0.31471505761146545
baseline,3767,27.39992332458496,17.699975967407227,-3.9142966270446777,0.5120575428009033
baseline,3768,23.09992218017578,24.199975967407227,-3.9297211170196533,0.29410454630851746
baseline,3769,26.799922943115234,22.39997673034668,-3.9776735305786133,0.3088773787021637
baseline,3770,22.89992332458496,23.5999755859375,-3.9765663146972656,0.314858078956604
baseline,3771,21.499921798706055,22.699975967407227,-3.9929468631744385,0.2334839105606079
baseline,3772,27.799922943115234,19.699975967407227,-3.0994598865509033,1.3641408681869507
baseline,3773,20.999921798706055,23.5999755859375,-3.993837356567383,0.11656095087528229
baseline,3774,25.699922561645508,21.999975204467773,-3.99391508102417,0.2502114772796631
baseline,3775,24.499921798706055,24.699975967407227,-3.8775482177734375,0.45686987042427063
baseline,3776,20.999923706054688,23.0999755859375,-4.000865936279297,0.29794785380363464
baseline,3777,24.699922561645508,22.0999755859375,-3.99996280670166,0.1288653165102005
baseline,3778,22.09992218017578,22.89997673034668,-4.0009236335754395,0.42876601219177246
baseline,3779,23.299922943115234,22.89997673034668,-3.9990673065185547,0.276682585477829
baseline,3780,27.999923706054688,18.699975967407227,-2.717073440551758,1.6869984865188599
baseline,3781,20.199922561645508,23.5999755859375,-3.9983904361724854,0.37759870290756226
baseline,3782,20.39992332458496,25.999977111816406,-3.8783020973205566,0.23687222599983215
baseline,3783,23.39992332458496,22.199975967407227,-4.039179801940918,0.18247099220752716
baseline,3784,28.39992332458496,16.499977111816406,-3.98988676071167,0.25989872217178345
baseline,3785,24.89992332458496,21.39997673034668,-4.038271903991699,0.17528945207595825
baseline,3786,19.59992218017578,22.799976348876953,-4.039155960083008,0.14748302102088928
baseline,3787,27.89992332458496,20.0999755859375,-2.622305154800415,1.8802611827850342
baseline,3788,20.59992218017578,22.39997673034668,-4.037942409515381,0.2624136209487915
baseline,3789,21.89992332458496,22.39997673034668,-4.035134792327881,0.4620048701763153
baseline,3790,20.499923706054688,23.199975967407227,-4.032574653625488,0.37657856941223145
baseline,3791,22.499923706054688,22.5999755859375,-4.03019380569458,0.11454707384109497
baseline,3792,24.09992218017578,21.5999755859375,-4.0312180519104,0.10721076279878616
baseline,3793,25.199922561645508,22.199975967407227,-4.00454568862915,0.3595355749130249
baseline,3794,25.699922561645508,21.0999755859375,-4.03774356842041,0.4780575931072235
baseline,3795,21.09992218017578,22.0999755859375,-4.0398383140563965,0.11303750425577164
baseline,3796,24.099924087524414,23.399974822998047,-3.953573703765869,0.12623398005962372
baseline,3797,26.699922561645508,21.79997444152832,-4.0399250984191895,0.206754669547081
baseline,3798,27.599924087524414,23.79997444152832,-3.927748203277588,0.42300912737846375
baseline,3799,23.499923706054688,21.699974060058594,-4.075551509857178,0.09849806874990463
baseline,3800,19.799922943115234,21.5999755859375,-4.074406623840332,0.3660939037799835
baseline,3801,21.699922561645508,21.499975204467773,-4.0724077224731445,0.3583467900753021
baseline,3802,24.599924087524414,20.999975204467773,-4.075705051422119,0.49801111221313477
baseline,3803,19.39992332458496,22.29997444152832,-4.069669723510742,0.6043246984481812
baseline,3804,19.999923706054688,22.0999755859375,-4.0723137855529785,0.5511895418167114
baseline,3805,25.999923706054688,20.499975204467773,-4.075436115264893,0.22455693781375885
baseline,3806,24.499923706054688,19.79997444152832,-4.0709710121154785,0.1969902366399765
baseline,3807,22.199922561645508,21.699974060058594,-4.073501110076904,0.2598077952861786
baseline,3808,20.199922561645508,24.199974060058594,-3.9658572673797607,0.4210275411605835
baseline,3809,19.999923706054688,23.0999755859375,-4.060809135437012,0.22762905061244965
baseline,3810,22.799922943115234,22.199974060058594,-4.066393852233887,0.1713763028383255
baseline,3811,25.999923706054688,21.499975204467773,-4.033622741699219,0.5143195390701294
baseline,3812,25.499923706054688,20.599973678588867,-4.089547634124756,0.11116950958967209
baseline,3813,28.699922561645508,15.89997386932373,-4.079850196838379,0.16029655933380127
baseline,3814,19.39992332458496,23.29997444152832,-4.0587310791015625,0.3507506251335144
baseline,3815,26.39992332458496,23.49997329711914,-3.9619200229644775,0.4604918658733368
baseline,3816,24.299922943115234,22.49997329711914,-3.9759457111358643,0.21969862282276154
baseline,3817,21.39992332458496,20.99997329711914,-4.099952220916748,0.39597246050834656
baseline,3818,20.39992332458496,21.29997444152832,-4.099234580993652,0.16644781827926636
baseline,3819,20.999923706054688,21.599973678588867,-4.09733247756958,0.36188000440597534
baseline,3820,19.69992446899414,20.99997329711914,-4.104176998138428,0.3523452877998352
baseline,3821,22.19992446899414,21.199974060058594,-4.103404521942139,0.3302815854549408
baseline,3822,23.999923706054688,20.79997444152832,-4.108128070831299,0.2662235498428345
baseline,3823,25.19992446899414,20.199974060058594,-4.1097731590271,0.2152862548828125
baseline,3824,22.19992446899414,20.399974822998047,-4.157052993774414,0.1323622614145279
baseline,3825,19.499923706054688,20.499975204467773,-4.150705814361572,0.23786276578903198
baseline,3826,25.999923706054688,19.399974822998047,-4.15135383605957,0.2866456210613251
baseline,3827,23.799922943115234,19.29997444152832,-4.157567024230957,0.2697204351425171
baseline,3828,27.599924087524414,17.29997444152832,-4.154852867126465,0.5517714619636536
baseline,3829,24.799922943115234,19.199974060058594,-4.157302379608154,0.4265266954898834
baseline,3830,20.999923706054688,20.499975204467773,-4.151923656463623,0.33346202969551086
baseline,3831,22.89992332458496,21.599973678588867,-4.1046247482299805,0.5394135117530823
baseline,3832,22.89992332458496,20.699974060058594,-4.153147220611572,0.35979610681533813
baseline,3833,23.39992332458496,20.499975204467773,-4.136919975280762,0.4378974437713623
baseline,3834,24.099924087524414,20.099973678588867,-4.1305084228515625,0.42927980422973633
baseline,3835,26.499923706054688,20.79997444152832,-4.09105110168457,0.29868143796920776
baseline,3836,25.69992446899414,19.899974822998047,-4.156309127807617,0.4911389648914337
baseline,3837,26.999923706054688,19.099973678588867,-4.126319408416748,0.39431390166282654
baseline,3838,23.599924087524414,21.099973678588867,-4.125738143920898,0.5282371044158936
baseline,3839,26.39992332458496,18.199974060058594,-4.154127597808838,0.11064332723617554
baseline,3840,23.499923706054688,19.79997444152832,-4.1552205085754395,0.3543838858604431
baseline,3841,20.89992332458496,20.99997329711914,-4.134963035583496,0.42216169834136963
baseline,3842,26.499923706054688,20.099973678588867,-4.138424396514893,0.16650612652301788
baseline,3843,25.599924087524414,18.199974060058594,-4.149783611297607,0.16755937039852142
baseline,3844,27.799924850463867,18.899974822998047,-3.1382784843444824,1.3174819946289062
baseline,3845,20.19992446899414,20.199974060058594,-4.171504974365234,0.2726652920246124
baseline,3846,22.999923706054688,19.79997444152832,-4.173803329467773,0.6413606405258179
baseline,3847,24.69992446899414,18.099973678588867,-4.174587249755859,0.24640125036239624
baseline,3848,21.499923706054688,20.199974060058594,-4.173838138580322,0.4329845607280731
baseline,3849,24.89992332458496,18.699974060058594,-4.173585414886475,0.3965310752391815
baseline,3850,26.299924850463867,17.599973678588867,-4.192266464233398,0.31611573696136475
baseline,3851,22.39992332458496,19.699974060058594,-4.192858695983887,0.37527674436569214
baseline,3852,19.599924087524414,19.99997329711914,-4.190020561218262,0.40688058733940125
baseline,3853,26.499923706054688,19.599973678588867,-4.165311813354492,0.3924625515937805
baseline,3854,25.599924087524414,18.99997329711914,-4.193454742431641,0.35608357191085815
baseline,3855,23.899925231933594,18.79997444152832,-4.19746732711792,0.3221273422241211
baseline,3856,25.099924087524414,17.599973678588867,-4.198806285858154,0.27415141463279724
baseline,3857,20.299924850463867,20.79997444152832,-4.194530487060547,0.39873969554901123
baseline,3858,25.399925231933594,19.49997329711914,-4.1690473556518555,0.25819945335388184
baseline,3859,24.599924087524414,20.49997329711914,-4.106923580169678,0.1358124315738678
baseline,3860,21.899925231933594,19.79997444152832,-4.196638107299805,0.2938724756240845
baseline,3861,29.19992446899414,15.199974060058594,-4.085461616516113,0.6170809864997864
baseline,3862,25.999923706054688,17.099973678588867,-4.217733860015869,0.30764904618263245
baseline,3863,22.499923706054688,19.099973678588867,-4.218051433563232,0.22115062177181244
baseline,3864,20.899925231933594,19.899972915649414,-4.21395206451416,0.38153743743896484
baseline,3865,22.799924850463867,22.99997329711914,-4.019406795501709,0.44631069898605347
baseline,3866,25.599924087524414,17.699974060058594,-4.178856372833252,0.2587941288948059
baseline,3867,24.49992561340332,17.399972915649414,-4.226593494415283,0.11270398646593094
baseline,3868,20.099924087524414,19.699974060058594,-4.225095272064209,0.5459957718849182
baseline,3869,21.19992446899414,19.49997329711914,-4.226962089538574,0.23532436788082123
baseline,3870,23.299924850463867,19.29997444152832,-4.2074971199035645,0.6861648559570312
baseline,3871,26.599924087524414,18.699974060058594,-4.225556373596191,0.3418596088886261
baseline,3872,22.799924850463867,18.699974060058594,-4.225587368011475,0.3918280005455017
baseline,3873,25.099924087524414,20.899972915649414,-4.085995197296143,0.5167531371116638
baseline,3874,26.899925231933594,17.399972915649414,-4.2187676429748535,0.32507193088531494
baseline,3875,20.69992446899414,18.599973678588867,-4.276841163635254,0.15918776392936707
baseline,3876,26.299924850463867,16.099973678588867,-4.275783538818359,0.41520750522613525
baseline,3877,27.99992561340332,16.399974822998047,-4.2772111892700195,0.3252025842666626
baseline,3878,23.69992446899414,17.599973678588867,-4.277606964111328,0.3205326497554779
baseline,3879,30.399925231933594,14.499974250793457,-4.1993513107299805,0.2670641839504242
baseline,3880,22.599924087524414,17.99997329711914,-4.276629447937012,0.24275517463684082
baseline,3881,25.299924850463867,16.399974822998047,-4.27293062210083,0.1597275584936142
baseline,3882,19.799924850463867,19.199974060058594,-4.277444362640381,0.4664943516254425
baseline,3883,25.399925231933594,21.599973678588867,-4.025581359863281,0.20031879842281342
baseline,3884,25.49992561340332,17.199974060058594,-4.217191696166992,0.3885522782802582
baseline,3885,20.599924087524414,19.49997329711914,-4.268678188323975,0.4858839511871338
baseline,3886,21.599924087524414,19.099973678588867,-4.27002477645874,0.2625519037246704
baseline,3887,26.99992561340332,16.79997444152832,-4.245492935180664,0.3014436662197113
baseline,3888,24.399925231933594,18.79997444152832,-4.192536354064941,0.18823963403701782
baseline,3889,26.49992561340332,16.599973678588867,-4.244665622711182,0.4173465967178345
baseline,3890,21.19992446899414,18.79997444152832,-4.277353763580322,0.33413684368133545
baseline,3891,20.19992446899414,18.79997444152832,-4.277332782745361,0.3687256872653961
baseline,3892,22.19992446899414,18.599973678588867,-4.255170822143555,0.32524752616882324
baseline,3893,23.49992561340332,18.49997329711914,-4.256399154663086,0.29538866877555847
baseline,3894,24.099924087524414,17.899974822998047,-4.239686965942383,0.2730129361152649
baseline,3895,28.19992446899414,15.899972915649414,-4.271109580993652,0.17940793931484222
baseline,3896,23.099924087524414,18.099973678588867,-4.2715888023376465,0.2722824513912201
baseline,3897,25.99992561340332,18.49997329711914,-4.209354877471924,0.3544345200061798
baseline,3898,26.49992561340332,15.499974250793457,-4.295734405517578,0.33009621500968933
baseline,3899,21.49992561340332,18.099973678588867,-4.297317981719971,0.3765718340873718
baseline,3900,24.899925231933594,15.89997386932373,-4.296164512634277,0.251138836145401
baseline,3901,29.599925994873047,14.79997444152832,-4.211584568023682,0.1728060394525528
baseline,3902,27.19992446899414,16.199974060058594,-4.255203723907471,0.2587226331233978
baseline,3903,23.99992561340332,22.099973678588867,-4.029478073120117,0.37289127707481384
baseline,3904,23.899925231933594,16.99997329711914,-4.306398868560791,0.41904982924461365
baseline,3905,31.099925994873047,14.199973106384277,-4.232229709625244,0.8517337441444397
baseline,3906,22.099925994873047,17.599973678588867,-4.3110246658325195,0.37240099906921387
baseline,3907,20.599925994873047,17.99997329711914,-4.311282157897949,0.29568493366241455
baseline,3908,27.299924850463867,15.299973487854004,-4.3101115226745605,0.1695232093334198
baseline,3909,27.799924850463867,15.49997329711914,-4.308650493621826,0.391635537147522
baseline,3910,22.699926376342773,17.49997329711914,-4.30784797668457,0.3093860447406769
baseline,3911,20.099925994873047,17.79997444152832,-4.309037685394287,0.4347505569458008
baseline,3912,25.899925231933594,15.39997386932373,-4.309221267700195,0.42216983437538147
baseline,3913,25.199926376342773,15.49997329711914,-4.308868885040283,0.3598441183567047
baseline,3914,24.49992561340332,16.599973678588867,-4.304129600524902,0.37548911571502686
baseline,3915,25.799924850463867,16.099973678588867,-4.266628742218018,0.13141347467899323
baseline,3916,24.99992561340332,16.899972915649414,-4.237160682678223,0.3261810839176178
baseline,3917,22.099925994873047,18.099973678588867,-4.322086334228516,0.41080641746520996
baseline,3918,21.599925994873047,21.99997329711914,-4.066524982452393,0.1565973162651062
baseline,3919,27.099925994873047,14.699973106384277,-4.346947193145752,0.13258975744247437
baseline,3920,22.2999267578125,16.99997329711914,-4.348766803741455,0.3113444149494171
baseline,3921,25.99992561340332,14.699973106384277,-4.34975004196167,0.4667392075061798
baseline,3922,24.399925231933594,15.899972915649414,-4.349466323852539,0.2521974742412567
baseline,3923,23.2999267578125,16.799972534179688,-4.347447872161865,0.2182045429944992
baseline,3924,24.99992561340332,14.99997329711914,-4.346535682678223,0.41392043232917786
baseline,3925,21.199926376342773,17.199974060058594,-4.347393035888672,0.4261017441749573
baseline,3926,23.99992561340332,16.399972915649414,-4.346263408660889,0.27815893292427063
baseline,3927,25.2999267578125,14.599973678588867,-4.345376491546631,0.18337079882621765
baseline,3928,27.199926376342773,18.099973678588867,-4.298734664916992,0.4605952501296997
baseline,3929,27.99992561340332,14.599973678588867,-4.381194114685059,0.25219959020614624
baseline,3930,25.699926376342773,14.299973487854004,-4.381637096405029,0.40491315722465515
baseline,3931,26.99992561340332,13.99997329711914,-4.380526542663574,0.3082563877105713
baseline,3932,28.2999267578125,15.39997386932373,-4.3617353439331055,0.30643099546432495
baseline,3933,20.49992561340332,17.199974060058594,-4.374635696411133,0.32942935824394226
baseline,3934,26.7999267578125,15.099973678588867,-4.297981262207031,0.4208811819553375
baseline,3935,21.699926376342773,18.599973678588867,-4.283341884613037,0.12757658958435059
baseline,3936,26.2999267578125,13.999974250793457,-4.370611190795898,0.2719813287258148
baseline,3937,23.399927139282227,15.39997386932373,-4.428230285644531,0.46881964802742004
baseline,3938,20.7999267578125,15.599973678588867,-4.428689002990723,0.388300359249115
baseline,3939,27.399927139282227,13.39997386932373,-4.428295612335205,0.4608393609523773
baseline,3940,25.099925994873047,13.699974060058594,-4.427977561950684,0.21860651671886444
baseline,3941,20.199926376342773,16.79997444152832,-4.404430389404297,0.3256511688232422
baseline,3942,22.2999267578125,15.499974250793457,-4.428048610687256,0.28462299704551697
baseline,3943,28.399927139282227,14.299973487854004,-4.425671577453613,0.25492528080940247
baseline,3944,26.199926376342773,13.39997386932373,-4.428789138793945,0.2925355136394501
baseline,3945,20.49992561340332,16.199974060058594,-4.423813819885254,0.39496782422065735
baseline,3946,28.699926376342773,14.89997386932373,-4.41961145401001,0.40957316756248474
baseline,3947,21.599925994873047,17.49997329711914,-4.40291690826416,0.35513195395469666
baseline,3948,23.2999267578125,17.29997444152832,-4.340875148773193,0.36180102825164795
baseline,3949,21.199926376342773,16.699974060058594,-4.42028284072876,0.3603311777114868
baseline,3950,21.699926376342773,16.699974060058594,-4.413922309875488,0.4194246232509613
baseline,3951,22.199926376342773,16.199974060058594,-4.404842853546143,0.3502218723297119
baseline,3952,22.699926376342773,16.099973678588867,-4.393653869628906,0.49489152431488037
baseline,3953,23.399927139282227,16.099973678588867,-4.399184226989746,0.37008893489837646
baseline,3954,24.2999267578125,15.299973487854004,-4.407003879547119,0.34063857793807983
baseline,3955,20.2999267578125,15.599974632263184,-4.410558700561523,0.3851296901702881
baseline,3956,27.7999267578125,13.699974060058594,-4.421364784240723,0.36983659863471985
baseline,3957,29.099925994873047,14.599974632263184,-4.421028137207031,0.3869444727897644
baseline,3958,22.7999267578125,16.699974060058594,-4.399168014526367,0.37680721282958984
baseline,3959,22.899927139282227,15.599974632263184,-4.419807434082031,0.22391657531261444
baseline,3960,24.499927520751953,14.599974632263184,-4.421948432922363,0.34695959091186523
baseline,3961,24.999927520751953,13.099974632263184,-4.441647052764893,0.12088916450738907
baseline,3962,26.2999267578125,12.899974822998047,-4.442483901977539,0.3292410969734192
baseline,3963,23.899927139282227,14.599974632263184,-4.443929195404053,0.4567663371562958
baseline,3964,25.899927139282227,16.599973678588867,-4.238468170166016,0.2454868108034134
baseline,3965,24.899927139282227,14.29997444152832,-4.406523704528809,0.32074102759361267
baseline,3966,26.999927520751953,12.79997444152832,-4.441178321838379,0.43178144097328186
baseline,3967,27.699926376342773,14.999974250793457,-4.407474040985107,0.33698028326034546
baseline,3968,20.899927139282227,17.599973678588867,-4.413111209869385,0.36907511949539185
baseline,3969,21.499927520751953,16.099973678588867,-4.443607807159424,0.3155110776424408
baseline,3970,26.599925994873047,14.599973678588867,-4.324244022369385,0.4798741936683655
baseline,3971,25.599925994873047,13.39997386932373,-4.398385524749756,0.4191112816333771
baseline,3972,26.899927139282227,13.39997386932373,-4.378370761871338,0.21132619678974152
baseline,3973,29.399927139282227,13.999974250793457,-4.447591781616211,0.35343894362449646
baseline,3974,25.399927139282227,12.79997444152832,-4.444910049438477,0.2941994071006775
baseline,3975,29.699926376342773,13.19997501373291,-4.500601768493652,0.4993295967578888
baseline,3976,28.499927520751953,12.999975204467773,-4.4995927810668945,0.3960739076137543
baseline,3977,22.7999267578125,13.999975204467773,-4.500811576843262,0.3382793664932251
baseline,3978,25.099925994873047,12.19997501373291,-4.500692367553711,0.4478594958782196
baseline,3979,23.7999267578125,13.69997501373291,-4.500065803527832,0.3955302834510803
baseline,3980,20.999927520751953,14.499975204467773,-4.501020431518555,0.542129635810852
baseline,3981,26.699926376342773,12.19997501373291,-4.498203754425049,0.3795173466205597
baseline,3982,21.399927139282227,15.29997444152832,-4.476974010467529,0.20343127846717834
baseline,3983,22.2999267578125,14.999975204467773,-4.493779182434082,0.19669996201992035
baseline,3984,22.699926376342773,14.69997501373291,-4.472299575805664,0.4650940001010895
baseline,3985,23.199926376342773,14.499975204467773,-4.484790802001953,0.3463945686817169
baseline,3986,28.499927520751953,13.69997501373291,-4.4677534103393555,0.41867634654045105
baseline,3987,21.699926376342773,14.599974632263184,-4.499136924743652,0.25089767575263977
baseline,3988,27.999927520751953,12.899974822998047,-4.495990753173828,0.5399380326271057
baseline,3989,29.099925994873047,13.29997444152832,-4.493483543395996,0.2683136463165283
baseline,3990,30.999927520751953,13.69997501373291,-4.49824857711792,0.5365789532661438
baseline,3991,20.2999267578125,14.599974632263184,-4.498481273651123,0.2142481803894043
baseline,3992,30.099925994873047,13.899974822998047,-4.47876501083374,0.23494496941566467
baseline,3993,23.7999267578125,15.69997501373291,-4.419098377227783,0.32962894439697266
baseline,3994,24.59992790222168,13.499975204467773,-4.498786449432373,0.29103851318359375
baseline,3995,26.399927139282227,11.799975395202637,-4.498865604400635,0.44515877962112427
baseline,3996,27.499927520751953,12.299975395202637,-4.496530532836914,0.10139285027980804
baseline,3997,22.2999267578125,13.999975204467773,-4.503549575805664,0.3761221468448639
baseline,3998,23.2999267578125,13.69997501373291,-4.502975940704346,0.39594754576683044
baseline,3999,25.999927520751953,12.499975204467773,-4.460484027862549,0.17497999966144562
baseline,4000,20.499927520751953,13.599974632263184,-4.535703182220459,0.4039953052997589
baseline,4001,22.199926376342773,13.399974822998047,-4.5423736572265625,0.28176575899124146
baseline,4002,29.399927139282227,12.79997444152832,-4.542445182800293,0.5124339461326599
baseline,4003,28.09992790222168,12.19997501373291,-4.537905693054199,0.6210934519767761
baseline,4004,31.499927520751953,13.099974632263184,-4.541964054107666,0.13409824669361115
baseline,4005,24.399927139282227,12.599974632263184,-4.5400214195251465,0.40136218070983887
baseline,4006,25.2999267578125,11.599974632263184,-4.541018009185791,0.21628418564796448
baseline,4007,30.399927139282227,13.099974632263184,-4.538934707641602,0.3884604275226593
baseline,4008,24.2999267578125,13.999975204467773,-4.461121559143066,0.30139726400375366
baseline,4009,28.499927520751953,12.499975204467773,-4.542690753936768,0.5026522278785706
baseline,4010,27.7999267578125,11.499975204467773,-4.541644096374512,0.07316434383392334
baseline,4011,26.59992790222168,11.29997444152832,-4.542857646942139,0.21122030913829803
baseline,4012,21.399927139282227,13.499975204467773,-4.541719913482666,0.27184006571769714
baseline,4013,25.7999267578125,11.79997444152832,-4.5053253173828125,0.42829376459121704
baseline,4014,22.999927520751953,13.19997501373291,-4.544651508331299,0.35776689648628235
baseline,4015,29.899927139282227,12.69997501373291,-4.539478302001953,0.3179803490638733
baseline,4016,27.199926376342773,11.19997501373291,-4.544103145599365,0.4439460039138794
baseline,4017,26.09992790222168,11.0999755859375,-4.543492794036865,0.10369108617305756
baseline,4018,20.499927520751953,14.0999755859375,-4.5359015464782715,0.33359768986701965
baseline,4019,20.399927139282227,12.799975395202637,-4.5665411949157715,0.3237237334251404
baseline,4020,23.59992790222168,13.0999755859375,-4.569620609283447,0.37537962198257446
baseline,4021,22.2999267578125,12.899975776672363,-4.571222305297852,0.4253121018409729
baseline,4022,25.499927520751953,10.899975776672363,-4.567112445831299,0.260526180267334
baseline,4023,30.699928283691406,12.399975776672363,-4.570154190063477,0.4408377707004547
baseline,4024,26.499927520751953,10.799975395202637,-4.571501731872559,0.4484446346759796
baseline,4025,27.699926376342773,10.999975204467773,-4.571560859680176,0.12540829181671143
baseline,4026,28.899927139282227,12.0999755859375,-4.571128845214844,0.35467448830604553
baseline,4027,30.899927139282227,13.0999755859375,-4.56756067276001,0.5990223288536072
baseline,4028,21.499927520751953,13.999975204467773,-4.5636491775512695,0.42683616280555725
baseline,4029,27.399927139282227,11.799975395202637,-4.519451141357422,0.5083531141281128
baseline,4030,23.899927139282227,12.499975204467773,-4.569629669189453,0.37422508001327515
baseline,4031,20.999927520751953,12.799975395202637,-4.570125579833984,0.39628085494041443
baseline,4032,20.399927139282227,15.0999755859375,-4.523064136505127,0.3188719153404236
baseline,4033,25.499927520751953,15.0999755859375,-4.316826820373535,0.14707785844802856
baseline,4034,28.499927520751953,11.199975967407227,-4.6015167236328125,0.1457195281982422
baseline,4035,24.09992790222168,11.799975395202637,-4.606184005737305,0.33259817957878113
baseline,4036,31.199928283691406,11.799975395202637,-4.607013702392578,0.3749465346336365
baseline,4037,29.499927520751953,11.299975395202637,-4.601691722869873,0.046910207718610764
baseline,4038,20.7999267578125,12.299975395202637,-4.59647274017334,0.6451294422149658
baseline,4039,23.09992790222168,12.199975967407227,-4.605878829956055,0.3516348898410797
baseline,4040,26.399927139282227,10.299975395202637,-4.606465816497803,0.22276903688907623
baseline,4041,31.2999267578125,12.49997615814209,-4.605729579925537,0.4252929985523224
baseline,4042,29.899927139282227,11.799975395202637,-4.601970195770264,0.17270652949810028
baseline,4043,21.699928283691406,12.499975204467773,-4.595469951629639,0.25283941626548767
baseline,4044,31.699928283691406,11.999975204467773,-4.595258712768555,0.2605069577693939
baseline,4045,25.09992790222168,10.5999755859375,-4.601855754852295,0.5708336234092712
baseline,4046,28.499927520751953,11.799975395202637,-4.593558311462402,0.5922570824623108
baseline,4047,27.499927520751953,14.0999755859375,-4.451013088226318,0.38726678490638733
baseline,4048,22.399927139282227,11.5999755859375,-4.6531267166137695,0.34159642457962036
baseline,4049,24.199928283691406,10.699975967407227,-4.652556896209717,0.42794373631477356
baseline,4050,29.59992790222168,10.5999755859375,-4.6530303955078125,0.14730727672576904
baseline,4051,25.09992790222168,9.99997615814209,-4.650991439819336,0.4752954840660095
baseline,4052,20.499927520751953,11.49997615814209,-4.6450419425964355,0.5338559150695801
baseline,4053,31.699928283691406,11.199975967407227,-4.6501383781433105,0.984738826751709
baseline,4054,27.09992790222168,9.799975395202637,-4.651762962341309,0.20926254987716675
baseline,4055,28.09992790222168,9.99997615814209,-4.652192115783691,0.3225337862968445
baseline,4056,28.899927139282227,13.99997615814209,-4.472452163696289,0.26342660188674927
baseline,4057,22.2999267578125,12.399975776672363,-4.640946865081787,0.305806428194046
baseline,4058,24.59992790222168,11.49997615814209,-4.623587131500244,0.42106500267982483
baseline,4059,27.7999267578125,10.49997615814209,-4.642385959625244,0.22789393365383148
baseline,4060,26.999927520751953,10.299975395202637,-4.643650531768799,0.28908470273017883
baseline,4061,30.2999267578125,11.399975776672363,-4.647049903869629,0.6539181470870972
baseline,4062,27.59992790222168,9.799975395202637,-4.65249490737915,0.08368648588657379
baseline,4063,28.999927520751953,10.199975967407227,-4.653446674346924,0.15037722885608673
baseline,4064,23.199928283691406,11.299975395202637,-4.652180194854736,0.24408304691314697
baseline,4065,23.09992790222168,12.699975967407227,-4.6158528327941895,0.2925392985343933
baseline,4066,28.999927520751953,11.5999755859375,-4.608980655670166,0.218224436044693
baseline,4067,20.999927520751953,16.0999755859375,-4.476572036743164,0.523095428943634
baseline,4068,30.499927520751953,11.899975776672363,-4.646980285644531,0.16716167330741882
baseline,4069,23.899927139282227,11.199975967407227,-4.650623321533203,0.21157710254192352
baseline,4070,26.399927139282227,9.799976348876953,-4.650257587432861,0.33910977840423584
baseline,4071,23.59992790222168,11.99997615814209,-4.610751628875732,0.14438268542289734
baseline,4072,25.59992790222168,10.199975967407227,-4.641325950622559,0.1287544071674347
baseline,4073,20.499927520751953,9.699975967407227,-4.6978349685668945,0.2678418457508087
baseline,4074,25.399927139282227,8.99997615814209,-4.7085771560668945,0.228593647480011
baseline,4075,27.2999267578125,8.99997615814209,-4.706995487213135,0.32736116647720337
baseline,4076,24.199928283691406,9.799976348876953,-4.708525657653809,0.5311077833175659
baseline,4077,21.899927139282227,10.299976348876953,-4.707610130310059,0.24944835901260376
baseline,4078,30.499927520751953,9.899975776672363,-4.707122325897217,0.31931665539741516
baseline,4079,31.59992790222168,10.299976348876953,-4.706509113311768,0.9028234481811523
baseline,4080,31.7999267578125,12.699975967407227,-4.61640739440918,0.49567046761512756
baseline,4081,22.899927139282227,10.49997615814209,-4.707784175872803,0.32427045702934265
baseline,4082,20.899927139282227,10.699975967407227,-4.704438209533691,0.2585516571998596
baseline,4083,27.499927520751953,12.899975776672363,-4.47227144241333,0.2935587763786316
baseline,4084,20.499927520751953,10.299976348876953,-4.706975936889648,0.4609158933162689
baseline,4085,29.499927520751953,12.299976348876953,-4.586773872375488,0.3816884160041809
baseline,4086,21.499927520751953,11.699975967407227,-4.694286346435547,0.3952018618583679
baseline,4087,30.899927139282227,11.199975967407227,-4.6862945556640625,0.9105112552642822
baseline,4088,28.2999267578125,10.5999755859375,-4.705517768859863,0.4998708665370941
baseline,4089,20.999927520751953,11.49997615814209,-4.699647903442383,0.5104289054870605
baseline,4090,21.699928283691406,10.99997615814209,-4.707434177398682,0.19161979854106903
baseline,4091,23.59992790222168,10.799976348876953,-4.684535980224609,0.29159048199653625
baseline,4092,30.499927520751953,10.5999755859375,-4.701627731323242,0.4497082233428955
baseline,4093,25.7999267578125,9.399975776672363,-4.675231456756592,0.1837760955095291
baseline,4094,31.999927520751953,10.799976348876953,-4.670158863067627,1.3780770301818848
baseline,4095,24.7999267578125,9.299976348876953,-4.707449913024902,0.4284507930278778
baseline,4096,29.399927139282227,9.899975776672363,-4.686922550201416,0.3066209852695465
baseline,4097,22.199928283691406,14.49997615814209,-4.513157367706299,0.2681434750556946
baseline,4098,31.299928665161133,10.89997673034668,-4.688002109527588,0.9866918921470642
baseline,4099,27.999927520751953,9.0999755859375,-4.711217880249023,0.2643566429615021
baseline,4100,26.59992790222168,8.699975967407227,-4.704236030578613,0.46441611647605896
baseline,4101,21.2999267578125,12.199975967407227,-4.671716213226318,0.3130567967891693
baseline,4102,20.999927520751953,9.699975967407227,-4.727415084838867,0.6106849908828735
baseline,4103,25.299928665161133,8.39997673034668,-4.7224555015563965,0.2781635820865631
baseline,4104,24.699928283691406,10.89997673034668,-4.657012462615967,0.2851825952529907
baseline,4105,29.999927520751953,10.99997615814209,-4.660250186920166,0.564504086971283
baseline,4106,26.299928665161133,9.299976348876953,-4.658181190490723,0.5274695158004761
baseline,4107,26.899927139282227,9.299976348876953,-4.6432390213012695,0.3629801869392395
baseline,4108,30.999927520751953,9.99997615814209,-4.715999126434326,0.30937570333480835
baseline,4109,23.399927139282227,9.99997615814209,-4.727121353149414,0.29635000228881836
baseline,4110,26.999927520751953,8.099976539611816,-4.726658821105957,0.31077563762664795
baseline,4111,24.299928665161133,9.199975967407227,-4.7268853187561035,0.11363279074430466
baseline,4112,22.499927520751953,10.89997673034668,-4.699676990509033,0.35757413506507874
baseline,4113,25.899927139282227,8.799976348876953,-4.6636481285095215,0.23517201840877533
baseline,4114,21.7999267578125,13.099976539611816,-4.581376552581787,0.19574908912181854
baseline,4115,21.699928283691406,9.799976348876953,-4.7400360107421875,0.2427164614200592
baseline,4116,31.299928665161133,9.099976539611816,-4.738929748535156,0.08360549062490463
baseline,4117,26.199928283691406,7.799976825714111,-4.740767478942871,0.4723218083381653
baseline,4118,29.899927139282227,9.39997673034668,-4.739063262939453,0.2996944785118103
baseline,4119,27.299928665161133,10.699976921081543,-4.645976543426514,0.30930405855178833
baseline,4120,25.799928665161133,8.299976348876953,-4.711575984954834,0.3109765350818634
baseline,4121,31.799928665161133,9.799976348876953,-4.733154773712158,0.8923607468605042
baseline,4122,28.59992790222168,9.799976348876953,-4.7166852951049805,0.4115196168422699
baseline,4123,21.999927520751953,11.999977111816406,-4.67363166809082,0.25441619753837585
baseline,4124,24.09992790222168,12.999977111816406,-4.553034782409668,0.53605055809021
baseline,4125,29.999927520751953,9.999977111816406,-4.720573902130127,0.33714696764945984
baseline,4126,27.299928665161133,7.499976634979248,-4.757905006408691,0.5693601369857788
baseline,4127,30.399927139282227,9.199976921081543,-4.7536211013793945,0.16468144953250885
baseline,4128,22.199928283691406,9.49997615814209,-4.760015487670898,0.2864172160625458
baseline,4129,24.299928665161133,8.599976539611816,-4.759334087371826,0.22081899642944336
baseline,4130,28.699928283691406,8.99997615814209,-4.759849548339844,0.5042616724967957
baseline,4131,21.2999267578125,8.89997673034668,-4.752758979797363,0.4000161290168762
baseline,4132,25.699928283691406,7.499976634979248,-4.760523796081543,0.37807735800743103
baseline,4133,31.59992790222168,8.699976921081543,-4.748435020446777,0.5662710070610046
baseline,4134,28.999927520751953,10.89997673034668,-4.659089088439941,0.19618980586528778
baseline,4135,27.499927520751953,8.299976348876953,-4.713948726654053,0.3213692009449005
baseline,4136,22.999927520751953,9.499977111816406,-4.74824333190918,0.2950296700000763
baseline,4137,24.699928283691406,10.299976348876953,-4.675938129425049,0.33356887102127075
baseline,4138,20.699928283691406,9.199976921081543,-4.769383430480957,0.5830532908439636
baseline,4139,24.799928665161133,8.099976539611816,-4.775277614593506,0.24913690984249115
baseline,4140,22.59992790222168,8.499977111816406,-4.774068355560303,0.23800215125083923
baseline,4141,27.09992790222168,6.999976634979248,-4.775356769561768,0.47009795904159546
baseline,4142,28.299928665161133,8.599976539611816,-4.7728190422058105,0.40196850895881653
baseline,4143,23.699928283691406,8.299976348876953,-4.775331497192383,0.43722257018089294
baseline,4144,21.299928665161133,10.299976348876953,-4.719248294830322,0.3358015716075897
baseline,4145,22.39992904663086,10.099976539611816,-4.750394344329834,0.2855973541736603
baseline,4146,23.299928665161133,9.099976539611816,-4.765932559967041,0.3438209593296051
baseline,4147,26.699928283691406,7.499976634979248,-4.7520294189453125,0.5122482180595398
baseline,4148,25.699928283691406,6.89997673034668,-4.7679266929626465,0.23897603154182434
baseline,4149,29.299928665161133,8.799976348876953,-4.7743353843688965,0.4244507849216461
baseline,4150,25.09992790222168,7.699976921081543,-4.7734694480896,0.4060865044593811
baseline,4151,27.699928283691406,6.89997673034668,-4.767733573913574,0.507988452911377
baseline,4152,28.999927520751953,9.499977111816406,-4.7668070793151855,0.1925511211156845
baseline,4153,30.799928665161133,9.499977111816406,-4.764733791351318,0.5695419311523438
baseline,4154,20.799928665161133,8.39997673034668,-4.773275375366211,0.3307691216468811
baseline,4155,31.999929428100586,9.199976921081543,-4.770519733428955,0.7839725613594055
baseline,4156,30.499929428100586,13.599977493286133,-4.512272357940674,0.4199848771095276
baseline,4157,23.199928283691406,7.699976921081543,-4.820467948913574,0.3832157254219055
baseline,4158,28.39992904663086,7.299976825714111,-4.821149826049805,0.37992063164711
baseline,4159,24.199928283691406,7.299976825714111,-4.822836399078369,0.36720192432403564
baseline,4160,30.299928665161133,8.199976921081543,-4.822967052459717,0.3197832703590393
baseline,4161,22.09992790222168,7.499977111816406,-4.822649002075195,0.6477408409118652
baseline,4162,20.799928665161133,7.299976825714111,-4.818421840667725,0.5436125993728638
baseline,4163,32.09992980957031,7.899977207183838,-4.82118558883667,1.2536442279815674
baseline,4164,29.199928283691406,7.899977207183838,-4.822774887084961,0.2521611154079437
baseline,4165,23.799928665161133,8.999977111816406,-4.750519752502441,0.42774611711502075
baseline,4166,24.89992904663086,8.699976921081543,-4.772396564483643,0.4634864628314972
baseline,4167,29.799928665161133,8.89997673034668,-4.793854236602783,0.31571874022483826
baseline,4168,21.89992904663086,8.499977111816406,-4.813185214996338,0.4511846899986267
baseline,4169,28.199928283691406,8.099977493286133,-4.812228202819824,0.43795934319496155
baseline,4170,27.89992904663086,7.599977016448975,-4.805970191955566,0.11342494189739227
baseline,4171,26.09992790222168,6.599977016448975,-4.818519592285156,0.23273110389709473
baseline,4172,30.89992904663086,8.199976921081543,-4.822999954223633,0.4063129127025604
baseline,4173,25.09992790222168,6.799976825714111,-4.821037292480469,0.458849161863327
baseline,4174,23.699928283691406,7.399977207183838,-4.823101043701172,0.44095179438591003
baseline,4175,21.39992904663086,9.39997673034668,-4.793002128601074,0.2758222222328186
baseline,4176,24.299928665161133,8.099977493286133,-4.811604976654053,0.41246703267097473
baseline,4177,29.39992904663086,7.099977016448975,-4.825152397155762,0.212121844291687
baseline,4178,32.199928283691406,8.39997673034668,-4.822484016418457,1.1889410018920898
baseline,4179,21.999927520751953,6.89997673034668,-4.843774795532227,0.4196867048740387
baseline,4180,23.699928283691406,6.89997673034668,-4.842589855194092,0.37674617767333984
baseline,4181,29.799928665161133,8.39997673034668,-4.834771156311035,0.25834545493125916
baseline,4182,21.699928283691406,7.999977111816406,-4.831942081451416,0.43732279539108276
baseline,4183,22.699928283691406,7.999977111816406,-4.813159465789795,0.19984301924705505
baseline,4184,26.09992790222168,7.199976921081543,-4.740894794464111,0.16418465971946716
baseline,4185,21.299928665161133,8.39997673034668,-4.836838722229004,0.35472699999809265
baseline,4186,21.499927520751953,7.39997673034668,-4.843380928039551,0.31849974393844604
baseline,4187,26.59992790222168,6.699976921081543,-4.816469192504883,0.09719936549663544
baseline,4188,30.299928665161133,6.999977111816406,-4.857138633728027,0.34792381525039673
baseline,4189,27.09992790222168,5.899977207183838,-4.863215923309326,0.36626967787742615
baseline,4190,25.999929428100586,5.7999773025512695,-4.862977981567383,0.4730846881866455
baseline,4191,20.799928665161133,6.499977111816406,-4.855954647064209,0.8533951044082642
baseline,4192,23.699928283691406,9.599977493286133,-4.734810829162598,0.4461360275745392
baseline,4193,21.299928665161133,6.7999773025512695,-4.848099708557129,0.30330780148506165
baseline,4194,29.699928283691406,7.599977016448975,-4.848455429077148,0.28403255343437195
baseline,4195,22.89992904663086,7.099977016448975,-4.844159126281738,0.4606230556964874
baseline,4196,23.09992790222168,8.29997730255127,-4.802992820739746,0.38841524720191956
baseline,4197,31.099929809570312,7.699976921081543,-4.843374252319336,0.8645812273025513
baseline,4198,22.199928283691406,8.999977111816406,-4.8190693855285645,0.3938908874988556
baseline,4199,20.799928665161133,7.799976825714111,-4.840630054473877,0.3326968550682068
baseline,4200,30.89992904663086,8.699976921081543,-4.8130083084106445,0.29464682936668396
baseline,4201,22.799928665161133,6.39997673034668,-4.885671138763428,0.21596659719944
baseline,4202,30.59992790222168,6.499977111816406,-4.887214183807373,0.4701564908027649
baseline,4203,29.09992790222168,6.39997673034668,-4.890400409698486,0.36008545756340027
baseline,4204,20.799928665161133,5.799976825714111,-4.884279727935791,1.1801151037216187
baseline,4205,27.59992790222168,6.099977016448975,-4.886741638183594,0.24992841482162476
baseline,4206,26.999929428100586,5.199976921081543,-4.890480041503906,0.5308393239974976
baseline,4207,32.2999267578125,7.39997673034668,-4.878565311431885,1.7161444425582886
baseline,4208,21.699928283691406,5.099977016448975,-4.882620811462402,0.5841819643974304
baseline,4209,24.09992790222168,6.099977016448975,-4.890750885009766,0.3208332657814026
baseline,4210,21.799928665161133,6.39997673034668,-4.889439582824707,0.4481678903102875
baseline,4211,24.59992790222168,6.699976921081543,-4.857645034790039,0.10298710316419601
baseline,4212,31.699928283691406,7.299976825714111,-4.88067102432251,1.423636794090271
baseline,4213,30.999929428100586,7.199976921081543,-4.882505416870117,0.8263044953346252
baseline,4214,29.999929428100586,6.599977016448975,-4.8858232498168945,0.2457621991634369
baseline,4215,30.499929428100586,5.599977016448975,-4.890198707580566,0.4583786725997925
baseline,4216,24.999929428100586,5.999977111816406,-4.8897881507873535,0.1322464942932129
baseline,4217,28.999929428100586,8.39997673034668,-4.815615653991699,0.5529265999794006
baseline,4218,28.89992904663086,6.999977111816406,-4.862603664398193,0.46171310544013977
baseline,4219,27.299928665161133,6.499977111816406,-4.856028079986572,0.10238571465015411
baseline,4220,26.499929428100586,5.699976921081543,-4.856729507446289,0.31034377217292786
baseline,4221,28.09992790222168,6.599977016448975,-4.877894878387451,0.39643752574920654
baseline,4222,25.499929428100586,5.999977111816406,-4.878154277801514,0.41404253244400024
baseline,4223,28.59992790222168,7.7999773025512695,-4.822378635406494,0.2549270689487457
baseline,4224,20.999927520751953,4.499977111816406,-4.928850173950195,1.011549472808838
baseline,4225,27.499929428100586,3.899976968765259,-4.928606986999512,0.43953171372413635
baseline,4226,28.999929428100586,0.19997692108154297,-4.929133415222168,0.6146813035011292
baseline,4227,30.299928665161133,4.699976921081543,-4.92891788482666,0.4735947251319885
baseline,4228,23.799928665161133,4.999977111816406,-4.928638935089111,0.3431190550327301
baseline,4229,25.89992904663086,-0.30002307891845703,-4.919341087341309,0.5679117441177368
baseline,4230,27.699928283691406,-0.5000228881835938,-4.905567169189453,0.7140907049179077
baseline,4231,28.999929428100586,2.499976873397827,-4.914144039154053,0.6292399168014526
baseline,4232,30.59992790222168,0.29997682571411133,-4.929523468017578,0.5422799587249756
baseline,4233,32.39992904663086,5.899977207183838,-4.9236884117126465,1.1086550951004028
baseline,4234,26.299928665161133,4.199976921081543,-4.929586887359619,0.20919890701770782
baseline,4235,27.999929428100586,4.999977111816406,-4.92732048034668,0.3542556166648865
baseline,4236,29.699928283691406,3.899976968765259,-4.8993353843688965,0.5144952535629272
baseline,4237,31.999929428100586,4.399977207183838,-4.920763969421387,0.9048451781272888
baseline,4238,24.199928283691406,-0.30002307891845703,-4.929653167724609,0.448708713054657
baseline,4239,28.299928665161133,3.2999768257141113,-4.929838180541992,0.4454745650291443
baseline,4240,25.89992904663086,0.7999768257141113,-4.9266486167907715,0.6121968030929565
baseline,4241,27.699928283691406,1.699976921081543,-4.913269519805908,0.686447262763977
baseline,4242,22.09992790222168,3.899976968765259,-4.927725791931152,0.7584397196769714
baseline,4243,22.89992904663086,4.499977111816406,-4.927578926086426,0.5797260999679565
baseline,4244,29.09992790222168,5.199976921081543,-4.929629802703857,0.3635081350803375
baseline,4245,31.999929428100586,0.8999767303466797,-4.928459167480469,0.6806680560112
baseline,4246,25.59992790222168,5.099977016448975,-4.929720401763916,0.4052223563194275
baseline,4247,31.599929809570312,5.399977207183838,-4.9293646812438965,0.5356382727622986
baseline,4248,29.299928665161133,3.4999771118164062,-4.9295854568481445,0.548417329788208
baseline,4249,27.499929428100586,2.199976921081543,-4.928140163421631,0.35861966013908386
baseline,4250,32.09992980957031,4.999977111816406,-4.927379608154297,0.8953866958618164
baseline,4251,31.599929809570312,7.7999773025512695,-4.923818588256836,0.9735384583473206
baseline,4252,31.499929428100586,6.599977016448975,-4.9175028800964355,1.0942481756210327
baseline,4253,31.099929809570312,6.199976921081543,-4.9263811111450195,0.7550134658813477
baseline,4254,29.699928283691406,6.099977016448975,-4.902588367462158,0.39278095960617065
baseline,4255,23.299928665161133,5.799976825714111,-4.919858455657959,0.29182177782058716
baseline,4256,22.799928665161133,5.599977016448975,-4.928370475769043,0.3164273500442505
baseline,4257,22.199928283691406,5.499977111816406,-4.926450252532959,0.3333635926246643
baseline,4258,22.39992904663086,6.099977016448975,-4.914490699768066,0.3567235469818115
baseline,4259,31.699928283691406,5.999977111816406,-4.924505710601807,0.937369167804718
baseline,4260,21.299928665161133,5.899977207183838,-4.906067848205566,0.7184252142906189
baseline,4261,29.199928283691406,5.799976825714111,-4.916742324829102,0.41511982679367065
baseline,4262,27.799928665161133,5.599977016448975,-4.9226837158203125,0.15714100003242493
baseline,4263,29.59992790222168,5.499977111816406,-4.921635150909424,0.2958658039569855
baseline,4264,23.199928283691406,5.199976921081543,-4.929549217224121,0.29579195380210876
baseline,4265,30.09992790222168,5.199976921081543,-4.927611351013184,0.3886169195175171
baseline,4266,22.59992790222168,4.999977111816406,-4.927801132202148,0.7802494764328003
baseline,4267,26.199928283691406,4.999977111816406,-4.905468940734863,0.29156768321990967
baseline,4268,26.999929428100586,4.699976921081543,-4.9176435470581055,0.608851969242096
baseline,4269,28.699928283691406,-0.5000228881835938,-4.906405925750732,0.75044846534729
baseline,4270,20.89992904663086,3.9999771118164062,-4.929955959320068,1.3101104497909546
baseline,4271,26.799928665161133,0.9999771118164062,-4.916482925415039,0.7072015404701233
baseline,4272,28.499929428100586,4.699976921081543,-4.92688512802124,0.3783486485481262
baseline,4273,31.199928283691406,0.5999770164489746,-4.912818908691406,0.6872850656509399
baseline,4274,23.799928665161133,-0.7000231742858887,-4.9096760749816895,0.5083096027374268
baseline,4275,28.799928665161133,3.2999768257141113,-4.929922580718994,0.5957711935043335
baseline,4276,27.799928665161133,0.19997692108154297,-4.923061847686768,0.5210317969322205
baseline,4277,32.59992980957031,5.299976825714111,-4.913484573364258,0.990310788154602
baseline,4278,23.699928283691406,0.5999770164489746,-4.924185752868652,0.6395618319511414
baseline,4279,32.39992904663086,6.7999773025512695,-4.9175519943237305,1.7915949821472168
baseline,4280,29.59992790222168,0.09997701644897461,-4.928463935852051,0.7126370668411255
baseline,4281,24.59992790222168,5.399977207183838,-4.924473762512207,0.1659708470106125
baseline,4282,25.199928283691406,-0.800023078918457,-4.904840469360352,0.5367989540100098
baseline,4283,25.199928283691406,0.7999768257141113,-4.913000583648682,0.7669284343719482
baseline,4284,22.499927520751953,4.199976921081543,-4.928605556488037,0.5529628396034241
baseline,4285,32.09992980957031,3.699976921081543,-4.9281907081604,0.5097715258598328
baseline,4286,26.199928283691406,0.09997701644897461,-4.926326751708984,0.6335746645927429
baseline,4287,22.799928665161133,-0.10002326965332031,-4.926461219787598,0.5448193550109863
baseline,4288,27.499929428100586,4.599977016448975,-4.928488254547119,0.25577959418296814
baseline,4289,30.799928665161133,4.799976825714111,-4.929763317108154,0.4543204605579376
baseline,4290,25.09992790222168,-0.20002317428588867,-4.928704738616943,0.6569918990135193
baseline,4291,27.199928283691406,-0.30002307891845703,-4.9060235023498535,0.5942811965942383
baseline,4292,24.499929428100586,-0.800023078918457,-4.901828289031982,0.3332597315311432
baseline,4293,26.09992790222168,-0.800023078918457,-4.878904342651367,0.7405617237091064
baseline,4294,22.199928283691406,8.099977493286133,-4.821781158447266,0.3968769311904907
baseline,4295,26.59992790222168,-0.4000229835510254,-4.91878080368042,0.7085411548614502
baseline,4296,30.59992790222168,7.499977111816406,-4.866022109985352,0.4405960440635681
baseline,4297,23.299928665161133,6.399977207183838,-4.914229869842529,0.3315429985523224
baseline,4298,29.999929428100586,-0.7000231742858887,-4.896576881408691,0.4602476954460144
baseline,4299,28.199928283691406,-0.10002326965332031,-4.896482944488525,0.6614072918891907
baseline,4300,21.199928283691406,5.199976921081543,-4.893764972686768,0.9116254448890686
baseline,4301,26.59992790222168,-1.0000228881835938,-4.880997180938721,1.0414395332336426
baseline,4302,28.39992904663086,-1.300023078918457,-4.897529602050781,0.4737817645072937
baseline,4303,23.299928665161133,-0.800023078918457,-4.893767356872559,0.5837911367416382
baseline,4304,30.499929428100586,-0.30002307891845703,-4.89744758605957,0.7827637791633606
baseline,4305,29.499929428100586,-0.5000228881835938,-4.895176410675049,0.6687412261962891
baseline,4306,26.499929428100586,8.199976921081543,-4.71514892578125,0.4805084466934204
baseline,4307,26.89992904663086,-1.4000229835510254,-4.915493965148926,0.8608521223068237
baseline,4308,26.199928283691406,3.5999770164489746,-4.92102575302124,0.33103302121162415
baseline,4309,24.39992904663086,-1.4000229835510254,-4.919867038726807,0.3789508044719696
baseline,4310,29.89992904663086,-1.4000229835510254,-4.919991493225098,0.6248201727867126
baseline,4311,21.799928665161133,4.599977016448975,-4.91904354095459,0.4292627274990082
baseline,4312,25.699928283691406,-1.4000229835510254,-4.905739784240723,0.8359916806221008
baseline,4313,27.59992790222168,-1.0000228881835938,-4.918232440948486,0.7574607729911804
baseline,4314,29.09992790222168,4.299976825714111,-4.908462047576904,0.5771329402923584
baseline,4315,29.299928665161133,-1.1000232696533203,-4.913735866546631,0.7084609270095825
baseline,4316,27.799928665161133,-1.5000228881835938,-4.914066314697266,0.39113959670066833
baseline,4317,30.799928665161133,-1.3000233173370361,-4.896592617034912,0.5327176451683044
baseline,4318,32.39992904663086,0.49997687339782715,-4.913679599761963,0.9826803207397461
baseline,4319,31.199928283691406,-0.4000232219696045,-4.910067081451416,0.8249583840370178
baseline,4320,22.699928283691406,8.999977111816406,-4.792297840118408,0.46611323952674866
baseline,4321,23.39992904663086,-2.000023126602173,-4.936779022216797,0.24429424107074738
baseline,4322,32.49992752075195,4.199976921081543,-4.9410247802734375,0.9432935118675232
baseline,4323,26.999929428100586,2.199976921081543,-4.950239181518555,0.4996921122074127
baseline,4324,24.499929428100586,0.29997682571411133,-4.950198650360107,0.5333820581436157
baseline,4325,22.199928283691406,0.3999767303466797,-4.9459404945373535,0.7019119262695312
baseline,4326,25.89992904663086,-2.000023126602173,-4.929717540740967,0.5392550826072693
baseline,4327,32.59992980957031,1.2999768257141113,-4.946537971496582,0.9075674414634705
baseline,4328,31.499929428100586,3.7999768257141113,-4.94887638092041,0.557404100894928
baseline,4329,22.299928665161133,-0.6000230312347412,-4.9149556159973145,0.8664934635162354
baseline,4330,32.199928283691406,-0.20002317428588867,-4.92071533203125,0.9932010769844055
baseline,4331,29.299928665161133,-1.9000232219696045,-4.9063262939453125,0.698037326335907
baseline,4332,28.199928283691406,3.999976873397827,-4.9499077796936035,0.35771608352661133
baseline,4333,31.599929809570312,1.6999768018722534,-4.950427055358887,0.6128181219100952
baseline,4334,28.39992904663086,-2.4000232219696045,-4.8260626792907715,0.4663221836090088
baseline,4335,25.199928283691406,3.699976921081543,-4.9504008293151855,0.40436041355133057
baseline,4336,29.799928665161133,3.2999768257141113,-4.947413921356201,0.517804741859436
baseline,4337,27.59992790222168,3.199976921081543,-4.947394371032715,0.4018339514732361
baseline,4338,28.199928283691406,0.9999768733978271,-4.94892692565918,0.6849586963653564
baseline,4339,24.999929428100586,4.999977111816406,-4.9501543045043945,0.3685789406299591
baseline,4340,25.299928665161133,2.5999767780303955,-4.950064659118652,0.43690451979637146
baseline,4341,27.09992790222168,-2.2000234127044678,-4.8382697105407715,0.6100062727928162
baseline,4342,25.59992790222168,0.3999767303466797,-4.950149059295654,0.5050320625305176
baseline,4343,26.699928283691406,3.0999767780303955,-4.930109024047852,0.4800877571105957
baseline,4344,28.499929428100586,0.29997682571411133,-4.945649147033691,0.7668099999427795
baseline,4345,23.699928283691406,-1.2000234127044678,-4.9370551109313965,0.5572630763053894
baseline,4346,25.09992790222168,-1.3000233173370361,-4.943807601928711,0.7330824732780457
baseline,4347,28.59992790222168,6.099977016448975,-4.91851806640625,0.32242292165756226
baseline,4348,23.999929428100586,5.499977111816406,-4.915112495422363,0.34342095255851746
baseline,4349,24.799928665161133,7.199976921081543,-4.837691307067871,0.43698740005493164
baseline,4350,27.699928283691406,1.199976921081543,-4.948657512664795,0.4971747100353241
baseline,4351,25.299928665161133,3.199976921081543,-4.949489116668701,0.3457936644554138
baseline,4352,30.89992904663086,4.099977016448975,-4.949645519256592,0.5187551975250244
baseline,4353,28.699928283691406,3.7999768257141113,-4.94966459274292,0.5221583247184753
baseline,4354,22.199928283691406,-1.3000233173370361,-4.87069034576416,0.7288857102394104
baseline,4355,25.299928665161133,-2.4000232219696045,-4.811131477355957,0.4338860511779785
baseline,4356,23.699928283691406,-2.4000232219696045,-4.833490371704102,0.19902649521827698
baseline,4357,22.699928283691406,0.8999767303466797,-4.949288845062256,0.7415561079978943
baseline,4358,25.999929428100586,1.599976897239685,-4.949296474456787,0.48847895860671997
baseline,4359,32.699928283691406,4.799976825714111,-4.945329666137695,1.1114792823791504
baseline,4360,24.499929428100586,2.3999767303466797,-4.950389862060547,0.6867460608482361
baseline,4361,28.699928283691406,5.499977111816406,-4.937677383422852,0.4043494760990143
baseline,4362,25.799928665161133,2.5999767780303955,-4.931790828704834,0.5508984327316284
baseline,4363,26.39992904663086,-1.7000234127044678,-4.934592247009277,0.5024338364601135
baseline,4364,29.39992904663086,4.799976825714111,-4.941209316253662,0.4003540873527527
baseline,4365,31.799928665161133,0.09997677803039551,-4.939817428588867,0.8677571415901184
baseline,4366,30.199928283691406,6.099977016448975,-4.890365123748779,0.15042582154273987
baseline,4367,21.199928283691406,0.29997682571411133,-4.959584712982178,0.7233907580375671
baseline,4368,24.299928665161133,-2.300023317337036,-4.833179950714111,0.5811237096786499
baseline,4369,28.799928665161133,1.099976897239685,-4.959772109985352,0.4448513090610504
baseline,4370,31.199928283691406,-1.7000234127044678,-4.864046096801758,0.733161449432373
baseline,4371,31.199928283691406,1.9999768733978271,-4.959324836730957,0.5685662627220154
baseline,4372,21.59992790222168,-1.0000231266021729,-4.880382537841797,0.8187565207481384
baseline,4373,22.09992790222168,1.2999768257141113,-4.957911968231201,0.6601129174232483
baseline,4374,30.199928283691406,0.5999767780303955,-4.95999813079834,0.7677839994430542
baseline,4375,29.999929428100586,-2.300023317337036,-4.850716590881348,0.6769511103630066
baseline,4376,23.999929428100586,3.5999770164489746,-4.9598493576049805,0.45964592695236206
baseline,4377,22.59992790222168,-1.8000233173370361,-4.843623638153076,0.4379207491874695
baseline,4378,32.49992752075195,3.399976968765259,-4.958578586578369,0.7796276807785034
baseline,4379,21.39992904663086,4.199976921081543,-4.955805778503418,0.8262311220169067
baseline,4380,26.39992904663086,2.499976873397827,-4.931518077850342,0.5011423826217651
baseline,4381,25.39992904663086,1.4999768733978271,-4.9473066329956055,0.46034520864486694
baseline,4382,27.699928283691406,0.699976921081543,-4.939807415008545,0.6025058627128601
baseline,4383,23.699928283691406,-2.3126602172851562e-05,-4.955705165863037,0.543152928352356
baseline,4384,31.699928283691406,-0.5000231266021729,-4.95104455947876,0.70280921459198
baseline,4385,31.199928283691406,-0.9000232219696045,-4.909854888916016,0.7753581404685974
baseline,4386,28.799928665161133,-1.6000230312347412,-4.907476902008057,0.7374836802482605
baseline,4387,25.799928665161133,2.0999767780303955,-4.9374613761901855,0.4367445409297943
baseline,4388,24.09992790222168,1.1999768018722534,-4.943491458892822,0.5194740891456604
baseline,4389,23.39992904663086,0.9999768733978271,-4.948084354400635,0.6857352256774902
baseline,4390,27.09992790222168,0.3999767303466797,-4.926382541656494,0.6703283786773682
baseline,4391,25.199928283691406,-1.9000232219696045,-4.908589839935303,0.5815046429634094
baseline,4392,27.699928283691406,-2.000023126602173,-4.905450344085693,0.4206317067146301
baseline,4393,23.89992904663086,1.7999768257141113,-4.955719947814941,0.3590868413448334
baseline,4394,24.59992790222168,1.7999768257141113,-4.945063591003418,0.5063193440437317
baseline,4395,23.199928283691406,1.4999768733978271,-4.959836483001709,0.4921691119670868
baseline,4396,24.799928665161133,1.2999768257141113,-4.946435451507568,0.5356048345565796
baseline,4397,21.799928665161133,-0.10002326965332031,-4.944552421569824,0.7847376465797424
baseline,4398,23.799928665161133,-1.7000234127044678,-4.95902156829834,0.3771216869354248
baseline,4399,23.199928283691406,-2.800023317337036,-4.821376800537109,0.4582403600215912
baseline,4400,25.799928665161133,4.299976825714111,-4.9315009117126465,0.2548871338367462
baseline,4401,26.699928283691406,1.5999767780303955,-4.932210922241211,0.6613011360168457
baseline,4402,27.199928283691406,-2.800023317337036,-4.801164150238037,0.6388436555862427
baseline,4403,24.699928283691406,-2.9000232219696045,-4.801517009735107,0.1929231733083725
baseline,4404,29.09992790222168,-2.800023317337036,-4.801580429077148,0.7163603901863098
baseline,4405,25.89992904663086,-2.800023317337036,-4.795453071594238,0.33511409163475037
baseline,4406,26.799928665161133,4.199976921081543,-4.9155354499816895,0.37344279885292053
baseline,4407,27.09992790222168,3.5999767780303955,-4.914002418518066,0.7114611864089966
baseline,4408,30.299928665161133,-1.9000232219696045,-4.872629165649414,0.47030892968177795
baseline,4409,30.999929428100586,5.299976825714111,-4.926463603973389,0.3145195543766022
baseline,4410,25.09992790222168,-3.300023317337036,-4.862403869628906,0.41820022463798523
baseline,4411,31.999929428100586,-1.5000231266021729,-4.904806137084961,0.7499316930770874
baseline,4412,30.499929428100586,-2.6000235080718994,-4.831393718719482,0.8275676369667053
baseline,4413,22.59992790222168,-2.300023317337036,-4.932222843170166,0.2073126882314682
baseline,4414,26.39992904663086,-3.300023317337036,-4.860589504241943,0.41803279519081116
baseline,4415,23.699928283691406,-3.1000235080718994,-4.893002033233643,0.6396815180778503
baseline,4416,26.299928665161133,-2.4000232219696045,-4.884224891662598,0.4094327688217163
baseline,4417,32.39992904663086,-1.1000232696533203,-4.861330509185791,0.993372917175293
baseline,4418,26.39992904663086,0.599976658821106,-4.937160968780518,0.7524900436401367
baseline,4419,31.39992904663086,-2.3000235557556152,-4.851349353790283,0.805237889289856
baseline,4420,25.59992790222168,-3.4000234603881836,-4.840836524963379,0.37097740173339844
baseline,4421,31.199928283691406,4.499977111816406,-4.936936378479004,0.46929168701171875
baseline,4422,22.699928283691406,-1.3000233173370361,-4.895936965942383,0.34177732467651367
baseline,4423,27.89992904663086,-2.500023365020752,-4.864860534667969,0.615117609500885
baseline,4424,24.299928665161133,4.999976634979248,-4.948830604553223,0.21299724280834198
baseline,4425,21.699928283691406,-2.200023651123047,-4.948796272277832,0.3820366859436035
baseline,4426,31.89992904663086,-2.000023365020752,-4.886350631713867,0.8946313261985779
baseline,4427,24.299928665161133,-3.4000234603881836,-4.8793182373046875,0.23526757955551147
baseline,4428,30.89992904663086,-3.000023365020752,-4.823751449584961,0.7169815301895142
baseline,4429,29.299928665161133,-3.3000235557556152,-4.796584129333496,0.22046099603176117
baseline,4430,27.799928665161133,-3.500023365020752,-4.756704330444336,0.3943885862827301
baseline,4431,29.799928665161133,-2.9000234603881836,-4.814519882202148,0.6376941204071045
baseline,4432,28.59992790222168,-3.000023365020752,-4.834972381591797,0.7561232447624207
baseline,4433,28.199928283691406,-0.7000232934951782,-4.884125709533691,0.6754145622253418
baseline,4434,21.999927520751953,-2.6000232696533203,-4.863871097564697,0.4384022057056427
baseline,4435,28.39992904663086,-3.6000232696533203,-4.748556137084961,0.5424420237541199
baseline,4436,30.39992904663086,-3.6000232696533203,-4.780950546264648,0.6111218929290771
baseline,4437,22.89992904663086,-3.3000235557556152,-4.901912212371826,0.3312264084815979
baseline,4438,25.799928665161133,3.2999768257141113,-4.938108921051025,0.37453773617744446
baseline,4439,26.39992904663086,1.9999767541885376,-4.933170318603516,0.4161555767059326
baseline,4440,31.599929809570312,-1.2000232934951782,-4.916109561920166,0.7622385025024414
baseline,4441,27.999929428100586,4.499976634979248,-4.950675964355469,0.4201379120349884
baseline,4442,30.499929428100586,-0.900023341178894,-4.937278747558594,0.30554795265197754
baseline,4443,28.699928283691406,-4.000022888183594,-4.770021915435791,0.5596497654914856
baseline,4444,20.799928665161133,-1.500023365020752,-4.932790279388428,0.8404675722122192
baseline,4445,32.699928283691406,-0.500023365020752,-4.868474960327148,1.3005443811416626
baseline,4446,30.89992904663086,1.0999767780303955,-4.953099250793457,0.7243452668190002
baseline,4447,26.999929428100586,-3.9000232219696045,-4.77457332611084,0.2003500908613205
baseline,4448,22.199928283691406,-3.1000235080718994,-4.867673397064209,0.4675026834011078
baseline,4449,23.699928283691406,-3.6000235080718994,-4.81649923324585,0.6099061965942383
baseline,4450,21.799928665161133,5.7999773025512695,-4.926175594329834,0.26447346806526184
baseline,4451,30.39992904663086,-3.1000235080718994,-4.8169264793396,0.7363964319229126
baseline,4452,25.89992904663086,-4.000023365020752,-4.777315139770508,0.40897542238235474
baseline,4453,31.39992904663086,2.5999767780303955,-4.9647297859191895,0.42928969860076904
baseline,4454,21.799928665161133,3.499976873397827,-4.962247371673584,1.0907427072525024
baseline,4455,21.299928665161133,-0.20002329349517822,-4.9618377685546875,0.9444867968559265
baseline,4456,20.799928665161133,3.3999767303466797,-4.957484722137451,1.780750036239624
baseline,4457,32.2999267578125,1.6999766826629639,-4.95815896987915,0.7437312602996826
baseline,4458,27.999929428100586,2.3999767303466797,-4.96417760848999,0.48395368456840515
baseline,4459,27.699928283691406,-4.500023365020752,-4.740532875061035,0.4851802885532379
baseline,4460,23.299928665161133,1.9999767541885376,-4.963251113891602,0.5571074485778809
baseline,4461,24.699928283691406,-2.000023365020752,-4.869725704193115,0.5981444716453552
baseline,4462,29.59992790222168,-3.7000231742858887,-4.781485557556152,0.4194709062576294
baseline,4463,31.499927520751953,-3.4000234603881836,-4.772817611694336,0.7563315629959106
baseline,4464,30.199928283691406,-4.400023460388184,-4.747824668884277,0.5405219793319702
baseline,4465,24.59992790222168,-4.400023460388184,-4.764150619506836,0.2384328842163086
baseline,4466,25.699928283691406,3.7999768257141113,-4.933136940002441,0.4312058985233307
baseline,4467,28.999927520751953,-4.400023460388184,-4.746117115020752,0.20670589804649353
baseline,4468,21.89992904663086,-1.7000232934951782,-4.910312652587891,0.5345748066902161
baseline,4469,26.39992904663086,-3.8000235557556152,-4.774295806884766,0.5297865867614746
baseline,4470,25.299928665161133,-3.8000235557556152,-4.771194934844971,0.3008279502391815
baseline,4471,21.199928283691406,-2.500023365020752,-4.893486976623535,0.46811917424201965
baseline,4472,25.199928283691406,-4.800023078918457,-4.7433857917785645,0.4776485860347748
baseline,4473,29.699928283691406,-4.700023651123047,-4.749765396118164,0.3254454433917999
baseline,4474,30.89992904663086,-4.400023460388184,-4.779007911682129,0.6348891854286194
baseline,4475,23.09992790222168,-3.9000232219696045,-4.803849220275879,0.5725899338722229
baseline,4476,25.39992904663086,4.599976539611816,-4.952028274536133,0.42007413506507874
baseline,4477,20.89992904663086,-0.9000232219696045,-4.951442718505859,0.7614316344261169
baseline,4478,29.89992904663086,0.9999767541885376,-4.953069686889648,0.6389227509498596
baseline,4479,22.499927520751953,-4.700023651123047,-4.802701950073242,0.3279970586299896
baseline,4480,26.299928665161133,-5.000022888183594,-4.742819309234619,0.46322405338287354
baseline,4481,27.199928283691406,2.699976921081543,-4.9364824295043945,0.45213329792022705
baseline,4482,27.199928283691406,-3.4000232219696045,-4.794509410858154,0.5019539594650269
baseline,4483,27.59992790222168,-4.000022888183594,-4.775412082672119,0.27085208892822266
baseline,4484,20.699928283691406,-2.2000231742858887,-4.90700626373291,0.5871685743331909
baseline,4485,21.999927520751953,-3.6000235080718994,-4.824289321899414,0.42474010586738586
baseline,4486,21.299928665161133,3.5999767780303955,-4.952637195587158,1.3305760622024536
baseline,4487,28.499927520751953,-4.900023460388184,-4.784353256225586,0.13637804985046387
baseline,4488,23.499927520751953,-4.500022888183594,-4.791273593902588,0.35950398445129395
baseline,4489,29.59992790222168,-5.200023651123047,-4.792924404144287,0.41655218601226807
baseline,4490,30.299928665161133,4.099976539611816,-4.952393531799316,0.4354512691497803
baseline,4491,25.39992904663086,-2.9000232219696045,-4.8210577964782715,0.4128730595111847
baseline,4492,26.59992790222168,-4.400023460388184,-4.766890048980713,0.5112249851226807
baseline,4493,28.799928665161133,-1.0000232458114624,-4.917177200317383,0.6997447609901428
baseline,4494,28.09992790222168,-4.200023651123047,-4.813727855682373,0.45963701605796814
baseline,4495,31.799928665161133,-2.9000232219696045,-4.848304748535156,0.7365351915359497
baseline,4496,22.499927520751953,-3.8000235557556152,-4.818304061889648,0.20477327704429626
baseline,4497,23.699928283691406,-5.10002326965332,-4.750910758972168,0.5068228840827942
baseline,4498,21.399927139282227,-3.500023365020752,-4.839364051818848,0.568000078201294
baseline,4499,27.499927520751953,-5.400023460388184,-4.758512020111084,0.2780264616012573
baseline,4500,30.199928283691406,-5.200023174285889,-4.818140983581543,0.35660839080810547
baseline,4501,31.499927520751953,-4.10002326965332,-4.855514049530029,0.6748183369636536
baseline,4502,31.999927520751953,6.39997673034668,-4.924306869506836,1.409353256225586
baseline,4503,24.399927139282227,-3.9000234603881836,-4.784840106964111,0.4135096073150635
baseline,4504,30.89992904663086,-3.6000232696533203,-4.834744930267334,0.6162893772125244
baseline,4505,24.09992790222168,-4.500023365020752,-4.772536277770996,0.21977533400058746
baseline,4506,24.899927139282227,-5.400023460388184,-4.724196910858154,0.18149961531162262
baseline,4507,28.2999267578125,-5.800023555755615,-4.66823673248291,0.32728123664855957
baseline,4508,28.199928283691406,-1.9000232219696045,-4.839135646820068,0.5234771966934204
baseline,4509,21.199928283691406,-2.000023126602173,-4.911263942718506,0.2955493927001953
baseline,4510,22.699928283691406,-2.800023078918457,-4.845876216888428,0.2705346941947937
baseline,4511,21.59992790222168,-3.000023126602173,-4.8488593101501465,0.6299073100090027
baseline,4512,27.59992790222168,-5.900023460388184,-4.678502559661865,0.391806423664093
baseline,4513,20.7999267578125,-3.1000232696533203,-4.870227336883545,0.6548972725868225
baseline,4514,25.699928283691406,-5.900023460388184,-4.690723419189453,0.38792121410369873
baseline,4515,28.09992790222168,-3.1000232696533203,-4.800243854522705,0.5804524421691895
baseline,4516,24.59992790222168,-4.900023460388184,-4.734409332275391,0.4786396920681
baseline,4517,26.09992790222168,-5.500023365020752,-4.703356742858887,0.5788653492927551
baseline,4518,26.399927139282227,-5.900023460388184,-4.684565544128418,0.4119304120540619
baseline,4519,29.199928283691406,-4.900023460388184,-4.809825897216797,0.5189926624298096
baseline,4520,30.2999267578125,-5.700023651123047,-4.684481620788574,0.3687492311000824
baseline,4521,31.199928283691406,0.09997677803039551,-4.891071796417236,0.5968177318572998
baseline,4522,20.399927139282227,-3.500023365020752,-4.864062786102295,0.7681595683097839
baseline,4523,28.899927139282227,-5.700023651123047,-4.684162616729736,0.3119097650051117
baseline,4524,27.09992790222168,-4.400023460388184,-4.735361099243164,0.46132993698120117
baseline,4525,25.7999267578125,-5.10002326965332,-4.74328088760376,0.12048967182636261
baseline,4526,26.7999267578125,-5.200023651123047,-4.7432355880737305,0.1767614781856537
baseline,4527,25.59992790222168,-4.500022888183594,-4.739690780639648,0.29898715019226074
baseline,4528,20.399927139282227,-2.7000231742858887,-4.905887126922607,0.7795693278312683
baseline,4529,24.09992790222168,-6.000023365020752,-4.693676948547363,0.3868020176887512
baseline,4530,25.199926376342773,-6.300023078918457,-4.662598609924316,0.39472463726997375
baseline,4531,22.7999267578125,-6.000023365020752,-4.730593204498291,0.5328326225280762
baseline,4532,27.199926376342773,1.599976897239685,-4.910518646240234,0.5195329189300537
baseline,4533,23.199926376342773,-1.5000231266021729,-4.892024517059326,0.39835071563720703
baseline,4534,23.199926376342773,-5.000023365020752,-4.764030933380127,0.2844598889350891
baseline,4535,24.09992790222168,-5.400022983551025,-4.71691370010376,0.3656100928783417
baseline,4536,23.2999267578125,-5.500023365020752,-4.729976177215576,0.20977240800857544
baseline,4537,27.199926376342773,-6.200023174285889,-4.654656887054443,0.3776027262210846
baseline,4538,22.59992790222168,-5.400022983551025,-4.745591640472412,0.5310335755348206
baseline,4539,28.999927520751953,-6.200023174285889,-4.638983726501465,0.20105008780956268
baseline,4540,30.2999267578125,-6.200023174285889,-4.622133731842041,0.5424479842185974
baseline,4541,21.2999267578125,-4.800023078918457,-4.80645227432251,0.8934433460235596
baseline,4542,24.899927139282227,-5.900022983551025,-4.685441970825195,0.32941412925720215
baseline,4543,28.2999267578125,-6.500023365020752,-4.645580768585205,0.3845590651035309
baseline,4544,30.7999267578125,-5.400022983551025,-4.723305702209473,0.630598783493042
baseline,4545,27.2999267578125,-7.200023174285889,-4.638095378875732,0.5009795427322388
baseline,4546,20.499927520751953,-4.700023174285889,-4.809553623199463,1.0717499256134033
baseline,4547,26.499927520751953,-6.60002326965332,-4.654233932495117,0.44061279296875
baseline,4548,29.7999267578125,-6.400022983551025,-4.649145126342773,0.42420729994773865
baseline,4549,31.399927139282227,-4.60002326965332,-4.771389007568359,0.7228132486343384
baseline,4550,20.599925994873047,-4.200023174285889,-4.836982727050781,0.7165253758430481
baseline,4551,29.499927520751953,-2.500023365020752,-4.855696678161621,0.7253177165985107
baseline,4552,22.199926376342773,-6.400023460388184,-4.720765113830566,0.6862409710884094
baseline,4553,25.599925994873047,-6.700023651123047,-4.679503440856934,0.42564648389816284
baseline,4554,24.199926376342773,-7.000022888183594,-4.671480178833008,0.5162073969841003
baseline,4555,28.099925994873047,-5.200023174285889,-4.7036004066467285,0.2671658396720886
baseline,4556,23.399927139282227,-6.000022888183594,-4.712568283081055,0.3252573013305664
baseline,4557,27.7999267578125,-6.500022888183594,-4.6538519859313965,0.30118513107299805
baseline,4558,24.399927139282227,-6.500022888183594,-4.678809642791748,0.4751969277858734
baseline,4559,25.199926376342773,-7.200023174285889,-4.641660690307617,0.5228900909423828
baseline,4560,27.899927139282227,-7.200023174285889,-4.631690502166748,0.263456255197525
baseline,4561,26.499927520751953,-7.300023078918457,-4.632491588592529,0.28928321599960327
baseline,4562,22.7999267578125,-7.700023174285889,-4.662675380706787,0.6690324544906616
baseline,4563,29.499927520751953,-7.10002326965332,-4.640296459197998,0.5610635280609131
baseline,4564,29.7999267578125,-5.900022983551025,-4.669919013977051,0.386759489774704
baseline,4565,28.999927520751953,-2.300023078918457,-4.842970848083496,0.7820960879325867
baseline,4566,23.2999267578125,-6.500023365020752,-4.703052997589111,0.3861368000507355
baseline,4567,23.7999267578125,-6.400022983551025,-4.704006671905518,0.5563510060310364
baseline,4568,22.699926376342773,-6.60002326965332,-4.717525959014893,0.49038419127464294
baseline,4569,24.999927520751953,-7.700023174285889,-4.6310529708862305,0.6217290163040161
baseline,4570,29.999927520751953,-7.000023365020752,-4.631471157073975,0.5323755741119385
baseline,4571,24.699926376342773,-6.900022983551025,-4.661746978759766,0.34140610694885254
baseline,4572,22.499927520751953,-7.300023078918457,-4.730258941650391,0.5897103548049927
baseline,4573,30.599925994873047,-6.700023174285889,-4.637162208557129,0.3713648021221161
baseline,4574,23.7999267578125,-7.700023174285889,-4.645376682281494,0.43172693252563477
baseline,4575,27.099925994873047,-0.9000231027603149,-4.800892353057861,0.8368241786956787
baseline,4576,28.599925994873047,-6.900022983551025,-4.633762359619141,0.30612173676490784
baseline,4577,25.7999267578125,-7.300023078918457,-4.636936187744141,0.4490451514720917
baseline,4578,22.999927520751953,-7.200023174285889,-4.714730262756348,0.2572736442089081
baseline,4579,23.499927520751953,-7.200023174285889,-4.679445743560791,0.5805960893630981
baseline,4580,25.099925994873047,-8.200023651123047,-4.582015037536621,0.427930623292923
baseline,4581,26.699926376342773,-7.900022983551025,-4.59515905380249,0.5303301811218262
baseline,4582,27.7999267578125,-8.200023651123047,-4.553860187530518,0.48884668946266174
baseline,4583,29.199926376342773,-7.800023078918457,-4.580238342285156,0.2280605286359787
baseline,4584,29.499927520751953,-4.200023174285889,-4.747168064117432,0.297081857919693
baseline,4585,24.699926376342773,-8.700023651123047,-4.592012405395508,0.3346714675426483
baseline,4586,25.899927139282227,-8.10002326965332,-4.5922932624816895,0.3185586929321289
baseline,4587,29.99992561340332,-7.800023078918457,-4.581622123718262,0.4563162624835968
baseline,4588,22.99992561340332,-4.400023460388184,-4.784407138824463,0.5281907916069031
baseline,4589,28.99992561340332,-8.300023078918457,-4.575876235961914,0.5473819375038147
baseline,4590,27.399927139282227,-8.500022888183594,-4.559747219085693,0.5203133225440979
baseline,4591,23.399927139282227,-8.300023078918457,-4.623218059539795,0.6835638284683228
baseline,4592,28.699926376342773,-7.700023174285889,-4.595461845397949,0.5417696237564087
baseline,4593,24.2999267578125,-7.900023460388184,-4.631267547607422,0.17035460472106934
baseline,4594,24.099925994873047,-8.700023651123047,-4.595613956451416,0.4881283938884735
baseline,4595,30.999927520751953,-7.700023174285889,-4.602333068847656,0.4797545373439789
baseline,4596,22.899927139282227,-8.800023078918457,-4.61464262008667,0.41090935468673706
baseline,4597,27.99992561340332,-9.000022888183594,-4.5254411697387695,0.19078439474105835
baseline,4598,25.49992561340332,-9.10002326965332,-4.545417308807373,0.6024251580238342
baseline,4599,26.699926376342773,-9.10002326965332,-4.52075719833374,0.37311670184135437
baseline,4600,30.099925994873047,-8.300023078918457,-4.579476833343506,0.11542929708957672
baseline,4601,27.399927139282227,-9.10002326965332,-4.523852348327637,0.35781538486480713
baseline,4602,25.099925994873047,-4.300023078918457,-4.685574054718018,0.26330649852752686
baseline,4603,27.199926376342773,-7.700023174285889,-4.599373817443848,0.3829631507396698
baseline,4604,26.099925994873047,-8.700023651123047,-4.5798749923706055,0.30570828914642334
baseline,4605,26.599925994873047,-8.500022888183594,-4.594762802124023,0.249623104929924
baseline,4606,30.599925994873047,-8.300023078918457,-4.531876087188721,0.5612148642539978
baseline,4607,22.2999267578125,-7.900023460388184,-4.689788818359375,0.401014119386673
baseline,4608,25.399927139282227,-5.500023365020752,-4.679790496826172,0.4320610463619232
baseline,4609,30.499927520751953,-4.800023078918457,-4.732254505157471,0.3380233645439148
baseline,4610,25.99992561340332,-6.400023460388184,-4.647546291351318,0.34016379714012146
baseline,4611,24.99992561340332,-9.200023651123047,-4.5625104904174805,0.28839951753616333
baseline,4612,29.2999267578125,-9.10002326965332,-4.531084060668945,0.37820252776145935
baseline,4613,23.7999267578125,-9.10002326965332,-4.574807167053223,0.39611318707466125
baseline,4614,27.199926376342773,-6.700023651123047,-4.625916957855225,0.22739984095096588
baseline,4615,30.599925994873047,-7.400023460388184,-4.595920085906982,0.6466088891029358
baseline,4616,29.399927139282227,-8.60002326965332,-4.525754451751709,0.5001540184020996
baseline,4617,28.399927139282227,-9.300023078918457,-4.490383148193359,0.4392737150192261
baseline,4618,24.599925994873047,-9.700023651123047,-4.487780570983887,0.4955676794052124
baseline,4619,31.099925994873047,-6.800023078918457,-4.652060508728027,0.5673536062240601
baseline,4620,22.899927139282227,-9.300023078918457,-4.557072162628174,0.5244701504707336
baseline,4621,28.99992561340332,-7.200023651123047,-4.605579853057861,0.23510734736919403
baseline,4622,26.599925994873047,-2.800023317337036,-4.693068027496338,0.3660697042942047
baseline,4623,23.899927139282227,-9.60002326965332,-4.561343193054199,0.3663628101348877
baseline,4624,27.899927139282227,-9.60002326965332,-4.522211074829102,0.6024572253227234
baseline,4625,31.7999267578125,-7.400023460388184,-4.604818344116211,0.7736741900444031
baseline,4626,26.099925994873047,-9.700023651123047,-4.522757530212402,0.34212782979011536
baseline,4627,21.699926376342773,-4.000023365020752,-4.526036739349365,0.7590119242668152
baseline,4628,27.2999267578125,-4.900022983551025,-4.688745498657227,0.12376338243484497
baseline,4629,22.699926376342773,-9.800023078918457,-4.574230194091797,0.3712574243545532
baseline,4630,28.699926376342773,-9.700023651123047,-4.502790451049805,0.5009938478469849
baseline,4631,29.899927139282227,-9.60002326965332,-4.508255958557129,0.4933856427669525
baseline,4632,30.199926376342773,-8.800023078918457,-4.535275936126709,0.27170437574386597
baseline,4633,27.099925994873047,-10.10002326965332,-4.500644683837891,0.3885500133037567
baseline,4634,31.199926376342773,-8.60002326965332,-4.544608116149902,0.5286481976509094
baseline,4635,23.7999267578125,-10.200023651123047,-4.5274505615234375,0.35241496562957764
baseline,4636,21.2999267578125,-7.10002326965332,-3.7151777744293213,1.5197077989578247
baseline,4637,24.699926376342773,-10.700023651123047,-4.478569984436035,0.5979077219963074
baseline,4638,28.49992561340332,-10.200023651123047,-4.485614776611328,0.522120475769043
baseline,4639,22.599925994873047,-10.700023651123047,-4.506486892700195,0.46232473850250244
baseline,4640,21.399925231933594,-5.900022983551025,-3.6336746215820312,1.9271552562713623
baseline,4641,28.49992561340332,-8.60002326965332,-4.548583030700684,0.21683436632156372
baseline,4642,24.49992561340332,-9.200023651123047,-4.56165075302124,0.5126067996025085
baseline,4643,29.199926376342773,-9.60002326965332,-4.502109050750732,0.3620742857456207
baseline,4644,30.99992561340332,-9.10002326965332,-4.520363807678223,0.25373780727386475
baseline,4645,25.2999267578125,-10.400022506713867,-4.505878448486328,0.5024552345275879
baseline,4646,30.199926376342773,-10.000022888183594,-4.503716468811035,0.4166162312030792
baseline,4647,26.599925994873047,-9.60002326965332,-4.521444797515869,0.39752453565597534
baseline,4648,25.399925231933594,-9.700023651123047,-4.532662868499756,0.535736083984375
baseline,4649,24.099925994873047,-10.60002326965332,-4.491212368011475,0.6964061260223389
baseline,4650,26.399925231933594,-10.500022888183594,-4.473766326904297,0.49368974566459656
baseline,4651,21.899925231933594,-10.000022888183594,-4.573068618774414,0.22023819386959076
baseline,4652,29.699926376342773,-10.400023460388184,-4.43901252746582,0.46541479229927063
baseline,4653,23.099925994873047,-10.400023460388184,-4.540444850921631,0.5126276612281799
baseline,4654,28.099925994873047,-10.500022888183594,-4.448160171508789,0.6827324628829956
baseline,4655,26.199926376342773,-7.700023651123047,-4.597572326660156,0.4347914159297943
baseline,4656,31.99992561340332,-8.300023078918457,-4.572940826416016,0.7269616723060608
baseline,4657,28.7999267578125,-10.700023651123047,-4.581035137176514,0.6119244694709778
baseline,4658,26.099925994873047,-9.200023651123047,-4.597892761230469,0.3781144917011261
baseline,4659,22.2999267578125,-9.10002326965332,-4.622403621673584,0.4044308066368103
baseline,4660,28.399925231933594,-11.000022888183594,-4.555228233337402,0.3266560733318329
baseline,4661,25.899925231933594,-11.000022888183594,-4.566755771636963,0.6207091808319092
baseline,4662,27.099925994873047,-11.000022888183594,-4.577693939208984,0.23140478134155273
baseline,4663,20.099925994873047,-8.700023651123047,-3.461472988128662,1.9429452419281006
baseline,4664,31.399925231933594,-8.000022888183594,-4.566191673278809,0.454776406288147
baseline,4665,26.099925994873047,-4.500022888183594,-4.6112565994262695,0.14067859947681427
baseline,4666,30.399925231933594,-9.500022888183594,-4.611568927764893,0.30057293176651
baseline,4667,23.2999267578125,-9.800023078918457,-4.610151290893555,0.22624358534812927
baseline,4668,20.99992561340332,-10.500022888183594,-4.665660381317139,0.4046150743961334
baseline,4669,22.699926376342773,-11.400023460388184,-4.584448337554932,0.3076000511646271
baseline,4670,24.399925231933594,-11.500022888183594,-4.531564235687256,0.40286827087402344
baseline,4671,30.699926376342773,-10.500022888183594,-4.456591606140137,0.543287992477417
baseline,4672,27.599925994873047,-12.000022888183594,-4.458188056945801,0.45417681336402893
baseline,4673,30.7999267578125,-6.10002326965332,-4.675709247589111,0.1577586978673935
baseline,4674,28.99992561340332,-11.200023651123047,-4.557876110076904,0.41679394245147705
baseline,4675,27.099925994873047,-9.500022888183594,-4.578222751617432,0.34889087080955505
baseline,4676,25.199926376342773,-10.900023460388184,-4.551997661590576,0.5100234150886536
baseline,4677,27.599925994873047,-10.900023460388184,-4.565853595733643,0.5342144966125488
baseline,4678,23.599925994873047,-11.000022888183594,-4.557852268218994,0.4490780830383301
baseline,4679,25.599925994873047,-11.900023460388184,-4.488426208496094,0.549989640712738
baseline,4680,26.7999267578125,-11.60002326965332,-4.465084075927734,0.5574874877929688
baseline,4681,22.199926376342773,-11.60002326965332,-4.578265190124512,0.5875641703605652
baseline,4682,21.399925231933594,-10.200023651123047,-4.665660381317139,0.36404359340667725
baseline,4683,26.899925231933594,-5.800023078918457,-4.593593120574951,0.16409586369991302
baseline,4684,25.49992561340332,-7.800023078918457,-4.602763652801514,0.4806668758392334
baseline,4685,29.199926376342773,-10.400023460388184,-4.5780863761901855,0.381962388753891
baseline,4686,30.199926376342773,-10.500022888183594,-4.582730293273926,0.36096861958503723
baseline,4687,23.099925994873047,-11.700023651123047,-4.558331489562988,0.6892989277839661
baseline,4688,21.399925231933594,-9.500022888183594,-4.672797679901123,0.26625898480415344
baseline,4689,29.599925994873047,-11.60002326965332,-4.40654993057251,0.2951776385307312
baseline,4690,28.399925231933594,-8.10002326965332,-4.58143424987793,0.2282179743051529
baseline,4691,29.7999267578125,-11.000022888183594,-4.557496547698975,0.41269469261169434
baseline,4692,24.899925231933594,-11.300023078918457,-4.516383647918701,0.31914106011390686
baseline,4693,25.49992561340332,-11.300023078918457,-4.512340545654297,0.4792579114437103
baseline,4694,26.2999267578125,-11.400022506713867,-4.496241569519043,0.5204027891159058
baseline,4695,27.699926376342773,-11.400022506713867,-4.480678558349609,0.6872105598449707
baseline,4696,30.7999267578125,-10.000022888183594,-4.599423408508301,0.3292587101459503
baseline,4697,24.199926376342773,-12.000022888183594,-4.508744239807129,0.3381427824497223
baseline,4698,27.099925994873047,-12.000022888183594,-4.443796157836914,0.4754432439804077
baseline,4699,29.199926376342773,-12.000022888183594,-4.409635066986084,0.44184330105781555
baseline,4700,30.599925994873047,-11.10002326965332,-4.425137519836426,0.5493754744529724
baseline,4701,25.49992561340332,-8.500022888183594,-4.5592780113220215,0.5440098643302917
baseline,4702,28.199926376342773,-12.10002326965332,-4.40943717956543,0.4843234121799469
baseline,4703,21.49992561340332,-10.900022506713867,-4.612995147705078,0.2745216488838196
baseline,4704,28.599925994873047,-11.60002326965332,-4.454470157623291,0.6722925305366516
baseline,4705,21.99992561340332,-10.900022506713867,-4.617610454559326,0.5195550322532654
baseline,4706,24.99992561340332,-12.60002326965332,-4.409729957580566,0.42036116123199463
baseline,4707,21.099925994873047,-11.400022506713867,-4.609310150146484,0.519666850566864
baseline,4708,28.49992561340332,-12.60002326965332,-4.404862403869629,0.24945621192455292
baseline,4709,22.599925994873047,-12.10002326965332,-4.500216960906982,0.9146208167076111
baseline,4710,23.599925994873047,-12.400022506713867,-4.468873500823975,0.5870132446289062
baseline,4711,26.399925231933594,-11.900022506713867,-4.437788009643555,0.4811086058616638
baseline,4712,31.099925994873047,-11.200023651123047,-4.520961761474609,0.5681493282318115
baseline,4713,23.599925994873047,-11.900023460388184,-4.469293117523193,0.5652940273284912
baseline,4714,26.699926376342773,-12.500022888183594,-4.417637348175049,0.42961281538009644
baseline,4715,22.599925994873047,-4.200023174285889,-4.5325164794921875,0.6336797475814819
baseline,4716,24.399925231933594,-13.10002326965332,-4.420944690704346,0.4338912069797516
baseline,4717,30.2999267578125,-11.900023460388184,-4.46714448928833,0.36720705032348633
baseline,4718,25.49992561340332,-12.700023651123047,-4.415289402008057,0.4687415659427643
baseline,4719,31.099925994873047,-11.700023651123047,-4.49069356918335,0.7579994797706604
baseline,4720,27.299924850463867,-13.10002326965332,-4.381385326385498,0.3626672625541687
baseline,4721,31.2999267578125,-10.200023651123047,-4.485498428344727,0.5255215764045715
baseline,4722,24.49992561340332,-10.200023651123047,-4.533816337585449,0.575873851776123
baseline,4723,27.399925231933594,-12.500022888183594,-4.407980442047119,0.33761316537857056
baseline,4724,25.099925994873047,-13.10002326965332,-4.39920711517334,0.44545233249664307
baseline,4725,29.799924850463867,-13.000022888183594,-4.464000225067139,0.5237529873847961
baseline,4726,30.599925994873047,-12.300024032592773,-4.537321090698242,0.5548701882362366
baseline,4727,26.49992561340332,-13.400023460388184,-4.378469467163086,0.3411216735839844
baseline,4728,28.099925994873047,-13.200023651123047,-4.428877830505371,0.3209801912307739
baseline,4729,20.799924850463867,-9.700023651123047,-4.54912805557251,0.5627881288528442
baseline,4730,24.699926376342773,-11.900023460388184,-4.460084438323975,0.4347456097602844
baseline,4731,25.899925231933594,-12.400023460388184,-4.440700054168701,0.5062479376792908
baseline,4732,28.799924850463867,-9.000022888183594,-4.598367691040039,0.17146527767181396
baseline,4733,25.899925231933594,-10.200023651123047,-4.514923095703125,0.30103394389152527
baseline,4734,29.799924850463867,-12.300024032592773,-4.433399677276611,0.46596673130989075
baseline,4735,28.899925231933594,-13.500022888183594,-4.418587684631348,0.3771817088127136
baseline,4736,25.699926376342773,-13.400022506713867,-4.389092445373535,0.5282458662986755
baseline,4737,27.099925994873047,-13.60002326965332,-4.387050628662109,0.4160862863063812
baseline,4738,23.699926376342773,-13.800023078918457,-4.392042636871338,0.3919757008552551
baseline,4739,27.799924850463867,-10.10002326965332,-4.570224761962891,0.6615999341011047
baseline,4740,29.299924850463867,-12.800023078918457,-4.463428497314453,0.2817983031272888
baseline,4741,23.899925231933594,-12.900022506713867,-4.424856662750244,0.6402624249458313
baseline,4742,22.99992561340332,-13.500022888183594,-4.397439002990723,0.8016535043716431
baseline,4743,26.099925994873047,-12.900022506713867,-4.399074077606201,0.3798750340938568
baseline,4744,25.399925231933594,-14.000022888183594,-4.326059818267822,0.45757848024368286
baseline,4745,28.299924850463867,-13.900022506713867,-4.3046135902404785,0.5185463428497314
baseline,4746,26.799924850463867,-14.000022888183594,-4.30912971496582,0.28547340631484985
baseline,4747,20.799924850463867,-10.900022506713867,-4.363293170928955,0.6819781064987183
baseline,4748,31.49992561340332,-10.800023078918457,-4.549431800842285,0.7370051145553589
baseline,4749,30.599925994873047,-13.000022888183594,-4.340412139892578,0.7921974658966064
baseline,4750,29.399925231933594,-14.000022888183594,-4.269210338592529,0.20760291814804077
baseline,4751,24.099925994873047,-14.300023078918457,-4.278855323791504,0.46386393904685974
baseline,4752,24.699926376342773,-14.400022506713867,-4.279097557067871,0.4095951020717621
baseline,4753,26.799924850463867,-13.000022888183594,-4.366868019104004,0.33930504322052
baseline,4754,24.799924850463867,-13.800023078918457,-4.361051559448242,0.536895215511322
baseline,4755,27.899925231933594,-14.30002212524414,-4.295388698577881,0.16592471301555634
baseline,4756,29.49992561340332,-13.500022888183594,-4.415263652801514,0.3283306956291199
baseline,4757,31.19992446899414,-12.70002269744873,-4.3883233070373535,0.866216778755188
baseline,4758,26.49992561340332,-14.500022888183594,-4.30056619644165,0.28123876452445984
baseline,4759,24.599925994873047,-7.400022506713867,-4.583376407623291,0.5981224179267883
baseline,4760,25.19992446899414,-14.700021743774414,-4.323911190032959,0.10640982538461685
baseline,4761,30.399925231933594,-13.80002212524414,-4.29540491104126,0.563304603099823
baseline,4762,27.99992561340332,-12.70002269744873,-4.3835577964782715,0.46530383825302124
baseline,4763,27.599925994873047,-13.600022315979004,-4.339489936828613,0.29772812128067017
baseline,4764,25.99992561340332,-14.000022888183594,-4.354929447174072,0.3734031617641449
baseline,4765,31.299924850463867,-13.400022506713867,-4.317141532897949,0.5855425000190735
baseline,4766,22.69992446899414,-5.000021934509277,-4.434359550476074,0.7173467874526978
baseline,4767,24.19992446899414,-15.000021934509277,-4.296491622924805,0.4220857620239258
baseline,4768,28.299924850463867,-14.80002212524414,-4.269358158111572,0.6463868618011475
baseline,4769,27.399925231933594,-14.100021362304688,-4.323744297027588,0.2362629920244217
baseline,4770,24.19992446899414,-13.700021743774414,-4.366252899169922,0.30080676078796387
baseline,4771,23.099925994873047,-14.000021934509277,-4.3897600173950195,0.7270978689193726
baseline,4772,24.799924850463867,-15.400022506713867,-4.332347393035889,0.11711859703063965
baseline,4773,29.099925994873047,-15.000021934509277,-4.239968299865723,0.2651956379413605
baseline,4774,25.599925994873047,-15.200021743774414,-4.319538593292236,0.121104896068573
baseline,4775,24.49992561340332,-12.500021934509277,-4.426159381866455,0.38113126158714294
baseline,4776,30.099925994873047,-14.700021743774414,-4.2474212646484375,0.5831966400146484
baseline,4777,26.19992446899414,-15.500020980834961,-4.289007663726807,0.29870691895484924
baseline,4778,27.299924850463867,-15.30002212524414,-4.274563312530518,0.18473398685455322
baseline,4779,28.799924850463867,-14.500020980834961,-4.281762599945068,0.4583527743816376
baseline,4780,25.69992446899414,-14.40002155303955,-4.34675407409668,0.283640593290329
baseline,4781,26.899925231933594,-14.80002212524414,-4.302402973175049,0.33233484625816345
baseline,4782,23.69992446899414,-15.40002155303955,-4.366016387939453,0.44185709953308105
baseline,4783,29.099925994873047,-15.500020980834961,-4.173879623413086,0.42091503739356995
baseline,4784,27.399925231933594,-14.80002212524414,-4.290140151977539,0.29277774691581726
baseline,4785,31.19992446899414,-12.200020790100098,-4.378993034362793,0.7212913036346436
baseline,4786,26.19992446899414,-16.00002098083496,-4.18855094909668,0.2737286686897278
baseline,4787,24.899925231933594,-15.900020599365234,-4.199312210083008,0.24448265135288239
baseline,4788,23.399925231933594,-16.100021362304688,-4.207023620605469,0.5333911180496216
baseline,4789,28.599925994873047,-13.100021362304688,-4.324565887451172,0.40675413608551025
baseline,4790,30.599925994873047,-14.300021171569824,-4.232566833496094,0.7623211741447449
baseline,4791,26.099925994873047,-14.800021171569824,-4.322339057922363,0.36557671427726746
baseline,4792,25.899925231933594,-16.600021362304688,-4.145466327667236,0.4564928710460663
baseline,4793,24.599925994873047,-16.400020599365234,-4.156967639923096,0.407501757144928
baseline,4794,27.19992446899414,-16.100021362304688,-4.177129745483398,0.22860495746135712
baseline,4795,28.19992446899414,-16.20001983642578,-4.137805938720703,0.3852125406265259
baseline,4796,31.299924850463867,-14.300020217895508,-4.23060417175293,0.8318626284599304
baseline,4797,30.599925994873047,-15.200020790100098,-4.1827168464660645,0.586012601852417
baseline,4798,28.599925994873047,-15.200020790100098,-4.2072553634643555,0.20921283960342407
baseline,4799,28.099925994873047,-15.300020217895508,-4.240017890930176,0.7132942080497742
baseline,4800,26.69992446899414,-15.900020599365234,-4.186960220336914,0.42022261023521423
baseline,4801,29.899925231933594,-16.00002098083496,-4.161428928375244,0.3688833713531494
baseline,4802,25.19992446899414,-16.600021362304688,-4.149818420410156,0.4407327473163605
baseline,4803,31.099925994873047,-14.900020599365234,-4.205886363983154,0.7379737496376038
baseline,4804,29.899925231933594,-14.000020980834961,-4.26686429977417,0.4726504683494568
baseline,4805,29.49992561340332,-14.500020980834961,-4.246826171875,0.38557466864585876
baseline,4806,25.49992561340332,-15.700020790100098,-4.211261749267578,0.37969711422920227
baseline,4807,24.099925994873047,-15.900020599365234,-4.20526123046875,0.39718613028526306
baseline,4808,26.69992446899414,-16.800020217895508,-4.136315822601318,0.35383039712905884
baseline,4809,24.099925994873047,-16.70001983642578,-4.161280632019043,0.42783063650131226
baseline,4810,29.799924850463867,-15.300020217895508,-4.195682048797607,0.30277520418167114
baseline,4811,27.799924850463867,-15.900020599365234,-4.192920207977295,0.5056625604629517
baseline,4812,25.399925231933594,-17.50002098083496,-4.032593250274658,0.3600308299064636
baseline,4813,30.799924850463867,-15.700019836425781,-4.204481601715088,0.6446463465690613
baseline,4814,27.899925231933594,-17.50002098083496,-4.075902462005615,0.45912042260169983
baseline,4815,23.19992446899414,-16.800020217895508,-4.16129732131958,0.6261088848114014
baseline,4816,30.799924850463867,-13.500020027160645,-4.290184497833252,0.521051287651062
baseline,4817,30.49992561340332,-16.100021362304688,-4.168180465698242,0.23464751243591309
baseline,4818,26.49992561340332,-17.50002098083496,-4.060280799865723,0.4855043292045593
baseline,4819,29.299924850463867,-16.300020217895508,-4.13994836807251,0.3168555498123169
baseline,4820,28.299924850463867,-17.00002098083496,-4.093358039855957,0.434465616941452
baseline,4821,23.99992561340332,-17.400020599365234,-4.0716400146484375,0.4455339312553406
baseline,4822,24.49992561340332,-17.50002098083496,-4.034782886505127,0.5456111431121826
baseline,4823,28.599924087524414,-15.800020217895508,-4.185113430023193,0.3868485987186432
baseline,4824,30.299924850463867,-15.600020408630371,-4.219772815704346,0.28309592604637146
baseline,4825,27.399925231933594,-16.70001983642578,-4.137338161468506,0.26355820894241333
baseline,4826,23.399925231933594,-17.600019454956055,-4.082851886749268,0.36682865023612976
baseline,4827,23.299924850463867,-13.000020027160645,-4.4285736083984375,0.6163992881774902
baseline,4828,29.99992561340332,-16.800020217895508,-4.129278182983398,0.6223841905593872
baseline,4829,25.69992446899414,-17.100019454956055,-4.115908622741699,0.2441767156124115
baseline,4830,27.099924087524414,-17.100019454956055,-4.112467288970947,0.12179683148860931
baseline,4831,28.69992446899414,-16.70001983642578,-4.123781204223633,0.3962094485759735
baseline,4832,29.099924087524414,-17.400020599365234,-4.0711236000061035,0.5413675904273987
baseline,4833,25.299924850463867,-18.000019073486328,-4.041440010070801,0.3862673342227936
baseline,4834,29.19992446899414,-16.800020217895508,-4.111095905303955,0.5535759329795837
baseline,4835,28.899925231933594,-14.000020027160645,-4.307337760925293,0.16228632628917694
baseline,4836,28.299924850463867,-17.800020217895508,-4.047913551330566,0.41972780227661133
baseline,4837,30.099924087524414,-17.300020217895508,-4.0799102783203125,0.40524613857269287
baseline,4838,26.899925231933594,-18.100019454956055,-4.028650283813477,0.3123967945575714
baseline,4839,23.299924850463867,-10.800019264221191,-4.1831488609313965,0.6682640314102173
baseline,4840,24.19992446899414,-18.000019073486328,-4.042639255523682,0.49600058794021606
baseline,4841,22.499923706054688,-13.300019264221191,-3.2256157398223877,2.0337836742401123
baseline,4842,22.499923706054688,-16.900020599365234,-4.191637992858887,0.405447393655777
baseline,4843,28.69992446899414,-12.100019454956055,-4.387099742889404,0.5140050649642944
baseline,4844,29.999923706054688,-13.500019073486328,-4.29226016998291,0.5604601502418518
baseline,4845,23.099924087524414,-15.600019454956055,-4.2651824951171875,0.23557719588279724
baseline,4846,23.499923706054688,-18.400020599365234,-4.0243425369262695,0.45805877447128296
baseline,4847,27.39992332458496,-18.20001983642578,-4.017788887023926,0.19970498979091644
baseline,4848,22.799924850463867,-8.100019454956055,-4.2011895179748535,0.8262532949447632
baseline,4849,26.39992332458496,-18.300020217895508,-4.01361083984375,0.3569585382938385
baseline,4850,30.799924850463867,-16.500019073486328,-4.149258136749268,0.6118485927581787
baseline,4851,22.39992332458496,-18.20001983642578,-4.0972137451171875,0.4627130627632141
baseline,4852,23.69992446899414,-17.000019073486328,-4.1591997146606445,0.43017444014549255
baseline,4853,24.799924850463867,-17.000019073486328,-4.153223514556885,0.38574934005737305
baseline,4854,25.999923706054688,-17.70001983642578,-4.065813064575195,0.2729075253009796
baseline,4855,24.999923706054688,-18.400020599365234,-4.012545108795166,0.4073115587234497
baseline,4856,23.39992332458496,-15.000019073486328,-4.305131435394287,0.5043299794197083
baseline,4857,28.299924850463867,-18.500019073486328,-4.0096940994262695,0.5646259784698486
baseline,4858,21.89992332458496,-17.600019454956055,-4.193872451782227,0.2302180677652359
baseline,4859,22.799924850463867,-16.100019454956055,-4.241363048553467,0.6051986217498779
baseline,4860,22.69992446899414,-17.400020599365234,-4.168445110321045,0.5528746843338013
baseline,4861,29.599924087524414,-17.600019454956055,-4.088825702667236,0.412910133600235
baseline,4862,29.299924850463867,-18.000019073486328,-4.059654235839844,0.46899375319480896
baseline,4863,24.299924850463867,-18.600019454956055,-4.004170894622803,0.450431227684021
baseline,4864,21.799924850463867,-16.9000186920166,-4.204973220825195,0.40832874178886414
baseline,4865,29.799924850463867,-18.300018310546875,-4.036944389343262,0.6763820052146912
baseline,4866,27.299924850463867,-17.600019454956055,-4.085285663604736,0.33863475918769836
baseline,4867,22.89992332458496,-18.000019073486328,-4.0929155349731445,0.28514567017555237
baseline,4868,21.89992332458496,-18.500019073486328,-4.072710037231445,0.20942465960979462
baseline,4869,27.19992446899414,-18.9000186920166,-4.0011162757873535,0.3069298267364502
baseline,4870,28.69992446899414,-18.800018310546875,-3.9940919876098633,0.29085591435432434
baseline,4871,21.89992332458496,-16.100019454956055,-4.272821426391602,0.6433577537536621
baseline,4872,22.69992446899414,-18.70001983642578,-4.02864408493042,0.4378838539123535
baseline,4873,25.099924087524414,-19.100019454956055,-3.962453842163086,0.33036696910858154
baseline,4874,26.099924087524414,-19.20001983642578,-3.9626121520996094,0.27543318271636963
baseline,4875,30.499923706054688,-17.000019073486328,-4.0799102783203125,0.5028511881828308
baseline,4876,31.39992332458496,-15.300019264221191,-4.206690788269043,0.8927183747291565
baseline,4877,27.599924087524414,-19.300018310546875,-3.97405743598938,0.2829887270927429
baseline,4878,30.299922943115234,-18.000019073486328,-4.05910062789917,0.38817155361175537
baseline,4879,25.89992332458496,-18.500019073486328,-3.987093448638916,0.2969942092895508
baseline,4880,24.299922943115234,-19.300018310546875,-3.9813601970672607,0.38451889157295227
baseline,4881,28.799922943115234,-19.300018310546875,-3.973592519760132,0.4343302547931671
baseline,4882,20.19992446899414,-8.200017929077148,-3.238646984100342,2.2718241214752197
baseline,4883,31.39992332458496,-9.700017929077148,-4.221059322357178,0.5483893156051636
baseline,4884,24.69992446899414,-18.000019073486328,-4.032194137573242,0.37551629543304443
baseline,4885,29.599924087524414,-17.100017547607422,-4.11469030380249,0.27551040053367615
baseline,4886,26.599924087524414,-18.9000186920166,-3.9835941791534424,0.3929632604122162
baseline,4887,26.499923706054688,-19.600017547607422,-3.967925548553467,0.2032175362110138
baseline,4888,24.699922561645508,-19.600017547607422,-3.9782936573028564,0.3243824243545532
baseline,4889,21.39992332458496,-16.4000186920166,-4.168013572692871,0.3922630548477173
baseline,4890,23.099924087524414,-19.300018310546875,-3.992295265197754,0.545184850692749
baseline,4891,25.39992332458496,-18.70001792907715,-3.9768552780151367,0.5704697966575623
baseline,4892,29.39992332458496,-18.9000186920166,-3.9797024726867676,0.6565903425216675
baseline,4893,23.799922943115234,-19.600017547607422,-3.9555366039276123,0.6042208075523376
baseline,4894,28.499923706054688,-19.800018310546875,-3.966118097305298,0.4714542627334595
baseline,4895,25.89992332458496,-19.9000186920166,-3.9617233276367188,0.29950857162475586
baseline,4896,29.89992332458496,-19.000019073486328,-3.970749616622925,0.5910104513168335
baseline,4897,27.499923706054688,-19.800018310546875,-3.976276397705078,0.3552481234073639
baseline,4898,21.89992332458496,-19.300018310546875,-3.94454288482666,0.12944450974464417
baseline,4899,29.499923706054688,-19.600017547607422,-4.022028923034668,0.4249188303947449
baseline,4900,22.09992218017578,-15.400018692016602,-4.245818614959717,1.1706455945968628
baseline,4901,25.59992218017578,-16.20001792907715,-4.128182888031006,0.16922740638256073
baseline,4902,28.199922561645508,-19.000019073486328,-4.0345139503479,0.5123550891876221
baseline,4903,23.699922561645508,-19.100017547607422,-3.988112688064575,0.28459233045578003
baseline,4904,21.299922943115234,-15.500018119812012,-4.233153820037842,1.1857115030288696
baseline,4905,28.199922561645508,-20.300018310546875,-4.023575305938721,0.5598391890525818
baseline,4906,22.39992332458496,-19.500019073486328,-3.986377000808716,0.27603521943092346
baseline,4907,25.199922561645508,-19.9000186920166,-3.9646823406219482,0.3115053176879883
baseline,4908,26.499921798706055,-15.100018501281738,-4.277474880218506,0.2991057336330414
baseline,4909,27.09992218017578,-19.500019073486328,-4.0163140296936035,0.3007209300994873
baseline,4910,27.699922561645508,-18.800018310546875,-4.036011219024658,0.4646129608154297
baseline,4911,27.59992218017578,-20.500019073486328,-4.006248474121094,0.45212432742118835
baseline,4912,26.299922943115234,-20.500019073486328,-4.003577709197998,0.22566258907318115
baseline,4913,29.09992218017578,-18.500019073486328,-4.019476413726807,0.6687223315238953
baseline,4914,22.59992218017578,-15.400018692016602,-4.248166561126709,0.7021120190620422
baseline,4915,25.699922561645508,-20.70001983642578,-3.957728385925293,0.49870800971984863
baseline,4916,28.799922943115234,-21.000019073486328,-3.9220547676086426,0.28221258521080017
baseline,4917,22.59992218017578,-20.000019073486328,-3.975534439086914,0.16922615468502045
baseline,4918,26.799922943115234,-21.100019454956055,-3.952641487121582,0.4168148338794708
baseline,4919,24.399921417236328,-20.300018310546875,-3.964756727218628,0.2507546544075012
baseline,4920,21.499921798706055,-18.000019073486328,-4.042891979217529,0.22729317843914032
baseline,4921,26.999921798706055,-20.4000186920166,-3.9999804496765137,0.505632758140564
baseline,4922,21.7999210357666,-19.800018310546875,-3.9761340618133545,0.41457200050354004
baseline,4923,27.999921798706055,-21.300018310546875,-3.9193639755249023,0.20969164371490479
baseline,4924,21.399921417236328,-17.20001792907715,-3.9468462467193604,0.7233424186706543
baseline,4925,26.199920654296875,-21.100017547607422,-4.031829357147217,0.29370829463005066
baseline,4926,23.499921798706055,-20.100017547607422,-4.009038925170898,0.3254871368408203
baseline,4927,24.399921417236328,-20.800018310546875,-4.016119003295898,0.27924150228500366
baseline,4928,29.199920654296875,-20.500019073486328,-3.9339089393615723,0.6044308543205261
baseline,4929,28.399921417236328,-21.600017547607422,-3.984586238861084,0.2344423234462738
baseline,4930,27.899921417236328,-16.70001792907715,-4.125801086425781,0.18877026438713074
baseline,4931,24.899921417236328,-20.300018310546875,-3.986297369003296,0.4103519022464752
baseline,4932,25.09992027282715,-21.000019073486328,-4.022913932800293,0.4639153778553009
baseline,4933,21.899921417236328,-20.500019073486328,-3.989774703979492,0.3431076407432556
baseline,4934,27.2999210357666,-21.600019454956055,-4.0195512771606445,0.17559616267681122
baseline,4935,27.59992027282715,-22.4000186920166,-3.979003667831421,0.4015560448169708
baseline,4936,24.999919891357422,-22.000019073486328,-3.9790585041046143,0.22645239531993866
baseline,4937,23.7999210357666,-21.500019073486328,-4.032142639160156,0.17561113834381104
baseline,4938,26.59992027282715,-22.20001792907715,-4.016110420227051,0.2741175889968872
baseline,4939,22.999919891357422,-20.600017547607422,-4.001426696777344,0.2838135361671448
baseline,4940,22.2999210357666,-10.800018310546875,-3.954310655593872,0.8947098255157471
baseline,4941,27.2999210357666,-21.000019073486328,-4.029870510101318,0.21411025524139404
baseline,4942,25.2999210357666,-21.500019073486328,-4.0056867599487305,0.46412739157676697
baseline,4943,26.7999210357666,-22.70001792907715,-3.925417423248291,0.5232800841331482
baseline,4944,25.499919891357422,-22.500019073486328,-3.9325177669525146,0.27083081007003784
baseline,4945,27.999919891357422,-20.800018310546875,-3.98763370513916,0.3447628319263458
baseline,4946,28.09992027282715,-19.500019073486328,-4.013722896575928,0.6224513649940491
baseline,4947,23.59992027282715,-20.600017547607422,-3.9566171169281006,0.39157792925834656
baseline,4948,24.399919509887695,-21.4000186920166,-4.019336700439453,0.13856300711631775
baseline,4949,23.399919509887695,-21.9000186920166,-3.9542598724365234,0.24020986258983612
baseline,4950,22.29991912841797,-21.300018310546875,-3.9618630409240723,0.3925819396972656
baseline,4951,27.199920654296875,-22.100019454956055,-3.995905876159668,0.21599625051021576
baseline,4952,28.09992027282715,-22.70001792907715,-3.911365270614624,0.2729983329772949
baseline,4953,23.199918746948242,-18.800018310546875,-3.9507336616516113,0.4633592367172241
baseline,4954,22.999919891357422,-21.300018310546875,-3.940948009490967,0.3153035044670105
baseline,4955,26.59992027282715,-21.600017547607422,-4.058414459228516,0.26426035165786743
baseline,4956,27.999919891357422,-21.9000186920166,-4.009803295135498,0.5530805587768555
baseline,4957,27.399919509887695,-23.20001792907715,-3.934971570968628,0.4274548888206482
baseline,4958,24.09992027282715,-22.20001792907715,-3.8805763721466064,0.23177123069763184
baseline,4959,24.599918365478516,-23.20001792907715,-3.822925329208374,0.5594248175621033
baseline,4960,26.29991912841797,-23.000019073486328,-3.948768377304077,0.38939815759658813
baseline,4961,22.79991912841797,-21.9000186920166,-3.9384655952453613,0.16329479217529297
baseline,4962,28.699918746948242,-22.4000186920166,-3.917811870574951,0.7018259167671204
baseline,4963,25.79991912841797,-21.500017166137695,-3.975586414337158,0.2813302278518677
baseline,4964,21.79991912841797,-21.300018310546875,-3.9023568630218506,0.23113295435905457
baseline,4965,25.99991798400879,-22.000019073486328,-4.013566493988037,0.441460520029068
baseline,4966,21.099918365478516,-23.000017166137695,-3.586890459060669,0.8835355043411255
baseline,4967,23.399917602539062,-22.500017166137695,-3.9733831882476807,0.37646108865737915
baseline,4968,21.599918365478516,-18.90001678466797,-3.9321372509002686,0.4702000319957733
baseline,4969,24.599918365478516,-22.500017166137695,-3.872547149658203,0.5064312219619751
baseline,4970,25.599918365478516,-19.40001678466797,-3.9518656730651855,0.4057976305484772
baseline,4971,24.199918746948242,-22.90001678466797,-3.851027488708496,0.45600003004074097
baseline,4972,27.699918746948242,-23.600017547607422,-3.977241277694702,0.3618316054344177
baseline,4973,25.199918746948242,-22.90001678466797,-3.870711088180542,0.728960394859314
baseline,4974,26.699918746948242,-23.300018310546875,-4.005004405975342,0.1706751435995102
baseline,4975,22.799917221069336,-22.500017166137695,-3.9476912021636963,0.1893385946750641
baseline,4976,28.399917602539062,-23.40001678466797,-3.99039888381958,0.7654722929000854
baseline,4977,25.599918365478516,-23.200016021728516,-3.825746774673462,0.5011882185935974
baseline,4978,26.99991798400879,-24.100017547607422,-3.942417860031128,0.1756945550441742
baseline,4979,23.399917602539062,-23.000017166137695,-4.02689266204834,0.35409417748451233
baseline,4980,22.299917221069336,-22.000017166137695,-3.9218530654907227,0.2616786062717438
baseline,4981,22.49991798400879,-20.700016021728516,-3.8891892433166504,0.2508455216884613
baseline,4982,28.099916458129883,-23.90001678466797,-3.90402889251709,0.31386473774909973
baseline,4983,28.799917221069336,-23.100017547607422,-3.9647862911224365,1.0285009145736694
baseline,4984,24.69991683959961,-23.800016403198242,-3.814361810684204,0.5390704870223999
baseline,4985,26.69991683959961,-24.500015258789062,-3.9277117252349854,0.5213239192962646
baseline,4986,27.69991683959961,-24.300016403198242,-3.894148111343384,0.45053163170814514
baseline,4987,25.19991683959961,-24.000017166137695,-3.8063905239105225,0.5654709339141846
baseline,4988,27.099916458129883,-24.90001678466797,-3.873037576675415,0.5581537485122681
baseline,4989,25.69991683959961,-23.90001678466797,-3.8240766525268555,0.4082648754119873
baseline,4990,23.099916458129883,-23.40001678466797,-3.99920916557312,0.3502698540687561
baseline,4991,20.599916458129883,-14.100016593933105,-2.681518077850342,2.826200485229492
baseline,4992,22.299915313720703,-19.000017166137695,-3.9031319618225098,0.48144638538360596
baseline,4993,29.099916458129883,-19.90001678466797,-3.9684746265411377,0.3931486904621124
baseline,4994,22.69991683959961,-23.000017166137695,-3.975811719894409,0.3538638949394226
baseline,4995,21.499916076660156,-23.60001564025879,-3.957343101501465,0.5114519000053406
baseline,4996,28.299915313720703,-24.40001678466797,-3.892892360687256,0.3153291642665863
baseline,4997,26.999916076660156,-25.40001678466797,-3.894972801208496,0.7142739295959473
baseline,4998,26.199914932250977,-23.500017166137695,-3.9579508304595947,0.48192641139030457
baseline,4999,28.09991455078125,-24.90001678466797,-3.871884822845459,0.5592865347862244
baseline,5000,25.39991569519043,-25.000017166137695,-3.7921814918518066,0.5644603967666626
baseline,5001,23.89991569519043,-21.000017166137695,-3.7776143550872803,0.47692567110061646
baseline,5002,21.799915313720703,-26.200016021728516,-3.89612078666687,0.4919396638870239
baseline,5003,27.09991455078125,-25.90001678466797,-3.821477174758911,0.7686033844947815
baseline,5004,24.799915313720703,-24.40001678466797,-3.789578437805176,0.5497115850448608
baseline,5005,25.09991455078125,-23.500017166137695,-3.8372862339019775,0.5907593369483948
baseline,5006,25.799915313720703,-24.500017166137695,-3.9315261840820312,0.621886670589447
baseline,5007,28.699914932250977,-24.100017547607422,-3.8849754333496094,0.5636657476425171
baseline,5008,28.699914932250977,-20.300016403198242,-3.9839773178100586,0.4979761838912964
baseline,5009,27.999916076660156,-25.40001678466797,-3.8630995750427246,0.7438676357269287
baseline,5010,26.499914169311523,-25.20001792907715,-3.904879331588745,0.5520620942115784
baseline,5011,21.39991569519043,-22.40001678466797,-3.6573455333709717,0.7912870049476624
baseline,5012,27.59991455078125,-25.100017547607422,-3.886262893676758,0.5985580682754517
baseline,5013,24.89991569519043,-25.100017547607422,-3.73463773727417,0.6323226094245911
baseline,5014,22.999914169311523,-24.20001792907715,-4.0008769035339355,0.3562162518501282
baseline,5015,22.699914932250977,-23.70001792907715,-3.968505382537842,0.3965965211391449
baseline,5016,27.199914932250977,-26.500019073486328,-3.76176381111145,1.0060908794403076
baseline,5017,21.699914932250977,-23.20001792907715,-3.579186201095581,0.9055957794189453
baseline,5018,28.499916076660156,-25.40001678466797,-3.8187813758850098,0.8519869446754456
baseline,5019,25.799915313720703,-25.300018310546875,-3.7852041721343994,0.6216378808021545
baseline,5020,27.699914932250977,-26.100017547607422,-3.80694580078125,0.7991167306900024
baseline,5021,26.699914932250977,-26.500017166137695,-3.810892343521118,1.010237693786621
baseline,5022,28.999914169311523,-25.000017166137695,-3.7952888011932373,0.9065660834312439
baseline,5023,24.899913787841797,-25.600017547607422,-3.84407377243042,0.5489386916160583
baseline,5024,21.499914169311523,-27.90001678466797,-3.117550849914551,1.6089191436767578
baseline,5025,21.399913787841797,-27.40001678466797,-2.93816876411438,1.6047213077545166
baseline,5026,28.399913787841797,-26.200016021728516,-3.7797017097473145,0.8989232778549194
baseline,5027,25.299915313720703,-24.500017166137695,-3.769742488861084,0.7432863712310791
baseline,5028,27.499914169311523,-25.60001564025879,-3.8496575355529785,0.8758159875869751
baseline,5029,27.299915313720703,-27.100017547607422,-3.7693865299224854,1.1173079013824463
baseline,5030,25.09991455078125,-26.300016403198242,-3.7110702991485596,0.5262476205825806
baseline,5031,26.799915313720703,-27.000015258789062,-3.7956955432891846,1.0915054082870483
baseline,5032,27.799915313720703,-27.200016021728516,-3.739786148071289,1.1583200693130493
baseline,5033,23.299915313720703,-24.60001564025879,-4.014980316162109,0.5267329216003418
baseline,5034,25.399913787841797,-27.000015258789062,-3.648653745651245,0.6862778663635254
baseline,5035,22.199914932250977,-22.60001564025879,-3.776205062866211,0.7587004899978638
baseline,5036,28.999914169311523,-24.500015258789062,-3.849544048309326,0.7002303600311279
baseline,5037,27.699914932250977,-26.60001564025879,-3.7876319885253906,0.8034309148788452
baseline,5038,22.799915313720703,-25.10001564025879,-4.016973972320557,0.39614805579185486
baseline,5039,28.999914169311523,-25.500015258789062,-3.789447784423828,1.1976945400238037
baseline,5040,22.299915313720703,-23.300016403198242,-3.849992513656616,0.7708277106285095
baseline,5041,27.09991455078125,-28.40001678466797,-3.7039847373962402,1.695823311805725
baseline,5042,23.59991455078125,-24.10001564025879,-4.013814926147461,0.3392082452774048
baseline,5043,26.499914169311523,-24.000015258789062,-3.9313693046569824,0.5122182369232178
baseline,5044,26.799915313720703,-27.60001564025879,-3.8936514854431152,1.1092901229858398
baseline,5045,28.399913787841797,-27.200016021728516,-3.8831989765167236,1.0605900287628174
baseline,5046,25.09991455078125,-26.800016403198242,-4.014474868774414,0.32354113459587097
baseline,5047,25.899913787841797,-26.000015258789062,-3.7274441719055176,0.8864779472351074
baseline,5048,23.399913787841797,-21.10001564025879,-3.649277687072754,0.3806881904602051
baseline,5049,21.39991569519043,-26.900014877319336,-3.1938812732696533,1.1836395263671875
baseline,5050,28.699914932250977,-26.60001564025879,-3.898606777191162,0.8871831893920898
baseline,5051,21.799915313720703,-24.000015258789062,-3.838782787322998,0.5265910029411316
baseline,5052,28.09991455078125,-27.60001564025879,-3.709291934967041,1.3919520378112793
baseline,5053,21.699914932250977,-25.60001564025879,-3.605158567428589,0.7915371060371399
baseline,5054,25.39991569519043,-25.800016403198242,-3.774719715118408,0.5507495999336243
baseline,5055,22.799915313720703,-25.900014877319336,-4.061133861541748,0.30480512976646423
baseline,5056,25.59991455078125,-27.500015258789062,-3.6928839683532715,0.6348233222961426
baseline,5057,23.499914169311523,-25.200016021728516,-4.052833080291748,0.6473018527030945
baseline,5058,22.499914169311523,-24.500015258789062,-3.831547498703003,0.48724299669265747
baseline,5059,28.89991569519043,-27.200016021728516,-3.855351686477661,1.1616545915603638
baseline,5060,27.09991455078125,-29.000015258789062,-3.775419235229492,2.048248529434204
baseline,5061,28.59991455078125,-28.000015258789062,-3.8045294284820557,1.663368582725525
baseline,5062,22.499916076660156,-26.60001564025879,-4.089108943939209,0.5664116740226746
baseline,5063,27.499916076660156,-27.60001564025879,-3.8532016277313232,1.2622625827789307
baseline,5064,24.299915313720703,-24.700016021728516,-3.7029025554656982,0.6124370694160461
baseline,5065,23.59991455078125,-25.800016403198242,-4.087922096252441,0.37956753373146057
baseline,5066,24.199914932250977,-23.500015258789062,-3.7067294120788574,0.6087320446968079
baseline,5067,27.499916076660156,-29.300016403198242,-3.731755256652832,2.5369930267333984
baseline,5068,22.199914932250977,-25.900014877319336,-4.035804748535156,0.4652731418609619
baseline,5069,23.09991455078125,-19.900014877319336,-3.7232697010040283,0.3989630341529846
baseline,5070,22.299915313720703,-24.000015258789062,-3.842402935028076,0.6486067175865173
baseline,5071,27.699914932250977,-28.300016403198242,-3.8370351791381836,1.8101834058761597
baseline,5072,28.39991569519043,-28.900014877319336,-3.6365745067596436,2.4589216709136963
baseline,5073,24.39991569519043,-25.300016403198242,-3.645301103591919,0.8776769638061523
baseline,5074,22.89991569519043,-27.200016021728516,-4.115506172180176,0.2539411187171936
baseline,5075,29.199914932250977,-28.10001564025879,-3.648254156112671,1.9982407093048096
baseline,5076,24.499916076660156,-21.900014877319336,-3.9319725036621094,0.18959499895572662
baseline,5077,25.799915313720703,-28.200014114379883,-3.6036689281463623,0.9668107032775879
baseline,5078,28.89991569519043,-28.60001564025879,-3.6815435886383057,2.289276599884033
baseline,5079,27.599916458129883,-29.80001449584961,-3.668355941772461,2.9808130264282227
baseline,5080,23.599916458129883,-27.000015258789062,-4.1597819328308105,0.12395402789115906
baseline,5081,22.999916076660156,-26.60001564025879,-4.046083927154541,0.24701537191867828
baseline,5082,23.199914932250977,-28.200016021728516,-4.157801151275635,0.31096240878105164
baseline,5083,27.299915313720703,-30.200016021728516,-3.659132719039917,3.140565872192383
baseline,5084,23.699914932250977,-26.30001449584961,-4.033094882965088,0.590200662612915
baseline,5085,24.299915313720703,-24.200016021728516,-3.904808282852173,0.35471996665000916
baseline,5086,26.599916458129883,-20.10001564025879,-4.0246171951293945,0.47029972076416016
baseline,5087,22.599916458129883,-28.10001564025879,-4.153248310089111,0.3745046854019165
baseline,5088,28.599916458129883,-29.700016021728516,-3.6350247859954834,3.2029972076416016
baseline,5089,26.39991569519043,-25.800016403198242,-3.9168453216552734,0.585975706577301
baseline,5090,27.89991569519043,-30.200016021728516,-3.6379928588867188,3.4763946533203125
baseline,5091,22.39991569519043,-27.10001564025879,-4.020206451416016,0.3525192439556122
baseline,5092,28.799915313720703,-29.200016021728516,-3.639629602432251,2.787811040878296
baseline,5093,27.89991569519043,-30.700016021728516,-3.5969271659851074,3.880506753921509
baseline,5094,23.199914932250977,-27.60001564025879,-4.087876319885254,0.3240184187889099
baseline,5095,26.099916458129883,-22.500015258789062,-4.009631156921387,0.34250402450561523
baseline,5096,28.69991683959961,-30.40001678466797,-3.603034257888794,3.8790459632873535
baseline,5097,26.099916458129883,-27.60001564025879,-3.6734371185302734,0.7135773301124573
baseline,5098,22.799915313720703,-28.700016021728516,-4.171541690826416,0.37687948346138
baseline,5099,27.999916076660156,-29.500017166137695,-3.684081554412842,2.9721992015838623
baseline,5100,25.999916076660156,-26.500017166137695,-3.698505163192749,0.7074112892150879
baseline,5101,23.299915313720703,-28.800016403198242,-4.170725345611572,0.452056884765625
baseline,5102,27.099916458129883,-29.60001564025879,-3.6952035427093506,2.5311005115509033
baseline,5103,27.299915313720703,-30.800016403198242,-3.6288087368011475,3.4070746898651123
baseline,5104,23.799915313720703,-27.700016021728516,-4.153683185577393,0.29585346579551697
baseline,5105,27.89991569519043,-29.000017166137695,-3.7363131046295166,2.4900400638580322
baseline,5106,26.099916458129883,-27.10001564025879,-3.697815418243408,0.8054026961326599
baseline,5107,23.69991683959961,-28.40001678466797,-4.221831321716309,0.35366350412368774
baseline,5108,28.69991683959961,-30.90001678466797,-3.572843074798584,4.360682964324951
baseline,5109,23.39991569519043,-29.60001564025879,-4.223594665527344,0.3986443281173706
baseline,5110,28.89991569519043,-26.000015258789062,-3.87500262260437,0.9619482755661011
baseline,5111,23.799915313720703,-29.10001564025879,-4.24886417388916,0.5246439576148987
baseline,5112,23.099916458129883,-30.10001564025879,-4.2470927238464355,0.2976854145526886
baseline,5113,22.299917221069336,-28.700016021728516,-4.110639572143555,0.47624966502189636
baseline,5114,23.499916076660156,-30.500015258789062,-4.278738021850586,0.31103700399398804
baseline,5115,21.39991569519043,-29.400014877319336,-3.5253312587738037,1.172057867050171
baseline,5116,27.999916076660156,-31.30001449584961,-3.5711214542388916,3.9311859607696533
baseline,5117,22.89991569519043,-30.900014877319336,-4.315576553344727,0.2594349682331085
baseline,5118,23.999916076660156,-30.500015258789062,-4.31519889831543,0.4194711148738861
baseline,5119,22.499916076660156,-32.600013732910156,-4.30601692199707,0.4893573522567749
baseline,5120,23.89991569519043,-29.800016403198242,-4.208375930786133,0.6013567447662354
baseline,5121,22.799917221069336,-31.500015258789062,-4.327037334442139,0.7567743062973022
baseline,5122,24.69991683959961,-26.000015258789062,-4.117308616638184,0.3705799877643585
baseline,5123,23.69991683959961,-31.200014114379883,-4.329670429229736,0.4680018424987793
baseline,5124,22.69991683959961,-32.100013732910156,-4.344956874847412,0.5132297873497009
baseline,5125,22.499916076660156,-30.200014114379883,-4.050745964050293,0.7588634490966797
baseline,5126,23.299917221069336,-31.500015258789062,-4.243576526641846,0.5772614479064941
baseline,5127,23.799917221069336,-31.800016403198242,-4.373615741729736,0.381242036819458
baseline,5128,23.19991683959961,-32.00001525878906,-4.321124076843262,0.43180572986602783
baseline,5129,25.099916458129883,-27.40001678466797,-3.8172786235809326,0.8393712043762207
baseline,5130,22.69991683959961,-29.700016021728516,-4.126270771026611,0.47370782494544983
baseline,5131,23.599916458129883,-33.00001525878906,-4.39226770401001,0.5870009660720825
baseline,5132,22.19991683959961,-25.40001678466797,-3.9009249210357666,0.525851845741272
baseline,5133,23.299917221069336,-32.60001754760742,-4.341992378234863,0.45389825105667114
baseline,5134,23.399917602539062,-33.50001525878906,-4.41247034072876,0.38646286725997925
baseline,5135,21.19991683959961,-33.30001449584961,-3.426089286804199,1.8294758796691895
baseline,5136,22.299917221069336,-33.200016021728516,-4.024587631225586,0.780346155166626
baseline,5137,23.49991798400879,-34.100013732910156,-4.4396071434021,0.41179874539375305
baseline,5138,24.099916458129883,-32.4000129699707,-4.3739118576049805,0.5985679030418396
baseline,5139,22.899917602539062,-33.30001449584961,-4.384117126464844,0.5728956460952759
baseline,5140,21.49991798400879,-27.900012969970703,-3.6503348350524902,1.2424778938293457
baseline,5141,22.799917221069336,-29.200014114379883,-4.101269721984863,0.17154595255851746
baseline,5142,22.399917602539062,-30.700016021728516,-4.195600509643555,0.6119256615638733
baseline,5143,24.099916458129883,-33.30001449584961,-4.434139251708984,0.3867339491844177
baseline,5144,24.099916458129883,-33.80001449584961,-4.4783549308776855,0.37892335653305054
baseline,5145,23.69991683959961,-34.9000129699707,-4.482085227966309,0.4102652966976166
baseline,5146,21.799917221069336,-38.30001449584961,-4.470794200897217,1.688974380493164
baseline,5147,22.599916458129883,-39.00001525878906,-4.0938496589660645,1.2549717426300049
baseline,5148,22.899917602539062,-39.40001678466797,-4.236156940460205,0.9607961177825928
baseline,5149,28.99991798400879,-30.000015258789062,-3.61834716796875,3.5597171783447266
baseline,5150,22.899917602539062,-37.00001525878906,-4.528222560882568,0.6463809609413147
baseline,5151,24.19991683959961,-34.80001449584961,-4.518837928771973,0.45287105441093445
baseline,5152,23.399917602539062,-35.50001525878906,-4.513002872467041,0.36530640721321106
baseline,5153,23.99991798400879,-34.30001449584961,-4.447600364685059,0.5212040543556213
baseline,5154,22.99991798400879,-36.50001525878906,-4.565258026123047,0.6412099003791809
baseline,5155,22.799917221069336,-33.9000129699707,-4.337059497833252,0.8404414057731628
baseline,5156,22.899917602539062,-38.80001449584961,-4.547618865966797,0.8121447563171387
baseline,5157,23.799917221069336,-36.20001220703125,-4.565162658691406,0.3387541174888611
baseline,5158,24.299917221069336,-35.50001525878906,-4.564225673675537,0.43173569440841675
baseline,5159,22.69991683959961,-34.600013732910156,-4.343912124633789,0.673747718334198
baseline,5160,22.899917602539062,-35.9000129699707,-4.524600028991699,0.707723081111908
baseline,5161,22.99991798400879,-37.50001525878906,-4.573099613189697,0.3343871831893921
baseline,5162,23.599918365478516,-36.70001220703125,-4.572754383087158,0.3615220785140991
baseline,5163,22.399917602539062,-35.80001449584961,-4.55445671081543,0.9262296557426453
baseline,5164,23.799917221069336,-37.50001525878906,-4.624600410461426,0.23546059429645538
baseline,5165,22.699918746948242,-35.40001678466797,-4.34343147277832,0.7512335181236267
baseline,5166,21.99991798400879,-32.600013732910156,-4.600223064422607,0.505744457244873
baseline,5167,24.399917602539062,-36.700016021728516,-4.623019695281982,0.4729043245315552
baseline,5168,23.199918746948242,-38.100013732910156,-4.638154029846191,0.39954936504364014
baseline,5169,22.099918365478516,-39.90001678466797,-3.331899881362915,2.2589120864868164
baseline,5170,23.79991912841797,-38.200016021728516,-4.642337322235107,0.41194021701812744
baseline,5171,24.29991912841797,-37.300018310546875,-4.639542102813721,0.32606539130210876
baseline,5172,23.899917602539062,-38.800018310546875,-4.693388938903809,0.6225174069404602
baseline,5173,21.099918365478516,-40.20001983642578,-3.8181936740875244,2.829420804977417
baseline,5174,22.49991798400879,-37.400020599365234,-4.721268653869629,0.74385005235672
baseline,5175,18.899917602539062,-35.60002136230469,-4.666025161743164,3.614063262939453
baseline,5176,20.199918746948242,-31.400020599365234,-4.096463203430176,2.280200242996216
baseline,5177,24.29991912841797,-38.50001907348633,-4.70937967300415,0.6363272666931152
baseline,5178,23.099918365478516,-39.30002212524414,-4.7081475257873535,0.4739757180213928
baseline,5179,21.399919509887695,-39.10002136230469,-3.500351905822754,2.5462520122528076
baseline,5180,22.399919509887695,-36.900020599365234,-4.73989725112915,1.0163894891738892
baseline,5181,22.29991912841797,-40.00001907348633,-4.712133407592773,1.4420775175094604
baseline,5182,23.899919509887695,-39.900020599365234,-4.740123271942139,0.38701507449150085
baseline,5183,22.499919891357422,-40.00001907348633,-3.6936826705932617,1.7844338417053223
baseline,5184,24.499919891357422,-39.60002136230469,-4.7508039474487305,0.3462228775024414
baseline,5185,22.399919509887695,-42.00001907348633,-4.759181499481201,1.4572738409042358
baseline,5186,22.499919891357422,-38.10002136230469,-4.7673115730285645,0.9649683237075806
baseline,5187,23.599918365478516,-40.70001983642578,-4.755836009979248,0.4554709792137146
baseline,5188,23.099918365478516,-41.70001983642578,-4.745140552520752,0.7999948859214783
baseline,5189,20.79991912841797,-32.70001983642578,-4.7770676612854,1.6291154623031616
baseline,5190,23.59992027282715,-41.20001983642578,-4.776445388793945,0.4311136305332184
baseline,5191,19.499919891357422,-37.10002136230469,-4.803842067718506,3.6585261821746826
baseline,5192,23.399919509887695,-40.10002136230469,-4.6028571128845215,0.5045439600944519
baseline,5193,24.699918746948242,-40.80002212524414,-4.810542583465576,0.38273391127586365
baseline,5194,21.699918746948242,-37.400020599365234,-4.812820911407471,1.5364980697631836
baseline,5195,20.999919891357422,-33.60002136230469,-3.9117207527160645,1.7930749654769897
baseline,5196,23.59992027282715,-39.20001983642578,-4.554904460906982,0.4404943287372589
baseline,5197,23.399919509887695,-45.00001907348633,-4.77208137512207,0.5350897312164307
baseline,5198,23.699918746948242,-42.00001907348633,-4.807534217834473,0.5031388998031616
baseline,5199,24.09992027282715,-40.60002136230469,-4.738682746887207,0.6799304485321045
baseline,5200,21.79991912841797,-36.900020599365234,-4.84977388381958,1.5463634729385376
baseline,5201,23.399919509887695,-43.20001983642578,-4.84390115737915,0.7255397439002991
baseline,5202,24.199918746948242,-41.70001983642578,-4.845432758331299,0.5739556550979614
baseline,5203,21.09992027282715,-42.60002136230469,-4.83663272857666,2.5533769130706787
baseline,5204,19.999919891357422,-37.30002212524414,-4.8526177406311035,3.239675998687744
baseline,5205,18.899919509887695,-36.10002136230469,-4.787580490112305,3.734260320663452
baseline,5206,22.09992027282715,-42.400020599365234,-4.812098979949951,1.7588733434677124
baseline,5207,22.999919891357422,-42.20002365112305,-4.804534435272217,0.9907320141792297
baseline,5208,23.199920654296875,-34.500022888183594,-4.302515983581543,0.5745617747306824
baseline,5209,21.59992027282715,-42.400020599365234,-4.8652753829956055,2.2211124897003174
baseline,5210,24.09992027282715,-42.900020599365234,-4.870595455169678,0.4109451472759247
baseline,5211,22.59992027282715,-41.500022888183594,-4.75784969329834,1.2492798566818237
baseline,5212,19.29991912841797,-38.80002212524414,-4.853447914123535,4.151714324951172
baseline,5213,23.59992027282715,-44.20002365112305,-4.858908176422119,0.36448219418525696
baseline,5214,22.399919509887695,-43.60002136230469,-4.431258201599121,1.1034462451934814
baseline,5215,21.09992027282715,-36.70002365112305,-4.882999420166016,2.2224254608154297
baseline,5216,24.29991912841797,-42.400020599365234,-4.875648498535156,0.7965816855430603
baseline,5217,22.09992027282715,-37.70002365112305,-4.832678318023682,1.1567885875701904
baseline,5218,20.499919891357422,-42.70002365112305,-4.885429382324219,3.0110831260681152
baseline,5219,24.399919509887695,-40.10002517700195,-4.692286014556885,0.5091413855552673
baseline,5220,19.59992027282715,-37.60002517700195,-4.822566986083984,3.636768102645874
baseline,5221,21.59992027282715,-36.4000244140625,-4.887532711029053,1.6948230266571045
baseline,5222,20.999919891357422,-37.60002517700195,-4.8861894607543945,2.239367723464966
baseline,5223,24.499919891357422,-41.300025939941406,-4.799347877502441,0.6147670149803162
baseline,5224,23.699920654296875,-42.60002517700195,-4.798340320587158,0.5665995478630066
baseline,5225,23.09992027282715,-42.70002365112305,-4.897156238555908,0.7883731722831726
baseline,5226,24.199920654296875,-43.70002365112305,-4.892033576965332,0.42841726541519165
baseline,5227,19.399919509887695,-35.4000244140625,-4.864161491394043,3.0815136432647705
baseline,5228,20.499919891357422,-37.20002365112305,-4.891189098358154,2.749690055847168
baseline,5229,23.699920654296875,-43.60002517700195,-4.883479118347168,0.2601882815361023
baseline,5230,23.199920654296875,-43.9000244140625,-4.894911289215088,0.23850025236606598
baseline,5231,24.59992027282715,-42.9000244140625,-4.894577980041504,0.4458571970462799
baseline,5232,19.59992027282715,-39.60002517700195,-4.928581237792969,3.8956682682037354
baseline,5233,24.899919509887695,-43.300025939941406,-4.943193435668945,0.16588039696216583
baseline,5234,24.09992027282715,-45.50002670288086,-4.944592475891113,0.29318568110466003
baseline,5235,24.2999210357666,-44.20002746582031,-4.94047737121582,0.47020989656448364
baseline,5236,22.399919509887695,-36.300025939941406,-4.779353618621826,1.182397723197937
baseline,5237,24.199920654296875,-44.70002365112305,-4.913631916046143,0.2843017876148224
baseline,5238,20.09992027282715,-38.10002517700195,-4.939916610717773,3.1988091468811035
baseline,5239,22.09992027282715,-41.500022888183594,-4.889927864074707,1.6713578701019287
baseline,5240,24.09992027282715,-46.00002670288086,-4.954989433288574,0.41624948382377625
baseline,5241,22.7999210357666,-48.00002670288086,-4.136476993560791,1.3931387662887573
baseline,5242,19.899921417236328,-39.20002746582031,-4.959769248962402,3.5731499195098877
baseline,5243,24.899921417236328,-44.300025939941406,-4.945041179656982,0.37414103746414185
baseline,5244,24.2999210357666,-46.50002670288086,-4.978723526000977,0.4975029230117798
baseline,5245,24.999921798706055,-45.10002899169922,-4.9710612297058105,0.36619511246681213
baseline,5246,24.399921417236328,-47.70003128051758,-5.008041858673096,0.542148768901825
baseline,5247,24.59992027282715,-42.000030517578125,-4.803530693054199,0.5371691584587097
baseline,5248,25.09992027282715,-45.900028228759766,-5.005670070648193,0.4103875756263733
baseline,5249,21.999921798706055,-46.70003128051758,-4.998558521270752,1.5014103651046753
baseline,5250,24.199920654296875,-47.20003128051758,-4.979027271270752,0.2719493508338928
baseline,5251,23.999921798706055,-49.30002975463867,-4.995781421661377,0.4070110321044922
baseline,5252,25.199920654296875,-46.500030517578125,-5.0102033615112305,0.45386284589767456
baseline,5253,22.59992218017578,-51.400028228759766,-3.6729021072387695,2.27030873298645
baseline,5254,24.999921798706055,-47.20002746582031,-5.020552635192871,0.23535765707492828
baseline,5255,23.199920654296875,-44.60002899169922,-5.020302772521973,0.5313489437103271
baseline,5256,23.899921417236328,-49.900028228759766,-5.022187232971191,0.5804551243782043
baseline,5257,24.499921798706055,-48.400028228759766,-5.022299766540527,0.3274097144603729
baseline,5258,23.699920654296875,-46.30002975463867,-4.824678421020508,0.5755184292793274
baseline,5259,25.2999210357666,-48.000030517578125,-5.044945240020752,0.2912389934062958
baseline,5260,23.7999210357666,-46.90003204345703,-4.792567253112793,0.3619823455810547
baseline,5261,23.899921417236328,-47.600032806396484,-4.770361423492432,0.5459504723548889
baseline,5262,23.09992218017578,-41.100032806396484,-4.785646438598633,0.6734937429428101
baseline,5263,22.399921417236328,-48.200035095214844,-3.8625707626342773,1.8989143371582031
baseline,5264,25.399921417236328,-49.4000358581543,-5.069149017333984,0.2988727390766144
baseline,5265,21.699922561645508,-42.9000358581543,-5.02681303024292,1.8836673498153687
baseline,5266,22.399921417236328,-49.50003433227539,-5.06909704208374,1.0600249767303467
baseline,5267,24.799922943115234,-48.8000373840332,-4.998440742492676,0.3143036365509033
baseline,5268,23.999921798706055,-48.200035095214844,-4.846881866455078,0.48774462938308716
baseline,5269,21.699922561645508,-46.30003356933594,-5.062811851501465,1.6905510425567627
baseline,5270,25.39992332458496,-50.100032806396484,-5.074794292449951,0.5548432469367981
baseline,5271,24.799922943115234,-49.50003433227539,-5.0191650390625,0.7588095664978027
baseline,5272,24.09992218017578,-51.9000358581543,-5.053173065185547,0.5248624682426453
baseline,5273,24.39992332458496,-50.3000373840332,-5.068249702453613,0.5201050043106079
baseline,5274,24.999923706054688,-51.20003890991211,-5.079710483551025,0.5622180104255676
baseline,5275,24.89992332458496,-50.3000373840332,-4.976745128631592,0.7040697932243347
baseline,5276,25.499923706054688,-50.700035095214844,-5.058620452880859,0.5020468235015869
baseline,5277,25.499923706054688,-51.4000358581543,-5.067962646484375,0.6195015907287598
baseline,5278,23.699922561645508,-56.3000373840332,-4.876249313354492,0.6638863682746887
baseline,5279,24.499923706054688,-50.80003356933594,-5.0284929275512695,0.5412581562995911
baseline,5280,22.499923706054688,-56.4000358581543,-4.961327075958252,0.6239029765129089
baseline,5281,25.299922943115234,-52.4000358581543,-5.105498790740967,0.3785303235054016
baseline,5282,24.999923706054688,-51.8000373840332,-5.075189590454102,0.5999416708946228
baseline,5283,23.39992332458496,-56.70003890991211,-4.976323127746582,0.5102078318595886
baseline,5284,24.499923706054688,-57.20003890991211,-5.0554304122924805,0.49841949343681335
baseline,5285,23.299922943115234,-55.8000373840332,-4.928896903991699,0.15015533566474915
baseline,5286,22.999923706054688,-57.000038146972656,-4.846506118774414,0.5998904705047607
baseline,5287,20.69992446899414,-55.3000373840332,-5.109925270080566,1.6063896417617798
baseline,5288,22.799922943115234,-55.9000358581543,-4.977869987487793,0.6027957201004028
baseline,5289,25.599924087524414,-53.10003662109375,-5.10595178604126,0.4392680823802948
baseline,5290,20.599924087524414,-56.8000373840332,-4.504705429077148,1.1744707822799683
baseline,5291,24.69992446899414,-52.60003662109375,-5.082406520843506,0.5182619690895081
baseline,5292,24.39992332458496,-58.000038146972656,-4.836301326751709,0.6598435640335083
baseline,5293,24.19992446899414,-56.8000373840332,-5.013496398925781,0.7638077735900879
baseline,5294,25.299922943115234,-53.500038146972656,-5.13070821762085,0.5483511090278625
baseline,5295,20.999923706054688,-57.3000373840332,-4.382617950439453,0.8854653239250183
baseline,5296,24.19992446899414,-48.80003356933594,-4.843672752380371,0.717496395111084
baseline,5297,25.799924850463867,-53.80003356933594,-5.153880596160889,0.5139963626861572
baseline,5298,24.499923706054688,-51.30003356933594,-5.055547714233398,0.47283774614334106
baseline,5299,23.299924850463867,-57.60003662109375,-4.785853862762451,0.4645497500896454
baseline,5300,25.39992332458496,-54.50003433227539,-5.144106864929199,0.4591224789619446
baseline,5301,22.39992332458496,-57.3000373840332,-4.861502647399902,0.5489307641983032
baseline,5302,24.69992446899414,-58.8000373840332,-5.136777400970459,0.2569073736667633
baseline,5303,23.999923706054688,-57.50003433227539,-4.8304924964904785,0.6407138705253601
baseline,5304,23.999923706054688,-54.9000358581543,-4.282726764678955,1.1724879741668701
baseline,5305,25.89992332458496,-55.00003433227539,-5.1906914710998535,0.42307084798812866
baseline,5306,24.099924087524414,-54.8000373840332,-4.799504280090332,0.6721078157424927
baseline,5307,25.399925231933594,-55.20003890991211,-5.144789695739746,0.39081525802612305
baseline,5308,23.999923706054688,-58.4000358581543,-4.73786735534668,0.8611701726913452
baseline,5309,24.799924850463867,-59.8000373840332,-5.186102867126465,0.22467456758022308
baseline,5310,24.999923706054688,-54.20003890991211,-5.060934066772461,0.4865274429321289
baseline,5311,25.099924087524414,-55.60003662109375,-5.196621417999268,0.27961206436157227
baseline,5312,25.69992446899414,-55.9000358581543,-5.2015061378479,0.4730820059776306
baseline,5313,24.899925231933594,-54.8000373840332,-5.130834579467773,0.4207327961921692
baseline,5314,25.099924087524414,-52.9000358581543,-5.0207719802856445,0.5451785326004028
baseline,5315,23.599924087524414,-58.10003662109375,-4.801652431488037,0.5969781875610352
baseline,5316,24.99992561340332,-56.60003662109375,-5.213298320770264,0.25484856963157654
baseline,5317,21.099925994873047,-59.20003890991211,-5.050589084625244,0.2911577820777893
baseline,5318,25.799924850463867,-57.20003890991211,-5.239412307739258,0.32864150404930115
baseline,5319,24.799924850463867,-60.60003662109375,-5.237177848815918,0.27881062030792236
baseline,5320,24.599925994873047,-59.3000373840332,-5.174251556396484,0.34250524640083313
baseline,5321,24.799924850463867,-58.000038146972656,-5.233466148376465,0.36731478571891785
baseline,5322,23.49992561340332,-50.20003890991211,-5.055508136749268,0.9281172156333923
baseline,5323,25.099925994873047,-58.4000358581543,-5.284792423248291,0.11952824890613556
baseline,5324,24.99992561340332,-57.4000358581543,-5.208658695220947,0.4066235423088074
baseline,5325,25.49992561340332,-57.60003662109375,-5.2702250480651855,0.263081818819046
baseline,5326,25.899925231933594,-58.200035095214844,-5.2845892906188965,0.2868916690349579
baseline,5327,22.99992561340332,-61.60003662109375,-4.696522235870361,0.5924435257911682
baseline,5328,22.899925231933594,-59.70003890991211,-4.764819622039795,0.5788779854774475
baseline,5329,25.49992561340332,-51.9000358581543,-5.019245147705078,0.8290189504623413
baseline,5330,23.099925994873047,-58.600040435791016,-4.801025867462158,0.5488994717597961
baseline,5331,23.199926376342773,-61.50004196166992,-5.2562575340271,0.5917541980743408
baseline,5332,24.399925231933594,-63.50004196166992,-4.2177510261535645,1.5362627506256104
baseline,5333,25.799924850463867,-56.50004196166992,-5.169581890106201,0.28613537549972534
baseline,5334,23.699926376342773,-57.100040435791016,-4.8101043701171875,0.42679935693740845
baseline,5335,22.899925231933594,-63.00004196166992,-4.3532915115356445,1.8369115591049194
baseline,5336,24.49992561340332,-58.50004196166992,-4.76495361328125,0.6999844312667847
baseline,5337,24.099925994873047,-63.200042724609375,-4.545140266418457,1.5274463891983032
baseline,5338,23.099925994873047,-59.100040435791016,-4.783148765563965,0.6318237781524658
baseline,5339,23.799924850463867,-61.30004119873047,-4.625970840454102,1.1548783779144287
baseline,5340,23.099925994873047,-58.100040435791016,-4.7710418701171875,0.4626404047012329
baseline,5341,25.199926376342773,-58.90003967285156,-5.280842304229736,0.5423292517662048
baseline,5342,24.699926376342773,-62.100040435791016,-4.943971157073975,0.5987270474433899
baseline,5343,23.099925994873047,-60.40003967285156,-4.713236331939697,0.4002297520637512
baseline,5344,24.199926376342773,-58.90003967285156,-4.741653919219971,0.6665017008781433
baseline,5345,24.799924850463867,-61.70003890991211,-5.273979663848877,0.4309992790222168
baseline,5346,23.49992561340332,-63.50004196166992,-4.022313117980957,2.3396289348602295
baseline,5347,26.099925994873047,-59.40003967285156,-5.3160834312438965,0.19595636427402496
baseline,5348,23.899925231933594,-59.70003890991211,-4.728091239929199,0.7866572737693787
baseline,5349,23.899925231933594,-62.00004196166992,-4.695185661315918,1.360754132270813
baseline,5350,25.099925994873047,-60.200042724609375,-5.331524848937988,0.32592537999153137
baseline,5351,21.299924850463867,-62.700042724609375,-4.4575324058532715,2.0225753784179688
baseline,5352,25.299924850463867,-59.40003967285156,-5.278625011444092,0.4838191866874695
baseline,5353,25.899925231933594,-60.100040435791016,-5.328258514404297,0.30154186487197876
baseline,5354,23.399925231933594,-59.90003967285156,-4.765003681182861,0.7365155220031738
baseline,5355,23.899925231933594,-53.100040435791016,-4.5788893699646,1.0605661869049072
baseline,5356,24.399925231933594,-60.90003967285156,-4.793203353881836,0.6235550045967102
baseline,5357,24.199926376342773,-61.600040435791016,-4.8160176277160645,1.0359554290771484
baseline,5358,25.99992561340332,-60.90003967285156,-5.360867977142334,0.13782459497451782
baseline,5359,24.49992561340332,-59.600040435791016,-4.769315719604492,0.6506718993186951
baseline,5360,24.399925231933594,-60.100040435791016,-4.692981719970703,0.8463516235351562
baseline,5361,25.099925994873047,-61.100040435791016,-5.356960296630859,0.37626397609710693
baseline,5362,23.49992561340332,-60.90003967285156,-4.694843769073486,0.6871353387832642
baseline,5363,24.699926376342773,-61.40003967285156,-4.836458206176758,0.6639856696128845
baseline,5364,24.199926376342773,-54.100040435791016,-4.789971828460693,0.6770768165588379
baseline,5365,23.2999267578125,-65.90003967285156,-4.935253143310547,1.436435341835022
baseline,5366,25.49992561340332,-60.80004119873047,-5.320746421813965,0.23792995512485504
baseline,5367,25.399927139282227,-61.80004119873047,-5.39063024520874,0.37033867835998535
baseline,5368,23.2999267578125,-54.500038146972656,-4.157835483551025,1.3979356288909912
baseline,5369,23.899927139282227,-60.20003890991211,-4.652190208435059,0.9441048502922058
baseline,5370,26.2999267578125,-61.80004119873047,-5.381892681121826,0.3922148048877716
baseline,5371,22.399927139282227,-54.600040435791016,-4.832876682281494,0.7218385338783264
baseline,5372,25.099925994873047,-62.30004119873047,-5.365560531616211,0.48853033781051636
baseline,5373,21.2999267578125,-65.10003662109375,-4.935200214385986,1.1761491298675537
baseline,5374,24.2999267578125,-62.40003967285156,-4.839210510253906,1.1089367866516113
baseline,5375,23.099925994873047,-65.40003967285156,-4.920507431030273,1.450477957725525
baseline,5376,24.099925994873047,-65.80004119873047,-4.994462490081787,1.669327974319458
baseline,5377,24.399927139282227,-67.10004425048828,-4.894608497619629,1.4979671239852905
baseline,5378,26.199926376342773,-63.00004196166992,-5.43267822265625,0.4295339286327362
baseline,5379,25.699926376342773,-62.200042724609375,-5.354050159454346,0.1575356125831604
baseline,5380,25.399927139282227,-63.00004196166992,-5.422780513763428,0.18591728806495667
baseline,5381,22.99992561340332,-56.40003967285156,-4.896454811096191,0.5454872250556946
baseline,5382,25.7999267578125,-62.700042724609375,-5.381608963012695,0.20694778859615326
baseline,5383,24.599925994873047,-62.80004119873047,-4.855371475219727,0.999997615814209
baseline,5384,26.399927139282227,-63.80004119873047,-5.458274841308594,0.37687233090400696
baseline,5385,21.499927520751953,-65.60004425048828,-4.903304100036621,1.2305560111999512
baseline,5386,24.499927520751953,-63.60004425048828,-4.873171806335449,1.116304874420166
baseline,5387,25.599925994873047,-61.30004119873047,-5.310697078704834,0.3080647885799408
baseline,5388,25.899927139282227,-63.700042724609375,-5.430509090423584,0.24251002073287964
baseline,5389,23.399927139282227,-67.9000473022461,-4.940006256103516,1.1066820621490479
baseline,5390,23.7999267578125,-67.10004425048828,-4.974081516265869,1.4407958984375
baseline,5391,21.499927520751953,-66.9000473022461,-4.860203266143799,1.2862550020217896
baseline,5392,24.999927520751953,-64.00004577636719,-4.9079766273498535,0.7305986881256104
baseline,5393,24.999927520751953,-64.60004425048828,-4.890731334686279,0.9022917747497559
baseline,5394,26.59992790222168,-64.4000473022461,-5.450481414794922,0.2833482623100281
baseline,5395,24.999927520751953,-68.9000473022461,-4.080833911895752,1.7411941289901733
baseline,5396,25.899927139282227,-58.70004653930664,-5.252525329589844,0.0821223109960556
baseline,5397,23.499927520751953,-61.700042724609375,-4.62099552154541,1.0379337072372437
baseline,5398,26.199926376342773,-65.10004425048828,-5.434848785400391,0.25151464343070984
baseline,5399,25.09992790222168,-65.50003814697266,-4.6828508377075195,1.2110133171081543
baseline,5400,25.59992790222168,-64.90003967285156,-5.3299384117126465,0.2815295159816742
baseline,5401,26.199926376342773,-62.30004119873047,-5.303637981414795,0.2812225818634033
baseline,5402,26.699928283691406,-65.70003509521484,-5.515748977661133,0.3702825903892517
baseline,5403,23.399927139282227,-63.10003662109375,-4.674132347106934,1.9135820865631104
baseline,5404,26.09992790222168,-65.80004119873047,-5.506654739379883,0.24481245875358582
baseline,5405,21.7999267578125,-69.10003662109375,-4.902238845825195,1.2115310430526733
baseline,5406,23.499927520751953,-62.60003662109375,-4.68195915222168,1.5750762224197388
baseline,5407,26.799928665161133,-66.70003509521484,-5.535557270050049,0.3414864242076874
baseline,5408,25.799928665161133,-66.90003967285156,-5.5295844078063965,0.14514681696891785
baseline,5409,24.899927139282227,-63.700035095214844,-4.431575298309326,1.161644697189331
baseline,5410,26.09992790222168,-66.30003356933594,-5.453847408294678,0.4027674198150635
baseline,5411,25.799928665161133,-64.40003967285156,-5.385841369628906,0.4186961054801941
baseline,5412,25.499927520751953,-70.80003356933594,-4.569200038909912,1.1111252307891846
baseline,5413,23.899927139282227,-71.50003814697266,-4.13408088684082,1.998620867729187
baseline,5414,25.89992904663086,-67.70003509521484,-5.587347984313965,0.2678990066051483
baseline,5415,26.299928665161133,-67.20003509521484,-5.552951812744141,0.3677932620048523
baseline,5416,24.799928665161133,-71.50003814697266,-4.763975620269775,1.501409649848938
baseline,5417,25.299928665161133,-67.20004272460938,-5.478298664093018,0.6634902358055115
baseline,5418,21.799928665161133,-70.50003814697266,-4.6933913230896,1.438381314277649
baseline,5419,24.999927520751953,-65.00003814697266,-5.3256754875183105,0.877962052822113
baseline,5420,26.699928283691406,-67.50003814697266,-5.5638885498046875,0.06362887471914291
baseline,5421,24.299928665161133,-71.50003814697266,-4.684471130371094,1.871237874031067
baseline,5422,24.999927520751953,-66.50003814697266,-4.887972354888916,1.0289521217346191
baseline,5423,26.299928665161133,-68.10004425048828,-5.600397109985352,0.35426846146583557
baseline,5424,25.199928283691406,-67.50003814697266,-4.738985061645508,0.9942321181297302
baseline,5425,21.89992904663086,-71.50003814697266,-4.294291973114014,1.7666072845458984
baseline,5426,26.89992904663086,-68.40003967285156,-5.610235214233398,0.26978373527526855
baseline,5427,25.199928283691406,-71.90003967285156,-4.721093654632568,1.2703304290771484
baseline,5428,26.499929428100586,-69.00004577636719,-5.578795909881592,0.5011180639266968
baseline,5429,24.999929428100586,-66.00004577636719,-4.873579025268555,1.0781487226486206
baseline,5430,25.299928665161133,-71.40003967285156,-4.775678634643555,1.2027089595794678
baseline,5431,20.799928665161133,-61.700042724609375,-4.528302192687988,1.9715478420257568
baseline,5432,26.09992790222168,-68.60003662109375,-5.527414321899414,0.2628830075263977
baseline,5433,23.799928665161133,-67.60003662109375,-5.061379909515381,1.2461649179458618
baseline,5434,21.09992790222168,-62.10003662109375,-4.4004998207092285,1.8644191026687622
baseline,5435,25.299928665161133,-68.80003356933594,-4.778316020965576,1.0125962495803833
baseline,5436,26.59992790222168,-66.20003509521484,-5.455147743225098,0.3289228677749634
baseline,5437,23.799928665161133,-70.30003356933594,-5.029930114746094,1.0058581829071045
baseline,5438,26.199928283691406,-69.40003204345703,-5.630335330963135,0.20372594892978668
baseline,5439,21.89992904663086,-72.00003814697266,-4.829965591430664,1.3203456401824951
baseline,5440,26.699928283691406,-70.10003662109375,-5.639194965362549,0.3999219238758087
baseline,5441,22.299928665161133,-73.10003662109375,-4.620838642120361,1.217691421508789
baseline,5442,24.499929428100586,-70.30003356933594,-4.85755729675293,1.4775073528289795
baseline,5443,21.89992904663086,-71.50003051757812,-4.823600769042969,1.2983100414276123
baseline,5444,21.89992904663086,-68.30003356933594,-5.007165908813477,1.0609047412872314
baseline,5445,26.799928665161133,-69.50003051757812,-5.571196556091309,0.2739548087120056
baseline,5446,27.39992904663086,-63.10002899169922,-5.380580425262451,0.7544153332710266
baseline,5447,25.599929809570312,-68.10002899169922,-5.532435894012451,0.31454452872276306
baseline,5448,26.699928283691406,-70.80003356933594,-5.653417587280273,0.3888232111930847
baseline,5449,23.89992904663086,-65.30003356933594,-4.982219696044922,1.6832656860351562
baseline,5450,26.999929428100586,-71.60003662109375,-5.704853534698486,0.4036678075790405
baseline,5451,24.999929428100586,-67.00003051757812,-4.771303653717041,1.0935298204421997
baseline,5452,26.19993019104004,-71.00003051757812,-5.613341331481934,0.17091600596904755
baseline,5453,21.699928283691406,-67.40003204345703,-4.81554651260376,1.2538436651229858
baseline,5454,22.299928665161133,-73.70003509521484,-4.635175704956055,1.2939096689224243
baseline,5455,24.499929428100586,-64.70002746582031,-4.866703510284424,1.3163546323776245
baseline,5456,23.499929428100586,-66.40003204345703,-4.994543075561523,1.4735499620437622
baseline,5457,23.099929809570312,-64.50003051757812,-4.909636497497559,1.417176365852356
baseline,5458,23.599929809570312,-64.90003204345703,-5.026422023773193,1.475351333618164
baseline,5459,25.099929809570312,-68.00003051757812,-4.725300312042236,1.0005892515182495
baseline,5460,26.499929428100586,-72.20003509521484,-5.708165168762207,0.45367541909217834
baseline,5461,25.499929428100586,-73.90003204345703,-5.705144882202148,0.7394835948944092
baseline,5462,27.19993019104004,-72.20003509521484,-5.708829879760742,0.3011685311794281
baseline,5463,24.099929809570312,-66.70003509521484,-4.969903945922852,1.7047806978225708
baseline,5464,25.799928665161133,-74.40003204345703,-5.703269004821777,0.4240111708641052
baseline,5465,26.89992904663086,-72.80003356933594,-5.714725017547607,0.2115194946527481
baseline,5466,25.299928665161133,-74.90003204345703,-5.7142839431762695,0.447094202041626
baseline,5467,24.599929809570312,-74.8000259399414,-5.74653434753418,0.5806388258934021
baseline,5468,23.89992904663086,-76.60002899169922,-5.745909690856934,0.19906365871429443
baseline,5469,25.19993019104004,-76.8000259399414,-5.7484965324401855,0.5340000987052917
baseline,5470,25.999929428100586,-73.00003051757812,-5.721370220184326,0.23104752600193024
baseline,5471,25.799930572509766,-75.70002746582031,-5.747090816497803,0.3681516647338867
baseline,5472,24.999929428100586,-75.50003051757812,-5.741549015045166,0.2872679531574249
baseline,5473,24.599929809570312,-76.10002899169922,-5.745254039764404,0.32348135113716125
baseline,5474,25.299930572509766,-76.10002899169922,-5.747963905334473,0.34113016724586487
baseline,5475,25.69993019104004,-73.4000244140625,-5.656861782073975,0.30630359053611755
baseline,5476,24.999929428100586,-70.20002746582031,-4.861894607543945,1.152901291847229
baseline,5477,23.099929809570312,-75.8000259399414,-5.714571952819824,0.7153235077857971
baseline,5478,27.19993019104004,-73.4000244140625,-5.735315322875977,0.4233633577823639
baseline,5479,23.39992904663086,-76.8000259399414,-5.709184646606445,0.4526357054710388
baseline,5480,25.799930572509766,-77.00003051757812,-5.736242771148682,0.42525655031204224
baseline,5481,24.39992904663086,-76.9000244140625,-5.73564338684082,0.36660870909690857
baseline,5482,22.099929809570312,-75.50003051757812,-4.665382385253906,1.3836839199066162
baseline,5483,24.19993019104004,-75.50003051757812,-5.734882831573486,0.6325662136077881
baseline,5484,23.799930572509766,-76.00003051757812,-5.730007648468018,0.48997899889945984
baseline,5485,23.099929809570312,-76.3000259399414,-5.704599380493164,0.21960659325122833
baseline,5486,26.89992904663086,-74.00003051757812,-5.734837532043457,0.2688269317150116
baseline,5487,24.299930572509766,-74.4000244140625,-5.735916614532471,1.078230619430542
baseline,5488,26.599929809570312,-73.3000259399414,-5.722898483276367,0.37370622158050537
baseline,5489,24.799930572509766,-77.60002136230469,-5.7516632080078125,0.3733421862125397
baseline,5490,24.999929428100586,-70.9000244140625,-4.877079963684082,1.060941219329834
baseline,5491,26.39992904663086,-77.8000259399414,-5.770181655883789,0.46275094151496887
baseline,5492,23.099929809570312,-75.0000228881836,-5.679080963134766,0.973386287689209
baseline,5493,27.099929809570312,-77.0000228881836,-5.770573616027832,0.36216527223587036
baseline,5494,26.89992904663086,-75.4000244140625,-5.770473480224609,0.5385460257530212
baseline,5495,26.099929809570312,-76.10002136230469,-5.759376049041748,0.4939931035041809
baseline,5496,26.69993019104004,-74.8000259399414,-5.768011093139648,0.2514870762825012
baseline,5497,23.999929428100586,-74.9000244140625,-5.716790676116943,1.0341551303863525
baseline,5498,23.499929428100586,-75.5000228881836,-5.724508285522461,0.7814227342605591
baseline,5499,26.599929809570312,-75.9000244140625,-5.76571798324585,0.29207250475883484
baseline,5500,23.69993019104004,-74.4000244140625,-5.729092121124268,1.2151323556900024
baseline,5501,25.39992904663086,-77.5000228881836,-5.748156547546387,0.5587111115455627
baseline,5502,26.999929428100586,-78.60002899169922,-5.743137836456299,0.5565877556800842
baseline,5503,23.499929428100586,-77.4000244140625,-5.71778678894043,0.47457224130630493
baseline,5504,26.39992904663086,-73.9000244140625,-5.718760013580322,0.2653559148311615
baseline,5505,24.999929428100586,-74.20002746582031,-5.692810535430908,1.024459958076477
baseline,5506,26.19993019104004,-71.60002899169922,-5.602492332458496,0.3867204487323761
baseline,5507,26.299930572509766,-75.10002899169922,-5.748250961303711,0.3587532043457031
baseline,5508,25.999929428100586,-78.70002746582031,-5.744481086730957,0.488155335187912
baseline,5509,26.599929809570312,-77.20002746582031,-5.774767875671387,0.4496953785419464
baseline,5510,27.39992904663086,-75.8000259399414,-5.776688575744629,0.48134657740592957
baseline,5511,24.89992904663086,-78.4000244140625,-5.776681900024414,0.5692282915115356
baseline,5512,27.599929809570312,-78.50003051757812,-5.752389907836914,0.46106427907943726
baseline,5513,27.69993019104004,-77.50003051757812,-5.7630720138549805,0.5176820755004883
baseline,5514,23.89992904663086,-77.10002899169922,-5.721978187561035,0.351311594247818
baseline,5515,24.39992904663086,-78.5000228881836,-5.752007961273193,0.2506771683692932
baseline,5516,24.89992904663086,-73.60002136230469,-5.728489398956299,1.0475175380706787
baseline,5517,27.39992904663086,-75.20002746582031,-5.753215789794922,0.18886752426624298
baseline,5518,25.599929809570312,-78.3000259399414,-5.761496067047119,0.499728262424469
baseline,5519,27.39992904663086,-74.3000259399414,-5.694379806518555,0.5312895178794861
baseline,5520,25.099929809570312,-79.00003051757812,-5.750051975250244,0.29886138439178467
baseline,5521,24.39992904663086,-73.9000244140625,-5.738224029541016,0.9192695021629333
baseline,5522,23.299928665161133,-78.3000259399414,-5.702521800994873,0.4157421588897705
baseline,5523,27.69993019104004,-80.10002899169922,-5.72953987121582,0.5886319279670715
baseline,5524,26.999929428100586,-80.10002899169922,-5.728893280029297,0.39051321148872375
baseline,5525,27.799928665161133,-79.00003051757812,-5.743884563446045,0.6705703139305115
baseline,5526,25.999929428100586,-77.50003051757812,-5.748446941375732,0.5424964427947998
baseline,5527,23.499929428100586,-78.8000259399414,-5.71909761428833,0.4342169463634491
baseline,5528,27.69993019104004,-78.00003051757812,-5.731838226318359,0.5676085352897644
baseline,5529,24.099929809570312,-78.00003051757812,-5.736211776733398,0.5880274772644043
baseline,5530,26.499929428100586,-79.8000259399414,-5.755094528198242,0.32573598623275757
baseline,5531,24.699928283691406,-79.3000259399414,-5.747511386871338,0.30303800106048584
baseline,5532,27.39992904663086,-76.3000259399414,-5.758438587188721,0.2794754207134247
baseline,5533,24.89992904663086,-68.5000228881836,-4.698205471038818,1.2903954982757568
baseline,5534,26.299928665161133,-74.5000228881836,-5.608226299285889,0.25772786140441895
baseline,5535,25.699928283691406,-76.4000244140625,-5.680539131164551,0.5393877625465393
baseline,5536,22.699928283691406,-74.70002746582031,-5.637785911560059,0.5574405789375305
baseline,5537,23.999929428100586,-79.3000259399414,-5.756302833557129,0.361919105052948
baseline,5538,26.799928665161133,-76.50003051757812,-5.757670879364014,0.21563327312469482
baseline,5539,25.799928665161133,-74.9000244140625,-5.54909086227417,0.5420606136322021
baseline,5540,22.69993019104004,-74.20002746582031,-5.692764759063721,0.4232093393802643
baseline,5541,25.699928283691406,-79.30001831054688,-5.7596893310546875,0.5728760361671448
baseline,5542,22.699928283691406,-75.30001831054688,-5.721051216125488,0.728473424911499
baseline,5543,23.59992790222168,-73.5000228881836,-5.733604431152344,0.3974393904209137
baseline,5544,25.299928665161133,-79.9000244140625,-5.757765293121338,0.41110959649086
baseline,5545,24.299928665161133,-77.50001525878906,-5.743245601654053,0.286222368478775
baseline,5546,25.999929428100586,-80.10002136230469,-5.766621112823486,0.43598681688308716
baseline,5547,25.499929428100586,-75.30001831054688,-5.4564127922058105,0.6134114265441895
baseline,5548,24.099929809570312,-72.00001525878906,-4.6583638191223145,1.7287068367004395
baseline,5549,22.89992904663086,-73.40001678466797,-5.688331604003906,0.8417773246765137
baseline,5550,24.599929809570312,-80.50001525878906,-5.787204742431641,0.4504834711551666
baseline,5551,24.499929428100586,-79.80001831054688,-5.7641825675964355,0.3256298899650574
baseline,5552,24.099929809570312,-80.40001678466797,-5.787769317626953,0.47777894139289856
baseline,5553,21.499929428100586,-74.10002136230469,-5.044975280761719,0.7760609984397888
baseline,5554,22.799928665161133,-72.80001831054688,-5.702300071716309,0.8861138224601746
baseline,5555,23.89992904663086,-81.0000228881836,-5.7929863929748535,0.27322882413864136
baseline,5556,24.299928665161133,-73.40001678466797,-5.684743881225586,0.5526809096336365
baseline,5557,26.299930572509766,-70.5000228881836,-5.616828918457031,0.47448065876960754
baseline,5558,23.89992904663086,-79.8000259399414,-5.77404260635376,0.21348518133163452
baseline,5559,24.69993019104004,-72.3000259399414,-4.720587730407715,1.6051771640777588
baseline,5560,23.39992904663086,-71.5000228881836,-4.066736221313477,1.8672837018966675
baseline,5561,24.999929428100586,-80.8000259399414,-5.8006134033203125,0.34514880180358887
baseline,5562,22.499929428100586,-70.70002746582031,-5.746402740478516,0.43009763956069946
baseline,5563,26.199928283691406,-80.8000259399414,-5.791269302368164,0.5933148264884949
baseline,5564,25.599929809570312,-80.5000228881836,-5.791309356689453,0.3742130696773529
baseline,5565,23.999929428100586,-72.70002746582031,-4.857067584991455,1.1449137926101685
baseline,5566,22.999929428100586,-72.3000259399414,-5.7551589012146,0.7666460871696472
baseline,5567,24.999929428100586,-69.5000228881836,-4.373845100402832,1.534511685371399
baseline,5568,22.699928283691406,-69.90003204345703,-5.761366367340088,0.33382371068000793
baseline,5569,22.499927520751953,-71.40003204345703,-5.760573387145996,0.3283219039440155
baseline,5570,23.499927520751953,-71.50003051757812,-4.837262153625488,1.2852487564086914
baseline,5571,24.299928665161133,-72.9000244140625,-5.591926574707031,0.6308768391609192
baseline,5572,29.09992790222168,-79.3000259399414,-5.386146545410156,0.9655301570892334
baseline,5573,22.199928283691406,-69.3000259399414,-5.75266170501709,0.4213874042034149
baseline,5574,22.59992790222168,-72.00003051757812,-5.709822177886963,0.38180431723594666
baseline,5575,22.199928283691406,-68.50003051757812,-5.775940418243408,0.4278770387172699
baseline,5576,23.399927139282227,-73.90003204345703,-5.46721887588501,0.911650538444519
baseline,5577,23.2999267578125,-79.3000259399414,-5.754989147186279,0.4037715494632721
baseline,5578,24.699926376342773,-67.4000244140625,-4.445974349975586,1.484846830368042
baseline,5579,27.399927139282227,-68.5000228881836,-4.207680702209473,1.257515549659729
baseline,5580,23.899927139282227,-69.5000228881836,-4.861321926116943,1.0991027355194092
baseline,5581,24.2999267578125,-71.0000228881836,-4.68999719619751,1.7184052467346191
baseline,5582,22.599925994873047,-68.10002136230469,-5.762509346008301,0.4417238235473633
baseline,5583,21.899927139282227,-66.60002136230469,-5.747736930847168,0.5747915506362915
baseline,5584,22.899927139282227,-70.40001678466797,-5.762386322021484,0.3572249114513397
baseline,5585,25.399927139282227,-70.00001525878906,-4.326077938079834,1.521565318107605
baseline,5586,24.599925994873047,-66.70001220703125,-4.467948913574219,1.5702075958251953
baseline,5587,23.199926376342773,-74.50001525878906,-5.48067569732666,0.957237958908081
baseline,5588,23.099925994873047,-71.10001373291016,-5.680032730102539,0.390057235956192
baseline,5589,23.199926376342773,-71.80001068115234,-5.74979305267334,0.6524756550788879
baseline,5590,23.599925994873047,-65.70001220703125,-4.422830104827881,2.0026464462280273
baseline,5591,22.399925231933594,-66.30001068115234,-5.774516582489014,0.6381317377090454
baseline,5592,22.099925994873047,-71.70001220703125,-5.303299903869629,0.7779892683029175
baseline,5593,22.899925231933594,-77.00001525878906,-5.718746185302734,0.49839863181114197
baseline,5594,27.49992561340332,-67.80001068115234,-4.456748962402344,1.0223357677459717
baseline,5595,25.49992561340332,-67.00001525878906,-4.507999897003174,1.0426111221313477
baseline,5596,24.599925994873047,-65.20001220703125,-4.599740028381348,1.5334354639053345
baseline,5597,26.199926376342773,-76.60001373291016,-5.75187873840332,0.26888054609298706
baseline,5598,27.399925231933594,-67.20001220703125,-4.525454998016357,0.876461923122406
baseline,5599,22.799924850463867,-69.00001525878906,-5.766707420349121,0.4206273853778839
baseline,5600,25.399925231933594,-72.50001525878906,-4.845188617706299,1.1544915437698364
baseline,5601,24.099925994873047,-67.00000762939453,-4.381313323974609,2.0371248722076416
baseline,5602,24.49992561340332,-66.20000457763672,-4.325994968414307,1.792418360710144
baseline,5603,21.99992561340332,-65.10000610351562,-5.8019843101501465,0.3804638087749481
baseline,5604,22.099925994873047,-67.10000610351562,-5.781973838806152,0.4318332076072693
baseline,5605,23.49992561340332,-69.20000457763672,-5.570700168609619,0.44954362511634827
baseline,5606,22.19992446899414,-63.70000457763672,-5.785404682159424,0.39011815190315247
baseline,5607,22.599925994873047,-67.4000015258789,-5.678515434265137,0.5226323008537292
baseline,5608,22.99992561340332,-68.5,-5.731167793273926,0.27522212266921997
baseline,5609,21.99992561340332,-63.20000076293945,-5.816864013671875,0.4938713610172272
baseline,5610,23.599925994873047,-63.79999923706055,-4.538965702056885,1.9847296476364136
baseline,5611,22.19992446899414,-62.69999694824219,-5.806496620178223,0.6847972869873047
baseline,5612,27.099925994873047,-64.0,-4.444058418273926,1.298822283744812
baseline,5613,22.299924850463867,-70.19999694824219,-5.605525970458984,0.6121166944503784
baseline,5614,22.19992446899414,-65.69999694824219,-5.803001403808594,0.7618862986564636
baseline,5615,19.599925994873047,-63.79999542236328,-4.4619221687316895,2.9649884700775146
baseline,5616,21.69992446899414,-71.0,-4.865906238555908,1.343749761581421
baseline,5617,25.899925231933594,-62.39999771118164,-4.549569129943848,0.8177867531776428
baseline,5618,26.99992561340332,-62.899993896484375,-4.609589576721191,1.0422793626785278
baseline,5619,19.899925231933594,-64.39999389648438,-4.23380184173584,2.6657297611236572
baseline,5620,26.399925231933594,-62.29999542236328,-4.710724830627441,0.7626317739486694
baseline,5621,22.69992446899414,-66.89999389648438,-5.659100532531738,0.6357002258300781
baseline,5622,22.49992561340332,-61.69999313354492,-5.7915191650390625,0.5056289434432983
baseline,5623,25.399925231933594,-62.49999237060547,-4.758728504180908,0.6555049419403076
baseline,5624,22.19992446899414,-67.69998931884766,-5.573549747467041,0.7634986042976379
baseline,5625,23.99992561340332,-64.19998931884766,-4.669520378112793,1.7012792825698853
baseline,5626,25.799924850463867,-63.199989318847656,-4.789660930633545,0.4778211712837219
baseline,5627,27.099925994873047,-63.39999008178711,-4.55218505859375,1.1425336599349976
baseline,5628,21.49992561340332,-61.9999885559082,-5.67896032333374,0.9069151282310486
baseline,5629,26.099924087524414,-63.699989318847656,-4.79959774017334,0.464437872171402
baseline,5630,25.599924087524414,-61.9999885559082,-4.597538471221924,0.6837851405143738
baseline,5631,21.99992561340332,-64.59999084472656,-5.739584922790527,0.7036383748054504
baseline,5632,24.499923706054688,-64.09999084472656,-4.549281120300293,1.3387380838394165
baseline,5633,24.19992446899414,-67.49999237060547,-4.4699907302856445,1.7613790035247803
baseline,5634,19.099924087524414,-64.09999084472656,-4.41178035736084,3.252558946609497
baseline,5635,27.19992446899414,-64.99999237060547,-4.416886329650879,1.3681135177612305
baseline,5636,26.899925231933594,-62.29999542236328,-4.604227542877197,1.0441020727157593
baseline,5637,22.69992446899414,-65.89999389648438,-5.729477882385254,0.7784031629562378
baseline,5638,22.299924850463867,-60.09999084472656,-5.777841091156006,0.741281270980835
baseline,5639,22.499923706054688,-64.69998931884766,-5.7024383544921875,0.7138677835464478
baseline,5640,22.299924850463867,-59.59998321533203,-5.7694807052612305,0.6484144330024719
baseline,5641,22.399925231933594,-60.79998016357422,-5.787110328674316,0.6535033583641052
baseline,5642,23.19992446899414,-63.59998321533203,-4.816164970397949,1.6150342226028442
baseline,5643,21.499923706054688,-65.29998016357422,-5.669158458709717,0.4423210918903351
baseline,5644,21.799924850463867,-59.199981689453125,-5.734622478485107,0.45309385657310486
baseline,5645,22.499923706054688,-65.19998168945312,-5.672452449798584,0.7375732064247131
baseline,5646,26.299924850463867,-63.199981689453125,-4.752233505249023,0.5755813121795654
baseline,5647,21.89992332458496,-58.49998092651367,-5.7698283195495605,0.2864699363708496
baseline,5648,21.799924850463867,-60.79998016357422,-5.786784648895264,0.851169228553772
baseline,5649,22.39992332458496,-64.19998168945312,-5.638426303863525,0.7522847652435303
baseline,5650,25.39992332458496,-63.49998092651367,-4.835556507110596,0.5917878746986389
baseline,5651,27.399925231933594,-68.9999771118164,-4.325460433959961,1.2438985109329224
baseline,5652,21.69992446899414,-61.29998016357422,-5.668124675750732,0.9989488124847412
baseline,5653,21.099924087524414,-56.699981689453125,-5.773676872253418,0.4179220497608185
baseline,5654,22.999923706054688,-62.59998321533203,-4.793928146362305,1.3424022197723389
baseline,5655,21.69992446899414,-57.699981689453125,-5.78574275970459,0.17244817316532135
baseline,5656,21.599924087524414,-62.59998321533203,-5.48014497756958,1.1163839101791382
baseline,5657,21.89992332458496,-57.199981689453125,-5.780534744262695,0.12834808230400085
baseline,5658,22.999923706054688,-60.89997863769531,-5.666656017303467,0.7067010402679443
baseline,5659,21.099924087524414,-61.599979400634766,-4.917311668395996,1.5844453573226929
baseline,5660,22.599924087524414,-63.29998016357422,-5.279501438140869,0.9964218735694885
baseline,5661,22.89992332458496,-61.099979400634766,-4.802781105041504,0.4549785256385803
baseline,5662,21.099924087524414,-60.89998245239258,-5.102719306945801,1.6134402751922607
baseline,5663,20.599924087524414,-59.299983978271484,-4.826712608337402,0.5276587605476379
baseline,5664,19.899925231933594,-59.799983978271484,-4.845066070556641,1.2226120233535767
baseline,5665,21.299924850463867,-55.99998092651367,-5.801212787628174,0.5070211291313171
baseline,5666,21.599924087524414,-60.299983978271484,-5.649053573608398,1.0746523141860962
baseline,5667,24.19992446899414,-64.79998016357422,-4.4481520652771,1.7888197898864746
baseline,5668,20.399925231933594,-60.49998474121094,-4.899975776672363,1.4163657426834106
baseline,5669,21.69992446899414,-56.699981689453125,-5.80552864074707,0.13595518469810486
baseline,5670,21.99992561340332,-61.99998474121094,-5.56535005569458,0.9196073412895203
baseline,5671,23.399925231933594,-64.99998474121094,-4.367170810699463,2.0534751415252686
baseline,5672,21.299924850463867,-60.69998550415039,-5.590905666351318,1.2038122415542603
baseline,5673,22.49992561340332,-61.799983978271484,-5.209852695465088,0.4970026910305023
baseline,5674,20.299924850463867,-58.19998550415039,-5.816099643707275,0.7630468606948853
baseline,5675,23.69992446899414,-64.79998779296875,-5.827602386474609,0.8932028412818909
baseline,5676,20.399925231933594,-56.89998245239258,-5.822780132293701,1.0739333629608154
baseline,5677,23.19992446899414,-62.09998321533203,-4.791751861572266,0.9861059784889221
baseline,5678,21.49992561340332,-59.59998321533203,-5.7461957931518555,0.6868108510971069
baseline,5679,21.099924087524414,-61.899986267089844,-5.385189056396484,1.382035493850708
baseline,5680,21.299924850463867,-57.19998550415039,-5.815286636352539,0.48779648542404175
baseline,5681,19.799924850463867,-57.09998321533203,-5.8167405128479,1.0515574216842651
baseline,5682,23.099924087524414,-62.39998245239258,-5.60628080368042,1.0164434909820557
baseline,5683,25.099924087524414,-64.39997863769531,-4.4313883781433105,1.110737681388855
baseline,5684,24.599924087524414,-67.89997863769531,-4.759989261627197,1.2428444623947144
baseline,5685,21.19992446899414,-64.19998168945312,-4.853079795837402,1.6104373931884766
baseline,5686,22.499923706054688,-62.299983978271484,-5.603484630584717,0.9254122972488403
baseline,5687,19.19992446899414,-67.29998016357422,-4.269570827484131,3.1285064220428467
baseline,5688,22.499923706054688,-62.799983978271484,-5.34462833404541,1.1272331476211548
baseline,5689,18.599924087524414,-66.79998779296875,-4.320987701416016,3.6752982139587402
baseline,5690,21.599924087524414,-64.29998016357422,-5.48410701751709,1.033754587173462
baseline,5691,23.099924087524414,-62.99998474121094,-5.358380317687988,1.1915842294692993
baseline,5692,24.499923706054688,-65.69998168945312,-4.506536483764648,1.750157356262207
baseline,5693,23.799924850463867,-66.39998626708984,-4.336472511291504,2.1735610961914062
baseline,5694,21.49992561340332,-64.79998779296875,-5.45854377746582,0.715458333492279
baseline,5695,27.399925231933594,-68.69998931884766,-4.726037979125977,0.7958808541297913
baseline,5696,22.799924850463867,-63.899986267089844,-5.537261009216309,0.8210535049438477
baseline,5697,21.599924087524414,-65.89998626708984,-5.394987106323242,0.9797461032867432
baseline,5698,23.799924850463867,-68.79998779296875,-4.83787202835083,1.0525596141815186
baseline,5699,21.69992446899414,-61.699989318847656,-5.271749496459961,1.03255295753479
baseline,5700,22.99992561340332,-67.69998931884766,-5.7574238777160645,0.2646070122718811
baseline,5701,27.699926376342773,-71.29999542236328,-4.378600120544434,1.5987398624420166
baseline,5702,27.7999267578125,-72.0999984741211,-4.644186019897461,1.229233980178833
baseline,5703,24.99992561340332,-70.99999237060547,-4.365725040435791,1.4968336820602417
baseline,5704,21.699926376342773,-69.39999389648438,-5.549062252044678,0.7364106178283691
baseline,5705,27.7999267578125,-73.59999084472656,-4.502457618713379,1.361613392829895
baseline,5706,21.7999267578125,-68.79998779296875,-5.652968406677246,0.5962189435958862
baseline,5707,23.2999267578125,-72.79998779296875,-5.808841705322266,0.6587331891059875
baseline,5708,23.199926376342773,-69.89999389648438,-5.53687047958374,0.2705918252468109
baseline,5709,27.599925994873047,-70.49999237060547,-4.390473365783691,1.5000344514846802
baseline,5710,25.7999267578125,-70.5,-4.188251495361328,1.485614538192749
baseline,5711,21.49992561340332,-66.4000015258789,-5.321627616882324,1.1711503267288208
baseline,5712,23.699926376342773,-64.5999984741211,-4.498262882232666,1.9518924951553345
baseline,5713,21.7999267578125,-69.9000015258789,-5.350105285644531,0.773833155632019
baseline,5714,22.499927520751953,-76.5,-5.788295269012451,0.5320100784301758
baseline,5715,27.899927139282227,-76.0999984741211,-4.567836284637451,1.1791877746582031
baseline,5716,23.7999267578125,-72.0999984741211,-5.180152416229248,1.2988007068634033
baseline,5717,19.699926376342773,-67.19999694824219,-4.273135185241699,2.7611782550811768
baseline,5718,22.899927139282227,-66.39999389648438,-5.556366920471191,0.9428686499595642
baseline,5719,21.899927139282227,-76.5,-5.728799343109131,0.8203232884407043
baseline,5720,27.7999267578125,-73.09999084472656,-4.429167747497559,1.439324140548706
baseline,5721,27.899927139282227,-76.5999984741211,-4.53248405456543,1.2532784938812256
baseline,5722,27.899927139282227,-75.39999389648438,-4.722444534301758,1.1016738414764404
baseline,5723,21.199926376342773,-76.0,-5.792638301849365,0.4558657109737396
baseline,5724,21.399927139282227,-77.5,-5.795282363891602,0.42340588569641113
baseline,5725,21.09992790222168,-75.5,-5.755343437194824,0.46681684255599976
baseline,5726,22.499927520751953,-73.70000457763672,-5.578066349029541,0.5323125123977661
baseline,5727,20.59992790222168,-77.10000610351562,-5.766356468200684,0.17396846413612366
baseline,5728,20.499927520751953,-76.5999984741211,-5.768482208251953,0.2580486238002777
baseline,5729,21.09992790222168,-76.70000457763672,-5.767922401428223,0.5368133187294006
baseline,5730,21.399927139282227,-74.80000305175781,-5.712541103363037,0.4155786633491516
baseline,5731,22.09992790222168,-74.00000762939453,-5.571388244628906,0.3899211287498474
baseline,5732,20.89992904663086,-77.60000610351562,-5.778078079223633,0.41337138414382935
baseline,5733,20.499927520751953,-75.50000762939453,-5.7167582511901855,0.33794912695884705
baseline,5734,22.89992904663086,-78.90000915527344,-5.744780540466309,0.26505881547927856
baseline,5735,22.999927520751953,-77.70000457763672,-5.733149528503418,0.3251517117023468
baseline,5736,20.199928283691406,-76.10000610351562,-5.7126078605651855,0.3802812397480011
baseline,5737,21.299928665161133,-78.80001068115234,-5.771851062774658,0.4361199140548706
baseline,5738,21.499929428100586,-78.10000610351562,-5.783263683319092,0.202980637550354
baseline,5739,22.799928665161133,-79.5,-5.764837265014648,0.27853578329086304
baseline,5740,23.89992904663086,-78.5,-5.779840469360352,0.4375285804271698
baseline,5741,23.499929428100586,-72.40000915527344,-5.467283725738525,0.9511982202529907
baseline,5742,26.89992904663086,-81.10000610351562,-5.6943769454956055,0.35551968216896057
baseline,5743,22.799930572509766,-80.40000915527344,-5.764886379241943,0.7006959319114685
baseline,5744,27.19993019104004,-81.50000762939453,-5.6957831382751465,0.6996574997901917
baseline,5745,23.999929428100586,-81.70000457763672,-5.7852630615234375,0.5311206579208374
baseline,5746,25.499929428100586,-81.70000457763672,-5.779804706573486,0.4266592264175415
baseline,5747,26.499929428100586,-81.70000457763672,-5.765639305114746,0.6625610589981079
baseline,5748,23.599929809570312,-80.20000457763672,-5.743636131286621,0.25713953375816345
baseline,5749,26.999929428100586,-82.00000762939453,-5.763241291046143,0.5364305973052979
baseline,5750,21.599929809570312,-75.30000305175781,-5.735858917236328,0.5288753509521484
baseline,5751,24.899930953979492,-82.00000762939453,-5.760589122772217,0.5532919764518738
baseline,5752,22.099929809570312,-74.50000762939453,-5.648138523101807,0.3375096619129181
baseline,5753,23.599929809570312,-82.00000762939453,-5.768828868865967,0.8379712700843811
baseline,5754,24.599929809570312,-81.30001068115234,-5.781034469604492,0.6193477511405945
baseline,5755,24.299930572509766,-82.30000305175781,-5.76186990737915,0.7564670443534851
baseline,5756,27.099929809570312,-82.50000762939453,-5.736137866973877,0.3981979787349701
baseline,5757,25.69993019104004,-82.60000610351562,-5.7595930099487305,0.42217928171157837
baseline,5758,23.19993019104004,-81.00000762939453,-5.737066745758057,0.5386806130409241
baseline,5759,27.599929809570312,-82.00000762939453,-5.459994316101074,0.17908398807048798
baseline,5760,25.19993019104004,-78.0,-5.7956318855285645,0.4968072474002838
baseline,5761,25.099931716918945,-82.69999694824219,-5.786794185638428,0.5082475543022156
baseline,5762,23.099931716918945,-81.80000305175781,-5.798257827758789,0.9923040270805359
baseline,5763,24.599931716918945,-82.80000305175781,-5.794070720672607,0.5772262811660767
baseline,5764,23.899930953979492,-73.9000015258789,-5.6470561027526855,0.740140974521637
baseline,5765,26.599931716918945,-80.4000015258789,-5.796458721160889,0.49386754631996155
baseline,5766,26.899930953979492,-83.0999984741211,-5.567284107208252,0.4234187602996826
baseline,5767,23.599931716918945,-83.0999984741211,-5.691526889801025,1.137934684753418
baseline,5768,20.99993133544922,-78.4000015258789,-5.785795211791992,0.2457299381494522
baseline,5769,22.599931716918945,-75.80000305175781,-5.628074645996094,0.7964972257614136
baseline,5770,24.99993133544922,-83.4000015258789,-5.7555365562438965,0.5826885104179382
baseline,5771,27.599931716918945,-83.19999694824219,-5.609447479248047,0.762366771697998
baseline,5772,25.599931716918945,-83.30000305175781,-5.766935348510742,0.8636431097984314
baseline,5773,24.2999324798584,-83.4000015258789,-5.752631187438965,0.6169145107269287
baseline,5774,26.399932861328125,-78.30000305175781,-5.8079752922058105,0.6624789834022522
baseline,5775,25.699934005737305,-81.19999694824219,-5.805346965789795,0.5435059666633606
baseline,5776,27.099933624267578,-80.60000610351562,-5.776388168334961,0.5269913673400879
baseline,5777,24.699934005737305,-84.20000457763672,-5.721578121185303,0.8095067739486694
baseline,5778,25.79993438720703,-83.80000305175781,-5.76628303527832,0.8122940063476562
baseline,5779,26.399934768676758,-83.90000915527344,-5.783257007598877,0.7646181583404541
baseline,5780,27.29993438720703,-84.50000762939453,-5.662566184997559,1.073979139328003
baseline,5781,25.099933624267578,-84.50000762939453,-5.709702491760254,0.7482276558876038
baseline,5782,23.899934768676758,-83.80000305175781,-5.781679153442383,1.0580936670303345
baseline,5783,25.599933624267578,-84.50000762939453,-5.698817729949951,0.8237736821174622
baseline,5784,27.899934768676758,-83.40000915527344,-5.050577640533447,0.7925063371658325
baseline,5785,24.29993438720703,-84.50000762939453,-5.7056474685668945,0.5944123268127441
baseline,5786,23.599933624267578,-84.5,-5.769607067108154,0.8640562891960144
baseline,5787,28.099933624267578,-83.60000610351562,-5.621460437774658,1.0963226556777954
baseline,5788,26.099933624267578,-84.60000610351562,-5.735421180725098,0.7695315480232239
baseline,5789,26.499935150146484,-78.80000305175781,-5.7946367263793945,0.620736837387085
baseline,5790,26.699934005737305,-85.10000610351562,-5.750776767730713,0.8314339518547058
baseline,5791,25.499935150146484,-85.10000610351562,-5.777225971221924,0.968914806842804
baseline,5792,23.499935150146484,-85.10000610351562,-5.777503967285156,1.0651941299438477
baseline,5793,27.699934005737305,-85.10000610351562,-5.413920879364014,1.0350033044815063
baseline,5794,27.199934005737305,-84.00000762939453,-5.782194137573242,0.8031992316246033
baseline,5795,26.79993438720703,-84.50000762939453,-5.791715145111084,1.0475342273712158
baseline,5796,28.399934768676758,-80.80001068115234,-4.623998165130615,0.4993261396884918
baseline,5797,24.699935913085938,-85.40000915527344,-5.7399725914001465,0.6604984998703003
baseline,5798,21.59993553161621,-77.00000762939453,-5.776233673095703,0.5637080669403076
baseline,5799,24.09993553161621,-82.90000915527344,-5.780848979949951,0.7701752185821533
baseline,5800,25.499935150146484,-85.80001068115234,-5.7262492179870605,0.9027506113052368
baseline,5801,26.09993553161621,-85.80001068115234,-5.713344097137451,0.9090442657470703
baseline,5802,23.79993438720703,-85.80001068115234,-5.734889984130859,0.7734710574150085
baseline,5803,27.29993438720703,-85.50000762939453,-5.706822395324707,1.0216702222824097
baseline,5804,23.29993438720703,-83.90000915527344,-5.770150661468506,1.1335551738739014
baseline,5805,26.79993438720703,-86.10001373291016,-5.686858177185059,1.000519037246704
baseline,5806,28.199935913085938,-85.20001220703125,-4.937232494354248,1.3066353797912598
baseline,5807,24.999935150146484,-86.10001373291016,-5.723420143127441,0.9052450656890869
baseline,5808,27.199935913085938,-85.00001525878906,-5.7424726486206055,0.9203356504440308
baseline,5809,27.399934768676758,-86.30001831054688,-5.666286945343018,0.9387648701667786
baseline,5810,27.799936294555664,-84.60001373291016,-5.380853176116943,1.212741494178772
baseline,5811,25.59993553161621,-86.40001678466797,-5.71610689163208,0.8983601927757263
baseline,5812,22.199935913085938,-75.40001678466797,-5.708315849304199,0.38357099890708923
baseline,5813,24.199935913085938,-87.0000228881836,-5.690057754516602,0.8305765390396118
baseline,5814,27.499935150146484,-80.80001831054688,-5.481182098388672,0.11341726779937744
baseline,5815,27.899934768676758,-86.30001831054688,-5.654237747192383,1.128134846687317
baseline,5816,25.09993553161621,-81.40001678466797,-5.712042808532715,0.2746117413043976
baseline,5817,28.59993553161621,-82.20001983642578,-4.640414237976074,1.2103453874588013
baseline,5818,28.39993667602539,-80.30001831054688,-4.385700225830078,0.7738900184631348
baseline,5819,24.59993553161621,-87.5000228881836,-5.630171775817871,0.9205750226974487
baseline,5820,25.89993667602539,-87.5000228881836,-5.687297821044922,1.0576069355010986
baseline,5821,28.999935150146484,-86.0000228881836,-4.771621227264404,1.7600258588790894
baseline,5822,24.699935913085938,-86.70002746582031,-5.7496538162231445,0.7391266822814941
baseline,5823,27.699935913085938,-81.4000244140625,-5.416872501373291,0.29514139890670776
baseline,5824,27.799936294555664,-82.50003051757812,-5.696481227874756,0.5923842191696167
baseline,5825,27.899934768676758,-84.10002899169922,-5.058767318725586,0.9554682374000549
baseline,5826,28.299936294555664,-84.70002746582031,-5.040406227111816,1.5651397705078125
baseline,5827,28.899934768676758,-85.20002746582031,-4.780203342437744,1.9508098363876343
baseline,5828,26.29993438720703,-79.3000259399414,-5.756845951080322,0.3079962134361267
baseline,5829,25.999935150146484,-82.0000228881836,-5.763675212860107,0.6734002828598022
e2e,74,17.271045684814453,3.885931968688965,-0.41796237230300903,0.40655261278152466
e2e,75,17.953073501586914,0.9043560028076172,-0.188961923122406,0.11491825431585312
e2e,76,16.818660736083984,4.612127304077148,-0.47618716955184937,0.20557843148708344
e2e,79,15.832199096679688,6.932458877563477,-0.5820065140724182,0.47314581274986267
e2e,80,18.634408950805664,-1.3539974689483643,-0.1498711109161377,0.2726648151874542
e2e,81,18.243934631347656,-0.016995728015899658,-0.09930998086929321,0.21655148267745972
e2e,82,18.570615768432617,-2.130380392074585,-0.29630333185195923,0.7097547650337219
e2e,83,17.2762451171875,4.462540626525879,-0.2939226031303406,0.2783353328704834
e2e,84,17.984230041503906,1.963615894317627,-0.12704932689666748,0.28010010719299316
e2e,85,19.37195587158203,-2.816338300704956,-0.28426307439804077,0.816000759601593
e2e,87,18.83147430419922,-0.4258435368537903,-0.2185581624507904,0.1377795934677124
e2e,88,15.850074768066406,5.667149066925049,-0.4184708893299103,0.38420629501342773
e2e,89,16.683645248413086,5.556046962738037,-0.4132550060749054,0.5169742703437805
e2e,90,19.1063289642334,-1.2102701663970947,-0.23853886127471924,0.23257125914096832
e2e,91,17.96370506286621,2.4654934406280518,-0.1559731364250183,0.27103492617607117
e2e,92,17.174983978271484,5.002647399902344,-0.43124818801879883,0.4550374746322632
e2e,93,17.714630126953125,3.000743865966797,-0.2955380976200104,0.3538269102573395
e2e,94,18.497817993164062,1.2597250938415527,-0.12261727452278137,0.20256565511226654
e2e,95,17.71469497680664,-0.6696495413780212,-0.20124462246894836,0.29578328132629395
e2e,96,18.76864242553711,0.4954192638397217,-0.01681619882583618,0.21057525277137756
e2e,97,19.64016342163086,-2.413198947906494,0.005962580442428589,0.7527458071708679
e2e,98,18.529247283935547,1.9130960702896118,-0.16211485862731934,0.22640462219715118
e2e,100,17.239166259765625,6.021162509918213,-0.5377504229545593,0.3418518602848053
e2e,101,17.937246322631836,3.5137939453125,-0.3174324631690979,0.35052290558815
e2e,102,17.807605743408203,4.770814895629883,-0.4025963544845581,0.2631596624851227
e2e,103,17.793624877929688,-1.1650433540344238,-0.32263684272766113,0.3139735162258148
e2e,104,19.383136749267578,-1.7314035892486572,-0.30789610743522644,0.5238502025604248
e2e,105,20.051488876342773,-2.4333269596099854,-0.3541986644268036,0.7769648432731628
e2e,106,18.542709350585938,3.0471012592315674,-0.09856867790222168,0.2004593312740326
e2e,107,19.41912841796875,-0.08886736631393433,-0.027125686407089233,0.3438134789466858
e2e,108,18.986644744873047,1.2245228290557861,-0.018224716186523438,0.24432720243930817
e2e,109,19.852108001708984,-3.037882089614868,-0.34984278678894043,0.8598694801330566
e2e,110,17.64409065246582,5.541232109069824,-0.32074975967407227,0.2529139816761017
e2e,111,19.619857788085938,-1.1496450901031494,-0.2956841289997101,0.17920778691768646
e2e,112,18.29084587097168,4.408060550689697,-0.34856268763542175,0.6904516220092773
e2e,113,19.322315216064453,0.38957029581069946,-0.14821967482566833,0.19218100607395172
e2e,114,19.017074584960938,-2.4257664680480957,-0.36931589245796204,0.7589899301528931
e2e,115,18.20159149169922,5.793240070343018,-0.3060520589351654,0.22022975981235504
e2e,116,18.467208862304688,3.611910581588745,-0.11325371265411377,0.19161087274551392
e2e,117,19.10773468017578,2.5419797897338867,-0.0032562613487243652,0.4149715304374695
e2e,118,18.453662872314453,2.509036064147949,-0.051808178424835205,0.2716673016548157
e2e,121,18.645370483398438,5.146183967590332,-0.3325098752975464,0.4373697340488434
e2e,122,20.0063533782959,-1.4779077768325806,-0.11703914403915405,0.2959761917591095
e2e,123,19.087488174438477,3.219153881072998,-0.12305891513824463,0.30367591977119446
e2e,124,19.083602905273438,3.8993520736694336,-0.2793011963367462,0.41592785716056824
e2e,125,19.95220184326172,-0.4974144697189331,0.07667425274848938,0.2813844382762909
e2e,127,19.468711853027344,1.9883325099945068,0.035121649503707886,0.33326688408851624
e2e,128,20.39228057861328,-2.9703919887542725,-0.30769991874694824,1.2951428890228271
e2e,129,19.8995418548584,0.9967869520187378,0.002597510814666748,0.3990364670753479
e2e,130,20.01959991455078,0.093131422996521,-0.016568243503570557,0.26518499851226807
e2e,131,19.47287368774414,1.3503684997558594,-0.08558988571166992,0.21247164905071259
e2e,132,20.53592300415039,-2.3635025024414062,-0.24953436851501465,0.7510231733322144
e2e,133,18.917604446411133,5.940940856933594,-0.34036117792129517,0.1832868903875351
e2e,134,19.615694046020508,3.2046890258789062,-0.22054964303970337,0.21536701917648315
e2e,135,19.158447265625,4.683032989501953,-0.4697672128677368,0.8628866672515869
e2e,136,20.483003616333008,-1.2529165744781494,-0.13535606861114502,0.3216707110404968
e2e,137,20.388975143432617,-1.8076345920562744,-0.23284977674484253,0.23460938036441803
e2e,138,21.008853912353516,-2.6603431701660156,-0.2748716473579407,1.198838710784912
e2e,139,20.245208740234375,1.5594415664672852,-0.05601227283477783,0.10532144457101822
e2e,140,20.744808197021484,-0.7779077291488647,-0.08264541625976562,0.27383047342300415
e2e,141,19.26528549194336,5.241440773010254,-0.41433215141296387,0.449909508228302
e2e,142,20.047901153564453,2.4504144191741943,-0.10144531726837158,0.2599470615386963
e2e,143,19.67303466796875,4.328885078430176,-0.3491048812866211,0.3572961688041687
e2e,144,20.580902099609375,0.5659351348876953,-0.0750930905342102,0.26858726143836975
e2e,145,20.75653648376465,-0.004046797752380371,0.00023984909057617188,0.3249218165874481
e2e,146,21.20543098449707,-1.8150966167449951,-0.19442707300186157,0.620756208896637
e2e,147,18.685359954833984,7.017580032348633,-0.43176060914993286,0.46765631437301636
e2e,148,20.248085021972656,3.648488998413086,-0.08168786764144897,0.30012673139572144
e2e,149,20.563291549682617,2.2765052318573,0.025518029928207397,0.23403777182102203
e2e,150,19.726247787475586,5.834987640380859,-0.25469720363616943,0.7744935750961304
e2e,151,21.227540969848633,-1.036643147468567,0.00019085407257080078,0.35156863927841187
e2e,152,20.104589462280273,4.647334098815918,-0.22428381443023682,0.5850489735603333
e2e,153,21.070768356323242,1.128016471862793,0.06446719169616699,0.3699026107788086
e2e,155,18.301681518554688,6.310523986816406,-0.3613029718399048,0.2927301824092865
e2e,156,20.827085494995117,1.616156816482544,0.01492995023727417,0.264588862657547
e2e,157,19.851858139038086,6.34749698638916,-0.4268041253089905,0.8472716212272644
e2e,158,20.559307098388672,2.8558530807495117,-0.031267762184143066,0.2647424638271332
e2e,159,19.549081802368164,6.93228816986084,-0.4300552010536194,0.5339215993881226
e2e,160,21.779340744018555,-1.655286431312561,-0.14258676767349243,0.09769034385681152
e2e,163,21.113811492919922,2.7521700859069824,0.028669148683547974,0.3532177805900574
e2e,164,21.7818546295166,-0.6075855493545532,-0.13726824522018433,0.316361665725708
e2e,165,22.344463348388672,-2.7517433166503906,-0.2284334897994995,1.1964733600616455
e2e,166,21.449447631835938,0.8166718482971191,-0.04925429821014404,0.22618833184242249
e2e,167,20.548606872558594,4.160105228424072,-0.15478801727294922,0.2997947633266449
e2e,168,21.477209091186523,1.709049940109253,-0.024955332279205322,0.15546736121177673
e2e,169,22.327526092529297,-1.8388229608535767,-0.18142956495285034,0.5592037439346313
e2e,170,21.68000602722168,-2.2997145652770996,-0.17098551988601685,0.621913492679596
e2e,171,19.548065185546875,7.781452655792236,-0.4214479923248291,1.1565887928009033
e2e,173,20.933349609375,3.6723623275756836,0.028470277786254883,0.4155025780200958
e2e,174,21.543994903564453,3.363860607147217,0.12338796257972717,0.48975327610969543
e2e,175,21.63724708557129,2.7353272438049316,0.13469567894935608,0.4046730697154999
e2e,178,22.1837215423584,0.3892780542373657,-0.07483422756195068,0.2900773286819458
e2e,179,21.55374526977539,3.8631973266601562,0.05423140525817871,0.3729243874549866
e2e,180,22.002307891845703,1.5277124643325806,-0.04575842618942261,0.20217277109622955
e2e,181,21.859844207763672,2.112258195877075,-0.03762412071228027,0.13308919966220856
e2e,182,22.36691665649414,-1.3372517824172974,-0.07829427719116211,0.5630436539649963
e2e,183,22.251585006713867,-0.7729184627532959,0.1620892882347107,0.22514675557613373
e2e,184,22.379003524780273,-0.1369631290435791,0.15341150760650635,0.38326236605644226
e2e,185,21.073612213134766,-0.4135627746582031,0.06562334299087524,0.20414410531520844
e2e,186,21.701305389404297,-1.214636206626892,0.11813366413116455,0.4442547559738159
e2e,187,22.26109504699707,1.1164166927337646,0.18247324228286743,0.2999938428401947
e2e,190,22.894180297851562,-0.8955657482147217,0.12491148710250854,0.2887888550758362
e2e,191,22.493980407714844,1.748572826385498,0.1605592668056488,0.23618142306804657
e2e,192,22.21469497680664,3.1155846118927,0.16356614232063293,0.2568490207195282
e2e,193,22.7219181060791,0.7871718406677246,0.05583256483078003,0.34514543414115906
e2e,194,22.37175750732422,3.6333916187286377,-0.036528706550598145,0.07347692549228668
e2e,195,23.304128646850586,-1.7885910272598267,-0.16564631462097168,0.7301452159881592
e2e,196,22.99062156677246,0.3120795488357544,-0.08542388677597046,0.4016248285770416
e2e,197,22.835983276367188,-1.5475411415100098,-0.25636667013168335,0.7832101583480835
e2e,198,23.02396011352539,1.2811180353164673,-0.22627699375152588,0.39593565464019775
e2e,199,22.57503890991211,2.3917183876037598,-0.17119544744491577,0.3073953092098236
e2e,200,23.2583065032959,-0.9062765836715698,-0.31586283445358276,0.3535577356815338
e2e,201,22.581302642822266,4.073047161102295,-0.15492862462997437,0.4280000627040863
e2e,202,22.7244930267334,-0.6353790760040283,-0.31889909505844116,0.3024780750274658
e2e,203,23.605499267578125,-2.3862977027893066,-0.3085337281227112,1.3027517795562744
e2e,204,22.413307189941406,1.5480332374572754,-0.3414076566696167,0.4321275055408478
e2e,205,22.275270462036133,-0.8465583324432373,-0.3931227922439575,0.3491288423538208
e2e,206,23.10155487060547,2.229917287826538,-0.26965659856796265,0.3057200014591217
e2e,207,23.379846572875977,0.6614977121353149,-0.29056137800216675,0.36277854442596436
e2e,208,22.244976043701172,1.0271854400634766,-0.3136938810348511,0.3421555757522583
e2e,209,21.527690887451172,-0.14984416961669922,-0.3169490694999695,0.32918480038642883
e2e,210,23.529930114746094,1.5164289474487305,-0.31784844398498535,0.3460555374622345
e2e,211,23.7922306060791,-0.405195951461792,-0.29363399744033813,0.31040945649147034
e2e,212,23.34146499633789,4.198782920837402,-0.28097206354141235,0.6320436596870422
e2e,213,23.022668838500977,3.6856484413146973,-0.30010056495666504,0.4202025532722473
e2e,214,23.505481719970703,2.7051377296447754,-0.34269165992736816,0.27814406156539917
e2e,215,23.630035400390625,0.17180263996124268,-0.18344759941101074,0.35491809248924255
e2e,216,23.707841873168945,2.027994155883789,-0.18876737356185913,0.2648279070854187
e2e,217,22.86524772644043,2.804830551147461,-0.16545706987380981,0.2378944456577301
e2e,218,23.438217163085938,3.378628730773926,-0.028284132480621338,0.16928339004516602
e2e,219,23.726394653320312,3.920607566833496,0.016301751136779785,0.543150007724762
e2e,220,23.934133529663086,-1.4153237342834473,-0.15147638320922852,0.6102069020271301
e2e,221,24.20796775817871,-0.4673018455505371,-0.016446173191070557,0.133070170879364
e2e,222,24.052318572998047,1.5069148540496826,-0.05321693420410156,0.3263930380344391
e2e,223,24.083160400390625,3.004915237426758,-0.04625588655471802,0.08341080695390701
e2e,224,24.22881507873535,0.5729600191116333,-0.11882305145263672,0.07323973625898361
e2e,225,24.07322120666504,2.411184549331665,-0.15251004695892334,0.3259422779083252
e2e,226,24.131364822387695,4.232884407043457,-0.1983504295349121,0.20868276059627533
e2e,227,24.70293426513672,-0.8692140579223633,0.02331984043121338,0.30673685669898987
e2e,228,24.56389045715332,2.084595203399658,-0.14633047580718994,0.30319368839263916
e2e,229,24.694618225097656,1.1919958591461182,-0.11635339260101318,0.31410032510757446
e2e,230,24.700035095214844,4.164434432983398,-0.027043640613555908,0.19631870090961456
e2e,231,24.859615325927734,-0.28506898880004883,-0.08560168743133545,0.3241465091705322
e2e,232,24.700368881225586,3.6572253704071045,-0.029396474361419678,0.3399292826652527
e2e,233,24.992067337036133,2.3387887477874756,-0.05873215198516846,0.24283388257026672
e2e,234,24.68248176574707,3.0153300762176514,0.0010973215103149414,0.2462327480316162
e2e,235,25.253063201904297,0.5689219236373901,0.037373483180999756,0.06425878405570984
e2e,236,25.31024169921875,1.43803870677948,-0.06816315650939941,0.33468198776245117
e2e,237,25.594863891601562,-0.4278147220611572,-0.08983838558197021,0.10674997419118881
e2e,238,25.434232711791992,2.7290124893188477,0.016682088375091553,0.21763965487480164
e2e,239,25.194499969482422,3.9496240615844727,-0.16227388381958008,0.43406856060028076
e2e,240,25.568811416625977,1.0144391059875488,-0.27301299571990967,0.4150651693344116
e2e,241,25.391565322875977,4.429202556610107,-0.1304004192352295,0.1828245222568512
e2e,242,25.940475463867188,1.6117839813232422,-0.1460549235343933,0.4928630590438843
e2e,243,25.683046340942383,2.1038928031921387,-0.01150667667388916,0.21570982038974762
e2e,244,26.157869338989258,0.4792439937591553,0.03411531448364258,0.325928270816803
e2e,246,25.56328582763672,-1.403428554534912,0.058500468730926514,0.3454210162162781
e2e,247,25.897287368774414,4.0671563148498535,0.0933501124382019,0.32082584500312805
e2e,248,26.04067611694336,2.6351237297058105,0.04022085666656494,0.05374429374933243
e2e,249,26.410816192626953,1.202566146850586,0.048723459243774414,0.2980104684829712
e2e,250,25.96479606628418,3.5097055435180664,0.008054673671722412,0.3516465127468109
e2e,251,26.386444091796875,3.841045379638672,0.1597643494606018,0.27344486117362976
e2e,252,26.397733688354492,2.1756198406219482,0.14943641424179077,0.3196747303009033
e2e,253,26.731922149658203,-0.4357428550720215,0.22955000400543213,0.20315739512443542
e2e,255,26.559978485107422,2.7528936862945557,0.2573583722114563,0.21845769882202148
e2e,256,26.612659454345703,0.3152196407318115,0.22365403175354004,0.22730086743831635
e2e,258,26.95474624633789,2.413149356842041,0.2224382758140564,0.2757258713245392
e2e,260,27.142629623413086,0.06634688377380371,0.20720893144607544,0.2938440144062042
e2e,261,27.148494720458984,0.5928382873535156,0.1874191164970398,0.3325375020503998
e2e,262,27.218347549438477,1.2524272203445435,0.17478424310684204,0.15443012118339539
e2e,263,26.845129013061523,4.1423773765563965,0.1759709119796753,0.3244277834892273
e2e,265,27.162565231323242,3.54050350189209,0.27941858768463135,0.32645899057388306
e2e,266,26.564529418945312,3.3055648803710938,0.2558567523956299,0.27150195837020874
e2e,267,27.269683837890625,-0.6769039630889893,0.3343311548233032,0.38783568143844604
e2e,268,27.30331802368164,4.024042129516602,0.3652334213256836,0.4082401692867279
e2e,269,27.116262435913086,2.861936569213867,0.387746661901474,0.40367844700813293
e2e,272,27.518768310546875,2.213245391845703,0.41428476572036743,0.33740362524986267
e2e,273,27.821334838867188,0.07987332344055176,0.39352598786354065,0.3604828119277954
e2e,274,27.728910446166992,1.3305602073669434,0.3659287691116333,0.3148103356361389
e2e,275,27.788429260253906,3.122192144393921,0.45195242762565613,0.444545716047287
e2e,276,27.83307647705078,4.27061653137207,0.4359780251979828,0.46826139092445374
e2e,277,28.428672790527344,-0.06813383102416992,0.29998087882995605,0.23841896653175354
e2e,278,28.431316375732422,0.4882509708404541,0.29362696409225464,0.1591915488243103
e2e,279,28.079509735107422,2.413888454437256,0.35547053813934326,0.3183046281337738
e2e,280,28.38055992126465,1.905167818069458,0.262958824634552,0.22844435274600983
e2e,281,28.183374404907227,1.0296404361724854,0.21595776081085205,0.22842615842819214
e2e,282,28.615036010742188,1.482196569442749,0.05325162410736084,0.20426328480243683
e2e,283,28.050758361816406,-0.6222221851348877,0.0669434666633606,0.16887684166431427
e2e,284,28.25700569152832,3.246621608734131,0.07779371738433838,0.1600436121225357
e2e,285,28.928936004638672,-0.026282310485839844,0.07463538646697998,0.464456707239151
e2e,286,28.292530059814453,4.247310638427734,0.1261889934539795,0.25122910737991333
e2e,287,28.716800689697266,2.4873082637786865,0.09638822078704834,0.20572274923324585
e2e,288,27.689390182495117,1.882230520248413,0.0649670958518982,0.18530842661857605
e2e,289,28.830259323120117,3.386810302734375,0.20387285947799683,0.14533981680870056
e2e,290,29.22794532775879,-0.6580722332000732,0.24294108152389526,0.249089315533638
e2e,291,28.975963592529297,0.737882137298584,0.23567968606948853,0.27307870984077454
e2e,292,28.948898315429688,4.028685092926025,0.39585962891578674,0.4014148712158203
e2e,293,29.132646560668945,2.7941768169403076,0.33561939001083374,0.36084192991256714
e2e,294,29.245258331298828,1.3479204177856445,0.1747761368751526,0.35595113039016724
e2e,295,29.379770278930664,2.291530132293701,0.1940862536430359,0.19288115203380585
e2e,296,29.376964569091797,0.2775900363922119,0.19321143627166748,0.363612562417984
e2e,297,29.479507446289062,0.8361461162567139,0.20924639701843262,0.3073374927043915
e2e,298,29.37641143798828,3.4470412731170654,0.30066144466400146,0.46870729327201843
e2e,299,29.41078758239746,4.296499252319336,0.3584151268005371,0.37183281779289246
e2e,300,29.998231887817383,0.29290771484375,0.2475043535232544,0.17429885268211365
e2e,301,29.978107452392578,1.6491060256958008,0.2665688395500183,0.3214752972126007
e2e,302,30.133926391601562,0.8289918899536133,0.2546041011810303,0.3317270576953888
e2e,303,30.0051212310791,2.931668758392334,0.12223660945892334,0.1323147565126419
e2e,304,30.20551300048828,2.254246234893799,0.08497428894042969,0.1901901662349701
e2e,305,30.032470703125,4.422091007232666,0.17763912677764893,0.2704261839389801
e2e,306,29.962478637695312,3.671204090118408,0.1627812385559082,0.3328971266746521
e2e,307,30.559370040893555,0.02562093734741211,0.16664832830429077,0.1865048110485077
e2e,308,30.674842834472656,0.5526282787322998,0.19949007034301758,0.2797851264476776
e2e,309,30.789060592651367,2.6151280403137207,0.33650660514831543,0.3399066627025604
e2e,310,30.746374130249023,3.5930368900299072,0.45279669761657715,0.4278523623943329
e2e,311,30.519454956054688,3.0493862628936768,0.40013760328292847,0.33094513416290283
e2e,312,30.369543075561523,1.3288075923919678,0.32145655155181885,0.27836689352989197
e2e,314,30.980575561523438,1.5800292491912842,0.41198164224624634,0.3682168424129486
e2e,316,30.3704833984375,3.9456567764282227,0.360429584980011,0.300078809261322
e2e,317,31.40488624572754,-0.14699959754943848,0.3550489544868469,0.3439922332763672
e2e,318,30.884464263916016,-0.32769083976745605,0.3333839178085327,0.37924423813819885
e2e,319,31.27408218383789,2.597201108932495,0.4884481728076935,0.46076419949531555
e2e,321,31.639083862304688,0.6232213973999023,0.44578954577445984,0.3685246407985687
e2e,322,31.383419036865234,4.055858612060547,0.5138562917709351,0.4699312448501587
e2e,323,31.659202575683594,1.9203119277954102,0.34335213899612427,0.21686460077762604
e2e,324,31.57830810546875,1.3068768978118896,0.3611334562301636,0.2642521262168884
e2e,325,31.558242797851562,3.4993581771850586,0.35414230823516846,0.285030335187912
e2e,326,31.96219253540039,2.4451913833618164,0.6000853776931763,0.44660434126853943
e2e,328,32.050567626953125,3.368173599243164,0.6045725345611572,0.4738125205039978
e2e,329,32.27532958984375,1.9334638118743896,0.5920968651771545,0.4034765362739563
e2e,330,32.19977569580078,0.8149938583374023,0.5463149547576904,0.4857093095779419
e2e,331,32.253684997558594,2.9083809852600098,0.6517314910888672,0.5009682178497314
e2e,332,32.027793884277344,1.3032151460647583,0.6332393288612366,0.48346805572509766
e2e,333,32.700626373291016,1.2137446403503418,0.6291284561157227,0.5095058083534241
e2e,334,32.71034622192383,0.6492948532104492,0.6124140024185181,0.5720523595809937
e2e,335,32.55348587036133,3.8547706604003906,0.6847245097160339,0.5012577176094055
e2e,336,32.61843490600586,2.2910866737365723,0.519554078578949,0.3277350068092346
e2e,338,33.02764892578125,1.8156087398529053,0.5236984491348267,0.37095820903778076
e2e,339,33.1461067199707,0.07352185249328613,0.5195184350013733,0.4658859074115753
e2e,340,33.38457489013672,2.1522629261016846,0.6998327970504761,0.4915742874145508
e2e,341,33.240787506103516,1.1696434020996094,0.6905553936958313,0.5081208944320679
e2e,342,33.01218032836914,2.838181495666504,0.6687735915184021,0.48351895809173584
e2e,343,33.482723236083984,0.6619977951049805,0.663712739944458,0.5137795209884644
e2e,345,33.370426177978516,3.877479076385498,0.639697790145874,0.4958451986312866
e2e,346,33.730350494384766,1.3649702072143555,0.5534440875053406,0.37870559096336365
e2e,347,33.47966384887695,4.483290672302246,0.6952124238014221,0.4857514500617981
e2e,348,33.56211853027344,3.027984380722046,0.585921049118042,0.39548203349113464
e2e,349,34.02772903442383,0.8571946620941162,0.6124025583267212,0.5094584226608276
e2e,350,33.95144271850586,0.35695910453796387,0.6075571179389954,0.3806902766227722
e2e,351,33.95829391479492,3.321659564971924,0.7304705381393433,0.5820428729057312
e2e,352,33.893070220947266,2.308694362640381,0.7052521705627441,0.43503719568252563
e2e,353,34.273834228515625,2.817427396774292,0.573932945728302,0.4134969711303711
e2e,354,34.21918869018555,1.8443655967712402,0.5962077975273132,0.4353218972682953
e2e,355,34.12871551513672,4.529810905456543,0.45701539516448975,0.21102294325828552
e2e,356,34.225067138671875,3.964465856552124,0.46958422660827637,0.2121197134256363
e2e,357,34.555057525634766,2.128903388977051,0.3250272274017334,0.16238848865032196
e2e,358,34.53489685058594,0.9559032917022705,0.5809811353683472,0.3256967067718506
e2e,359,34.63922882080078,4.49871826171875,0.4964998960494995,0.49815288186073303
e2e,360,34.94853591918945,0.43683362007141113,0.6412396430969238,0.5348324775695801
e2e,361,34.98722839355469,1.3020728826522827,0.5474344491958618,0.4646647274494171
e2e,362,35.015907287597656,2.6198830604553223,0.5227581262588501,0.355430543422699
e2e,363,34.42197036743164,3.4318904876708984,0.4859733581542969,0.2508046627044678
e2e,364,35.02228546142578,1.9269591569900513,0.37232500314712524,0.2369856983423233
e2e,365,34.8254280090332,3.760557174682617,0.367412269115448,0.16170549392700195
e2e,366,35.468605041503906,0.9577667713165283,0.4009743332862854,0.17375187575817108
e2e,367,35.27691650390625,3.461819648742676,0.3477444052696228,0.24574562907218933
e2e,368,35.333885192871094,4.5547685623168945,0.41696619987487793,0.26398709416389465
e2e,369,35.58851623535156,1.5275022983551025,0.31594836711883545,0.4366644620895386
e2e,370,35.725929260253906,2.8192973136901855,0.30879271030426025,0.2750263810157776
e2e,371,35.69556427001953,4.160184383392334,0.25215601921081543,0.07751468569040298
e2e,372,36.01580810546875,0.4271359443664551,0.36783933639526367,0.3340957462787628
e2e,373,36.102813720703125,1.1711657047271729,0.3641354441642761,0.4589855670928955
e2e,374,36.161285400390625,2.187108039855957,0.3482164144515991,0.3920151889324188
e2e,376,36.13258743286133,3.4971923828125,0.39369404315948486,0.20737938582897186
e2e,377,36.18708419799805,4.399356842041016,0.2611745595932007,0.24251262843608856
e2e,378,36.52173614501953,0.4699130058288574,0.42558205127716064,0.271755188703537
e2e,380,36.2423210144043,2.686530113220215,0.44229984283447266,0.29438599944114685
e2e,381,36.675750732421875,1.6138298511505127,0.3188921809196472,0.27770838141441345
e2e,382,36.72380828857422,3.3256289958953857,0.3083958029747009,0.08904993534088135
e2e,383,36.816585540771484,0.9839465618133545,0.33754485845565796,0.338009238243103
e2e,384,37.013336181640625,2.688286304473877,0.2625000476837158,0.24912966787815094
e2e,386,36.87010955810547,4.549849510192871,0.20270240306854248,0.25855952501296997
e2e,387,37.156639099121094,1.4459937810897827,0.15293622016906738,0.31136584281921387
e2e,388,36.82599639892578,2.1499905586242676,0.1690574288368225,0.30687451362609863
e2e,389,36.977394104003906,3.7952003479003906,0.19609302282333374,0.13649415969848633
e2e,390,37.533935546875,0.863332986831665,0.2603045701980591,0.37849023938179016
e2e,391,37.38121795654297,3.1609103679656982,0.2832886576652527,0.1039385050535202
e2e,392,37.44975662231445,2.2901809215545654,0.27433472871780396,0.06768310070037842
e2e,393,36.64857864379883,-0.1518871784210205,0.30709201097488403,0.25710418820381165
e2e,394,37.400360107421875,5.0766072273254395,0.24757200479507446,0.1070718988776207
e2e,395,37.765228271484375,1.36313796043396,0.282944917678833,0.3013899326324463
e2e,396,37.53255844116211,4.034051418304443,0.2405019998550415,0.24127571284770966
e2e,397,37.881649017333984,3.5556142330169678,0.40042418241500854,0.246885746717453
e2e,398,37.86643981933594,4.590445041656494,0.33192509412765503,0.19650930166244507
e2e,399,37.87928009033203,2.9321553707122803,0.3448822498321533,0.08161608129739761
e2e,400,37.90669631958008,0.3543860912322998,0.4531511664390564,0.35680708289146423
e2e,401,38.045982360839844,0.851710319519043,0.3752310872077942,0.3513137102127075
e2e,402,38.04924392700195,1.802696704864502,0.3366827964782715,0.06074585020542145
e2e,403,38.421443939208984,3.0328855514526367,0.5141599774360657,0.30876290798187256
e2e,404,38.48103713989258,1.2521307468414307,0.44298917055130005,0.36501964926719666
e2e,405,38.6153678894043,2.2499213218688965,0.41436052322387695,0.07396004348993301
e2e,406,38.5523796081543,4.154673099517822,0.28091973066329956,0.12829679250717163
e2e,407,38.61759567260742,0.6513404846191406,0.4034695625305176,0.2562888264656067
e2e,408,38.8164176940918,2.7916407585144043,0.27237600088119507,0.35316702723503113
e2e,409,38.4995231628418,4.766335964202881,0.2596161365509033,0.2434220016002655
e2e,410,39.076515197753906,4.1144866943359375,0.20763260126113892,0.45491692423820496
e2e,411,38.655845642089844,3.557842969894409,0.22488558292388916,0.4029688835144043
e2e,412,39.17974853515625,4.65334415435791,0.2608085870742798,0.214063823223114
e2e,413,39.19884490966797,3.210970640182495,0.22040826082229614,0.30763551592826843
e2e,414,39.22692108154297,2.4111599922180176,0.20962440967559814,0.3038313090801239
e2e,415,39.335731506347656,0.9162001609802246,0.2481832504272461,0.21845220029354095
e2e,416,39.580894470214844,1.5973825454711914,0.17342078685760498,0.37876608967781067
e2e,417,39.65034103393555,3.676539659500122,0.21044737100601196,0.35456737875938416
e2e,418,39.719181060791016,4.670583724975586,0.30663204193115234,0.22992993891239166
e2e,419,40.0374755859375,2.5056142807006836,0.21236270666122437,0.2044399529695511
e2e,420,40.06636047363281,1.5643383264541626,0.33922940492630005,0.40300437808036804
e2e,421,39.988224029541016,4.265698432922363,0.44266992807388306,0.3433886766433716
e2e,422,40.01256561279297,0.9659395217895508,0.46885597705841064,0.2731713354587555
e2e,423,40.03837585449219,2.997218370437622,0.3681657910346985,0.19600209593772888
e2e,424,40.22899627685547,4.7466535568237305,0.3532615303993225,0.3029598891735077
e2e,425,40.2722053527832,3.785841226577759,0.3857882022857666,0.22610518336296082
e2e,426,40.575706481933594,0.977757453918457,0.5193289518356323,0.28187301754951477
e2e,427,40.73017883300781,4.687444686889648,0.3168433904647827,0.29874080419540405
e2e,428,40.88420104980469,2.8026740550994873,0.2956429719924927,0.32227930426597595
e2e,429,40.84959030151367,3.8232805728912354,0.32402700185775757,0.2600434422492981
e2e,430,40.60659408569336,1.4140803813934326,0.27185362577438354,0.26572081446647644
e2e,431,40.409732818603516,2.0289008617401123,0.2478865385055542,0.1889948844909668
e2e,432,41.31583786010742,3.201204299926758,0.3011058568954468,0.30898335576057434
e2e,433,41.18619918823242,0.8933792114257812,0.296764075756073,0.3379213809967041
e2e,434,41.30470657348633,1.5137691497802734,0.14427399635314941,0.3563581705093384
e2e,435,41.297340393066406,4.766314506530762,0.15267443656921387,0.37456002831459045
e2e,436,41.39124298095703,2.1466784477233887,0.19639086723327637,0.3279706835746765
e2e,437,41.90650939941406,1.7828497886657715,0.19003230333328247,0.31255894899368286
e2e,438,41.892330169677734,2.9132494926452637,0.14943945407867432,0.4439238905906677
e2e,439,41.777671813964844,4.411187171936035,0.2823283076286316,0.22334080934524536
e2e,440,41.95989227294922,1.2247178554534912,0.3576548099517822,0.08845999091863632
e2e,441,42.015106201171875,3.343501329421997,0.4179205298423767,0.30696630477905273
e2e,442,42.005393981933594,4.929224967956543,0.3753897547721863,0.30698472261428833
e2e,443,42.21145248413086,2.1405577659606934,0.4519461989402771,0.2472260594367981
e2e,444,42.17257308959961,3.8935861587524414,0.41402488946914673,0.16177727282047272
e2e,445,41.386474609375,3.694087505340576,0.4077264666557312,0.3139759302139282
e2e,446,42.371463775634766,2.6162326335906982,0.3829520344734192,0.3047741949558258
e2e,447,42.57453536987305,1.7470331192016602,0.48476994037628174,0.26952049136161804
e2e,448,42.519432067871094,4.263586044311523,0.4411216378211975,0.12546683847904205
e2e,449,42.647178649902344,1.2399885654449463,0.49347347021102905,0.3917233943939209
e2e,450,42.91297912597656,2.452725887298584,0.4831526279449463,0.10402866452932358
e2e,451,42.95248031616211,3.4134581089019775,0.4500654339790344,0.33037829399108887
e2e,452,43.051025390625,4.4019598960876465,0.3445660471916199,0.15880289673805237
e2e,453,43.056976318359375,1.5960257053375244,0.3216986656188965,0.2975439131259918
e2e,454,42.734580993652344,4.910375595092773,0.2941005825996399,0.4465395212173462
e2e,455,43.175506591796875,5.152752876281738,0.40777862071990967,0.2548750936985016
e2e,456,43.351444244384766,2.939624547958374,0.38859468698501587,0.37399640679359436
e2e,457,43.46435546875,1.8190371990203857,0.5101455450057983,0.1394767314195633
e2e,458,43.607643127441406,2.395078182220459,0.5601195096969604,0.21231728792190552
e2e,459,43.65483093261719,3.306525707244873,0.5439081788063049,0.2633990943431854
e2e,460,43.661643981933594,3.9809765815734863,0.5514249801635742,0.09557121992111206
e2e,461,43.54721450805664,4.701272964477539,0.5710752010345459,0.37582889199256897
e2e,462,43.96056365966797,2.860393524169922,0.5228036642074585,0.07235486805438995
e2e,463,44.22647476196289,2.1048901081085205,0.5574690103530884,0.1989765167236328
e2e,464,44.172298431396484,4.622294902801514,0.4578336477279663,0.2751105725765228
e2e,465,44.287559509277344,1.2153818607330322,0.4058300852775574,0.24288325011730194
e2e,466,44.48176574707031,3.04500150680542,0.35801517963409424,0.17766961455345154
e2e,467,44.564781188964844,5.099494934082031,0.2329350709915161,0.39011818170547485
e2e,468,44.696720123291016,3.641157388687134,0.2314159870147705,0.43022242188453674
e2e,469,44.2057991027832,3.526780843734741,0.25411438941955566,0.32170164585113525
e2e,470,44.80464553833008,1.4257102012634277,0.2728680372238159,0.4376792013645172
e2e,471,44.54079055786133,4.307304382324219,0.30890733003616333,0.40051162242889404
e2e,472,44.544376373291016,2.5301098823547363,0.3323501944541931,0.3358252942562103
e2e,473,44.965721130371094,1.958858847618103,0.3753933310508728,0.26103606820106506
e2e,474,45.14375686645508,4.914203643798828,0.27227628231048584,0.29267746210098267
e2e,475,45.11259078979492,2.5600779056549072,0.3188508152961731,0.19814558327198029
e2e,476,45.28124237060547,4.287970066070557,0.2754608392715454,0.2211228460073471
e2e,477,45.395957946777344,3.3827528953552246,0.2984684109687805,0.3683041036128998
e2e,478,45.665016174316406,1.3247179985046387,0.46942877769470215,0.11714097857475281
e2e,479,45.61921691894531,2.833251953125,0.42526906728744507,0.19486092031002045
e2e,480,45.71036911010742,4.63267183303833,0.41313421726226807,0.2686608135700226
e2e,481,45.88062286376953,3.3651394844055176,0.42182356119155884,0.28659677505493164
e2e,482,46.00799560546875,3.972813129425049,0.34949934482574463,0.35289984941482544
e2e,483,46.06098556518555,2.2964441776275635,0.3089824318885803,0.28350839018821716
e2e,484,45.67466354370117,5.372984886169434,0.3642532229423523,0.3519895076751709
e2e,485,46.08656311035156,1.618342638015747,0.27509355545043945,0.28804805874824524
e2e,486,46.22296142578125,2.992715835571289,0.18577444553375244,0.41175544261932373
e2e,487,46.28233337402344,4.74094295501709,0.25817370414733887,0.324703186750412
e2e,488,46.587772369384766,1.0443201065063477,0.28791213035583496,0.7226986885070801
e2e,489,46.531715393066406,4.238240718841553,0.3843238949775696,0.3257460594177246
e2e,490,46.838348388671875,4.859477519989014,0.36239302158355713,0.4085468649864197
e2e,491,46.85030746459961,3.3373823165893555,0.2643756866455078,0.3745044469833374
e2e,493,46.861549377441406,2.781906843185425,0.3412145972251892,0.2582615613937378
e2e,494,47.19862365722656,1.694605827331543,0.12705600261688232,0.4525284767150879
e2e,495,47.499900817871094,4.246033191680908,0.2935051918029785,0.3404264748096466
e2e,496,47.61637496948242,2.8976545333862305,0.21739697456359863,0.3163146674633026
e2e,497,47.519683837890625,4.926671504974365,0.23803913593292236,0.44610217213630676
e2e,498,47.826866149902344,2.2940590381622314,0.13483893871307373,0.40145060420036316
e2e,499,47.77183532714844,3.4912831783294678,0.29741477966308594,0.40274202823638916
e2e,500,47.712188720703125,1.5625696182250977,0.25623178482055664,0.3991157114505768
e2e,501,47.76860427856445,5.449506759643555,0.4432057738304138,0.2122391164302826
e2e,502,48.31429672241211,3.1420164108276367,0.2549084424972534,0.4227491021156311
e2e,503,48.23421096801758,1.9756741523742676,0.32371246814727783,0.36858904361724854
e2e,504,48.32498550415039,4.908641338348389,0.4531288146972656,0.3227483332157135
e2e,505,48.54372787475586,4.07051944732666,0.43963348865509033,0.28735363483428955
e2e,506,47.902488708496094,4.59743070602417,0.5966079831123352,0.12026441842317581
e2e,507,48.73810577392578,2.2557451725006104,0.49861013889312744,0.17470982670783997
e2e,508,48.80402374267578,1.5002822875976562,0.43166637420654297,0.19745078682899475
e2e,509,48.214935302734375,2.5822720527648926,0.41194307804107666,0.1520708203315735
e2e,510,48.80502700805664,3.079648494720459,0.5434839725494385,0.2035837471485138
e2e,511,48.52769470214844,5.35676383972168,0.6131952404975891,0.3122217655181885
e2e,512,49.20134735107422,4.778744697570801,0.6242808699607849,0.3793831169605255
e2e,513,49.247772216796875,3.333590507507324,0.5390341877937317,0.08647933602333069
e2e,514,49.36334991455078,4.195594787597656,0.5745112895965576,0.11635135859251022
e2e,515,49.32987594604492,2.6205270290374756,0.5748972296714783,0.2786826193332672
e2e,516,49.51897048950195,1.9616703987121582,0.5777431726455688,0.19131606817245483
e2e,517,49.20051956176758,5.543715953826904,0.6222731471061707,0.32984432578086853
e2e,518,48.33510971069336,1.486968755722046,0.6137285232543945,0.14032375812530518
e2e,519,47.66291046142578,1.155125617980957,0.6287878155708313,0.22581204771995544
e2e,520,49.45655822753906,1.280332088470459,0.6099113821983337,0.2494085729122162
e2e,521,49.88469696044922,0.7191894054412842,0.5306450128555298,0.1194370687007904
e2e,522,49.05238342285156,0.0423274040222168,0.4366168975830078,0.16297927498817444
e2e,523,49.98981475830078,1.6019062995910645,0.6727526187896729,0.42727112770080566
e2e,524,49.959999084472656,4.699594020843506,0.776626706123352,0.41315338015556335
e2e,525,49.662513732910156,5.409273147583008,0.7984930276870728,0.3950386643409729
e2e,526,50.09091567993164,2.545167922973633,0.6343696117401123,0.10620812326669693
e2e,527,49.98469161987305,3.6910834312438965,0.6937547326087952,0.34025490283966064
e2e,528,50.1273078918457,-0.1830763816833496,0.7268089056015015,0.2736770212650299
e2e,529,50.558834075927734,-0.8852744102478027,0.8095788359642029,0.7156731486320496
e2e,530,47.57119369506836,2.0097262859344482,0.6607267260551453,0.2358357459306717
e2e,531,50.092628479003906,-1.234696388244629,0.797497570514679,0.7131097316741943
e2e,532,50.51100158691406,0.4088172912597656,0.7278873324394226,0.32220545411109924
e2e,533,50.45335388183594,2.0905237197875977,0.6775972843170166,0.17341436445713043
e2e,534,50.90976333618164,-0.11259078979492188,0.78525710105896,0.36776670813560486
e2e,535,50.19797897338867,1.10347580909729,0.7119705677032471,0.4565373361110687
e2e,536,50.98293685913086,-1.1520576477050781,0.8318513631820679,1.0504575967788696
e2e,537,50.157127380371094,5.965497970581055,0.848027229309082,0.4541008174419403
e2e,538,50.811344146728516,1.6503658294677734,0.6509004235267639,0.3255273103713989
e2e,539,50.455078125,3.5007381439208984,0.7793551087379456,0.3566271662712097
e2e,540,50.58950424194336,4.396737575531006,0.7623486518859863,0.3424896001815796
e2e,541,48.12349319458008,3.540952444076538,0.6601923704147339,0.20565935969352722
e2e,542,50.657203674316406,6.189725875854492,0.9679645299911499,0.5263199210166931
e2e,543,50.88789367675781,3.088381052017212,0.880944013595581,0.29468634724617004
e2e,544,50.97133255004883,5.109021186828613,0.9687502384185791,0.48949289321899414
e2e,545,50.88576126098633,5.6420512199401855,1.0808606147766113,0.5549797415733337
e2e,546,51.41862106323242,2.500892162322998,0.8974050283432007,0.38160401582717896
e2e,547,51.291019439697266,3.957822561264038,0.9378560781478882,0.4734456241130829
e2e,548,49.76774215698242,3.093698740005493,0.7522827386856079,0.2698439955711365
e2e,549,51.738460540771484,1.3792288303375244,0.7775239944458008,0.3688901662826538
e2e,550,51.76606369018555,0.43743276596069336,0.6462141275405884,0.1485070288181305
e2e,551,51.941123962402344,-0.2009291648864746,0.6229158639907837,0.4856235682964325
e2e,552,51.172569274902344,1.3992531299591064,0.9495511651039124,0.31739404797554016
e2e,553,50.90007019042969,6.792752265930176,1.1592434644699097,0.6296079158782959
e2e,554,51.486305236816406,3.4445900917053223,1.049446940422058,0.40947914123535156
e2e,555,50.42136764526367,6.663191318511963,1.0890852212905884,0.5694127678871155
e2e,556,51.446388244628906,-0.30606555938720703,0.8656009435653687,0.41286346316337585
e2e,557,52.269447326660156,-0.8830304145812988,0.9180472493171692,1.2153164148330688
e2e,558,48.642723083496094,4.4820661544799805,0.7825349569320679,0.383257657289505
e2e,559,52.05327224731445,0.15620851516723633,1.0701706409454346,0.5777493715286255
e2e,560,51.725852966308594,0.906120777130127,1.1121654510498047,0.5800104737281799
e2e,561,50.765750885009766,0.9461510181427002,1.0327914953231812,0.40280821919441223
e2e,562,50.29195785522461,5.645841598510742,1.2617456912994385,0.7215350270271301
e2e,563,52.19693374633789,0.6632089614868164,0.8775992393493652,0.40041548013687134
e2e,564,52.53272247314453,-0.24356317520141602,0.8304023742675781,0.9963219165802002
e2e,565,51.34817123413086,6.428593635559082,1.251489281654358,0.7568914890289307
e2e,566,52.081573486328125,2.680701732635498,1.0178910493850708,0.5120080709457397
e2e,567,51.56239700317383,4.764820575714111,1.1303658485412598,0.555727481842041
e2e,568,52.0577392578125,3.512394428253174,0.9236931800842285,0.3743991255760193
e2e,569,50.386268615722656,7.224035263061523,0.9826017618179321,0.41512352228164673
e2e,570,50.90334701538086,2.563612461090088,0.9238944053649902,0.42073172330856323
e2e,571,52.88175964355469,0.7654643058776855,0.89458829164505,0.4308462142944336
e2e,572,52.79153060913086,1.2631378173828125,0.9027861952781677,0.3409813940525055
e2e,573,52.622032165527344,2.192823886871338,0.869832456111908,0.3320780098438263
e2e,574,51.12834930419922,7.343428611755371,1.0195114612579346,0.5177519917488098
e2e,575,51.78372573852539,5.21718168258667,0.9583348035812378,0.45355287194252014
e2e,576,51.454246520996094,5.739015579223633,0.9690976142883301,0.4552287459373474
e2e,577,50.94081497192383,8.482608795166016,0.9651333689689636,0.49872875213623047
e2e,578,51.714599609375,4.276628017425537,0.7642473578453064,0.2649881839752197
e2e,579,51.41999816894531,1.905853271484375,0.7381517291069031,0.22984106838703156
e2e,580,50.24492645263672,8.061418533325195,0.7490745782852173,0.26635780930519104
e2e,581,53.05216979980469,0.16091489791870117,0.7521251440048218,0.8502204418182373
e2e,582,52.1961784362793,4.032772541046143,0.7561379075050354,0.18102684617042542
e2e,583,52.41230392456055,3.0515239238739014,0.7469810247421265,0.35159727931022644
e2e,584,51.200218200683594,6.638935089111328,0.7428620457649231,0.268506795167923
e2e,587,51.409122467041016,8.084198951721191,0.7408466339111328,0.26679670810699463
e2e,588,50.91945266723633,9.492452621459961,0.5408515930175781,0.3933994770050049
e2e,589,51.61318588256836,7.305180549621582,0.5323858857154846,0.3992600739002228
e2e,590,52.14064025878906,2.0263795852661133,0.5591089725494385,0.3812425136566162
e2e,591,50.17699432373047,9.392406463623047,0.4529120922088623,0.3247476816177368
e2e,592,49.52107238769531,9.64720344543457,0.44674384593963623,0.28732916712760925
e2e,593,51.5545654296875,6.2045979499816895,0.556053102016449,0.3347618877887726
e2e,594,50.63936233520508,7.455204486846924,0.5224027633666992,0.2972518801689148
e2e,595,52.97085952758789,1.9806923866271973,0.5490186810493469,0.33505332469940186
e2e,596,53.24478530883789,1.335538387298584,0.5472210645675659,0.42452219128608704
e2e,597,51.72569274902344,3.3154172897338867,0.585374116897583,0.29740041494369507
e2e,598,49.80353927612305,8.688985824584961,0.48193424940109253,0.2485838681459427
e2e,599,48.76462936401367,9.37209415435791,0.47293663024902344,0.28743118047714233
e2e,600,50.16350555419922,10.478494644165039,0.41463589668273926,0.2823752462863922
e2e,601,50.78849411010742,10.0826416015625,0.4218786954879761,0.1978996843099594
e2e,602,49.12993240356445,10.514094352722168,0.41964030265808105,0.2223283052444458
e2e,603,50.043216705322266,7.1490373611450195,0.5416287779808044,0.3612516522407532
e2e,604,49.442787170410156,8.163198471069336,0.5065601468086243,0.22308652102947235
e2e,605,49.66541290283203,11.733833312988281,0.36303162574768066,0.49086982011795044
e2e,606,50.41497039794922,11.571002960205078,0.37041234970092773,0.3938350975513458
e2e,608,52.66736602783203,4.504574775695801,0.5401405692100525,0.33532124757766724
e2e,609,49.306514739990234,9.060276985168457,0.49961745738983154,0.4295276403427124
e2e,610,51.42961120605469,4.78330135345459,0.5782765746116638,0.1262836456298828
e2e,611,52.8376579284668,3.9416282176971436,0.534552812576294,0.1803646683692932
e2e,612,52.14793014526367,5.242595195770264,0.5787649154663086,0.16101397573947906
e2e,613,53.390254974365234,2.4858059883117676,0.4885096549987793,0.20373626053333282
e2e,615,50.651119232177734,6.905139923095703,0.5801469683647156,0.3313553035259247
e2e,616,51.14029312133789,5.909370422363281,0.6066519618034363,0.18503475189208984
e2e,617,48.70118713378906,8.733333587646484,0.5085729360580444,0.36795035004615784
e2e,618,50.09567642211914,12.003252029418945,0.35942792892456055,0.3181159496307373
e2e,621,51.4721565246582,8.546003341674805,0.4465024471282959,0.3741886019706726
e2e,622,52.19318389892578,1.4879648685455322,0.4877418875694275,0.18255624175071716
e2e,623,50.9585075378418,7.940719127655029,0.47452855110168457,0.27459612488746643
e2e,624,50.42056655883789,8.685962677001953,0.44898998737335205,0.34012916684150696
e2e,625,52.80873489379883,5.41764497756958,0.6189571619033813,0.2793525457382202
e2e,626,52.32365036010742,6.732595443725586,0.5820505619049072,0.2504183053970337
e2e,627,52.60389709472656,6.0048675537109375,0.6204957365989685,0.13649983704090118
e2e,629,54.2615966796875,0.9243645668029785,0.5408814549446106,1.3052095174789429
e2e,631,53.26359176635742,4.21864128112793,0.6226135492324829,0.35673511028289795
e2e,632,50.05779266357422,11.076017379760742,0.5019882321357727,0.24006299674510956
e2e,633,50.725528717041016,11.001127243041992,0.5531756281852722,0.24764558672904968
e2e,634,50.5669059753418,12.343154907226562,0.4577510952949524,0.4030080735683441
e2e,636,52.230308532714844,7.7744245529174805,0.48479050397872925,0.3336031436920166
e2e,637,48.814579010009766,11.23107624053955,0.4359900951385498,0.45754244923591614
e2e,638,53.728553771972656,2.983647108078003,0.49642521142959595,0.27805662155151367
e2e,639,54.32823181152344,2.5327377319335938,0.47828948497772217,0.8197618722915649
e2e,640,54.55143356323242,1.9998087882995605,0.46864908933639526,1.1375973224639893
e2e,641,49.174617767333984,12.420080184936523,0.4054996967315674,0.30863267183303833
e2e,642,49.76611328125,12.448911666870117,0.3979150056838989,0.4205380380153656
e2e,644,48.73920440673828,13.07296371459961,0.3887735605239868,0.6537430882453918
e2e,645,49.634910583496094,13.833463668823242,0.37558186054229736,0.642259955406189
e2e,646,51.39667510986328,9.116569519042969,0.6202780604362488,0.3023666441440582
e2e,647,52.102760314941406,8.292656898498535,0.6258347034454346,0.22843018174171448
e2e,648,50.276145935058594,9.889518737792969,0.566672682762146,0.2083061784505844
e2e,649,53.23469924926758,4.739222526550293,0.6101421117782593,0.27492499351501465
e2e,650,52.892005920410156,6.495638847351074,0.6500940918922424,0.2079995721578598
e2e,651,48.85502624511719,11.754912376403809,0.4952150583267212,0.3165739178657532
e2e,652,54.47148513793945,1.458890438079834,0.5869203805923462,1.2218397855758667
e2e,653,48.21763229370117,10.88947582244873,0.5198260545730591,0.2974337637424469
e2e,654,49.23539352416992,13.137466430664062,0.46907639503479004,0.24217374622821808
e2e,655,53.30881118774414,5.716219902038574,0.650475800037384,0.15970541536808014
e2e,656,53.19700241088867,3.2869575023651123,0.616564929485321,0.3180229961872101
e2e,657,54.182655334472656,3.3302841186523438,0.6000517010688782,0.10378420352935791
e2e,659,49.005123138427734,14.32353687286377,0.48468512296676636,1.0759320259094238
e2e,660,48.734249114990234,9.961455345153809,0.5405573844909668,0.24115242063999176
e2e,661,54.4513053894043,3.8308372497558594,0.585463285446167,0.255867600440979
e2e,662,48.08230972290039,11.5802640914917,0.5247795581817627,0.42575499415397644
e2e,663,55.026771545410156,2.2651281356811523,0.6273180246353149,1.3894929885864258
e2e,664,48.55047607421875,15.001642227172852,0.4558793306350708,1.7526649236679077
e2e,665,52.00569534301758,8.871070861816406,0.6802798509597778,0.3493884801864624
e2e,666,53.93122863769531,4.482429504394531,0.6308269500732422,0.3455730974674225
e2e,667,48.26261901855469,13.28078842163086,0.5749173164367676,1.0393218994140625
e2e,668,51.44221496582031,10.109672546386719,0.6181937456130981,0.24507512152194977
e2e,669,48.327545166015625,10.259444236755371,0.5737825632095337,0.3313411474227905
e2e,670,55.38591003417969,3.099174976348877,0.6420314311981201,1.3015966415405273
e2e,671,55.894500732421875,1.7726922035217285,0.7441118359565735,2.358170747756958
e2e,672,53.899024963378906,5.652003288269043,0.7365055084228516,0.2720925211906433
e2e,673,53.45746994018555,6.520382881164551,0.7653122544288635,0.4139067232608795
e2e,674,53.11880874633789,7.426557540893555,0.7975584864616394,0.15428511798381805
e2e,675,54.97706985473633,4.310365200042725,0.6534498333930969,0.40114930272102356
e2e,678,54.33197784423828,5.2254533767700195,0.6697429418563843,0.10269223898649216
e2e,679,54.69707489013672,3.239086866378784,0.7468501925468445,0.6072011590003967
e2e,683,50.67792892456055,10.505325317382812,0.6886581182479858,0.32905101776123047
e2e,684,52.780303955078125,8.084260940551758,0.742931067943573,0.3196524679660797
e2e,685,49.73196792602539,10.159937858581543,0.6369895935058594,0.2566351294517517
e2e,686,52.67129898071289,7.193597316741943,0.7230583429336548,0.17102299630641937
e2e,687,55.59591293334961,4.142252445220947,0.6117871403694153,1.0077418088912964
e2e,690,48.88835144042969,13.704438209533691,0.5565240979194641,0.5825676321983337
e2e,692,53.97806167602539,6.191931247711182,0.6395038962364197,0.2622767388820648
e2e,693,49.46378707885742,11.240991592407227,0.6593121290206909,0.15989911556243896
e2e,694,55.52145004272461,4.66005802154541,0.6476113796234131,0.6853694915771484
e2e,695,56.21569061279297,3.341867208480835,0.7791416049003601,1.972935676574707
e2e,696,52.3101806640625,9.391678810119629,0.8231799602508545,0.2854654788970947
e2e,697,52.69296646118164,8.922910690307617,0.825941801071167,0.3891780376434326
e2e,698,53.09461212158203,8.490830421447754,0.8155962824821472,0.30517643690109253
e2e,699,55.81760787963867,5.4337005615234375,0.6912704706192017,0.13100802898406982
e2e,700,51.14057159423828,10.764701843261719,0.7787680625915527,0.20768025517463684
e2e,701,51.72240447998047,10.653474807739258,0.7703433632850647,0.3202357590198517
e2e,702,54.60480499267578,6.214747428894043,0.6933452486991882,0.19681169092655182
e2e,703,53.739044189453125,5.024751663208008,0.7152233123779297,0.35119178891181946
e2e,707,53.63481140136719,7.858239650726318,0.7718815803527832,0.30743515491485596
e2e,708,54.18044662475586,7.361106872558594,0.7409074306488037,0.09987924993038177
e2e,709,48.68598175048828,12.591266632080078,0.7586560249328613,0.7528671026229858
e2e,710,50.84619140625,9.029053688049316,0.7924379706382751,0.37092745304107666
e2e,711,49.225624084472656,9.96605110168457,0.740548312664032,0.4215935468673706
e2e,712,55.03873825073242,5.462978363037109,0.7411267161369324,0.2790369689464569
e2e,713,53.711585998535156,8.38125228881836,0.7709345817565918,0.3090837597846985
e2e,714,52.560489654541016,9.882875442504883,0.8252432346343994,0.23384179174900055
e2e,715,52.99254608154297,9.331363677978516,0.8323945999145508,0.32744300365448
e2e,716,50.8392333984375,11.743661880493164,0.7777993679046631,0.41060444712638855
e2e,717,56.27024459838867,5.88121223449707,0.6885378360748291,0.17137905955314636
e2e,718,51.83446502685547,9.751760482788086,0.78383868932724,0.2625836730003357
e2e,720,53.624977111816406,7.349181652069092,0.7706466317176819,0.12948890030384064
e2e,721,47.68846893310547,13.861177444458008,0.662270188331604,1.706573247909546
e2e,722,55.4894905090332,6.1698689460754395,0.7629981637001038,0.26800474524497986
e2e,723,55.96103286743164,6.786153793334961,0.7334928512573242,0.12779511511325836
e2e,724,54.82341766357422,4.835884094238281,0.8601507544517517,0.3277570903301239
e2e,725,56.757659912109375,5.776222229003906,0.7930186986923218,0.639488935470581
e2e,726,56.21085739135742,4.9109416007995605,0.8692581653594971,0.7420896291732788
e2e,727,57.31648254394531,5.528275012969971,0.8622710108757019,1.207615852355957
e2e,728,51.91288375854492,11.13192367553711,0.7394704818725586,0.28989937901496887
e2e,729,54.90449142456055,7.1326704025268555,0.7280036211013794,0.34577155113220215
e2e,730,54.187339782714844,6.765301704406738,0.7452355623245239,0.27565330266952515
e2e,731,51.41455841064453,11.444128036499023,0.7335459589958191,0.23418471217155457
e2e,732,52.982147216796875,10.177825927734375,0.7681527137756348,0.15234285593032837
e2e,733,54.403114318847656,8.270554542541504,0.7428944110870361,0.33459213376045227
e2e,734,56.6993408203125,6.483711242675781,0.7340295314788818,0.35199785232543945
e2e,735,53.89253616333008,9.256200790405273,0.8209513425827026,0.3279617130756378
e2e,736,50.334659576416016,13.05571460723877,0.7099077105522156,0.34100469946861267
e2e,737,49.92900466918945,13.379819869995117,0.7060974836349487,0.19188138842582703
e2e,738,49.541046142578125,12.20949935913086,0.8103796243667603,0.3069112300872803
e2e,739,52.399070739746094,10.968527793884277,0.8297932744026184,0.2473566085100174
e2e,740,53.66786193847656,9.879135131835938,0.8637116551399231,0.28147053718566895
e2e,741,49.9158935546875,12.713881492614746,0.794623851776123,0.2758234739303589
e2e,742,57.11470031738281,6.144717216491699,0.9355573654174805,0.7649760842323303
e2e,743,49.91191482543945,11.559288024902344,0.8169267177581787,0.39995837211608887
e2e,744,50.83031463623047,12.889494895935059,0.8153408765792847,0.3537459671497345
e2e,745,52.03479766845703,11.684825897216797,0.736702024936676,0.25348955392837524
e2e,746,54.54222869873047,8.86584758758545,0.7668408155441284,0.13787783682346344
e2e,747,55.71332931518555,7.890378952026367,0.7367682456970215,0.205267071723938
e2e,748,52.22487258911133,10.362173080444336,0.7630800604820251,0.3052690029144287
e2e,749,56.48737716674805,7.757889747619629,0.7243372797966003,0.27249911427497864
e2e,750,57.76616668701172,6.6308112144470215,0.829890251159668,0.9488300681114197
e2e,751,53.212467193603516,10.828069686889648,0.7800708413124084,0.16348764300346375
e2e,752,54.338802337646484,9.568455696105957,0.7740461826324463,0.19879230856895447
e2e,753,53.44648361206055,8.913459777832031,0.773603081703186,0.18450365960597992
e2e,754,57.050289154052734,7.083056449890137,0.7421820163726807,0.17420338094234467
e2e,755,55.31261444091797,8.224298477172852,0.7136034965515137,0.3437402844429016
e2e,756,54.884307861328125,7.797418594360352,0.7292869091033936,0.33188843727111816
e2e,757,51.86806106567383,12.290475845336914,0.6998660564422607,0.34385961294174194
e2e,758,56.843017578125,8.148971557617188,0.6855735182762146,0.16724705696105957
e2e,759,52.51134490966797,11.935297966003418,0.7422496676445007,0.3243076801300049
e2e,760,53.078346252441406,11.405515670776367,0.7363865971565247,0.22358407080173492
e2e,761,54.93724822998047,9.208866119384766,0.8030548691749573,0.1809120625257492
e2e,762,55.0264892578125,6.647692680358887,0.860315203666687,0.3787555694580078
e2e,763,56.477962493896484,8.529044151306152,0.7795330882072449,0.1758309304714203
e2e,764,50.062652587890625,14.032508850097656,0.7734673023223877,0.22728902101516724
e2e,765,57.28300476074219,7.827620506286621,0.8364855051040649,0.25614869594573975
e2e,766,57.53864288330078,7.297391414642334,0.9544952511787415,0.4510457515716553
e2e,767,54.398658752441406,10.152257919311523,0.895879864692688,0.33219799399375916
e2e,768,51.426273345947266,11.971061706542969,0.8328617811203003,0.28619685769081116
e2e,769,50.69129180908203,13.899477005004883,0.8554929494857788,0.2721216082572937
e2e,772,49.43580627441406,13.988418579101562,0.841924250125885,0.7301602363586426
e2e,774,49.48902130126953,15.186689376831055,0.8801886439323425,1.188358187675476
e2e,775,51.15508270263672,13.632509231567383,0.9432205557823181,0.46093571186065674
e2e,776,56.130706787109375,9.449644088745117,0.9124212861061096,0.4189588725566864
e2e,777,56.53758239746094,7.3131818771362305,1.0086016654968262,0.3592720031738281
e2e,779,53.02635192871094,12.056859970092773,0.9991291165351868,0.44057995080947876
e2e,780,54.487464904785156,10.678336143493652,1.037653923034668,0.32096362113952637
e2e,781,55.52891159057617,9.558967590332031,1.001586675643921,0.44193583726882935
e2e,782,55.26378631591797,8.866435050964355,0.996744692325592,0.4336576759815216
e2e,784,57.694000244140625,7.865915298461914,1.149964451789856,0.5159557461738586
e2e,786,52.32755661010742,12.483339309692383,1.0321099758148193,0.4721619784832001
e2e,787,55.85466766357422,8.353874206542969,1.0403956174850464,0.3909638822078705
e2e,788,50.416168212890625,12.115307807922363,0.9034368395805359,0.3835946023464203
e2e,789,56.645469665527344,9.209388732910156,1.0874967575073242,0.41387784481048584
e2e,790,51.83246994018555,13.6363525390625,1.0503913164138794,0.5301539301872253
e2e,791,50.71382141113281,14.541095733642578,1.0478788614273071,0.4904475510120392
e2e,792,50.10631561279297,14.69510269165039,0.9796104431152344,0.6093790531158447
e2e,793,51.41221618652344,12.725631713867188,0.8932491540908813,0.3439671993255615
e2e,794,57.249366760253906,9.322200775146484,0.939651608467102,0.208047553896904
e2e,795,58.210670471191406,8.17258358001709,0.9707546830177307,0.5981386303901672
e2e,798,52.622886657714844,13.151323318481445,0.848375141620636,0.37950313091278076
e2e,799,53.185665130615234,12.799473762512207,0.8580892086029053,0.25735875964164734
e2e,800,53.85289764404297,12.040596008300781,0.8638261556625366,0.3453245162963867
e2e,801,55.77012252807617,10.156156539916992,0.9232059717178345,0.39855480194091797
e2e,802,54.97700119018555,10.425559997558594,0.9282355308532715,0.3990430235862732
e2e,803,53.80030822753906,11.055871963500977,0.884788453578949,0.23439545929431915
e2e,804,57.37834930419922,8.516338348388672,0.8781197667121887,0.2436000555753708
e2e,805,57.687355041503906,9.0114164352417,0.857844352722168,0.23692062497138977
e2e,807,50.57854461669922,15.120891571044922,0.7917518615722656,0.6774280071258545
e2e,809,54.96965026855469,11.327855110168457,0.856437623500824,0.2564972937107086
e2e,810,55.109371185302734,9.827404975891113,0.8551439642906189,0.38934728503227234
e2e,811,58.635780334472656,8.459335327148438,0.9725315570831299,0.7057629823684692
e2e,812,56.51713180541992,10.540426254272461,0.8860293030738831,0.3134106993675232
e2e,813,57.235939025878906,9.938115119934082,0.8948843479156494,0.36558395624160767
e2e,814,53.62409973144531,10.531384468078613,0.8324147462844849,0.3029681444168091
e2e,815,55.6112060546875,10.86495304107666,0.9179882407188416,0.2462630569934845
e2e,816,52.503028869628906,13.990391731262207,0.7838109731674194,0.43097275495529175
e2e,817,51.28873062133789,14.451149940490723,0.7393315434455872,0.30576813220977783
e2e,818,52.00022506713867,14.23801040649414,0.7576338052749634,0.215045765042305
e2e,819,50.99342346191406,12.410880088806152,0.761573076248169,0.35513925552368164
e2e,820,54.093605041503906,12.626323699951172,0.8132705688476562,0.37949517369270325
e2e,821,54.85017395019531,11.9532470703125,0.8469036817550659,0.2686658203601837
e2e,822,56.376277923583984,10.0108003616333,0.8897647261619568,0.3590800166130066
e2e,823,51.73352813720703,14.762308120727539,0.739116907119751,0.521729588508606
e2e,824,51.959468841552734,12.822362899780273,0.7723814845085144,0.29662638902664185
e2e,825,50.05894088745117,15.19090461730957,0.7538999319076538,0.9885995388031006
e2e,826,50.81914520263672,15.66364860534668,0.7445055246353149,0.1299661099910736
e2e,827,58.79161071777344,9.094090461730957,0.8164167404174805,0.3957046866416931
e2e,828,53.0811882019043,13.374462127685547,0.8574919104576111,0.3409685492515564
e2e,829,51.21309280395508,15.061836242675781,0.7840925455093384,0.6153461337089539
e2e,830,50.16215515136719,16.130878448486328,0.7823610305786133,0.8646500110626221
e2e,831,49.169193267822266,16.76235580444336,0.7885560989379883,1.5424695014953613
e2e,832,55.27788543701172,12.289674758911133,0.9033984541893005,0.3774394690990448
e2e,833,57.915557861328125,9.472050666809082,0.9132315516471863,0.328933447599411
e2e,834,57.381866455078125,10.50974178314209,1.0168139934539795,0.27414730191230774
e2e,835,52.13185119628906,15.131638526916504,0.9041808843612671,0.33287981152534485
e2e,836,49.735260009765625,17.125368118286133,0.8600449562072754,1.0111398696899414
e2e,838,57.99329376220703,10.49161148071289,0.9661297798156738,0.22448456287384033
e2e,839,55.73420715332031,9.043091773986816,0.8693020343780518,0.363130658864975
e2e,840,50.8539924621582,16.228811264038086,0.8884152173995972,0.4304221570491791
e2e,841,54.25503921508789,13.37999153137207,0.8620465993881226,0.2671796679496765
e2e,842,56.06928253173828,11.697349548339844,0.9912192821502686,0.2951280176639557
e2e,843,53.70876693725586,13.109273910522461,0.8652883768081665,0.27369624376296997
e2e,844,56.44703674316406,11.12514877319336,1.0091180801391602,0.4013991057872772
e2e,845,59.04864501953125,9.561094284057617,1.0035653114318848,0.4664701819419861
e2e,846,53.472625732421875,13.989750862121582,0.8316630125045776,0.3162713646888733
e2e,847,56.59263229370117,11.958280563354492,0.9341031312942505,0.27562907338142395
e2e,848,54.288475036621094,11.582060813903809,0.841385006904602,0.26511499285697937
e2e,849,51.480255126953125,15.73386287689209,0.7467198967933655,0.45726338028907776
e2e,850,55.210723876953125,13.135457992553711,0.8037439584732056,0.17445485293865204
e2e,851,52.76012420654297,14.911238670349121,0.7266596555709839,0.18604618310928345
e2e,852,57.04778289794922,11.726092338562012,0.8583592772483826,0.12487908452749252
e2e,853,58.988990783691406,10.039102554321289,0.7925853133201599,0.1805725246667862
e2e,854,54.586673736572266,13.742361068725586,0.7640342116355896,0.3235441744327545
e2e,855,54.705753326416016,12.451970100402832,0.8062328696250916,0.21907523274421692
e2e,856,55.608734130859375,11.488371849060059,0.8510526418685913,0.12618373334407806
e2e,857,58.1048583984375,11.032629013061523,0.754892110824585,0.30728915333747864
e2e,858,53.50362777709961,12.418556213378906,0.7621557116508484,0.24918995797634125
e2e,859,55.850399017333984,12.879499435424805,0.804009735584259,0.28673553466796875
e2e,860,52.11458969116211,15.63637638092041,0.6807806491851807,0.3400649428367615
e2e,861,49.705421447753906,15.847319602966309,0.6981342434883118,1.2045255899429321
e2e,864,57.7310791015625,11.462883949279785,0.8099410533905029,0.22411440312862396
e2e,865,53.56106185913086,14.497255325317383,0.8147242665290833,0.16766364872455597
e2e,866,54.1068229675293,14.293082237243652,0.839846670627594,0.1875399649143219
e2e,867,55.6186408996582,13.514113426208496,0.8809241056442261,0.44788652658462524
e2e,868,58.15892028808594,9.92103099822998,0.9006147980690002,0.3384980261325836
e2e,869,59.5316162109375,10.615690231323242,0.805671215057373,0.24975411593914032
e2e,870,55.48846435546875,14.0763578414917,0.8162967562675476,0.16938570141792297
e2e,871,54.644981384277344,14.673383712768555,0.8137497901916504,0.18194198608398438
e2e,872,53.209041595458984,15.828330993652344,0.7647935748100281,0.3067958652973175
e2e,873,58.60729217529297,11.432663917541504,0.8323331475257874,0.12207839637994766
e2e,874,51.379920959472656,16.326622009277344,0.7792391777038574,0.31042006611824036
e2e,875,58.655540466308594,10.568289756774902,0.838047981262207,0.2936924993991852
e2e,876,52.07958221435547,16.59032440185547,0.758599579334259,0.47006189823150635
e2e,877,51.649993896484375,16.922992706298828,0.7708427906036377,0.7589932084083557
e2e,878,59.28459930419922,11.194416999816895,0.8285214900970459,0.3140842616558075
e2e,880,54.081275939941406,14.97856330871582,0.6610939502716064,0.3332267701625824
e2e,881,56.95349884033203,12.460647583007812,0.7758035659790039,0.3836001455783844
e2e,882,56.16443634033203,12.467124938964844,0.784267008304596,0.1176062598824501
e2e,883,52.74691390991211,16.27257537841797,0.6310778856277466,0.28049132227897644
e2e,884,58.42911148071289,12.017730712890625,0.7023817300796509,0.12055197358131409
e2e,886,56.26447677612305,13.869537353515625,0.8014024496078491,0.32191744446754456
e2e,887,54.97712326049805,14.239555358886719,0.7830551862716675,0.3037072420120239
e2e,888,57.07810592651367,11.076473236083984,0.7749505043029785,0.1477198302745819
e2e,889,51.140663146972656,17.509620666503906,0.8077911138534546,0.23248787224292755
e2e,890,56.55209732055664,13.320708274841309,0.8140981197357178,0.35566386580467224
e2e,891,50.654014587402344,16.694995880126953,0.6664206981658936,0.21027350425720215
e2e,893,54.603515625,15.311630249023438,0.6394323110580444,0.14932353794574738
e2e,894,55.923828125,14.332501411437988,0.7044141292572021,0.28425174951553345
e2e,895,59.12059020996094,12.084985733032227,0.6369213461875916,0.24351242184638977
e2e,897,55.54728698730469,14.710412979125977,0.7320244908332825,0.2507169842720032
e2e,898,51.831966400146484,16.137569427490234,0.6504384279251099,0.24815012514591217
e2e,899,59.84847640991211,11.33985710144043,0.8186991214752197,0.1664997935295105
e2e,901,55.09571075439453,15.32296371459961,0.7736853361129761,0.2697475850582123
e2e,902,52.63948440551758,15.52737808227539,0.7395102381706238,0.2834862768650055
e2e,903,57.144248962402344,13.245953559875488,0.8327483534812927,0.2659251093864441
e2e,904,57.50879669189453,12.824199676513672,0.8477396368980408,0.1873135268688202
e2e,905,57.91934585571289,12.275369644165039,0.8453257083892822,0.14342354238033295
e2e,906,52.982112884521484,14.157485961914062,0.7501544952392578,0.14268191158771515
e2e,908,56.438533782958984,14.434913635253906,0.7459272742271423,0.24555706977844238
e2e,909,51.04963684082031,18.14916229248047,0.7011756300926208,0.4524196982383728
e2e,911,58.67814636230469,12.806632995605469,0.5879337191581726,0.3590995669364929
e2e,912,57.21635818481445,13.993497848510742,0.694573700428009,0.2509985864162445
e2e,913,58.03156280517578,13.048971176147461,0.647229015827179,0.17259539663791656
e2e,914,52.73118591308594,16.91468620300293,0.6183235049247742,0.3480808138847351
e2e,915,51.6270637512207,18.199851989746094,0.6054121255874634,0.7303661108016968
e2e,916,56.01279830932617,15.112907409667969,0.6978161334991455,0.20753973722457886
e2e,917,59.21924591064453,12.829240798950195,0.6005083918571472,0.41051357984542847
e2e,918,52.01383590698242,17.73111343383789,0.680182158946991,0.8267765641212463
e2e,919,55.337066650390625,15.820178985595703,0.7262862324714661,0.183631032705307
e2e,920,53.61318588256836,17.144329071044922,0.6823775172233582,0.1925385445356369
e2e,922,56.730628967285156,14.924581527709961,0.84311443567276,0.3048369884490967
e2e,923,60.245243072509766,12.373823165893555,0.8500503301620483,0.5017717480659485
e2e,924,51.118282318115234,18.655467987060547,0.8912907242774963,0.978557825088501
e2e,925,57.92013168334961,13.543946266174316,0.7454866766929626,0.26008695363998413
e2e,926,52.65691375732422,17.363842010498047,0.8488974571228027,0.41240909695625305
e2e,927,52.30120849609375,18.387107849121094,0.8277769088745117,0.9149240255355835
e2e,928,60.325016021728516,11.69204330444336,0.6778436303138733,0.5768827199935913
e2e,930,56.269615173339844,15.552057266235352,0.79030442237854,0.2795964181423187
e2e,931,53.551429748535156,16.37162208557129,0.8511722087860107,0.29724448919296265
e2e,932,53.717220306396484,15.645313262939453,0.8226625323295593,0.35705915093421936
e2e,933,59.554420471191406,12.34016227722168,0.6216415166854858,0.40054842829704285
e2e,935,51.886688232421875,18.75201416015625,0.6995034217834473,1.31382155418396
e2e,936,55.88661575317383,16.015392303466797,0.656495988368988,0.2342841923236847
e2e,937,57.07911682128906,15.620901107788086,0.6342935562133789,0.42961037158966064
e2e,938,58.09388732910156,14.614496231079102,0.6446546912193298,0.31539949774742126
e2e,939,53.2943115234375,17.742998123168945,0.5147509574890137,0.516371488571167
e2e,940,52.720577239990234,18.205764770507812,0.48927032947540283,0.5243167877197266
e2e,941,53.80937957763672,17.88778305053711,0.5026959180831909,0.37003615498542786
e2e,942,52.278648376464844,19.066265106201172,0.43475842475891113,1.2230496406555176
e2e,943,59.83237075805664,13.344809532165527,0.5196657180786133,0.42435482144355774
e2e,944,60.40933609008789,12.78321647644043,0.5790393352508545,0.5839170813560486
e2e,945,57.42490768432617,15.162933349609375,0.7653142809867859,0.18106117844581604
e2e,946,57.245731353759766,14.55356216430664,0.7634535431861877,0.26748767495155334
e2e,947,54.697998046875,16.037532806396484,0.7499715685844421,0.40355169773101807
e2e,948,53.23374557495117,18.225744247436523,0.6949631571769714,0.08302104473114014
e2e,949,51.72467041015625,19.544219970703125,0.7392244338989258,1.930756688117981
e2e,951,56.43132019042969,16.384613037109375,0.7374656200408936,0.17078238725662231
e2e,952,59.44507598876953,14.130431175231934,0.6158367395401001,0.2803676426410675
e2e,953,60.54435729980469,13.368390083312988,0.6063601970672607,0.627230167388916
e2e,954,55.52376937866211,17.259517669677734,0.6516711115837097,0.20491942763328552
e2e,955,60.018638610839844,14.028693199157715,0.5682594776153564,0.30072277784347534
e2e,956,56.934303283691406,16.30150032043457,0.7095701098442078,0.3041497766971588
e2e,958,51.665016174316406,20.160625457763672,0.5976935625076294,2.4133849143981934
e2e,960,56.395164489746094,16.923038482666016,0.8036465644836426,0.28625237941741943
e2e,961,57.75410842895508,15.929113388061523,0.7922860980033875,0.23445633053779602
e2e,962,54.5814208984375,17.259063720703125,0.7744939923286438,0.32952266931533813
e2e,963,58.511749267578125,13.54300308227539,0.8008910417556763,0.2588220238685608
e2e,964,54.40726852416992,18.471179962158203,0.7563579082489014,0.24469582736492157
e2e,965,53.572635650634766,18.625247955322266,0.7725138068199158,0.5033167600631714
e2e,966,59.694332122802734,14.576104164123535,0.7667196989059448,0.24511899054050446
e2e,967,60.51541519165039,14.203937530517578,0.78267502784729,0.6264585852622986
e2e,969,55.79851531982422,16.628618240356445,0.8112813234329224,0.3041384220123291
e2e,970,58.84843063354492,14.495604515075684,0.7917814254760742,0.15188896656036377
e2e,971,52.786529541015625,18.735105514526367,0.8113876581192017,0.6143940091133118
e2e,972,56.00313186645508,17.591053009033203,0.7444863319396973,0.1490734964609146
e2e,973,59.72087097167969,15.085958480834961,0.7300212383270264,0.31316420435905457
e2e,974,57.901268005371094,16.42212677001953,0.7935599088668823,0.28014808893203735
e2e,975,55.183597564697266,17.716793060302734,0.7565560340881348,0.24140672385692596
e2e,976,58.01885986328125,15.208295822143555,0.7912237644195557,0.024767545983195305
e2e,977,55.204383850097656,16.310327529907227,0.7671082019805908,0.2322438806295395
e2e,978,54.115055084228516,16.361440658569336,0.7768377065658569,0.26907119154930115
e2e,980,57.152381896972656,17.10926055908203,0.8348882794380188,0.36308643221855164
e2e,981,58.58759689331055,16.020662307739258,0.86939936876297,0.23107202351093292
e2e,982,54.22129821777344,19.132766723632812,0.7649892568588257,0.6593692898750305
e2e,983,52.68169403076172,19.896678924560547,0.7145341038703918,1.6790097951889038
e2e,984,60.77286148071289,14.670988082885742,0.8965966105461121,1.041361689567566
e2e,985,51.635372161865234,20.72549057006836,0.7724905014038086,2.8877713680267334
e2e,986,54.6578369140625,18.01931381225586,0.777332067489624,0.19859595596790314
e2e,987,59.9742431640625,15.53526496887207,0.8018845915794373,0.4564431309700012
e2e,988,61.39816665649414,14.422608375549316,0.9403265714645386,1.53623366355896
e2e,989,59.22480010986328,15.110597610473633,0.8522723317146301,0.34001848101615906
e2e,990,53.288352966308594,19.918916702270508,0.7521291375160217,1.6229366064071655
e2e,991,56.38111114501953,18.014455795288086,0.7991493940353394,0.3777350187301636
e2e,992,57.77720642089844,17.065702438354492,0.8662494421005249,0.2464134395122528
e2e,993,52.80636978149414,19.363908767700195,0.7749521732330322,1.1383252143859863
e2e,994,53.64931106567383,19.298534393310547,0.7481133937835693,1.0971388816833496
e2e,995,52.18033218383789,20.722749710083008,0.785478413105011,2.630648136138916
e2e,996,58.66546630859375,15.112078666687012,0.8110973238945007,0.37207961082458496
e2e,997,58.32957458496094,14.129980087280273,0.7954360842704773,0.16985952854156494
e2e,998,55.884178161621094,18.34770393371582,0.6973203420639038,0.12702257931232452
e2e,1000,53.07639694213867,20.664939880371094,0.6849851608276367,2.3681581020355225
e2e,1003,61.36720657348633,14.933785438537598,0.8651096820831299,1.4737186431884766
e2e,1004,62.12912368774414,14.355610847473145,0.8739488124847412,1.9491150379180908
e2e,1005,56.718257904052734,18.455245971679688,0.7961655855178833,0.2676711082458496
e2e,1006,58.73654556274414,16.75786781311035,0.8499453067779541,0.1743692010641098
e2e,1007,58.25508499145508,17.260019302368164,0.8214154839515686,0.20405970513820648
e2e,1008,54.32018280029297,19.927242279052734,0.7675933837890625,1.3593580722808838
e2e,1009,54.13124465942383,17.509681701660156,0.7280470728874207,0.2923295497894287
e2e,1010,60.29541778564453,14.99792766571045,0.7054657340049744,0.5958216190338135
e2e,1011,60.390132904052734,16.07423973083496,0.7121052742004395,0.5535343885421753
e2e,1012,52.886226654052734,21.298812866210938,0.7111036777496338,3.015324354171753
e2e,1014,57.22284698486328,17.671756744384766,0.7089033722877502,0.13206271827220917
e2e,1015,56.33577346801758,19.002897262573242,0.6931426525115967,0.200849249958992
e2e,1016,59.3293342590332,16.5611572265625,0.7221152782440186,0.0825512632727623
e2e,1017,58.9408073425293,15.681506156921387,0.7205787897109985,0.2920796275138855
e2e,1018,60.09648895263672,16.586116790771484,0.6535993814468384,0.3210543394088745
e2e,1019,61.168880462646484,15.510025024414062,0.7837554216384888,0.909497857093811
e2e,1020,58.29618835449219,17.9029483795166,0.7387824654579163,0.21906839311122894
e2e,1021,55.07601547241211,20.076961517333984,0.6847959756851196,1.2510695457458496
e2e,1022,53.89259338378906,20.86860466003418,0.6819534301757812,2.37630033493042
e2e,1023,53.42518615722656,21.074565887451172,0.6943414807319641,2.7392733097076416
e2e,1025,57.391658782958984,18.623443603515625,0.7568787932395935,0.3179440200328827
e2e,1026,59.024314880371094,17.17386245727539,0.7845208048820496,0.22767274081707
e2e,1027,60.6059455871582,15.522180557250977,0.722867488861084,0.8630093932151794
e2e,1028,61.818443298339844,15.57794189453125,0.8694248199462891,0.7458710074424744
e2e,1029,62.47799301147461,15.124696731567383,0.8953363299369812,1.1850935220718384
e2e,1031,55.802490234375,19.410226821899414,0.6944881081581116,0.5401323437690735
e2e,1032,56.92391586303711,19.12187385559082,0.692341685295105,0.254219651222229
e2e,1033,55.00352096557617,18.872886657714844,0.7181000113487244,0.48389559984207153
e2e,1034,53.658424377441406,20.259531021118164,0.7256421446800232,1.908572793006897
e2e,1035,54.688331604003906,20.707860946655273,0.6893255710601807,1.9816898107528687
e2e,1036,61.127662658691406,16.2573299407959,0.7017166614532471,0.4601666033267975
e2e,1037,58.16887664794922,18.52635383605957,0.6828187704086304,0.20302355289459229
e2e,1038,58.83387756347656,17.901493072509766,0.7077345848083496,0.1401219367980957
e2e,1039,60.20303726196289,17.17279624938965,0.6500661373138428,0.27791813015937805
e2e,1040,57.61553192138672,19.16035270690918,0.6724063158035278,0.20268775522708893
e2e,1041,58.6796989440918,18.384410858154297,0.6988617181777954,0.14653770625591278
e2e,1042,59.43998336791992,17.467838287353516,0.6856898069381714,0.29255831241607666
e2e,1043,53.652767181396484,21.66314697265625,0.6463524103164673,3.2063732147216797
e2e,1046,55.2591552734375,20.79205322265625,0.5823162794113159,1.8471782207489014
e2e,1047,54.366546630859375,21.241289138793945,0.5619362592697144,2.604935884475708
e2e,1048,61.04228973388672,16.87679100036621,0.6803733110427856,0.19995421171188354
e2e,1049,56.463714599609375,19.63663101196289,0.6017429828643799,0.47812771797180176
e2e,1050,57.50394058227539,19.726638793945312,0.7375480532646179,0.37275755405426025
e2e,1051,56.30939483642578,20.134824752807617,0.7282863855361938,0.7673431634902954
e2e,1052,59.34516143798828,18.533052444458008,0.7466692328453064,0.2544829845428467
e2e,1053,59.59815979003906,18.08464241027832,0.7268408536911011,0.2014295756816864
e2e,1054,57.76307678222656,18.036300659179688,0.7453135848045349,0.2712033689022064
e2e,1055,60.70740509033203,17.471881866455078,0.699297308921814,0.21405276656150818
e2e,1057,61.52651596069336,16.68760871887207,0.8665358424186707,0.2604369819164276
e2e,1058,54.58975601196289,19.505882263183594,0.8056086897850037,0.914909839630127
e2e,1059,54.955780029296875,21.431583404541016,0.7859027981758118,2.210853099822998
e2e,1060,62.62604522705078,15.992042541503906,0.8355264067649841,0.3106212019920349
e2e,1061,61.444114685058594,17.310306549072266,0.7442940473556519,0.25695955753326416
e2e,1062,58.824893951416016,19.174055099487305,0.7957612872123718,0.07814572751522064
e2e,1063,58.00418472290039,19.750154495239258,0.7929383516311646,0.3267771899700165
e2e,1064,57.14912414550781,20.14788818359375,0.7597498893737793,0.37978389859199524
e2e,1065,53.763519287109375,22.14113426208496,0.7666277885437012,3.5603973865509033
e2e,1067,58.51423645019531,19.566431045532227,0.8076423406600952,0.1739780753850937
e2e,1069,59.39042282104492,19.083606719970703,0.8444616198539734,0.2649771571159363
e2e,1070,55.619049072265625,21.48468589782715,0.7814072370529175,1.5944067239761353
e2e,1071,54.20619583129883,22.51528549194336,0.797482967376709,3.315532922744751
e2e,1072,62.21611404418945,17.13483428955078,0.9676563143730164,0.41756099462509155
e2e,1073,54.12730407714844,20.429113388061523,0.8236427307128906,1.894793152809143
e2e,1074,61.95286560058594,16.425350189208984,1.0273911952972412,0.17517808079719543
e2e,1075,56.469566345214844,20.703392028808594,0.8378140926361084,0.6757367253303528
e2e,1078,61.33635330200195,17.779054641723633,0.8972991108894348,0.20352578163146973
e2e,1079,59.0546989440918,19.849750518798828,0.8578096628189087,0.18303313851356506
e2e,1080,59.903472900390625,19.159387588500977,0.8647099733352661,0.16164995729923248
e2e,1081,54.80426788330078,22.028491973876953,0.8035512566566467,2.5602643489837646
e2e,1082,55.865570068359375,21.97848129272461,0.8508273363113403,1.6465260982513428
e2e,1083,55.04521560668945,22.540672302246094,0.8196209669113159,2.6322731971740723
e2e,1085,57.721370697021484,20.634658813476562,0.8409653902053833,0.3694286346435547
e2e,1086,60.64952087402344,18.682035446166992,0.8231256604194641,0.2324489951133728
e2e,1087,54.220680236816406,23.178672790527344,0.8482458591461182,3.6749701499938965
e2e,1089,60.45887756347656,19.272811889648438,0.8399186730384827,0.41979023814201355
e2e,1090,62.149131774902344,18.124155044555664,0.7963913679122925,0.055478714406490326
e2e,1091,59.93842315673828,19.72268295288086,0.843199610710144,0.11592565476894379
e2e,1092,58.81147384643555,20.42928123474121,0.8490104675292969,0.3361295163631439
e2e,1093,59.92551803588867,18.470691680908203,0.834347128868103,0.23084311187267303
e2e,1094,63.036956787109375,17.480043411254883,1.0210919380187988,0.46578577160835266
e2e,1095,57.40355682373047,21.223400115966797,0.8551546335220337,0.18470512330532074
e2e,1096,58.38286209106445,20.706073760986328,0.8641328811645508,0.1559872180223465
e2e,1097,61.89497756958008,17.659408569335938,0.841356098651886,0.25252413749694824
e2e,1098,62.809844970703125,17.939220428466797,0.8498165607452393,0.20289969444274902
e2e,1099,64.1232681274414,16.873546600341797,1.126828908920288,0.4807710647583008
e2e,1100,63.02876663208008,16.826892852783203,1.0471892356872559,0.2756684720516205
e2e,1101,61.15816116333008,19.025903701782227,0.8187930583953857,0.33347511291503906
e2e,1102,57.10916519165039,20.6818904876709,0.8612967133522034,0.27521616220474243
e2e,1103,63.66480255126953,17.51224136352539,0.9320736527442932,0.32212474942207336
e2e,1104,59.59372329711914,20.739049911499023,0.9861823320388794,0.29816383123397827
e2e,1105,58.5786247253418,21.436559677124023,0.960293710231781,0.3635109066963196
e2e,1106,61.787353515625,19.171772003173828,0.9633771777153015,0.27503371238708496
e2e,1107,61.90194320678711,18.595853805541992,0.9629495739936829,0.24620354175567627
e2e,1108,60.73130798339844,19.716873168945312,0.9954174757003784,0.3356189727783203
e2e,1109,61.37738800048828,18.595808029174805,0.95244961977005,0.2703033983707428
e2e,1110,55.641448974609375,20.916168212890625,0.8821181058883667,1.4705572128295898
e2e,1111,56.08001708984375,22.809505462646484,0.9261645078659058,2.115434408187866
e2e,1112,63.512229919433594,18.319149017333984,0.9600158333778381,0.35331106185913086
e2e,1115,57.95262145996094,21.641666412353516,0.9250640273094177,0.2812400460243225
e2e,1116,56.896766662597656,22.680259704589844,0.8976230621337891,1.4228154420852661
e2e,1117,64.65516662597656,17.671438217163086,1.045860767364502,0.49653586745262146
e2e,1118,65.09415435791016,17.42209243774414,1.0997304916381836,0.3431619107723236
e2e,1119,54.71367645263672,23.972450256347656,0.879668116569519,3.45228910446167
e2e,1120,59.03034591674805,20.90509605407715,1.0135605335235596,0.3424238860607147
e2e,1121,55.602691650390625,22.46153450012207,0.941974401473999,2.1774375438690186
e2e,1122,60.892059326171875,18.004093170166016,0.9666656255722046,0.41017666459083557
e2e,1123,55.258304595947266,23.590456008911133,0.9498472213745117,3.2383975982666016
e2e,1124,61.8191032409668,19.692766189575195,1.018495798110962,0.2871178090572357
e2e,1125,58.04948425292969,21.119060516357422,0.9642476439476013,0.3403216302394867
e2e,1126,63.355403900146484,18.802480697631836,0.9703189134597778,0.2830927073955536
e2e,1127,60.248191833496094,20.909088134765625,1.009067177772522,0.3798567056655884
e2e,1128,59.50228500366211,21.332332611083984,0.9746109843254089,0.3320307731628418
e2e,1129,62.329532623291016,19.15132713317871,0.9748849272727966,0.3427625596523285
e2e,1130,55.98756408691406,23.4741268157959,0.9362280964851379,2.6183619499206543
e2e,1131,58.73302459716797,22.0042667388916,0.9779069423675537,0.4304032623767853
e2e,1132,62.732887268066406,18.82886505126953,0.9476017355918884,0.24792222678661346
e2e,1133,60.802371978759766,20.244125366210938,1.0133538246154785,0.3311407268047333
e2e,1134,60.3021125793457,20.359111785888672,1.011749505996704,0.38881343603134155
e2e,1135,56.62687301635742,21.46407699584961,0.903124213218689,0.7652711272239685
e2e,1136,64.10882568359375,18.597400665283203,0.9069371223449707,0.17588898539543152
e2e,1137,54.420135498046875,24.499679565429688,0.9372073411941528,2.9185571670532227
e2e,1139,61.597625732421875,20.52970314025879,0.9318276047706604,0.3254603445529938
e2e,1140,64.0802230834961,18.047142028808594,0.8296244144439697,0.32662442326545715
e2e,1141,57.007469177246094,23.30561637878418,0.8721356391906738,1.8891924619674683
e2e,1145,58.31001281738281,22.30950927734375,0.8880491256713867,0.7540913224220276
e2e,1146,62.249732971191406,20.109119415283203,0.9709216952323914,0.3922916352748871
e2e,1147,59.671363830566406,20.191078186035156,0.9172155857086182,0.18261748552322388
e2e,1148,65.37460327148438,18.195207595825195,0.8701584339141846,0.2733324468135834
e2e,1149,60.86592483520508,21.1652889251709,0.889536440372467,0.3796280324459076
e2e,1150,59.85246658325195,21.738811492919922,0.8599266409873962,0.39831215143203735
e2e,1151,64.66634368896484,18.32013511657715,0.763649582862854,0.27603304386138916
e2e,1152,57.13663864135742,21.846874237060547,0.8332017064094543,0.721449077129364
e2e,1154,59.29055404663086,22.22406005859375,0.8923202157020569,0.184522345662117
e2e,1155,62.7955207824707,19.97365951538086,0.9045578241348267,0.2547335922718048
e2e,1156,64.15806579589844,19.1817626953125,0.8811001181602478,0.3628106117248535
e2e,1157,64.00563049316406,19.6783447265625,0.944646418094635,0.3543640077114105
e2e,1158,55.07542419433594,24.56757354736328,0.9943358302116394,2.936854600906372
e2e,1159,58.01343536376953,22.85175323486328,0.8697967529296875,1.2821155786514282
e2e,1160,61.343284606933594,21.304162979125977,1.025457501411438,0.2978602349758148
e2e,1161,61.9522819519043,20.926246643066406,1.06056547164917,0.3807394206523895
e2e,1162,64.56317901611328,18.737598419189453,1.1373705863952637,0.35988372564315796
e2e,1163,56.450477600097656,23.737590789794922,0.8369439244270325,2.4168035984039307
e2e,1166,59.23965835571289,22.770048141479492,0.7685391902923584,0.4655589163303375
e2e,1167,60.257625579833984,22.30084991455078,0.8030617833137512,0.13387835025787354
e2e,1168,55.53977584838867,23.05496597290039,0.7701047658920288,2.661435604095459
e2e,1169,60.31269836425781,21.406301498413086,0.8345726728439331,0.11602085828781128
e2e,1170,55.5013542175293,23.996849060058594,0.7540311813354492,3.312403678894043
e2e,1171,57.82216262817383,23.82358169555664,0.7450456619262695,1.0877732038497925
e2e,1172,54.94466781616211,25.451923370361328,0.7489877939224243,2.0274763107299805
e2e,1173,57.47725296020508,23.073261260986328,0.7297809720039368,1.5085864067077637
e2e,1175,56.23848342895508,22.351316452026367,0.7539968490600586,1.6887027025222778
e2e,1176,57.2992057800293,22.419706344604492,0.7461146116256714,0.9619439840316772
e2e,1177,57.63044357299805,22.036211013793945,0.7464978694915771,0.4709978699684143
e2e,1178,56.040283203125,24.07954216003418,0.723604679107666,2.768660306930542
e2e,1179,65.57413482666016,19.148279190063477,0.7912448644638062,0.08870203047990799
e2e,1181,60.94670867919922,22.124340057373047,0.7817888259887695,0.24127303063869476
e2e,1182,62.519317626953125,21.03595733642578,0.8407067656517029,0.3754764199256897
e2e,1183,64.46019744873047,19.909170150756836,0.8541792035102844,0.2095828354358673
e2e,1184,66.00720977783203,18.65203094482422,0.9012572765350342,0.19932827353477478
e2e,1185,58.770286560058594,23.31781005859375,0.7292765974998474,0.5173042416572571
e2e,1186,63.2857551574707,20.44524574279785,0.8162091970443726,0.41444194316864014
e2e,1187,63.398826599121094,19.886592864990234,0.8009931445121765,0.27666258811950684
e2e,1188,63.8983039855957,20.45884132385254,0.792457103729248,0.3272711932659149
e2e,1189,64.62338256835938,19.412479400634766,0.7728354334831238,0.3352559208869934
e2e,1190,56.61845016479492,24.270933151245117,0.717792272567749,2.1820967197418213
e2e,1191,66.08940124511719,19.196884155273438,0.8289006948471069,0.14734463393688202
e2e,1192,59.48851776123047,23.22084617614746,0.7137768864631653,0.42137736082077026
e2e,1193,57.07837677001953,23.822616577148438,0.6812503337860107,1.7884081602096558
e2e,1194,56.91484832763672,24.766326904296875,0.6635369658470154,1.944473385810852
e2e,1195,62.030242919921875,21.836071014404297,0.8546667695045471,0.27604997158050537
e2e,1196,63.488853454589844,19.340452194213867,0.8187084197998047,0.324941486120224
e2e,1197,65.25489807128906,19.876718521118164,0.7684088349342346,0.09207487851381302
e2e,1198,55.445064544677734,25.477991104125977,0.7524961233139038,2.1923508644104004
e2e,1199,56.0706901550293,25.335147857666016,0.7212855815887451,2.201476812362671
e2e,1200,56.468441009521484,24.9864501953125,0.7278766632080078,2.4306347370147705
e2e,1201,61.74504852294922,22.228187561035156,0.675006628036499,0.14886868000030518
e2e,1202,60.283512115478516,22.937076568603516,0.6464243531227112,0.10767664760351181
e2e,1203,62.521697998046875,21.59551239013672,0.7134698033332825,0.2123727947473526
e2e,1204,58.173282623291016,24.359785079956055,0.579242467880249,0.6563282012939453
e2e,1205,60.891475677490234,22.759654998779297,0.6422887444496155,0.12328134477138519
e2e,1206,61.31214904785156,21.68442153930664,0.6788711547851562,0.23329602181911469
e2e,1207,62.20919418334961,20.645339965820312,0.7224256992340088,0.3123686909675598
e2e,1208,55.71461868286133,24.498029708862305,0.7082964181900024,3.092089891433716
e2e,1211,62.74831008911133,20.473129272460938,0.769784152507782,0.23010776937007904
e2e,1212,61.53004455566406,22.754047393798828,0.7770699262619019,0.28243792057037354
e2e,1213,59.32944869995117,24.201297760009766,0.8119986057281494,0.5407543778419495
e2e,1214,63.3487434387207,21.157989501953125,0.9089809060096741,0.24598222970962524
e2e,1215,62.47154235839844,22.194011688232422,0.804088830947876,0.14268611371517181
e2e,1216,64.5566635131836,20.534282684326172,0.7031685709953308,0.39957961440086365
e2e,1217,59.83061981201172,23.869234085083008,0.8539775609970093,0.32507169246673584
e2e,1218,65.78470611572266,19.623516082763672,0.6340867280960083,0.37597328424453735
e2e,1219,62.98814392089844,19.47197914123535,0.7567543983459473,0.3111623227596283
e2e,1220,63.419612884521484,22.130329132080078,0.7224991917610168,0.1877477765083313
e2e,1221,62.53208923339844,22.77846336364746,0.7102922201156616,0.29329848289489746
e2e,1222,61.098392486572266,23.354537963867188,0.7847871780395508,0.12771207094192505
e2e,1223,60.623199462890625,23.578662872314453,0.7822234034538269,0.31420454382896423
e2e,1224,65.38592529296875,20.61482810974121,0.7417446374893188,0.32570740580558777
e2e,1225,67.34821319580078,18.374069213867188,0.8240458369255066,0.6439183354377747
e2e,1226,57.3367919921875,24.408483505249023,0.6922880411148071,1.4688750505447388
e2e,1227,58.98194122314453,23.85108184814453,0.7317659854888916,0.3380141854286194
e2e,1228,66.67207336425781,19.359121322631836,0.7211390137672424,0.1407935619354248
e2e,1229,59.948490142822266,24.652877807617188,0.7846930623054504,0.7757801413536072
e2e,1230,63.683956146240234,21.525062561035156,0.7522915601730347,0.087859608232975
e2e,1231,60.43827438354492,24.052383422851562,0.7442522048950195,0.3777114748954773
e2e,1232,67.18811798095703,19.0788516998291,0.605100154876709,0.20691965520381927
e2e,1233,66.57479858398438,18.51367950439453,0.7227921485900879,0.3214229345321655
e2e,1234,58.95375442504883,24.790437698364258,0.695560097694397,0.5187155604362488
e2e,1235,57.730281829833984,24.94843292236328,0.657743513584137,1.2553703784942627
e2e,1236,61.77075958251953,23.468883514404297,0.6422874927520752,0.36067435145378113
e2e,1237,65.71582794189453,20.216014862060547,0.6959473490715027,0.12337192893028259
e2e,1238,61.780242919921875,24.026453018188477,0.6475148797035217,0.26215073466300964
e2e,1239,60.76248550415039,24.805164337158203,0.7059181928634644,0.9059047698974609
e2e,1240,61.16197967529297,23.949047088623047,0.7844495177268982,0.3527189791202545
e2e,1241,63.08343505859375,21.54609489440918,0.7160230875015259,0.1591968685388565
e2e,1242,63.31060791015625,22.964279174804688,0.6981223225593567,0.2970016598701477
e2e,1243,66.20338439941406,20.000885009765625,0.7230242490768433,0.23209261894226074
e2e,1244,64.2888412475586,21.630006790161133,0.6916830539703369,0.3021434247493744
e2e,1245,63.01152038574219,23.43621826171875,0.6760078072547913,0.31829604506492615
e2e,1246,65.44534301757812,21.347898483276367,0.628553032875061,0.2368912696838379
e2e,1247,63.81697082519531,22.650941848754883,0.6493082642555237,0.3377058207988739
e2e,1248,64.87970733642578,21.054611206054688,0.6882567405700684,0.4108855128288269
e2e,1249,61.22651672363281,24.535602569580078,0.6570442318916321,0.7670020461082458
e2e,1250,66.13196563720703,20.625272750854492,0.6701676845550537,0.420728862285614
e2e,1251,63.07343292236328,22.507226943969727,0.663126528263092,0.14752817153930664
e2e,1252,61.503665924072266,25.372774124145508,0.624885082244873,0.7609272003173828
e2e,1253,60.96915817260742,25.36994171142578,0.6360586881637573,0.9397110939025879
e2e,1254,62.37467956542969,24.18878936767578,0.6534833908081055,0.23159019649028778
e2e,1255,67.06975555419922,19.871511459350586,0.7129615545272827,0.1489458829164505
e2e,1257,60.14177703857422,25.16396141052246,0.6810842752456665,0.9169772863388062
e2e,1259,64.50529479980469,22.5975399017334,0.7307772040367126,0.19471415877342224
e2e,1260,64.9097671508789,21.927696228027344,0.7638075947761536,0.2888091206550598
e2e,1261,68.01860809326172,18.900527954101562,0.795587420463562,0.8248105645179749
e2e,1263,62.02726745605469,25.33783721923828,0.7119858264923096,0.47397056221961975
e2e,1264,62.974273681640625,23.967134475708008,0.7430796027183533,0.23840075731277466
e2e,1265,62.36372375488281,23.599964141845703,0.759941577911377,0.2571329176425934
e2e,1266,66.78585052490234,20.512405395507812,0.8000520467758179,0.3282153010368347
e2e,1267,63.90559005737305,21.055891036987305,0.8238067626953125,0.2625581622123718
e2e,1271,63.61594772338867,23.886350631713867,0.7045335173606873,0.20435340702533722
e2e,1272,68.061279296875,19.633922576904297,0.8129253387451172,0.37996482849121094
e2e,1273,64.39864349365234,23.371540069580078,0.6765691637992859,0.16670583188533783
e2e,1274,66.68551635742188,20.99917221069336,0.7298305034637451,0.2761339247226715
e2e,1276,64.92465209960938,22.914653778076172,0.7512586712837219,0.31335318088531494
e2e,1277,65.78450775146484,22.111713409423828,0.7645498514175415,0.29156485199928284
e2e,1278,67.63914489746094,20.115501403808594,0.8145760297775269,0.3876083791255951
e2e,1279,63.36075973510742,24.779720306396484,0.7587308883666992,0.19895543158054352
e2e,1280,62.73789596557617,25.403263092041016,0.7679471373558044,0.4685182273387909
e2e,1281,62.67653274536133,24.64977264404297,0.7826144695281982,0.14655262231826782
e2e,1282,63.716766357421875,23.30301284790039,0.7543171644210815,0.40010541677474976
e2e,1284,64.04446411132812,24.2086238861084,0.6533069610595703,0.2656380832195282
e2e,1285,64.4613265991211,23.892820358276367,0.6679481267929077,0.28535667061805725
e2e,1286,65.96577453613281,21.179763793945312,0.8706201314926147,0.3447018563747406
e2e,1287,65.01176452636719,23.77124786376953,0.7344379425048828,0.21961621940135956
e2e,1288,67.45606231689453,21.16609001159668,0.7887309193611145,0.17362281680107117
e2e,1291,65.62775421142578,23.228429794311523,0.7429808974266052,0.2157256305217743
e2e,1292,65.95896911621094,22.638521194458008,0.7540789842605591,0.28829625248908997
e2e,1293,65.42828369140625,22.698171615600586,0.7531662583351135,0.13320478796958923
e2e,1294,68.83262634277344,20.04248046875,0.8440456390380859,0.3798072040081024
e2e,1295,66.13945770263672,21.75666618347168,0.7743964195251465,0.2933749556541443
e2e,1296,66.87889099121094,22.245685577392578,0.7376699447631836,0.1987173706293106
e2e,1297,64.3216552734375,24.667804718017578,0.761417031288147,0.43740540742874146
e2e,1298,68.18447875976562,20.739273071289062,0.8181213736534119,0.3782300353050232
e2e,1299,63.52468490600586,25.694355010986328,0.7927534580230713,0.38354918360710144
e2e,1300,65.62567138671875,23.75846290588379,0.6770637035369873,0.2687115967273712
e2e,1301,68.71997833251953,20.653352737426758,0.8044384121894836,0.11470416188240051
e2e,1302,65.31187438964844,24.269763946533203,0.7002870440483093,0.2465398609638214
e2e,1303,64.88928985595703,24.538469314575195,0.7078320384025574,0.16207410395145416
e2e,1304,67.46321105957031,21.941320419311523,0.7551273107528687,0.27823787927627563
e2e,1305,64.00585174560547,25.51678466796875,0.7356030344963074,0.03522232174873352
e2e,1306,66.49030303955078,22.782005310058594,0.740350067615509,0.2911619544029236
e2e,1307,66.79231262207031,21.614166259765625,0.7817710638046265,0.23196052014827728
e2e,1308,62.531944274902344,26.004718780517578,0.7487669587135315,0.7454143762588501
e2e,1309,63.76720428466797,26.345958709716797,0.7271599173545837,0.43911486864089966
e2e,1310,65.97052001953125,24.180126190185547,0.7339130640029907,0.23061150312423706
e2e,1311,66.3049087524414,23.53946304321289,0.7547854781150818,0.2146267592906952
e2e,1312,68.08631134033203,22.004764556884766,0.8425447344779968,0.1538507491350174
e2e,1313,62.98405075073242,26.358875274658203,0.658787727355957,0.4087023138999939
e2e,1314,67.30684661865234,20.511430740356445,0.8856738209724426,0.2570410370826721
e2e,1315,68.47200775146484,21.211986541748047,0.8432930111885071,0.30945655703544617
e2e,1316,65.58464813232422,25.223318099975586,0.5211092233657837,0.1888931691646576
e2e,1317,64.50060272216797,25.144561767578125,0.5814814567565918,0.23638154566287994
e2e,1318,69.30750274658203,20.204442977905273,0.5986313819885254,0.7227703928947449
e2e,1319,69.27018737792969,21.053844451904297,0.5444831848144531,0.2055904120206833
e2e,1321,67.0519790649414,23.19403839111328,0.601243257522583,0.28346213698387146
e2e,1322,66.66310119628906,24.158771514892578,0.6164612770080566,0.2915465831756592
e2e,1323,68.168212890625,20.204647064208984,0.7125957608222961,0.26570889353752136
e2e,1324,64.64341735839844,26.51674461364746,0.5712045431137085,0.13384290039539337
e2e,1326,66.326416015625,24.740053176879883,0.6514326930046082,0.3159835934638977
e2e,1327,68.6539535522461,21.70245933532715,0.6399922370910645,0.27112773060798645
e2e,1328,64.92957305908203,25.929698944091797,0.687404990196228,0.26391926407814026
e2e,1329,69.90152740478516,20.744159698486328,0.6426757574081421,0.6611801385879517
e2e,1331,67.27689361572266,23.84023666381836,0.6436439752578735,0.19686277210712433
e2e,1332,68.64315032958984,22.57918357849121,0.6092415452003479,0.2523811459541321
e2e,1333,65.09989929199219,25.170900344848633,0.6599854826927185,0.07195485383272171
e2e,1334,67.96965789794922,21.258285522460938,0.7333033680915833,0.20509694516658783
e2e,1335,67.80470275878906,22.4688777923584,0.6743108630180359,0.12091551721096039
e2e,1336,66.9784164428711,24.536930084228516,0.7178330421447754,0.22532537579536438
e2e,1337,66.70477294921875,25.108078002929688,0.7231628894805908,0.23303818702697754
e2e,1338,65.88211822509766,26.057666778564453,0.7008486986160278,0.34866568446159363
e2e,1339,68.21920776367188,23.36200523376465,0.7263122797012329,0.3856126070022583
e2e,1342,69.18630981445312,22.38874053955078,0.7550428509712219,0.18961533904075623
e2e,1343,70.19969177246094,21.196290969848633,0.8173600435256958,0.5182480216026306
e2e,1345,64.45579528808594,27.275901794433594,0.7729521989822388,0.30048391222953796
e2e,1346,67.2481689453125,22.68197250366211,0.7687739133834839,0.3810354769229889
e2e,1348,67.54885864257812,24.741336822509766,0.7411828637123108,0.16114544868469238
e2e,1349,66.42935943603516,26.034263610839844,0.7178129553794861,0.2855100929737091
e2e,1350,66.31175994873047,25.50752067565918,0.7402247190475464,0.1514059454202652
e2e,1351,69.35368347167969,22.92155647277832,0.8357633948326111,0.25688406825065613
e2e,1352,70.28327178955078,21.888532638549805,0.8650082349777222,0.20516306161880493
e2e,1353,64.27312469482422,25.95997428894043,0.7761193513870239,0.45754706859588623
e2e,1354,70.87089538574219,21.610864639282227,0.9162309169769287,0.7260933518409729
e2e,1355,68.30133056640625,24.076557159423828,0.7783008813858032,0.29745110869407654
e2e,1356,65.96678924560547,27.022951126098633,0.7659170031547546,0.33985114097595215
e2e,1357,65.41207122802734,27.131990432739258,0.7835556268692017,0.29174044728279114
e2e,1358,67.80933380126953,23.643198013305664,0.7943478226661682,0.2766300439834595
e2e,1359,69.31437683105469,21.470714569091797,0.8513096570968628,0.18179307878017426
e2e,1360,69.7474594116211,21.91474151611328,0.8111746311187744,0.19583430886268616
e2e,1361,68.0165786743164,24.496597290039062,0.7233495116233826,0.21785667538642883
e2e,1362,66.87720489501953,25.68399429321289,0.7381524443626404,0.05259495601058006
e2e,1363,67.21194458007812,25.263404846191406,0.7662373781204224,0.27535128593444824
e2e,1364,65.31439208984375,26.39621353149414,0.7563554048538208,0.3572762608528137
e2e,1365,64.66949462890625,28.473201751708984,0.7716208696365356,0.35301169753074646
e2e,1366,68.02055358886719,25.30339241027832,0.8313799500465393,0.18350176513195038
e2e,1367,68.68858337402344,23.63561248779297,0.8538907766342163,0.34403350949287415
e2e,1368,66.5112075805664,26.816381454467773,0.7365381121635437,0.23572580516338348
e2e,1369,69.11029052734375,24.01459503173828,0.8429163098335266,0.35459399223327637
e2e,1370,69.98966979980469,22.710189819335938,0.8265044093132019,0.20039579272270203
e2e,1371,67.29076385498047,26.05484390258789,0.7991884350776672,0.2165219932794571
e2e,1372,69.69639587402344,23.327796936035156,0.7789468169212341,0.3060916066169739
e2e,1373,71.5283203125,21.62218475341797,0.7978408932685852,1.289563536643982
e2e,1375,71.194091796875,22.069555282592773,0.6977209448814392,0.8670185804367065
e2e,1376,65.29492950439453,28.169200897216797,0.6846621036529541,0.21966253221035004
e2e,1378,66.01107025146484,27.75613784790039,0.6365658044815063,0.24600379168987274
e2e,1381,68.60476684570312,25.082374572753906,0.7874207496643066,0.0543234758079052
e2e,1382,70.73715209960938,22.7398738861084,0.6811308860778809,0.15101493895053864
e2e,1383,69.87525939941406,23.875839233398438,0.7079265713691711,0.30247482657432556
e2e,1385,68.36894989013672,25.726072311401367,0.7752988934516907,0.08540040999650955
e2e,1386,67.98043823242188,26.602436065673828,0.7503634691238403,0.12260019779205322
e2e,1387,66.73260498046875,27.432865142822266,0.6787481307983398,0.24432969093322754
e2e,1388,67.59717559814453,27.170852661132812,0.6901625990867615,0.37602126598358154
e2e,1389,69.57814025878906,24.75136947631836,0.7699813842773438,0.4338318407535553
e2e,1390,68.61119079589844,24.477697372436523,0.7870411276817322,0.21619869768619537
e2e,1391,70.46272277832031,23.676982879638672,0.7249218225479126,0.04456887021660805
e2e,1392,71.45743560791016,22.65353775024414,0.6993735432624817,0.5482292771339417
e2e,1393,63.712799072265625,27.501941680908203,0.8273665904998779,0.31034308671951294
e2e,1394,65.15515899658203,28.891441345214844,0.7233493328094482,0.28859513998031616
e2e,1395,65.86585998535156,28.722003936767578,0.6834499835968018,0.2160685956478119
e2e,1396,64.88813781738281,27.543704986572266,0.7284030318260193,0.2815839648246765
e2e,1397,63.91927719116211,29.229415893554688,0.683822751045227,0.5810290575027466
e2e,1399,64.31753540039062,29.78890609741211,0.6595607399940491,0.5791730880737305
e2e,1400,67.58206939697266,25.636615753173828,0.6841984391212463,0.23740817606449127
e2e,1401,63.49199295043945,28.751216888427734,0.8061426281929016,0.4931148290634155
e2e,1402,64.0960464477539,28.301612854003906,0.7530169486999512,0.32511794567108154
e2e,1403,71.02722930908203,23.3179988861084,0.7071542739868164,0.17403577268123627
e2e,1404,66.40552520751953,28.725330352783203,0.6506191492080688,0.26999592781066895
e2e,1405,63.538719177246094,29.75829315185547,0.7396889328956604,0.4190690517425537
e2e,1406,68.60617065429688,26.474159240722656,0.782164990901947,0.1400584578514099
e2e,1407,66.74592590332031,27.984664916992188,0.8058452010154724,0.24966800212860107
e2e,1408,69.01900482177734,25.71323013305664,0.7911868691444397,0.2950592041015625
e2e,1409,67.29082489013672,26.623720169067383,0.7846077084541321,0.24806898832321167
e2e,1410,67.25843048095703,27.8173885345459,0.7522047758102417,0.3977310061454773
e2e,1411,71.60255432128906,23.21432876586914,0.7315374612808228,0.10620658844709396
e2e,1412,72.21580505371094,22.521759033203125,0.7761014103889465,0.9885806441307068
e2e,1413,68.44611358642578,26.989227294921875,0.7908357381820679,0.24537672102451324
e2e,1414,70.57394409179688,24.482467651367188,0.764465868473053,0.1344742476940155
e2e,1415,66.57144165039062,29.21872329711914,0.7648566961288452,0.22868052124977112
e2e,1418,67.63951873779297,28.513423919677734,0.672218382358551,0.1626635640859604
e2e,1419,70.19147491455078,25.399341583251953,0.715726912021637,0.20328965783119202
e2e,1420,69.66632080078125,26.255685806274414,0.7010983824729919,0.15993449091911316
e2e,1421,68.78215026855469,27.700422286987305,0.6785468459129333,0.2966247498989105
e2e,1422,69.11871337890625,27.23816680908203,0.6998313665390015,0.22896188497543335
e2e,1423,69.0875244140625,26.22846221923828,0.7141333818435669,0.36940711736679077
e2e,1424,71.0985336303711,24.52765464782715,0.6945189833641052,0.40286991000175476
e2e,1425,71.92558288574219,23.89811897277832,0.68815016746521,0.2992073893547058
e2e,1426,66.1375503540039,29.896648406982422,0.704731822013855,0.3319667875766754
e2e,1427,70.3194808959961,23.15508270263672,0.7837474942207336,0.10177510231733322
e2e,1428,67.3484878540039,29.35054588317871,0.6961014866828918,0.294975221157074
e2e,1429,66.64665222167969,29.75001335144043,0.7025911211967468,0.2609318792819977
e2e,1431,65.60570526123047,29.79448699951172,0.7117303609848022,0.3649774491786957
e2e,1432,69.54302978515625,26.814300537109375,0.6987917423248291,0.37592941522598267
e2e,1433,67.02449035644531,28.716184616088867,0.6606173515319824,0.19879823923110962
e2e,1434,72.72367858886719,22.934825897216797,0.8081972599029541,1.0661036968231201
e2e,1435,68.05022430419922,27.883304595947266,0.6569685339927673,0.18984784185886383
e2e,1436,70.30732727050781,26.24872589111328,0.6458130478858948,0.1882483810186386
e2e,1437,71.21923065185547,25.11382484436035,0.6382421851158142,0.12821528315544128
e2e,1438,71.09498596191406,25.621599197387695,0.6248503923416138,0.31010258197784424
e2e,1439,72.62266540527344,23.60093879699707,0.6365017890930176,0.7125651240348816
e2e,1440,69.05174255371094,24.755043029785156,0.7438089847564697,0.15766628086566925
e2e,1441,69.55195617675781,25.640182495117188,0.7401820421218872,0.17829714715480804
e2e,1442,71.368896484375,23.932477951049805,0.7451761364936829,0.24475029110908508
e2e,1443,68.74373626708984,28.351497650146484,0.636497974395752,0.2565869688987732
e2e,1444,70.76368713378906,26.029890060424805,0.6677108407020569,0.18273593485355377
e2e,1445,71.6823501586914,24.899208068847656,0.651978611946106,0.11114106327295303
e2e,1446,67.00062561035156,30.279205322265625,0.7170395255088806,0.30549734830856323
e2e,1448,65.13623046875,30.0497989654541,0.8088496923446655,0.5322695970535278
e2e,1449,69.6829605102539,27.53466796875,0.6689759492874146,0.1952633261680603
e2e,1450,69.9943618774414,27.13277816772461,0.6711077690124512,0.10014371573925018
e2e,1451,67.79253387451172,29.147422790527344,0.4990718364715576,0.1911250799894333
e2e,1452,70.77299499511719,26.588836669921875,0.5302574634552002,0.2455524057149887
e2e,1453,71.62567901611328,25.398462295532227,0.5675909519195557,0.275311678647995
e2e,1454,72.64061737060547,24.2598876953125,0.6042760014533997,0.174371138215065
e2e,1455,67.44632720947266,30.17839813232422,0.5061689615249634,0.22219130396842957
e2e,1456,72.3606185913086,25.06008529663086,0.4708719253540039,0.3257128894329071
e2e,1457,67.74921417236328,29.660022735595703,0.5557345747947693,0.10980332642793655
e2e,1458,70.64811706542969,27.49083137512207,0.5720553994178772,0.2652747631072998
e2e,1459,68.34606170654297,29.489322662353516,0.5392301082611084,0.16009022295475006
e2e,1460,69.5954360961914,28.59113311767578,0.5459992289543152,0.38505297899246216
e2e,1461,71.2552490234375,26.349905014038086,0.593355655670166,0.1785314977169037
e2e,1462,69.4429702758789,28.085840225219727,0.5721631050109863,0.27374523878097534
e2e,1463,71.6518325805664,26.745861053466797,0.571722149848938,0.18848398327827454
e2e,1464,71.99735260009766,26.190753936767578,0.573524534702301,0.21438609063625336
e2e,1465,72.61643981933594,25.514158248901367,0.6067134141921997,0.12125194817781448
e2e,1466,73.96624755859375,24.304168701171875,0.7039466500282288,1.0104659795761108
e2e,1467,67.6349868774414,30.796775817871094,0.5442941188812256,0.3327428698539734
e2e,1468,67.1920394897461,31.061500549316406,0.5563843846321106,0.2661389708518982
e2e,1469,70.33647155761719,28.0545654296875,0.5480784177780151,0.36196649074554443
e2e,1470,68.7952880859375,29.251548767089844,0.5091676712036133,0.23142194747924805
e2e,1471,73.24016571044922,24.517229080200195,0.6240541934967041,0.5843604207038879
e2e,1472,68.37054443359375,28.834030151367188,0.502312183380127,0.30506786704063416
e2e,1474,70.20841979980469,28.603321075439453,0.5882887840270996,0.2232966125011444
e2e,1475,69.47189331054688,29.136903762817383,0.5993049144744873,0.40781497955322266
e2e,1476,68.69925689697266,30.241050720214844,0.6130355000495911,0.2579666078090668
e2e,1477,71.17161560058594,26.990489959716797,0.6373003721237183,0.18082113564014435
e2e,1478,69.02875518798828,28.792705535888672,0.7139127850532532,0.3394773602485657
e2e,1479,73.76719665527344,24.827592849731445,0.5736832618713379,0.46959972381591797
e2e,1480,73.45361328125,23.851673126220703,0.7374119758605957,1.0546663999557495
e2e,1481,70.79235076904297,28.30190658569336,0.660748302936554,0.3160470724105835
e2e,1482,68.30536651611328,30.693693161010742,0.7486171126365662,0.3127249777317047
e2e,1484,71.1630630493164,27.621793746948242,0.7216752767562866,0.2588939070701599
e2e,1485,67.50775909423828,31.511703491210938,0.7021802067756653,0.17759230732917786
e2e,1486,69.75831604003906,29.574560165405273,0.6862521171569824,0.20644928514957428
e2e,1487,68.80787658691406,29.71344757080078,0.7033787369728088,0.21593067049980164
e2e,1488,72.56267547607422,26.482635498046875,0.5783277750015259,0.26972511410713196
e2e,1489,66.78988647460938,31.582874298095703,0.8340376615524292,0.23223361372947693
e2e,1490,67.51041412353516,32.40193557739258,0.8209105134010315,0.40598905086517334
e2e,1491,71.99523162841797,27.326948165893555,0.6999087929725647,0.29815027117729187
e2e,1492,72.86715698242188,25.070816040039062,0.7430390119552612,0.2034766972064972
e2e,1493,73.21292877197266,25.753982543945312,0.7052909135818481,0.2578955590724945
e2e,1494,74.0169448852539,25.28200912475586,0.7083262801170349,0.5246902108192444
e2e,1495,69.22303771972656,30.727188110351562,0.6878771185874939,0.08373228460550308
e2e,1496,68.45857238769531,31.19434928894043,0.656563937664032,0.2998383641242981
e2e,1497,71.27108764648438,28.603511810302734,0.7517622113227844,0.22692403197288513
e2e,1498,67.90873718261719,30.186281204223633,0.7830429673194885,0.41662469506263733
e2e,1500,66.37974548339844,30.56161880493164,0.8713558912277222,0.22655156254768372
e2e,1501,73.45793151855469,26.276203155517578,0.6814876794815063,0.3816327452659607
e2e,1502,73.99964904785156,26.01117706298828,0.6790528893470764,0.21600750088691711
e2e,1503,74.80132293701172,25.20855712890625,0.78519606590271,1.3038887977600098
e2e,1504,71.938720703125,28.272640228271484,0.6872637867927551,0.2412339597940445
e2e,1505,70.42693328857422,29.79843521118164,0.7739343643188477,0.4055418372154236
e2e,1506,70.2001953125,29.193809509277344,0.7633965611457825,0.31288403272628784
e2e,1507,71.28579711914062,29.102073669433594,0.6840116381645203,0.10771680623292923
e2e,1508,73.33686828613281,27.000965118408203,0.5927702784538269,0.337894082069397
e2e,1509,69.05460357666016,31.54878807067871,0.6465495228767395,0.3534370958805084
e2e,1510,70.06278228759766,30.63037109375,0.7208053469657898,0.2240615338087082
e2e,1511,68.02373504638672,32.662906646728516,0.6509274244308472,0.15201014280319214
e2e,1512,72.03003692626953,28.76801109313965,0.7559536695480347,0.16941140592098236
e2e,1513,74.45540618896484,25.73870277404785,0.6993123292922974,0.7240794897079468
e2e,1515,72.586669921875,27.087661743164062,0.6889002323150635,0.1873563677072525
e2e,1516,72.50067901611328,27.675899505615234,0.6978469491004944,0.2282179743051529
e2e,1517,75.00562286376953,25.87238311767578,0.6735735535621643,1.072467565536499
e2e,1519,72.44422149658203,29.059650421142578,0.6068906188011169,0.08955439925193787
e2e,1520,71.52039337158203,29.67938804626465,0.6099154353141785,0.22025378048419952
e2e,1521,73.66250610351562,27.622453689575195,0.6424241065979004,0.2617192268371582
e2e,1522,70.83563995361328,29.3480224609375,0.6469151973724365,0.2604852318763733
e2e,1523,67.55640411376953,33.423221588134766,0.32037222385406494,0.36514002084732056
e2e,1525,68.753173828125,32.43550109863281,0.4327385425567627,0.3237915635108948
e2e,1526,70.56511688232422,31.06201171875,0.6265425682067871,0.169777974486351
e2e,1527,69.70401763916016,31.07826805114746,0.5985100269317627,0.14685317873954773
e2e,1528,74.04206085205078,26.837905883789062,0.5819408297538757,0.22290486097335815
e2e,1529,75.23124694824219,26.31556510925293,0.5571929216384888,0.79550701379776
e2e,1530,68.26234436035156,31.786144256591797,0.49129819869995117,0.21728791296482086
e2e,1531,67.84019470214844,32.20619201660156,0.49440133571624756,0.2720373570919037
e2e,1532,74.16200256347656,27.485347747802734,0.5556130409240723,0.37051165103912354
e2e,1533,72.98735046386719,27.899930953979492,0.616073727607727,0.4257342517375946
e2e,1534,73.21090698242188,28.758852005004883,0.603743314743042,0.18701423704624176
e2e,1535,72.46064758300781,28.33089828491211,0.6267533898353577,0.23371070623397827
e2e,1536,75.45942687988281,26.85572624206543,0.4883502721786499,0.7351307272911072
e2e,1537,75.95198059082031,25.9726505279541,0.5724242925643921,1.56020987033844
e2e,1538,69.5314712524414,32.357337951660156,0.3471876382827759,0.3572281301021576
e2e,1539,74.87521362304688,26.67813491821289,0.6152711510658264,0.2850967347621918
e2e,1540,67.33174133300781,32.85181427001953,0.4555690288543701,0.2964031994342804
e2e,1541,69.11444854736328,32.79494094848633,0.39454638957977295,0.2970103919506073
e2e,1542,67.29853820800781,34.56365203857422,0.29260551929473877,0.35323867201805115
e2e,1544,74.53130340576172,27.044618606567383,0.6197708249092102,0.2241077423095703
e2e,1545,70.78333282470703,30.145387649536133,0.6092867851257324,0.3744022846221924
e2e,1546,74.47228240966797,26.263166427612305,0.6285670399665833,0.5157694816589355
e2e,1547,68.95642852783203,33.277801513671875,0.2740812301635742,0.4126349687576294
e2e,1548,67.06583404541016,33.560035705566406,0.2365514039993286,0.36250990629196167
e2e,1549,72.21784210205078,29.65917205810547,0.5654646158218384,0.2646908164024353
e2e,1550,71.28502655029297,30.525917053222656,0.5510391592979431,0.39584773778915405
e2e,1551,74.26448822021484,28.34164047241211,0.5933420062065125,0.20692135393619537
e2e,1552,71.99407958984375,30.360450744628906,0.5410449504852295,0.11130151152610779
e2e,1553,71.57441711425781,27.91364097595215,0.6671261787414551,0.2763190269470215
e2e,1554,67.30465698242188,32.09281539916992,0.41046011447906494,0.3329724371433258
e2e,1555,68.24528503417969,33.907386779785156,0.3063693046569824,0.3887527883052826
e2e,1556,66.30208587646484,33.334014892578125,0.34476161003112793,0.28431186079978943
e2e,1557,73.2470932006836,29.437448501586914,0.6157791018486023,0.36223217844963074
e2e,1558,74.95028686523438,27.969057083129883,0.6110718846321106,0.28587964177131653
e2e,1559,76.50759887695312,26.854869842529297,0.6284507513046265,1.6039015054702759
e2e,1560,70.1126937866211,31.903827667236328,0.5519326329231262,0.32460883259773254
e2e,1561,68.35909271240234,33.00471115112305,0.38860511779785156,0.47235795855522156
e2e,1562,67.135498046875,35.80580520629883,0.12139177322387695,0.38969650864601135
e2e,1563,70.68021392822266,32.59662628173828,0.5227519869804382,0.2389167696237564
e2e,1564,73.72989654541016,29.27735137939453,0.6001893877983093,0.1597842574119568
e2e,1565,73.65586853027344,28.516010284423828,0.6344727873802185,0.3660936653614044
e2e,1566,73.16273498535156,30.191680908203125,0.5764981508255005,0.2683556377887726
e2e,1567,67.52030181884766,35.39788055419922,0.19155657291412354,0.4438391923904419
e2e,1568,70.77195739746094,31.963401794433594,0.5170066356658936,0.2355213463306427
e2e,1570,70.17237091064453,32.596527099609375,0.507355809211731,0.23975130915641785
e2e,1571,75.14704895019531,28.467697143554688,0.6797892451286316,0.37196534872055054
e2e,1572,75.31636047363281,27.599376678466797,0.7011358737945557,0.3754567503929138
e2e,1573,69.286865234375,33.822174072265625,0.3247971534729004,0.37409457564353943
e2e,1574,72.61268615722656,30.802963256835938,0.643201470375061,0.11307526379823685
e2e,1575,67.04166412353516,34.090240478515625,0.1984177827835083,0.4332634210586548
e2e,1576,69.80107116699219,33.605648040771484,0.3958841562271118,0.2037232220172882
e2e,1577,68.484130859375,34.44403076171875,0.2565736770629883,0.41637304425239563
e2e,1578,67.7361831665039,34.1541748046875,0.2619818449020386,0.4180053472518921
e2e,1579,72.03573608398438,30.93739128112793,0.5631705522537231,0.15864908695220947
e2e,1580,71.33123016357422,31.34534454345703,0.5342590808868408,0.30422645807266235
e2e,1581,69.1189956665039,34.31083297729492,0.19926702976226807,0.35295775532722473
e2e,1582,76.33114624023438,27.571582794189453,0.4498097896575928,1.266196370124817
e2e,1583,75.94581604003906,26.532032012939453,0.5488154888153076,1.2895967960357666
e2e,1584,66.71171569824219,35.18833923339844,0.1407226324081421,0.44890445470809937
e2e,1585,68.59356689453125,34.92122268676758,0.08446478843688965,0.48620906472206116
e2e,1586,67.91289520263672,34.90229415893555,0.12176847457885742,0.512665867805481
e2e,1587,66.1417465209961,36.44282531738281,0.0370786190032959,0.4874875247478485
e2e,1588,74.59664916992188,29.670677185058594,0.579814612865448,0.14697186648845673
e2e,1589,68.31875610351562,35.466033935546875,0.16507554054260254,0.32581377029418945
e2e,1590,75.64856719970703,28.91522979736328,0.5725467801094055,0.4618173837661743
e2e,1591,71.95947265625,31.931730270385742,0.43612945079803467,0.4044077396392822
e2e,1592,73.87982177734375,30.49599266052246,0.5584797859191895,0.18042129278182983
e2e,1593,72.41375732421875,31.60515785217285,0.5221372842788696,0.23755915462970734
e2e,1594,72.13640594482422,32.55997848510742,0.40851354598999023,0.36652612686157227
e2e,1595,74.35353088378906,29.18577003479004,0.5506693720817566,0.29464974999427795
e2e,1596,71.4826889038086,32.68376159667969,0.4001655578613281,0.2985280454158783
e2e,1597,68.98155975341797,35.218929290771484,0.20892930030822754,0.375664085149765
e2e,1598,67.87811279296875,35.79581069946289,0.20562291145324707,0.32716819643974304
e2e,1600,74.03475952148438,31.030811309814453,0.5388146638870239,0.28493577241897583
e2e,1601,72.89360809326172,31.302385330200195,0.5405877828598022,0.12561076879501343
e2e,1602,66.58197784423828,35.94979476928711,0.2741050720214844,0.35886767506599426
e2e,1603,70.66783905029297,33.82772445678711,0.33415651321411133,0.26282787322998047
e2e,1604,75.08698272705078,29.277631759643555,0.587116003036499,0.3043685257434845
e2e,1605,69.61253356933594,34.498817443847656,0.37090885639190674,0.35281574726104736
e2e,1606,76.142822265625,29.412578582763672,0.4305598735809326,0.7583091259002686
e2e,1607,76.28890228271484,28.732933044433594,0.47367095947265625,1.1337993144989014
e2e,1608,76.89399719238281,29.2889347076416,0.4137934446334839,1.4485282897949219
e2e,1609,75.0234375,30.39784049987793,0.46836984157562256,0.17296814918518066
e2e,1610,73.41542053222656,31.969406127929688,0.40911710262298584,0.3427191972732544
e2e,1611,67.35562896728516,36.31259536743164,0.22972381114959717,0.24953144788742065
e2e,1612,71.67933654785156,33.4570198059082,0.38671255111694336,0.21612660586833954
e2e,1613,73.7032470703125,29.926387786865234,0.5604732632637024,0.25656208395957947
e2e,1614,75.63031768798828,28.153099060058594,0.5838056206703186,0.44035613536834717
e2e,1616,66.325927734375,34.12751007080078,0.4905463457107544,0.18984104692935944
e2e,1617,75.45199584960938,29.61506462097168,0.40068209171295166,0.3646068871021271
e2e,1618,74.50221252441406,30.334428787231445,0.44090497493743896,0.3051990568637848
e2e,1619,76.79010772705078,29.99173927307129,0.2655448913574219,1.2502315044403076
e2e,1620,76.27967834472656,30.209293365478516,0.28894734382629395,0.8069308996200562
e2e,1622,75.6403579711914,30.19476318359375,0.351330041885376,0.38911789655685425
e2e,1623,74.82611083984375,31.357051849365234,0.4214121103286743,0.3467962145805359
e2e,1624,72.91879272460938,31.83419418334961,0.47254669666290283,0.3824952244758606
e2e,1625,71.16725158691406,33.72382736206055,0.29579997062683105,0.3178093135356903
e2e,1627,70.41011810302734,34.30465316772461,0.31403934955596924,0.3288656771183014
e2e,1628,72.78257751464844,33.42979431152344,0.48047900199890137,0.22940154373645782
e2e,1629,72.97207641601562,32.94430160522461,0.47861719131469727,0.4408976137638092
e2e,1630,73.12107849121094,32.37049865722656,0.47680962085723877,0.31180721521377563
e2e,1631,68.36673736572266,35.8643913269043,0.5105710029602051,0.30443790555000305
e2e,1632,73.75066375732422,32.4742431640625,0.4222365617752075,0.31709685921669006
e2e,1633,77.84275817871094,30.624156951904297,0.23775708675384521,2.110405683517456
e2e,1634,69.269775390625,35.279048919677734,0.6697109937667847,0.3405018746852875
e2e,1635,66.79985046386719,35.56413269042969,0.5968438982963562,0.3410564363002777
e2e,1636,70.35366821289062,34.84579086303711,0.5514353513717651,0.07185545563697815
e2e,1637,69.59296417236328,32.78389358520508,0.6914209127426147,0.22260481119155884
e2e,1638,76.15936279296875,31.210134506225586,0.47859907150268555,0.3582959473133087
e2e,1639,77.00756072998047,30.99942970275879,0.4150930643081665,1.184806227684021
e2e,1640,71.15257263183594,34.30774688720703,0.4953022003173828,0.13162346184253693
e2e,1641,70.34025573730469,33.177791595458984,0.5439372658729553,0.36324721574783325
e2e,1642,69.10008239746094,34.397762298583984,0.7027555108070374,0.22139348089694977
e2e,1643,76.06245422363281,31.716564178466797,0.39892590045928955,0.5439119338989258
e2e,1644,66.70808410644531,34.83285140991211,0.5677052736282349,0.33649709820747375
e2e,1645,71.64920806884766,34.139408111572266,0.5805872678756714,0.3910951316356659
e2e,1646,73.7596206665039,33.125946044921875,0.5447818040847778,0.20408178865909576
e2e,1647,70.0444564819336,34.042755126953125,0.6246811747550964,0.1692054122686386
e2e,1648,77.10414123535156,31.564584732055664,0.5201205015182495,1.2180322408676147
e2e,1650,72.37747955322266,34.089698791503906,0.5826318264007568,0.11294114589691162
e2e,1651,72.27823638916016,33.360374450683594,0.601337194442749,0.3161245882511139
e2e,1652,72.90695190429688,34.13024139404297,0.38658082485198975,0.2790280878543854
e2e,1653,66.07991027832031,34.93760681152344,0.342343807220459,0.2956910729408264
e2e,1655,65.79083251953125,36.0471076965332,0.2760128974914551,0.4676230549812317
e2e,1656,73.3087158203125,33.45947265625,0.4295696020126343,0.2609627842903137
e2e,1657,65.85519409179688,33.524620056152344,0.5758910179138184,0.3302478790283203
e2e,1658,69.67201232910156,35.173927307128906,0.38154733180999756,0.27655819058418274
e2e,1659,65.5502700805664,35.10066223144531,0.5196112990379333,0.3480563461780548
e2e,1660,75.49811553955078,31.74937629699707,0.36521005630493164,0.5127149820327759
e2e,1661,71.4249038696289,34.71630096435547,0.325376033782959,0.3257674276828766
e2e,1663,65.30951690673828,35.77667999267578,0.39806175231933594,0.10401730984449387
e2e,1664,74.85911560058594,33.58778762817383,0.352156400680542,0.3608952462673187
e2e,1665,72.71720886230469,34.85819625854492,0.3847724199295044,0.22381792962551117
e2e,1666,74.21144104003906,34.273460388183594,0.43496382236480713,0.25821906328201294
e2e,1667,72.17265319824219,35.09473419189453,0.2888643741607666,0.4070388376712799
e2e,1668,71.45243835449219,35.31496810913086,0.24056565761566162,0.3446994125843048
e2e,1670,64.60081481933594,36.14201736450195,0.2708878517150879,0.2914910912513733
e2e,1671,74.49224853515625,32.95240020751953,0.43307673931121826,0.3538324534893036
e2e,1672,74.5677490234375,34.64436340332031,0.31653058528900146,0.4056333005428314
e2e,1673,68.84268951416016,35.71704864501953,0.19802844524383545,0.3380570113658905
e2e,1674,65.53701782226562,36.54938507080078,0.21673941612243652,0.2150830328464508
e2e,1675,73.41276550292969,34.92121887207031,0.31014883518218994,0.3333129286766052
e2e,1678,72.6476058959961,35.47987365722656,0.2497183084487915,0.3890930712223053
e2e,1679,69.39405822753906,36.036312103271484,0.22908592224121094,0.3048771023750305
e2e,1680,74.65583038330078,35.19872283935547,0.2646141052246094,0.3589444160461426
e2e,1681,70.49516296386719,35.77936935424805,0.21164584159851074,0.37067314982414246
e2e,1682,70.87567138671875,35.323463439941406,0.26157593727111816,0.2907811105251312
e2e,1683,72.7866439819336,36.281063079833984,0.20189619064331055,0.36679980158805847
e2e,1684,74.25205993652344,36.28882598876953,0.24319863319396973,0.38670432567596436
e2e,1685,74.7979507446289,35.712127685546875,0.35661542415618896,0.2948617935180664
e2e,1686,75.65872955322266,35.881439208984375,0.3853057622909546,0.3291446268558502
e2e,1687,70.34607696533203,36.3670768737793,0.22464334964752197,0.3322954475879669
e2e,1688,71.0545654296875,36.30474853515625,0.2583913803100586,0.2921381890773773
e2e,1689,72.14490509033203,35.6895637512207,0.34752464294433594,0.36720508337020874
e2e,1690,65.8983154296875,35.507320404052734,0.18985259532928467,0.2596847414970398
e2e,1691,65.15818786621094,34.672874450683594,0.25822460651397705,0.3223022222518921
e2e,1693,64.43772888183594,35.676475524902344,0.16338539123535156,0.38263607025146484
e2e,1695,71.50994873046875,36.55250549316406,0.12266230583190918,0.49802133440971375
e2e,1696,73.62397003173828,35.834617614746094,0.3078939914703369,0.387960284948349
e2e,1697,73.64336395263672,36.517608642578125,0.22086894512176514,0.3570106029510498
e2e,1698,71.17636108398438,35.73641586303711,0.21056127548217773,0.38828369975090027
e2e,1699,75.43965911865234,36.680267333984375,0.34608912467956543,0.5976560115814209
e2e,1700,74.75804901123047,36.766639709472656,0.13419699668884277,0.4619767665863037
e2e,1701,69.12162780761719,36.56757736206055,0.14013803005218506,0.3353036642074585
e2e,1702,74.13544464111328,37.118404388427734,0.11548125743865967,0.4766947329044342
e2e,1704,72.2332992553711,36.97608947753906,0.12040936946868896,0.4155007004737854
e2e,1706,75.83496856689453,36.373111724853516,0.34316587448120117,0.4897017776966095
e2e,1707,75.4347152709961,37.22555160522461,0.13950729370117188,0.8092300891876221
e2e,1708,69.57460021972656,37.01546096801758,0.21107995510101318,0.3431241512298584
e2e,1709,72.94703674316406,36.976776123046875,0.3558386564254761,0.32141241431236267
e2e,1710,71.26994323730469,37.23459243774414,0.2511000633239746,0.4162190556526184
e2e,1711,71.77434539794922,37.32448959350586,0.26735997200012207,0.2097858041524887
e2e,1712,69.8783950805664,36.618831634521484,0.2670029401779175,0.3116697371006012
e2e,1713,72.88895416259766,38.1482048034668,0.22468280792236328,0.38502225279808044
e2e,1714,73.40074157714844,38.09701156616211,0.2507164478302002,0.28076764941215515
e2e,1715,73.81864929199219,37.66928482055664,0.3070915937423706,0.31143614649772644
e2e,1716,74.4619369506836,38.09386444091797,0.2698301076889038,0.8138201236724854
e2e,1717,73.57257080078125,37.05551528930664,0.2696707248687744,0.30987614393234253
e2e,1718,72.00281524658203,36.51744079589844,0.30639493465423584,0.27316156029701233
e2e,1719,69.98673248291016,35.75172805786133,0.35195422172546387,0.29278764128685
e2e,1720,75.3441162109375,38.55031967163086,0.13949275016784668,1.5823274850845337
e2e,1721,70.9697265625,36.83001708984375,0.288236141204834,0.3245380222797394
e2e,1722,71.71463012695312,37.89320755004883,0.2494891881942749,0.28456351161003113
e2e,1723,72.22948455810547,38.46733856201172,0.18751800060272217,0.2627548277378082
e2e,1724,64.65390014648438,34.62989044189453,0.2556043863296509,0.21668434143066406
e2e,1725,74.07677459716797,39.049034118652344,0.16888022422790527,1.248441457748413
e2e,1726,63.467559814453125,33.95095443725586,0.18839037418365479,0.41750195622444153
e2e,1727,69.90721893310547,37.43558883666992,0.17355239391326904,0.2396346926689148
e2e,1728,71.72216796875,38.5087776184082,0.13927686214447021,0.46688809990882874
e2e,1729,64.96747589111328,33.94536590576172,0.37400591373443604,0.24830400943756104
e2e,1730,65.27534484863281,33.07819747924805,0.47604793310165405,0.1785542219877243
e2e,1731,63.640995025634766,34.69404220581055,0.20677077770233154,0.4334127902984619
e2e,1733,68.98297119140625,37.45390319824219,0.2202821969985962,0.257247656583786
e2e,1734,68.35135650634766,37.05683517456055,0.22485506534576416,0.4488584101200104
e2e,1735,73.49405670166016,39.26750946044922,0.1687314510345459,1.2356833219528198
e2e,1736,70.68022918701172,38.46977233886719,0.09486508369445801,0.6078761219978333
e2e,1737,72.77738189697266,39.09098815917969,0.14446544647216797,0.9385250806808472
e2e,1739,64.08935546875,34.14947509765625,0.040299296379089355,0.41386377811431885
e2e,1740,64.37714385986328,34.996341705322266,-0.027469515800476074,0.5605878829956055
e2e,1741,70.49006652832031,38.05226135253906,0.36111974716186523,0.4161805808544159
e2e,1742,70.75518798828125,39.00617218017578,0.3434486389160156,1.0187969207763672
e2e,1743,69.8984375,38.645790100097656,0.29531872272491455,1.1509182453155518
e2e,1744,72.06815338134766,38.90040969848633,0.41299211978912354,0.4016285538673401
e2e,1745,70.69084167480469,37.342674255371094,0.40142977237701416,0.2954998314380646
e2e,1746,72.4647445678711,40.007118225097656,0.3805272579193115,1.5509989261627197
e2e,1747,71.68525695800781,39.71148681640625,0.36099350452423096,1.2815027236938477
e2e,1748,70.98225402832031,39.86345672607422,0.30441057682037354,1.7662904262542725
e2e,1750,67.51412963867188,37.08423614501953,0.36161184310913086,0.28265032172203064
e2e,1751,66.95346069335938,36.686614990234375,0.35557329654693604,0.4019092619419098
e2e,1753,63.808650970458984,32.88621139526367,0.5056963562965393,0.20856867730617523
e2e,1754,64.951171875,32.43672561645508,0.6959081888198853,0.5471150279045105
e2e,1756,65.71897888183594,34.31999588012695,0.4230458736419678,0.04277828708291054
e2e,1757,69.03656768798828,38.24669647216797,0.28806769847869873,0.4628848731517792
e2e,1758,70.25916290283203,37.0953369140625,0.358950138092041,0.2581251561641693
e2e,1759,63.88668441772461,33.68020248413086,0.45675307512283325,0.1160435900092125
e2e,1760,66.42479705810547,32.78776550292969,0.5689104795455933,0.431639164686203
e2e,1761,63.06056213378906,33.397705078125,0.4979861378669739,0.27525779604911804
e2e,1762,69.62644958496094,39.075035095214844,0.40265321731567383,1.2243530750274658
e2e,1763,65.95343017578125,33.02853012084961,0.5447954535484314,0.18003809452056885
e2e,1764,71.8988265991211,40.22248077392578,0.38225018978118896,1.7344202995300293
e2e,1765,66.65723419189453,33.69572448730469,0.5235922336578369,0.24993029236793518
e2e,1766,69.96910858154297,39.561553955078125,0.4038950204849243,1.7571576833724976
e2e,1767,71.61746978759766,40.633934020996094,0.4159010648727417,2.187736749649048
e2e,1768,67.90668487548828,36.74555587768555,0.325313925743103,0.2571141719818115
e2e,1769,68.522705078125,37.68748092651367,0.3176567554473877,0.3027050495147705
e2e,1770,64.37528228759766,32.59558868408203,0.6272068023681641,0.43211185932159424
e2e,1773,69.89705657958984,40.11358642578125,0.215470552444458,2.0635433197021484
e2e,1774,68.4269027709961,38.506492614746094,0.2178128957748413,0.16917388141155243
e2e,1775,64.42881774902344,34.14075469970703,0.40869319438934326,0.3631976544857025
e2e,1776,70.9317626953125,40.86424255371094,0.23606622219085693,2.6429831981658936
e2e,1778,70.13571166992188,40.81990051269531,0.07057380676269531,2.7704994678497314
e2e,1780,67.68999481201172,38.05571365356445,0.17218923568725586,0.2946465313434601
e2e,1781,64.7916488647461,33.20793151855469,0.48522818088531494,0.19902454316616058
e2e,1782,69.08612823486328,39.744163513183594,0.09397304058074951,1.308638572692871
e2e,1783,67.25037384033203,37.78382873535156,0.15056538581848145,0.3311193883419037
e2e,1785,62.628395080566406,32.715728759765625,0.6299948692321777,0.19105243682861328
e2e,1786,66.50267791748047,37.02544021606445,0.12028443813323975,0.4757980704307556
e2e,1787,70.48832702636719,39.698848724365234,0.048633456230163574,1.785331130027771
e2e,1788,69.53594207763672,39.451683044433594,0.03482818603515625,1.375145673751831
e2e,1789,69.01014709472656,39.237937927246094,0.031377553939819336,0.8727164268493652
e2e,1790,68.46627044677734,39.19428253173828,0.05749201774597168,0.6581622362136841
e2e,1791,68.562744140625,39.83353805541992,-0.025362133979797363,1.287563681602478
e2e,1792,69.2273941040039,38.718807220458984,0.09943282604217529,0.7749830484390259
e2e,1793,67.6850814819336,37.52397918701172,0.1601715087890625,0.3611803352832794
e2e,1794,69.23680877685547,40.50530242919922,-0.09971213340759277,2.0892930030822754
e2e,1795,67.87274169921875,39.25742721557617,0.025921344757080078,0.54403156042099
e2e,1796,69.4710922241211,41.158931732177734,-0.19024872779846191,2.787614583969116
e2e,1797,67.59308624267578,38.846317291259766,0.07881081104278564,0.3851570188999176
e2e,1799,63.235050201416016,32.413063049316406,0.4369439482688904,0.3010734021663666
e2e,1800,63.693397521972656,32.03147506713867,0.5550427436828613,0.6269634366035461
e2e,1801,65.03570556640625,35.17572021484375,0.22230172157287598,0.21732474863529205
e2e,1802,69.6915512084961,38.11613082885742,0.22372567653656006,0.6749251484870911
e2e,1803,66.78260040283203,38.17298126220703,0.03273415565490723,0.3746233284473419
e2e,1804,65.9333267211914,36.95690155029297,0.04065239429473877,0.39782798290252686
e2e,1805,68.5721664428711,40.383880615234375,0.019089102745056152,1.6196517944335938
e2e,1806,68.73219299316406,40.95600891113281,-0.04335200786590576,2.151632070541382
e2e,1808,69.0076675415039,41.608497619628906,-0.12991762161254883,2.844586133956909
e2e,1809,68.00839233398438,40.426353454589844,-0.026519060134887695,1.3191012144088745
e2e,1811,64.48439025878906,33.60113525390625,0.36557865142822266,0.37437087297439575
e2e,1812,67.44512939453125,39.67888641357422,0.21088087558746338,0.3899524509906769
e2e,1813,67.50472259521484,40.186309814453125,0.16401422023773193,0.901502251625061
e2e,1814,67.03182220458984,38.91938400268555,0.22747361660003662,0.4930832087993622
e2e,1816,66.03255462646484,38.120304107666016,0.08261573314666748,0.3183099329471588
e2e,1818,65.44745635986328,37.771888732910156,-0.05979514122009277,0.5324336886405945
e2e,1819,65.4344253540039,37.061744689941406,0.06448006629943848,0.3399032652378082
e2e,1821,64.7550048828125,36.691383361816406,0.021602630615234375,0.322846382856369
e2e,1823,63.06837844848633,32.89726638793945,0.42454493045806885,0.3134973347187042
e2e,1824,64.73490142822266,37.24367141723633,-0.03618192672729492,0.3729158341884613
e2e,1825,64.03569793701172,36.194435119628906,-0.0047948360443115234,0.5659189820289612
e2e,1826,64.96649932861328,38.18149948120117,-0.036211252212524414,0.3815079927444458
e2e,1827,65.64457702636719,38.910926818847656,0.018093228340148926,0.3996937870979309
e2e,1828,65.16118621826172,39.041542053222656,-0.04171168804168701,0.4558086693286896
e2e,1829,63.957252502441406,36.977664947509766,0.008426547050476074,0.5199811458587646
e2e,1830,64.39337158203125,38.38292694091797,-0.00922393798828125,0.394613653421402
e2e,1831,66.46045684814453,38.9908561706543,0.1401512622833252,0.33367258310317993
e2e,1832,66.20665740966797,37.51957702636719,0.14981591701507568,0.23712566494941711
e2e,1833,64.37294006347656,38.95472717285156,-0.0815281867980957,0.4648239314556122
e2e,1834,64.16670989990234,37.902008056640625,-0.1514979600906372,0.5174233913421631
e2e,1835,64.46707916259766,39.662288665771484,-0.15686368942260742,0.6621893048286438
e2e,1836,65.703125,39.536407470703125,-0.00980687141418457,0.5601215362548828
e2e,1837,63.54643630981445,35.84820556640625,0.037500977516174316,0.7074708342552185
e2e,1838,62.988468170166016,33.891929626464844,0.6022694110870361,0.2659013867378235
e2e,1839,63.599098205566406,36.60999298095703,-0.00871121883392334,0.4307065010070801
e2e,1840,66.63164520263672,39.71781921386719,0.14638423919677734,0.4107721447944641
e2e,1841,62.55994415283203,33.209716796875,0.4588721990585327,0.28237223625183105
e2e,1842,65.38502502441406,38.46821975708008,0.03395676612854004,0.34209978580474854
e2e,1843,64.05887603759766,39.345428466796875,-0.07126510143280029,0.31361475586891174
e2e,1844,63.87236785888672,35.279361724853516,0.07449448108673096,0.6414753198623657
e2e,1845,63.27934265136719,38.05598831176758,-0.05242657661437988,0.4819813072681427
e2e,1846,63.77573776245117,38.19142150878906,0.0005124807357788086,0.28779420256614685
e2e,1847,63.09242630004883,37.20137405395508,-0.05443298816680908,0.37043827772140503
e2e,1848,62.95648956298828,38.72357177734375,-0.07417035102844238,0.3771938681602478
e2e,1849,62.67240905761719,34.25069046020508,0.26139116287231445,0.33890360593795776
e2e,1851,63.84710693359375,38.73204803466797,0.028666257858276367,0.3468899130821228
e2e,1855,63.13318634033203,34.468544006347656,0.19727587699890137,0.27958783507347107
e2e,1856,62.4467887878418,39.09144592285156,-0.21270334720611572,0.49989283084869385
e2e,1857,62.76091766357422,38.083580017089844,-0.21657860279083252,0.47636085748672485
e2e,1858,62.314971923828125,38.60089111328125,-0.26265954971313477,0.4428766667842865
e2e,1859,63.46507263183594,39.30577087402344,-0.06490910053253174,0.40795522928237915
e2e,1860,62.13478088378906,36.871402740478516,0.021746516227722168,0.6074515581130981
e2e,1861,62.66983413696289,33.74467849731445,0.006300568580627441,0.47446995973587036
e2e,1862,63.449851989746094,33.30190658569336,0.08999478816986084,0.4360176920890808
e2e,1863,61.745697021484375,38.68625259399414,-0.3877764940261841,0.7062660455703735
e2e,1864,65.75410461425781,32.59138870239258,0.3109656572341919,0.38858985900878906
e2e,1865,62.58115005493164,32.901512145996094,0.014268636703491211,0.56490558385849
e2e,1866,62.20485305786133,38.117496490478516,-0.340329647064209,0.6242442727088928
e2e,1867,61.437286376953125,37.574466705322266,-0.3556180000305176,0.5721272826194763
e2e,1868,61.14753723144531,38.96183776855469,-0.47839486598968506,0.6395523548126221
e2e,1869,62.68876647949219,34.736412048339844,-0.14878594875335693,0.6405196189880371
e2e,1870,62.29322814941406,34.3606071472168,-0.11043095588684082,0.5662592649459839
e2e,1871,61.86215591430664,33.814308166503906,0.079978346824646,0.31984320282936096
e2e,1872,61.78926467895508,36.550010681152344,0.19046175479888916,0.7820606827735901
e2e,1873,62.24094772338867,35.31150436401367,0.36571723222732544,0.49970024824142456
e2e,1874,62.12532043457031,37.39031982421875,0.12123537063598633,0.32455018162727356
e2e,1875,60.547706604003906,38.931400299072266,-0.19792544841766357,0.3824290633201599
e2e,1877,61.24229431152344,38.295074462890625,-0.15656447410583496,0.3694455027580261
e2e,1878,62.732635498046875,37.58781433105469,0.05356311798095703,0.3781391680240631
e2e,1880,59.978919982910156,38.73040771484375,-0.31163203716278076,0.5173536539077759
e2e,1881,60.73002243041992,37.52159118652344,-0.06632328033447266,0.30078619718551636
e2e,1882,61.451622009277344,35.15604019165039,0.19356417655944824,0.31303563714027405
e2e,1884,63.56060791015625,37.41013717651367,0.26781177520751953,0.19611771404743195
e2e,1885,61.93419647216797,34.761444091796875,0.10445857048034668,0.4381377398967743
e2e,1887,61.96115493774414,33.34805679321289,-0.11723005771636963,0.4931783378124237
e2e,1888,61.85562515258789,32.67374038696289,-0.1381922960281372,0.5707555413246155
e2e,1889,61.72737121582031,34.2938346862793,-0.15636968612670898,0.6075171232223511
e2e,1890,64.00596618652344,32.18413543701172,0.14524173736572266,0.6516209840774536
e2e,1891,60.815521240234375,36.91305923461914,-0.20099079608917236,0.46841371059417725
e2e,1892,61.35725784301758,33.90569305419922,-0.1254490613937378,0.5533519387245178
e2e,1893,60.80226135253906,38.24388885498047,-0.4607037305831909,0.6072071194648743
e2e,1896,60.3134651184082,37.19182586669922,-0.21215355396270752,0.5254310369491577
e2e,1897,61.49698257446289,32.92969512939453,0.1378239393234253,0.3267366588115692
e2e,1898,60.77052307128906,34.67082977294922,0.02553427219390869,0.32938188314437866
e2e,1901,60.705078125,33.949554443359375,0.12850582599639893,0.23346957564353943
e2e,1902,61.10746765136719,33.23804473876953,0.1914985179901123,0.2768101394176483
e2e,1903,59.80559539794922,37.75411605834961,-0.039296507835388184,0.3087262511253357
e2e,1905,61.27685546875,36.90066146850586,0.1753154993057251,0.6781641840934753
e2e,1906,59.0638313293457,37.838077545166016,-0.2127155065536499,0.3680128753185272
e2e,1910,59.54467010498047,37.33195495605469,0.15202736854553223,0.22311821579933167
e2e,1911,60.600189208984375,33.25492477416992,0.17921268939971924,0.28765228390693665
e2e,1912,60.20500183105469,33.77214813232422,0.14852559566497803,0.28953877091407776
e2e,1913,59.78924560546875,34.09758758544922,0.11940693855285645,0.3688619136810303
e2e,1916,60.38018035888672,34.378204345703125,0.15612387657165527,0.26408421993255615
e2e,1917,60.09307861328125,33.1561279296875,0.11934506893157959,0.3633110821247101
e2e,1919,59.20083999633789,33.776519775390625,0.09422516822814941,0.2854353189468384
e2e,1920,58.87042999267578,34.24749755859375,0.09030532836914062,0.3956826627254486
e2e,1921,61.09602737426758,35.50477600097656,0.4341527223587036,0.22915513813495636
e2e,1922,59.24266815185547,34.587825775146484,0.17474377155303955,0.5749634504318237
e2e,1923,59.93636703491211,35.074100494384766,0.30093538761138916,0.4942845106124878
e2e,1924,63.21761703491211,31.462356567382812,0.507992684841156,0.6903392672538757
e2e,1925,59.69305419921875,32.59922409057617,0.11583554744720459,0.40787091851234436
e2e,1926,60.18318176269531,32.408348083496094,0.1599750518798828,0.36824554204940796
e2e,1927,61.23725509643555,36.401588439941406,0.5170782208442688,0.3212985098361969
e2e,1928,64.19953155517578,31.321247100830078,0.451582133769989,0.4527142643928528
e2e,1929,60.33448791503906,35.94780349731445,0.43018364906311035,0.3307020366191864
e2e,1930,59.95869445800781,37.099700927734375,0.3843144178390503,0.31605222821235657
e2e,1932,58.60908126831055,35.07977294921875,0.013362407684326172,0.6728625893592834
e2e,1934,58.63947677612305,33.75769805908203,0.04740297794342041,0.2593131959438324
e2e,1936,63.13432693481445,30.844280242919922,0.3766844868659973,0.3622174859046936
e2e,1937,63.125022888183594,29.6954402923584,0.33413857221603394,0.55144202709198
e2e,1940,59.621971130371094,36.52236557006836,0.19238460063934326,0.2786918878555298
e2e,1941,62.0159912109375,30.500741958618164,0.2443861961364746,0.7766848802566528
e2e,1942,58.307212829589844,35.493263244628906,-0.14098072052001953,1.1723966598510742
e2e,1943,59.18880844116211,35.032470703125,-0.059363722801208496,0.8271636962890625
e2e,1944,60.12001037597656,36.36689376831055,0.2086331844329834,0.1793748140335083
e2e,1946,61.50115966796875,35.90577697753906,0.31613707542419434,0.4977302551269531
e2e,1949,58.61479949951172,33.2818717956543,-0.1064298152923584,0.41043052077293396
e2e,1950,58.294761657714844,34.5871696472168,-0.2438887357711792,0.718110978603363
e2e,1952,60.619140625,36.952091217041016,0.2693904638290405,0.07799308747053146
e2e,1953,60.73493194580078,36.43505096435547,0.2620788812637329,0.2727626860141754
e2e,1955,59.52030944824219,33.07594680786133,0.1013498306274414,0.2976154685020447
e2e,1956,59.1422233581543,36.913658142089844,0.11829817295074463,0.39421266317367554
e2e,1957,59.02485656738281,32.35941696166992,0.05486774444580078,0.6089506149291992
e2e,1959,58.046504974365234,33.776912689208984,-0.09174299240112305,0.4328323006629944
e2e,1960,59.000831604003906,35.92430877685547,-0.18083834648132324,1.098385214805603
e2e,1961,58.45389175415039,36.513092041015625,-0.24061191082000732,0.7990586757659912
e2e,1963,57.756813049316406,35.239990234375,-0.2551238536834717,1.3394415378570557
e2e,1965,58.30838394165039,32.07328414916992,0.07004451751708984,0.4431666135787964
e2e,1966,57.8504638671875,32.74836349487305,0.17431998252868652,0.5183361768722534
e2e,1967,59.67384338378906,36.021095275878906,0.11682844161987305,0.38205304741859436
e2e,1968,57.63008117675781,34.4307975769043,0.0292433500289917,0.5964429378509521
e2e,1970,59.01191711425781,32.86934280395508,0.10099005699157715,0.2571198642253876
e2e,1971,57.18827438354492,34.20079803466797,-0.08066880702972412,0.5782307386398315
e2e,1972,57.19777297973633,33.668582916259766,-0.043647170066833496,0.40178000926971436
e2e,1973,57.260520935058594,32.553619384765625,0.08799874782562256,0.2827727198600769
e2e,1975,57.795623779296875,33.2844123840332,0.05451643466949463,0.3583098351955414
e2e,1976,56.65547180175781,33.289642333984375,0.09405016899108887,0.24585960805416107
e2e,1977,59.18861770629883,36.24665832519531,0.15847599506378174,0.6907454133033752
e2e,1978,56.3758430480957,32.75128173828125,0.2392127513885498,0.3186759948730469
e2e,1979,56.49592971801758,34.20838165283203,0.09318351745605469,0.3898210823535919
e2e,1981,58.84739303588867,30.389373779296875,0.5984317660331726,0.5362251400947571
e2e,1982,57.118309020996094,33.0888557434082,0.3401467204093933,0.2509990930557251
e2e,1983,55.835853576660156,33.44491958618164,0.3585165739059448,0.424229234457016
e2e,1984,55.814674377441406,32.27533721923828,0.3959046006202698,0.3223539888858795
e2e,1986,56.33061218261719,32.089630126953125,0.3983227610588074,0.28813937306404114
e2e,1987,58.44332504272461,29.872941970825195,0.6744722127914429,0.7275276184082031
e2e,1989,55.85187911987305,34.167938232421875,0.39223796129226685,0.34392523765563965
e2e,1990,58.79635238647461,31.43207359313965,0.5591550469398499,0.5699602365493774
e2e,1992,56.3590087890625,33.79780578613281,0.3455621600151062,0.2519668638706207
e2e,1993,55.220767974853516,33.40584945678711,0.4186229109764099,0.3273463547229767
e2e,1994,54.98780822753906,32.488006591796875,0.4815133213996887,0.35193541646003723
e2e,1995,54.766700744628906,33.73043441772461,0.41248172521591187,0.37116071581840515
e2e,1996,58.104095458984375,31.237401962280273,0.4948350191116333,0.3799872100353241
e2e,1998,56.258419036865234,31.46492576599121,0.5835255980491638,0.28444039821624756
e2e,1999,56.896968841552734,31.654821395874023,0.5450947284698486,0.4497416615486145
e2e,2000,57.41450500488281,31.887245178222656,0.5106834173202515,0.5251845717430115
e2e,2001,54.62664794921875,33.12473678588867,0.45832735300064087,0.38409844040870667
e2e,2004,54.844730377197266,31.9787654876709,0.47500526905059814,0.31667762994766235
e2e,2005,54.07587432861328,33.30046844482422,0.3713374137878418,0.3374786078929901
e2e,2006,55.13629150390625,32.91530227661133,0.2416132688522339,0.27812281250953674
e2e,2008,55.26089859008789,30.16864776611328,0.4808835983276367,0.2886461317539215
e2e,2009,56.21658706665039,30.699188232421875,0.4910808205604553,0.31433984637260437
e2e,2010,55.70163345336914,30.77092742919922,0.49861496686935425,0.3485702872276306
e2e,2011,54.76233673095703,30.42089080810547,0.4811685085296631,0.20280702412128448
e2e,2012,54.198272705078125,31.701448440551758,0.38519006967544556,0.27672410011291504
e2e,2013,54.683067321777344,29.776233673095703,0.41655999422073364,0.3748207688331604
e2e,2014,55.09955596923828,30.78883171081543,0.5104709267616272,0.3522307276725769
e2e,2015,53.654937744140625,33.88813018798828,0.4760821461677551,0.517784595489502
e2e,2016,53.71706771850586,30.85043716430664,0.6657954454421997,0.40451779961586
e2e,2017,54.20555114746094,29.092510223388672,0.5229247808456421,0.1931053251028061
e2e,2018,53.64744567871094,30.32666778564453,0.6512714624404907,0.42824500799179077
e2e,2019,53.96173095703125,29.585840225219727,0.5651673674583435,0.25421142578125
e2e,2020,54.2514762878418,30.09320831298828,0.5841708779335022,0.2768978178501129
e2e,2021,53.394676208496094,33.16231155395508,0.42466849088668823,0.4726410210132599
e2e,2022,52.97038269042969,32.825321197509766,0.4375106692314148,0.40757134556770325
e2e,2023,53.352455139160156,32.43714904785156,0.44208216667175293,0.25786450505256653
e2e,2024,52.890445709228516,33.36421203613281,0.4445739984512329,0.49113890528678894
e2e,2025,53.47162628173828,29.375030517578125,0.4599592089653015,0.2490628957748413
e2e,2026,54.13933181762695,28.4664306640625,0.531977653503418,0.43846598267555237
e2e,2027,55.09477615356445,28.36228370666504,0.5373721122741699,0.3192789852619171
e2e,2028,55.7781982421875,28.912864685058594,0.6668148040771484,0.39422956109046936
e2e,2029,56.276004791259766,29.435710906982422,0.7406221628189087,0.515770435333252
e2e,2030,53.882755279541016,32.80303955078125,0.48132407665252686,0.45997339487075806
e2e,2031,55.12922286987305,29.440698623657227,0.5440251231193542,0.37585076689720154
e2e,2032,53.14689636230469,30.299789428710938,0.6417373418807983,0.20154866576194763
e2e,2033,53.398738861083984,28.502723693847656,0.4970564842224121,0.31037068367004395
e2e,2034,52.88994216918945,31.879398345947266,0.7329914569854736,0.684234082698822
e2e,2035,54.492042541503906,27.764310836791992,0.5745503306388855,0.3245525360107422
e2e,2036,53.85517501831055,27.766448974609375,0.496842622756958,0.31673601269721985
e2e,2038,54.006202697753906,26.891159057617188,0.719767689704895,0.6522403359413147
e2e,2039,54.695465087890625,28.70977783203125,0.46804702281951904,0.19492313265800476
e2e,2040,53.49685287475586,27.266902923583984,0.39778226613998413,0.3948885500431061
e2e,2041,53.16452407836914,27.738876342773438,0.42929142713546753,0.22908419370651245
e2e,2044,54.33566665649414,31.196186065673828,0.3687508702278137,0.20776361227035522
e2e,2046,52.475345611572266,32.841495513916016,0.5899046659469604,0.5585695505142212
e2e,2047,52.92210388183594,27.074268341064453,0.37106144428253174,0.324177086353302
e2e,2048,52.02857971191406,32.528038024902344,0.7452094554901123,0.5893352627754211
e2e,2049,52.58274841308594,27.479217529296875,0.4754856824874878,0.21105459332466125
e2e,2050,52.75861740112305,29.06718635559082,0.453133761882782,0.27639877796173096
e2e,2052,52.5313606262207,26.600749969482422,0.3166354298591614,0.8294036388397217
e2e,2053,52.56378173828125,29.663524627685547,0.48203152418136597,0.21182729303836823
e2e,2054,52.236351013183594,28.9794921875,0.4337437152862549,0.399716317653656
e2e,2055,51.605934143066406,32.99870681762695,0.48613208532333374,0.49531641602516174
e2e,2056,52.704986572265625,31.10948944091797,0.5755062103271484,0.48140594363212585
e2e,2057,54.8289680480957,31.433040618896484,0.3655887842178345,0.34092262387275696
e2e,2058,52.11643600463867,33.52566146850586,0.462485134601593,0.38291922211647034
e2e,2059,51.92067337036133,28.18230438232422,0.40974509716033936,0.28470656275749207
e2e,2060,52.12345886230469,29.977558135986328,0.5871671438217163,0.29009944200515747
e2e,2062,51.93480682373047,31.667551040649414,0.6291161179542542,0.5823631286621094
e2e,2063,51.39250183105469,31.40876579284668,0.6981223225593567,0.6512776017189026
e2e,2064,51.0887451171875,32.568946838378906,0.7665823101997375,0.6793893575668335
e2e,2065,51.903770446777344,29.213245391845703,0.8089140057563782,0.22560659050941467
e2e,2066,52.14642333984375,31.0119686126709,0.6118519306182861,0.4917720556259155
e2e,2068,51.09014892578125,32.02743911743164,0.617924690246582,0.6388466358184814
e2e,2069,50.952850341796875,31.052921295166016,0.6349576711654663,0.560573160648346
e2e,2070,50.36927032470703,32.3381462097168,0.6230459213256836,0.6314286589622498
e2e,2071,50.65217208862305,32.856483459472656,0.6167388558387756,0.6229672431945801
e2e,2072,53.440635681152344,31.177509307861328,0.28798753023147583,0.3731004595756531
e2e,2073,51.31385803222656,33.903282165527344,0.45278334617614746,0.4539271295070648
e2e,2074,50.54009246826172,30.593826293945312,0.5780588388442993,0.5696395635604858
e2e,2075,50.2385368347168,31.817001342773438,0.5215764045715332,0.651851236820221
e2e,2076,51.14393615722656,28.730255126953125,0.6530044078826904,0.21179258823394775
e2e,2077,49.760887145996094,32.021549224853516,0.5334097146987915,0.5678819417953491
e2e,2079,49.969905853271484,32.89509582519531,0.5962015390396118,0.6412523984909058
e2e,2082,52.16544723510742,30.502830505371094,0.5028899908065796,0.22121328115463257
e2e,2083,49.730918884277344,31.304855346679688,0.6762683987617493,0.6828795671463013
e2e,2086,49.385467529296875,33.16847229003906,0.4799777865409851,0.5525158643722534
e2e,2087,49.44047164916992,32.43798828125,0.3769046664237976,0.44802844524383545
e2e,2088,49.11162567138672,32.00394058227539,0.3986043334007263,0.5119753479957581
e2e,2089,49.98297882080078,30.757505416870117,0.5198283195495605,0.44655367732048035
e2e,2090,51.156429290771484,30.23162841796875,0.43440622091293335,0.31618732213974
e2e,2091,50.75078201293945,31.63667106628418,0.35805684328079224,0.46759775280952454
e2e,2092,49.20246124267578,31.14548110961914,0.45931732654571533,0.4968831539154053
e2e,2093,49.91961669921875,29.9808292388916,0.6697282195091248,0.36733144521713257
e2e,2095,51.62511444091797,28.85938262939453,0.4563407897949219,0.2973801791667938
e2e,2097,48.67597198486328,32.98036193847656,0.7117974162101746,0.796959400177002
e2e,2099,48.517269134521484,32.51436996459961,0.5936077833175659,0.6910199522972107
e2e,2100,49.301353454589844,30.563243865966797,0.5614743232727051,0.5475905537605286
e2e,2101,48.806251525878906,29.680179595947266,0.7513366937637329,0.5258273482322693
e2e,2103,49.87567901611328,35.57190704345703,0.30684101581573486,0.45034608244895935
e2e,2104,49.97231674194336,29.28759002685547,0.5044769644737244,0.29562652111053467
e2e,2105,48.6323127746582,36.58814239501953,0.243735671043396,0.5608583688735962
e2e,2106,49.60252380371094,35.994300842285156,0.26421165466308594,0.5095322132110596
e2e,2113,50.58524703979492,28.489761352539062,0.93915855884552,0.40556564927101135
e2e,2114,51.40079879760742,27.647274017333984,0.8710891008377075,0.3177652657032013
e2e,2115,48.47628402709961,30.769285202026367,0.8250896334648132,0.7671878337860107
e2e,2117,50.597084045410156,27.378826141357422,0.9726072549819946,0.5311678051948547
e2e,2118,50.13221740722656,27.587060928344727,1.0257538557052612,0.45130231976509094
e2e,2119,50.80725860595703,29.72711944580078,0.5248363018035889,0.38748836517333984
e2e,2120,49.337154388427734,29.98615837097168,0.8519685864448547,0.7227198481559753
e2e,2121,47.88780975341797,32.55459213256836,0.7274525761604309,0.8718686103820801
e2e,2123,52.33524703979492,32.01720428466797,0.253132700920105,0.34107691049575806
e2e,2126,48.313377380371094,31.364608764648438,0.5828250050544739,0.599124014377594
e2e,2128,47.81792068481445,31.61832618713379,0.5430709719657898,0.6682195067405701
e2e,2129,53.03122329711914,30.83621597290039,0.18387633562088013,0.3425048887729645
e2e,2130,51.93577575683594,32.525386810302734,0.23591846227645874,0.10458766669034958
e2e,2131,48.446372985839844,29.18252944946289,0.8833682537078857,0.4888298213481903
e2e,2133,48.02851104736328,30.40472412109375,0.5735795497894287,0.4425921142101288
e2e,2135,47.79279327392578,30.893341064453125,0.20955967903137207,0.22667932510375977
e2e,2136,47.69876480102539,32.040550231933594,0.2307797074317932,0.28672143816947937
e2e,2137,48.25471115112305,32.852657318115234,0.25100862979888916,0.4179101586341858
e2e,2138,47.50664520263672,30.134305953979492,0.3730165958404541,0.268985778093338
e2e,2139,47.8875732421875,29.804912567138672,0.415793240070343,0.3061049282550812
e2e,2140,51.385353088378906,31.768339157104492,0.12955516576766968,0.14373426139354706
e2e,2141,51.307861328125,32.61518859863281,0.12423896789550781,0.21244418621063232
e2e,2142,47.292598724365234,33.04317855834961,0.2745439410209656,0.412563294172287
e2e,2143,48.20425033569336,31.883697509765625,0.24740636348724365,0.46673497557640076
e2e,2144,47.25004196166992,30.807037353515625,0.41765522956848145,0.5412974953651428
e2e,2145,48.831077575683594,33.0328254699707,0.22976499795913696,0.3052259385585785
e2e,2146,47.11888885498047,32.16037368774414,0.3042711615562439,0.567145824432373
e2e,2147,46.746402740478516,32.882450103759766,0.38826364278793335,0.5782303810119629
e2e,2148,46.82633590698242,31.374658584594727,0.24264490604400635,0.401670902967453
e2e,2149,48.32972717285156,30.806058883666992,0.3014947175979614,0.431501567363739
e2e,2150,46.950923919677734,30.315074920654297,0.400735080242157,0.45776262879371643
e2e,2151,48.80281448364258,31.656280517578125,0.1323356032371521,0.3217499852180481
e2e,2152,46.61677551269531,32.06789779663086,0.1170351505279541,0.2481464445590973
e2e,2153,46.2317008972168,31.702388763427734,0.17717236280441284,0.35985231399536133
e2e,2154,47.09980392456055,29.789812088012695,0.4678463041782379,0.21976594626903534
e2e,2155,50.4566764831543,32.24977111816406,0.010578811168670654,0.26175716519355774
e2e,2156,46.27987289428711,33.13254165649414,0.18053483963012695,0.32773488759994507
e2e,2157,47.47270965576172,29.007362365722656,0.7027850151062012,0.45830491185188293
e2e,2158,46.15966796875,31.092939376831055,0.3567515015602112,0.4761125147342682
e2e,2159,48.26313781738281,28.648509979248047,0.6860189437866211,0.2649044990539551
e2e,2160,48.563480377197266,30.085567474365234,0.3715730905532837,0.2940904498100281
e2e,2161,46.94270706176758,32.59785461425781,0.024653911590576172,0.18169920146465302
e2e,2162,45.89620590209961,30.5007381439209,0.170728862285614,0.40635520219802856
e2e,2163,45.817691802978516,32.86529541015625,0.19637399911880493,0.4673791229724884
e2e,2165,45.51784133911133,32.22978591918945,0.08165502548217773,0.36860164999961853
e2e,2167,46.230228424072266,29.447612762451172,0.35676467418670654,0.2006717324256897
e2e,2168,45.3741340637207,30.28773307800293,0.24638187885284424,0.39771801233291626
e2e,2169,46.87739944458008,28.972299575805664,0.4769333302974701,0.21346916258335114
e2e,2170,46.00918197631836,32.253143310546875,-0.038284361362457275,0.18317802250385284
e2e,2171,46.64217758178711,30.891277313232422,0.05724722146987915,0.24817875027656555
e2e,2173,47.11524963378906,28.49788475036621,0.5797957181930542,0.15641272068023682
e2e,2174,45.11423110961914,32.879512786865234,0.04278761148452759,0.4693673253059387
e2e,2175,45.5892219543457,29.661651611328125,0.17242103815078735,0.3369652330875397
e2e,2176,45.38520431518555,30.78430938720703,0.03698533773422241,0.21742165088653564
e2e,2177,45.43059158325195,31.694915771484375,0.027453243732452393,0.2661944627761841
e2e,2178,48.85063552856445,32.610740661621094,-0.12100249528884888,0.2654951810836792
e2e,2179,49.491310119628906,31.776142120361328,-0.06331706047058105,0.30703750252723694
e2e,2180,44.78204345703125,31.953195571899414,0.033346712589263916,0.3009133040904999
e2e,2181,44.64208984375,32.648685455322266,0.08744871616363525,0.38143372535705566
e2e,2182,44.93666458129883,31.133264541625977,0.061269402503967285,0.25029850006103516
e2e,2183,46.76813507080078,28.050352096557617,0.6742658615112305,0.17711736261844635
e2e,2184,44.50257873535156,30.24802017211914,0.1904352307319641,0.30256885290145874
e2e,2185,44.25594711303711,31.32745361328125,0.029636919498443604,0.383365660905838
e2e,2186,44.80421447753906,29.741012573242188,0.25024235248565674,0.1530522257089615
e2e,2187,44.35024642944336,33.2071418762207,0.053268373012542725,0.7094866037368774
e2e,2188,45.60564422607422,29.112754821777344,0.4141138792037964,0.4474560022354126
e2e,2189,43.94203186035156,32.611900329589844,0.03914910554885864,0.41179296374320984
e2e,2190,44.028900146484375,31.943880081176758,-0.07194781303405762,0.2830715477466583
e2e,2192,45.947509765625,27.766666412353516,0.5418292284011841,0.25503820180892944
e2e,2193,46.00981140136719,30.00263214111328,0.10893827676773071,0.3327757716178894
e2e,2195,45.17174530029297,29.316431045532227,0.1584622859954834,0.4915217459201813
e2e,2196,43.31044006347656,32.2168083190918,-0.06413167715072632,0.27352723479270935
e2e,2197,43.646785736083984,30.322063446044922,0.023834228515625,0.32103419303894043
e2e,2198,44.27032470703125,29.343721389770508,0.11706411838531494,0.24215373396873474
e2e,2199,44.98332214355469,28.85357666015625,0.24908530712127686,0.7710709571838379
e2e,2200,43.51062774658203,29.804706573486328,0.06970000267028809,0.2965434193611145
e2e,2201,45.67854690551758,28.614072799682617,0.24832797050476074,0.5598258972167969
e2e,2202,43.1944580078125,31.37534523010254,-0.13663607835769653,0.18837310373783112
e2e,2203,43.592315673828125,32.99858856201172,-0.11028611660003662,0.28596752882003784
e2e,2204,43.135929107666016,32.76443862915039,-0.028515398502349854,0.5342598557472229
e2e,2206,42.960044860839844,30.710561752319336,0.013624966144561768,0.25195103883743286
e2e,2207,42.77033615112305,32.15632247924805,-0.025960147380828857,0.3840313255786896
e2e,2208,43.974159240722656,28.862720489501953,0.19624537229537964,0.6496608853340149
e2e,2209,43.32831954956055,29.31206512451172,-0.04530841112136841,0.32855743169784546
e2e,2210,42.663543701171875,29.594276428222656,-0.0298883318901062,0.2955564260482788
e2e,2211,42.298824310302734,32.91628646850586,-0.07733511924743652,0.49104446172714233
e2e,2212,42.20254898071289,32.28121566772461,-0.1069827675819397,0.4429871737957001
e2e,2213,42.68869400024414,30.177082061767578,0.0037797093391418457,0.18229185044765472
e2e,2214,42.24932861328125,31.16490936279297,-0.09219861030578613,0.30851051211357117
e2e,2215,44.27729415893555,29.810100555419922,-0.08110105991363525,0.26170724630355835
e2e,2216,44.64581298828125,30.70505142211914,-0.1409461498260498,0.22539322078227997
e2e,2217,44.60701370239258,28.741008758544922,-0.1297318935394287,0.9668545722961426
e2e,2218,41.99317932128906,30.453676223754883,-0.1829138994216919,0.2705134153366089
e2e,2219,41.46323776245117,31.735939025878906,-0.21110069751739502,0.22283874452114105
e2e,2220,41.431827545166016,30.839885711669922,-0.18298590183258057,0.19802609086036682
e2e,2221,41.753196716308594,29.32647705078125,-0.010565400123596191,0.24707064032554626
e2e,2222,42.87490463256836,28.798580169677734,-0.0955776572227478,0.4353782832622528
e2e,2224,41.15040588378906,32.32445526123047,-0.2864024043083191,0.14959000051021576
e2e,2225,41.875728607177734,32.65147018432617,-0.2292131781578064,0.2845768928527832
e2e,2226,42.697479248046875,32.71654510498047,-0.304925799369812,0.37727606296539307
e2e,2227,41.35148620605469,29.66057777404785,-0.2510541081428528,0.29755616188049316
e2e,2228,42.24468231201172,28.8967227935791,-0.0750582218170166,0.4270983040332794
e2e,2229,46.490787506103516,30.23238182067871,-0.22707420587539673,0.3695031404495239
e2e,2230,40.972354888916016,31.168018341064453,-0.2734439969062805,0.1455017477273941
e2e,2231,41.7129020690918,28.751745223999023,0.02718275785446167,0.3452266454696655
e2e,2232,42.029293060302734,29.934688568115234,-0.1413673758506775,0.18113721907138824
e2e,2233,40.300193786621094,30.551651000976562,-0.24901849031448364,0.29975128173828125
e2e,2234,40.56562805175781,28.931072235107422,-0.05613696575164795,0.38376691937446594
e2e,2235,40.84782409667969,28.323652267456055,0.05898672342300415,0.3145362436771393
e2e,2236,40.58602523803711,32.40196990966797,-0.1692894697189331,0.17659878730773926
e2e,2237,40.81451416015625,31.756256103515625,-0.17809540033340454,0.3806006908416748
e2e,2238,40.01516342163086,32.04254913330078,-0.16442805528640747,0.388835072517395
e2e,2239,40.710052490234375,29.50147819519043,-0.021748483180999756,0.3591251075267792
e2e,2240,42.44949722290039,28.338598251342773,0.08588838577270508,0.5922274589538574
e2e,2241,41.333866119384766,28.42498016357422,-0.015073776245117188,0.41483864188194275
e2e,2242,39.964378356933594,31.27779769897461,-0.30384713411331177,0.22175535559654236
e2e,2243,44.11162185668945,30.51123046875,-0.18178892135620117,0.36026352643966675
e2e,2244,40.844356536865234,33.13404083251953,-0.3092160224914551,0.23857802152633667
e2e,2245,40.687599182128906,30.066524505615234,-0.193215012550354,0.3420773446559906
e2e,2246,40.84480285644531,27.78085708618164,-0.032392919063568115,0.8400642275810242
e2e,2247,40.17328643798828,27.53974151611328,-0.046519696712493896,0.6681642532348633
e2e,2248,39.67594909667969,32.75390625,-0.40366995334625244,0.28766119480133057
e2e,2249,39.59044647216797,30.543176651000977,-0.27068614959716797,0.19532808661460876
e2e,2250,41.38860321044922,32.93064498901367,-0.26362913846969604,0.3788834512233734
e2e,2251,39.40993881225586,33.94068908691406,-0.32335835695266724,0.22283488512039185
e2e,2252,39.240638732910156,31.63483428955078,-0.2738855481147766,0.28936249017715454
e2e,2253,40.472991943359375,33.770809173583984,-0.27462154626846313,0.378675639629364
e2e,2254,39.72274398803711,29.22626495361328,-0.08773940801620483,0.7879753708839417
e2e,2255,41.31605911254883,29.0643367767334,-0.3039424419403076,0.4107394516468048
e2e,2256,40.1710319519043,29.85967254638672,-0.355912446975708,0.4483188986778259
e2e,2257,41.89385986328125,27.719989776611328,-0.08786970376968384,1.0588167905807495
e2e,2258,40.42219161987305,28.09903335571289,-0.24368536472320557,0.5800337791442871
e2e,2259,39.11653137207031,32.3975715637207,-0.3979460597038269,0.38031312823295593
e2e,2260,40.76524353027344,26.692218780517578,-0.07407861948013306,0.8609309196472168
e2e,2262,39.01424789428711,30.20867919921875,-0.3741632103919983,0.8459455966949463
e2e,2263,39.61550521850586,28.485355377197266,-0.2106059193611145,0.61575847864151
e2e,2264,39.19978332519531,28.785717010498047,-0.19875264167785645,1.0274150371551514
e2e,2265,38.74336242675781,33.30503845214844,-0.47140079736709595,0.3950171172618866
e2e,2267,39.97282409667969,33.71805191040039,-0.514646589756012,0.15633843839168549
e2e,2268,39.183712005615234,27.65423011779785,-0.32661908864974976,1.0333293676376343
e2e,2269,38.819122314453125,30.991905212402344,-0.6246655583381653,0.28280505537986755
e2e,2270,38.556671142578125,29.545242309570312,-0.46824318170547485,1.373051404953003
e2e,2271,38.89377975463867,27.193477630615234,-0.27369582653045654,1.0715453624725342
e2e,2272,38.83383560180664,34.66783905029297,-0.5652772784233093,0.25084227323532104
e2e,2273,38.39533996582031,31.322628021240234,-0.610638439655304,0.3283124566078186
e2e,2275,38.37460708618164,30.562585830688477,-0.551232635974884,0.5868174433708191
e2e,2276,38.359107971191406,27.147737503051758,-0.2967984676361084,1.5566493272781372
e2e,2277,39.68315124511719,29.52838897705078,-0.5174288749694824,0.7553644776344299
e2e,2278,40.159393310546875,32.99014663696289,-0.4935523271560669,0.27286452054977417
e2e,2279,40.364715576171875,31.11827278137207,-0.5667697191238403,0.34609630703926086
e2e,2280,39.07088851928711,29.544527053833008,-0.5531991720199585,1.0999701023101807
e2e,2281,38.55859375,33.744510650634766,-0.6410925388336182,0.3444986343383789
e2e,2282,39.25061798095703,26.659894943237305,-0.29562634229660034,0.9160516858100891
e2e,2283,39.19179153442383,34.2083625793457,-0.6974011063575745,0.3742026686668396
e2e,2284,39.53766632080078,31.023853302001953,-0.7062475085258484,0.4386196732521057
e2e,2285,38.74712371826172,35.19254684448242,-0.6623682379722595,0.4185294508934021
e2e,2286,39.6292839050293,33.34511947631836,-0.5877748727798462,0.08615971356630325
e2e,2288,38.349082946777344,32.47150421142578,-0.6063733100891113,0.47209078073501587
e2e,2289,39.4790153503418,34.869300842285156,-0.5567564964294434,0.09468714892864227
e2e,2292,38.243690490722656,34.224647521972656,-0.6050604581832886,0.43142378330230713
e2e,2293,39.52791976928711,30.00229835510254,-0.4789995551109314,0.48031607270240784
e2e,2294,37.884971618652344,29.490009307861328,-0.38790738582611084,1.158904790878296
e2e,2295,38.486053466796875,36.26499938964844,-0.8336777091026306,0.2998689115047455
e2e,2296,37.324989318847656,30.029720306396484,-0.4098254442214966,0.6659183502197266
e2e,2297,41.83743667602539,31.119953155517578,-0.3969498872756958,0.19941307604312897
e2e,2298,37.47018051147461,31.3415470123291,-0.6051343083381653,0.29793035984039307
e2e,2300,39.4306755065918,35.35845947265625,-0.706007719039917,0.3197808265686035
e2e,2301,37.2949333190918,28.654094696044922,-0.4725455343723297,1.9656083583831787
e2e,2302,37.672386169433594,33.12036895751953,-0.6704694032669067,0.31098878383636475
e2e,2303,37.729366302490234,34.292606353759766,-0.7082180976867676,0.2695234417915344
e2e,2304,38.35142517089844,37.129539489746094,-1.2861729860305786,0.759019672870636
e2e,2305,38.05830383300781,31.61748504638672,-0.8403885364532471,0.5684311985969543
e2e,2306,38.94940948486328,31.717931747436523,-0.7708395719528198,0.3636147677898407
e2e,2307,38.88572692871094,32.90501403808594,-0.8114761114120483,0.348695307970047
e2e,2308,36.699485778808594,28.980113983154297,-0.5007730722427368,1.6772106885910034
e2e,2309,38.294795989990234,28.9335994720459,-0.581924557685852,1.77138352394104
e2e,2310,38.82159423828125,37.72296142578125,-0.97339928150177,0.45411717891693115
e2e,2311,36.71263885498047,29.743427276611328,-0.641875147819519,0.9405005574226379
e2e,2312,37.79106521606445,32.62224578857422,-0.7195936441421509,0.18315018713474274
e2e,2313,39.663673400878906,36.697227478027344,-0.8414618968963623,0.330822616815567
e2e,2314,37.87335968017578,30.766069412231445,-0.720706582069397,0.24654704332351685
e2e,2315,38.68031692504883,35.64356231689453,-0.9762495160102844,0.39962008595466614
e2e,2316,37.64178466796875,28.209556579589844,-0.4596940875053406,2.3999698162078857
e2e,2317,36.92009353637695,30.677846908569336,-0.7765732407569885,0.223194420337677
e2e,2318,39.14177322387695,36.009727478027344,-1.223870038986206,0.6925010681152344
e2e,2319,39.77193832397461,37.555694580078125,-1.3086694478988647,0.79686039686203
e2e,2320,39.01407241821289,36.78680419921875,-1.316390037536621,0.770601212978363
e2e,2321,40.416290283203125,37.69023513793945,-1.2361053228378296,0.8479903936386108
e2e,2322,42.177818298339844,36.82994842529297,-0.9544655084609985,0.5376361608505249
e2e,2323,41.85050964355469,37.491249084472656,-1.051782488822937,0.5216271281242371
e2e,2324,39.471439361572266,38.03501892089844,-1.3786884546279907,1.0475627183914185
e2e,2325,36.12039566040039,30.264436721801758,-0.7389845848083496,0.7467777132987976
e2e,2326,40.773807525634766,38.39127731323242,-1.2557309865951538,1.2561527490615845
e2e,2327,40.15260314941406,38.211204528808594,-1.2944941520690918,1.1623214483261108
e2e,2328,37.27024841308594,33.847412109375,-1.064873218536377,0.5354213118553162
e2e,2329,36.72600173950195,31.44972038269043,-0.8056833744049072,0.1841743290424347
e2e,2330,42.247554779052734,36.116539001464844,-0.9929745197296143,0.5527550578117371
e2e,2331,37.949424743652344,33.59480667114258,-0.8356977701187134,0.20447134971618652
e2e,2332,40.563873291015625,32.666866302490234,-0.687795877456665,0.4095554053783417
e2e,2333,41.49775314331055,33.22357940673828,-0.8652199506759644,0.46043089032173157
e2e,2335,41.04859924316406,37.76378631591797,-1.242610216140747,0.7538928985595703
e2e,2336,41.32149887084961,37.30646514892578,-1.193772792816162,0.6012848019599915
e2e,2337,41.285972595214844,36.619606018066406,-1.1101129055023193,0.5724915862083435
e2e,2338,41.08321762084961,38.96117401123047,-1.3457283973693848,1.4079210758209229
e2e,2339,37.2263069152832,31.83579444885254,-0.6102190613746643,0.2533591687679291
e2e,2340,41.67835998535156,38.790672302246094,-1.3108844757080078,1.250488519668579
e2e,2341,37.269073486328125,34.93307876586914,-0.9570867419242859,0.4751110374927521
e2e,2342,40.55836868286133,36.752140045166016,-1.131760835647583,0.6288749575614929
e2e,2343,38.2066764831543,33.069435119628906,-0.7586783766746521,0.34095537662506104
e2e,2344,42.560951232910156,37.47663879394531,-0.9216483235359192,0.5827301740646362
e2e,2345,41.77788543701172,38.14584732055664,-1.1135056018829346,0.7231124043464661
e2e,2346,39.5501594543457,35.75050354003906,-1.0248463153839111,0.5456321835517883
e2e,2347,38.241920471191406,34.80821990966797,-0.9750095009803772,0.5325722694396973
e2e,2348,41.783233642578125,36.508270263671875,-0.9802713990211487,0.46787557005882263
e2e,2349,41.775245666503906,35.82316970825195,-0.8763074278831482,0.376037061214447
e2e,2350,42.33194351196289,35.453914642333984,-0.785932719707489,0.341334730386734
e2e,2351,39.74076461791992,32.26369094848633,-0.582995593547821,0.3008671998977661
e2e,2352,42.55121612548828,38.50654602050781,-1.0631667375564575,1.0148146152496338
e2e,2353,41.128929138183594,34.355072021484375,-1.074981689453125,0.68137127161026
e2e,2354,42.35283660888672,39.16142272949219,-1.1086488962173462,1.5303419828414917
e2e,2355,39.888675689697266,37.931678771972656,-0.9035192728042603,0.7142354846000671
e2e,2356,38.08582305908203,37.22159194946289,-0.8651669025421143,0.4046154320240021
e2e,2357,39.605628967285156,37.33957290649414,-0.8669202327728271,0.35815876722335815
e2e,2359,42.37070846557617,38.01436996459961,-0.8831251859664917,0.4788816571235657
e2e,2361,40.30480194091797,34.20705795288086,-0.9116448163986206,0.5037221908569336
e2e,2363,38.3520393371582,36.78522872924805,-0.6062643527984619,0.18931636214256287
e2e,2364,41.829315185546875,38.712867736816406,-0.7240104675292969,0.7621027827262878
e2e,2365,39.58932113647461,38.61102294921875,-0.8389511704444885,1.107556700706482
e2e,2366,37.83733367919922,37.86354064941406,-0.8563058972358704,0.48212194442749023
e2e,2367,41.21464157104492,38.20920181274414,-0.7722292542457581,0.6684240102767944
e2e,2368,38.51913070678711,38.248130798339844,-0.8220388293266296,0.4787183701992035
e2e,2369,43.197242736816406,37.689659118652344,-0.7425083518028259,1.1018030643463135
e2e,2370,42.94443893432617,39.07379150390625,-0.8211016058921814,1.3409579992294312
e2e,2371,43.6715202331543,38.25079345703125,-0.7708993554115295,1.5603748559951782
e2e,2372,40.1546745300293,38.64945602416992,-0.9452545642852783,1.2522674798965454
e2e,2373,37.2249641418457,37.996150970458984,-0.9236005544662476,0.4429885447025299
e2e,2375,44.28593444824219,39.58009338378906,-1.1252837181091309,1.6570398807525635
e2e,2376,35.191043853759766,35.49687194824219,-0.8207857608795166,0.3163703382015228
e2e,2377,44.2631950378418,38.784481048583984,-1.0227211713790894,1.5668162107467651
e2e,2378,43.788387298583984,37.548580169677734,-0.7645947337150574,1.0762971639633179
e2e,2381,43.662384033203125,39.37044143676758,-0.9108834862709045,1.474230170249939
e2e,2382,41.12625503540039,38.83137893676758,-0.8348336219787598,0.9261822700500488
e2e,2383,43.13233184814453,38.53663635253906,-0.7151107788085938,1.330735683441162
e2e,2384,41.57711410522461,39.361572265625,-0.8584034442901611,1.2650567293167114
e2e,2386,38.935035705566406,38.65637969970703,-0.8858184814453125,0.844980001449585
e2e,2387,43.58092498779297,36.870426177978516,-0.6370388269424438,0.6970042586326599
e2e,2388,44.356014251708984,38.081085205078125,-0.6322188377380371,1.300339698791504
e2e,2390,39.88135528564453,39.12910461425781,-0.7526203393936157,1.4460523128509521
e2e,2391,40.235782623291016,39.62446212768555,-0.776935338973999,1.8625106811523438
e2e,2392,36.773643493652344,38.399784088134766,-0.7811479568481445,0.4569878876209259
e2e,2393,37.313716888427734,38.94874572753906,-0.8096683025360107,0.43880584836006165
e2e,2394,36.4678840637207,37.778751373291016,-0.6320496201515198,0.1773201823234558
e2e,2395,40.602176666259766,38.81905746459961,-0.7843714952468872,1.1909350156784058
e2e,2396,41.253299713134766,39.8931770324707,-0.8248862028121948,1.7383029460906982
e2e,2397,37.96508026123047,39.216705322265625,-0.9137536287307739,0.7194496989250183
e2e,2398,36.22566604614258,38.65530014038086,-0.8873710632324219,0.9040158987045288
e2e,2399,39.54256820678711,39.589691162109375,-1.006509780883789,1.6971855163574219
e2e,2401,35.98957061767578,36.552581787109375,-0.6757389307022095,0.40196821093559265
e2e,2402,36.66962432861328,35.9384651184082,-0.5829242467880249,0.1571243554353714
e2e,2403,40.69948959350586,39.379791259765625,-0.937152624130249,1.5452951192855835
e2e,2404,36.97843933105469,37.539546966552734,-0.9790226221084595,0.597099781036377
e2e,2407,36.4362907409668,35.076820373535156,-0.593877911567688,0.30416712164878845
e2e,2408,36.07944869995117,34.636474609375,-0.6489112377166748,0.2662471532821655
e2e,2409,36.66471862792969,34.58832550048828,-0.6221727132797241,0.3924970030784607
e2e,2410,37.473628997802734,37.39336395263672,-0.91175776720047,0.3401893973350525
e2e,2411,35.62069320678711,34.929012298583984,-0.6562256217002869,0.30326470732688904
e2e,2413,35.95622634887695,37.540740966796875,-0.7631327509880066,0.4681049883365631
e2e,2414,35.374698638916016,36.76694107055664,-0.747704803943634,0.10182105004787445
e2e,2415,34.53871154785156,36.825233459472656,-0.7324139475822449,0.38548099994659424
e2e,2416,35.46640396118164,36.268985748291016,-0.6030077934265137,0.3349820673465729
e2e,2417,36.954200744628906,36.99664306640625,-0.7505391240119934,0.4721544086933136
e2e,2418,36.36798095703125,34.172908782958984,-0.5849524140357971,0.2856820523738861
e2e,2419,35.92910385131836,35.468238830566406,-0.5387359261512756,0.2989136874675751
e2e,2421,33.939605712890625,35.06856918334961,-0.6880175471305847,1.0566266775131226
e2e,2422,35.54278564453125,34.00823974609375,-0.6150455474853516,0.2595815062522888
e2e,2423,35.084049224853516,37.228851318359375,-0.7978818416595459,0.31199997663497925
e2e,2424,34.70614242553711,35.21807861328125,-0.6117255687713623,0.5971653461456299
e2e,2425,33.93875503540039,36.904293060302734,-0.8587183952331543,0.2517634630203247
e2e,2426,34.23203659057617,36.39847183227539,-0.7928856611251831,0.30550968647003174
e2e,2427,37.42979431152344,35.23833084106445,-0.5331337451934814,0.24826738238334656
e2e,2429,36.135833740234375,36.0467529296875,-0.6347480416297913,0.2276027351617813
e2e,2430,36.843929290771484,33.79808044433594,-0.5061691403388977,0.19672884047031403
e2e,2431,34.62041473388672,37.507606506347656,-0.9107822179794312,0.4419800341129303
e2e,2432,33.9024543762207,35.894710540771484,-0.8792747259140015,0.33442121744155884
e2e,2433,35.902679443359375,33.6236686706543,-0.6878005266189575,0.322004109621048
e2e,2434,34.2617073059082,35.526336669921875,-0.8224740028381348,0.5223901271820068
e2e,2435,35.23264694213867,33.492958068847656,-0.6804567575454712,0.3883002698421478
e2e,2436,35.0267333984375,36.03825759887695,-0.970315158367157,0.3796243667602539
e2e,2437,36.34879684448242,36.88332748413086,-0.8568434119224548,0.400092214345932
e2e,2440,34.76799011230469,34.728580474853516,-0.8943648338317871,1.0227943658828735
e2e,2441,34.21234893798828,34.2186279296875,-0.8811391592025757,0.9945542216300964
e2e,2442,34.09954071044922,37.41041946411133,-1.0739424228668213,0.5036263465881348
e2e,2443,35.67443084716797,38.42940139770508,-0.8767737746238708,0.6964401006698608
e2e,2444,36.968082427978516,35.41770935058594,-0.6822500824928284,0.2695293724536896
e2e,2445,34.80420684814453,38.45423889160156,-0.9604589343070984,0.7435860633850098
e2e,2447,34.091346740722656,37.93931579589844,-0.9320845603942871,0.42611414194107056
e2e,2448,33.562252044677734,36.6312370300293,-1.1116303205490112,0.39026740193367004
e2e,2449,35.22049331665039,39.13625717163086,-0.9974257946014404,1.4119846820831299
e2e,2451,33.63333511352539,37.99483108520508,-1.1591346263885498,0.7448126077651978
e2e,2452,33.61601257324219,34.65162658691406,-1.1121642589569092,1.5151119232177734
e2e,2453,34.31560516357422,36.09267807006836,-1.2199184894561768,0.5489680767059326
e2e,2454,33.24704360961914,37.666770935058594,-1.178234338760376,0.6846250295639038
e2e,2455,33.30057144165039,35.449005126953125,-1.2348430156707764,0.7782332897186279
e2e,2459,33.12712097167969,37.069847106933594,-0.8046488165855408,0.15701410174369812
e2e,2460,32.58731460571289,36.90034866333008,-0.8376010060310364,0.3095058500766754
e2e,2461,33.02771759033203,36.51313400268555,-0.8507363200187683,0.4407244026660919
e2e,2464,32.72770690917969,37.57771301269531,-0.9189763069152832,0.35490304231643677
e2e,2465,32.65082931518555,36.21492385864258,-0.9993100166320801,0.35252222418785095
e2e,2468,32.116390228271484,37.289886474609375,-1.2064218521118164,0.27335378527641296
e2e,2469,34.26614761352539,35.023895263671875,-1.2547544240951538,1.024670124053955
e2e,2470,35.65028381347656,34.18716049194336,-1.1266363859176636,0.5906581282615662
e2e,2472,32.35861587524414,38.02964782714844,-1.1261736154556274,0.8542370200157166
e2e,2473,31.98274803161621,36.36473083496094,-1.2867579460144043,0.4691910147666931
e2e,2474,34.71152877807617,35.35292434692383,-1.1286492347717285,0.5889602303504944
e2e,2476,32.943397521972656,36.683170318603516,-1.3307479619979858,0.5483739376068115
e2e,2477,31.871440887451172,37.94905471801758,-1.2074302434921265,0.5686131119728088
e2e,2478,32.21078872680664,36.82676315307617,-1.415939450263977,0.6081652045249939
e2e,2479,34.97214889526367,33.745269775390625,-1.0520175695419312,0.30783969163894653
e2e,2480,31.705585479736328,36.79115676879883,-1.2146013975143433,0.2925112843513489
e2e,2481,31.280128479003906,37.07307434082031,-1.3642770051956177,0.3951203227043152
e2e,2482,31.111268997192383,37.79855728149414,-1.3081109523773193,0.657417893409729
e2e,2483,31.130260467529297,36.537052154541016,-1.5610042810440063,0.5204699635505676
e2e,2484,30.789852142333984,37.40868377685547,-1.4343819618225098,0.41754868626594543
e2e,2485,30.68825912475586,35.93232345581055,-1.6186714172363281,0.5909295678138733
e2e,2486,30.619911193847656,36.51654815673828,-1.6182750463485718,0.6193148493766785
e2e,2487,30.5129337310791,36.902252197265625,-1.2277228832244873,0.2650003731250763
e2e,2488,30.051959991455078,36.55574035644531,-1.3969268798828125,0.4474283456802368
e2e,2489,30.15431022644043,38.02732849121094,-1.400803804397583,0.5234568119049072
e2e,2490,30.343854904174805,37.4688720703125,-1.2036057710647583,0.3311747610569
e2e,2491,29.929397583007812,37.15929412841797,-1.3062829971313477,0.36441218852996826
e2e,2492,29.530044555664062,36.64588165283203,-1.4454947710037231,0.4329250156879425
e2e,2493,30.003158569335938,36.05475997924805,-1.5822235345840454,0.8162956833839417
e2e,2494,29.49323081970215,37.58489990234375,-1.6054964065551758,0.4318617284297943
e2e,2495,29.436017990112305,36.14297866821289,-1.7277086973190308,0.833378255367279
e2e,2496,28.99608612060547,37.8401985168457,-1.644574761390686,0.4470272660255432
e2e,2497,28.967056274414062,36.628849029541016,-1.7747061252593994,0.5921725034713745
e2e,2498,28.512968063354492,37.68214797973633,-1.6392898559570312,0.5723521709442139
e2e,2499,28.220430374145508,38.47477722167969,-1.6727341413497925,0.4554222822189331
e2e,2500,27.851085662841797,36.93107986450195,-1.7324401140213013,0.9248808026313782
e2e,2502,27.69756507873535,38.840946197509766,-1.7180814743041992,0.4478576183319092
e2e,2503,27.627361297607422,37.75065231323242,-1.7394330501556396,0.6290762424468994
e2e,2504,27.205158233642578,38.818687438964844,-1.9099254608154297,0.6145544052124023
e2e,2505,27.111099243164062,38.09885787963867,-1.8367750644683838,0.8559104800224304
e2e,2506,27.85744285583496,39.317047119140625,-1.7901785373687744,0.5415627956390381
e2e,2507,28.580535888671875,35.68381118774414,-1.836378812789917,0.8834771513938904
e2e,2508,26.94593620300293,37.40233612060547,-2.0072896480560303,1.0967200994491577
e2e,2509,27.66059112548828,38.263954162597656,-1.6911265850067139,0.49477675557136536
e2e,2510,27.089096069335938,39.68006896972656,-1.9365427494049072,0.5825276374816895
e2e,2511,27.255115509033203,36.90656661987305,-2.0220463275909424,1.0458258390426636
e2e,2513,26.82946014404297,39.1681022644043,-1.7825933694839478,0.5041834115982056
e2e,2514,28.236663818359375,37.1937141418457,-1.4872174263000488,0.424337774515152
e2e,2515,26.825725555419922,38.50843048095703,-1.7141544818878174,0.632594645023346
e2e,2516,26.382953643798828,38.0594482421875,-1.8783740997314453,1.023029088973999
e2e,2518,26.87159538269043,40.22921371459961,-1.9476649761199951,0.5004549026489258
e2e,2519,26.315366744995117,39.352989196777344,-1.8077187538146973,0.7130519151687622
e2e,2520,26.4553279876709,39.9194450378418,-1.9197566509246826,0.5950440168380737
e2e,2521,25.889432907104492,38.93782043457031,-1.9071255922317505,1.0445160865783691
e2e,2522,26.39005470275879,40.48393249511719,-1.933154821395874,0.6250733137130737
e2e,2524,26.853065490722656,41.19208908081055,-1.9479438066482544,0.4072985351085663
e2e,2525,26.282085418701172,41.01166915893555,-1.9719263315200806,0.5488919615745544
e2e,2526,26.85442352294922,41.99451446533203,-2.0549538135528564,0.48374950885772705
e2e,2528,25.879789352416992,40.07728958129883,-1.9451907873153687,1.036072015762329
e2e,2529,27.43677520751953,40.35816192626953,-1.7192025184631348,0.29470065236091614
e2e,2530,25.799793243408203,41.34907150268555,-2.038179636001587,0.7434428334236145
e2e,2531,26.951255798339844,42.728843688964844,-2.1153783798217773,0.5337557196617126
e2e,2532,26.12142562866211,41.89744186401367,-2.1412198543548584,0.4913523197174072
e2e,2533,26.51451301574707,41.61363983154297,-1.980339765548706,0.4490545988082886
e2e,2534,27.060394287109375,40.72437286376953,-1.8172857761383057,0.398853600025177
e2e,2536,27.287830352783203,43.293434143066406,-2.2152962684631348,0.5347500443458557
e2e,2537,25.866262435913086,42.394287109375,-2.1414427757263184,0.5340963006019592
e2e,2538,26.40043830871582,42.870784759521484,-2.1555964946746826,0.47971317172050476
e2e,2539,26.768465042114258,43.310279846191406,-2.1761887073516846,0.5199631452560425
e2e,2540,27.449417114257812,43.819725036621094,-2.276827812194824,0.4308190941810608
e2e,2541,26.261070251464844,43.607177734375,-2.2432193756103516,0.48485785722732544
e2e,2543,25.640390396118164,42.91376876831055,-2.130321502685547,0.6834073066711426
e2e,2544,27.359678268432617,42.12694549560547,-1.93314790725708,0.4432790279388428
e2e,2545,26.522119522094727,44.04865264892578,-2.3130569458007812,0.5741998553276062
e2e,2546,27.494112014770508,44.414756774902344,-2.3216893672943115,0.4911012351512909
e2e,2547,27.471057891845703,42.65960693359375,-2.03123140335083,0.4044921398162842
e2e,2548,25.689048767089844,43.90133285522461,-2.1852023601531982,0.6047327518463135
e2e,2549,26.997034072875977,44.93409729003906,-2.0435404777526855,0.2879420518875122
e2e,2550,25.85892105102539,44.72053527832031,-2.1242194175720215,0.369851291179657
e2e,2551,27.128170013427734,44.20430374145508,-1.9635093212127686,0.28149521350860596
e2e,2552,26.468505859375,44.51048278808594,-2.04815673828125,0.23242312669754028
e2e,2553,27.680065155029297,44.11695098876953,-1.8267308473587036,0.2989993691444397
e2e,2554,25.976520538330078,45.25157928466797,-2.1056582927703857,0.30328577756881714
e2e,2555,26.595003128051758,45.34086608886719,-1.9269189834594727,0.2240535467863083
e2e,2556,27.2164249420166,45.69643020629883,-1.7449872493743896,0.2735324800014496
e2e,2558,25.505903244018555,45.68597412109375,-2.167973756790161,0.3490235507488251
e2e,2559,26.18389129638672,45.809173583984375,-2.033604860305786,0.35030221939086914
e2e,2560,25.84306526184082,46.2158317565918,-2.1051077842712402,0.2671780288219452
e2e,2561,27.224071502685547,46.31980514526367,-1.8713035583496094,0.2887238562107086
e2e,2562,27.605253219604492,45.34130096435547,-1.9154081344604492,0.21059304475784302
e2e,2564,27.759075164794922,46.537715911865234,-2.026657819747925,0.7710734605789185
e2e,2565,26.307273864746094,46.303592681884766,-2.319552421569824,0.4347226321697235
e2e,2566,25.918676376342773,46.71200942993164,-2.199190855026245,0.47985196113586426
e2e,2567,26.67937469482422,46.84706497192383,-2.0343990325927734,0.15439531207084656
e2e,2568,25.50571632385254,47.061100006103516,-2.274317979812622,0.29330554604530334
e2e,2569,26.533525466918945,47.22905349731445,-2.325815200805664,0.401711106300354
e2e,2570,27.295963287353516,47.270843505859375,-2.24733304977417,0.5539166331291199
e2e,2571,26.22736930847168,47.904300689697266,-1.8857715129852295,0.2764413058757782
e2e,2572,26.72341537475586,47.67534255981445,-1.7651221752166748,0.30134525895118713
e2e,2573,26.10415267944336,47.375038146972656,-1.9310256242752075,0.08624008297920227
e2e,2574,27.2706241607666,47.42282485961914,-1.6828176975250244,0.4550032913684845
e2e,2575,25.55463409423828,47.96126937866211,-2.0169873237609863,0.2528725564479828
e2e,2576,27.170244216918945,48.08750534057617,-1.8724515438079834,0.20333799719810486
e2e,2577,25.701316833496094,48.66593933105469,-2.496234655380249,0.5185081958770752
e2e,2578,27.21294593811035,48.62565231323242,-2.371124267578125,0.4706818461418152
e2e,2579,26.588428497314453,48.625823974609375,-2.432988166809082,0.6327232122421265
e2e,2580,26.891477584838867,48.17837142944336,-2.3550751209259033,0.41354456543922424
e2e,2581,27.498760223388672,48.10366439819336,-2.2975196838378906,0.4258987009525299
e2e,2582,27.8302001953125,48.47397994995117,-2.1652989387512207,0.3485174775123596
e2e,2583,25.74971580505371,49.52532958984375,-2.1663708686828613,0.31276923418045044
e2e,2584,26.729827880859375,49.62424087524414,-2.131822109222412,0.395608127117157
e2e,2585,27.793577194213867,49.625762939453125,-2.1069116592407227,0.37078857421875
e2e,2586,27.45602798461914,49.110267639160156,-1.9351565837860107,0.30973514914512634
e2e,2587,26.779804229736328,50.132957458496094,-1.9323978424072266,0.3972098231315613
e2e,2589,25.384634017944336,50.21078872680664,-2.348875045776367,0.5465738773345947
e2e,2590,26.088891983032227,50.07706832885742,-2.3079376220703125,0.3866913616657257
e2e,2591,28.29535675048828,50.198974609375,-2.260477066040039,0.9518248438835144
e2e,2593,26.227170944213867,50.60698318481445,-2.334439277648926,0.45961055159568787
e2e,2594,27.71148109436035,50.490901947021484,-2.32565975189209,0.9240526556968689
e2e,2595,27.20016098022461,50.77131271362305,-2.263615369796753,0.5918167233467102
e2e,2596,28.19974136352539,50.789039611816406,-2.221198320388794,1.437398076057434
e2e,2597,24.90983772277832,50.485774993896484,-2.3379855155944824,0.37741246819496155
e2e,2598,25.88064193725586,51.09639358520508,-2.1140010356903076,0.2556379735469818
e2e,2599,26.752967834472656,51.249794006347656,-2.0467031002044678,0.2600763142108917
e2e,2600,25.181928634643555,51.25905227661133,-2.164112091064453,0.3241821229457855
e2e,2601,28.331851959228516,51.26395034790039,-2.1221790313720703,1.406960368156433
e2e,2602,28.85904312133789,50.42144012451172,-2.2311506271362305,1.0607349872589111
e2e,2603,25.52532386779785,50.7662467956543,-2.3064463138580322,0.2922965884208679
e2e,2604,27.873111724853516,51.58551788330078,-2.293855667114258,0.9289999604225159
e2e,2605,28.82366180419922,51.47829818725586,-2.3021392822265625,1.8621511459350586
e2e,2606,25.09659767150879,51.98954772949219,-2.490072727203369,0.6856475472450256
e2e,2607,25.83083152770996,52.126522064208984,-2.4089677333831787,0.41999706625938416
e2e,2609,29.328418731689453,51.71788024902344,-2.38814640045166,2.26186466217041
e2e,2610,26.888835906982422,51.90497970581055,-2.158045768737793,0.2827812731266022
e2e,2611,29.484994888305664,51.2578239440918,-2.257397174835205,1.794909954071045
e2e,2612,29.61029624938965,50.72134017944336,-2.220186710357666,1.2828902006149292
e2e,2613,28.571685791015625,49.779685974121094,-2.1949262619018555,0.6498055458068848
e2e,2615,27.40467071533203,52.08484649658203,-2.2183010578155518,0.6003798842430115
e2e,2616,25.243858337402344,52.493865966796875,-2.2960405349731445,0.4551130533218384
e2e,2617,26.17226219177246,51.76164245605469,-2.111283540725708,0.16916584968566895
e2e,2618,26.597003936767578,52.763877868652344,-2.2225403785705566,0.3306499421596527
e2e,2619,26.24212646484375,52.38993453979492,-2.2356839179992676,0.398009330034256
e2e,2620,25.11675262451172,53.14164733886719,-2.1909427642822266,0.24582812190055847
e2e,2621,25.98701286315918,53.133522033691406,-2.0942273139953613,0.31779026985168457
e2e,2622,27.30292510986328,53.11795425415039,-2.1250219345092773,0.7490140795707703
e2e,2623,24.831296920776367,53.6291618347168,-2.256324052810669,0.27989596128463745
e2e,2624,25.604101181030273,53.837799072265625,-2.0856895446777344,0.34480372071266174
e2e,2626,26.953744888305664,53.47796630859375,-1.7998679876327515,0.4521747827529907
e2e,2627,26.27370262145996,54.007606506347656,-1.9770604372024536,0.31117871403694153
e2e,2628,27.0830078125,53.94160079956055,-2.034074306488037,0.41074225306510925
e2e,2629,24.86180305480957,54.41524124145508,-2.444162368774414,0.4793696701526642
e2e,2630,26.509035110473633,54.49938201904297,-2.145495891571045,0.23448927700519562
e2e,2632,25.566497802734375,54.41157150268555,-2.1910109519958496,0.18243816494941711
e2e,2633,26.433395385742188,55.080631256103516,-2.0264358520507812,0.27538734674453735
e2e,2634,25.11261749267578,55.66643524169922,-2.3584117889404297,0.36148661375045776
e2e,2635,25.694189071655273,55.18727111816406,-2.250483989715576,0.39712634682655334
e2e,2636,27.086406707763672,55.22673416137695,-2.1790566444396973,0.5146282911300659
e2e,2637,26.217227935791016,55.651458740234375,-2.093797206878662,0.11083722859621048
e2e,2638,24.639381408691406,56.05000686645508,-2.47420072555542,0.4752356708049774
e2e,2639,24.483686447143555,55.07113265991211,-2.4596385955810547,0.43374890089035034
e2e,2640,26.88926124572754,55.98194885253906,-2.2377443313598633,0.3050789535045624
e2e,2641,24.29065704345703,56.42372131347656,-2.3805296421051025,0.3685438334941864
e2e,2642,26.32652473449707,56.30118942260742,-2.253674268722534,0.32659444212913513
e2e,2643,25.75848388671875,56.23566436767578,-2.250018358230591,0.40172797441482544
e2e,2644,23.786636352539062,56.39777755737305,-2.553734064102173,0.634026050567627
e2e,2645,27.0225830078125,56.856075286865234,-2.486276626586914,0.5757336616516113
e2e,2646,25.75578498840332,57.10686111450195,-2.3080685138702393,0.49208101630210876
e2e,2647,19.634557723999023,56.49647521972656,-2.9269886016845703,1.1529358625411987
e2e,2648,23.915637969970703,57.09678649902344,-2.3387813568115234,0.44914329051971436
e2e,2649,26.419456481933594,57.14955139160156,-2.361421585083008,0.41853415966033936
e2e,2650,25.203386306762695,56.97002410888672,-2.1888110637664795,0.3808736503124237
e2e,2651,20.070453643798828,56.74472427368164,-2.9187417030334473,0.8938009142875671
e2e,2652,20.790180206298828,56.4036750793457,-2.875401020050049,0.8046548962593079
e2e,2653,22.98326873779297,56.943904876708984,-2.4501304626464844,0.4538455009460449
e2e,2654,21.5821533203125,56.65137481689453,-2.608374834060669,0.5865755081176758
e2e,2655,22.287485122680664,55.055076599121094,-2.4728450775146484,0.3818037807941437
e2e,2656,21.782901763916016,54.58938980102539,-2.4998908042907715,0.4184020459651947
e2e,2657,26.58612060546875,57.7723274230957,-2.324702739715576,0.34438028931617737
e2e,2658,21.958398818969727,56.18259811401367,-2.51568603515625,0.5578065514564514
e2e,2660,27.31344985961914,57.210838317871094,-2.2604238986968994,0.354096382856369
e2e,2661,24.916481018066406,57.8934326171875,-2.1878151893615723,0.2972913384437561
e2e,2662,27.035226821899414,58.511627197265625,-2.292646884918213,0.36375051736831665
e2e,2664,21.296772003173828,54.90339279174805,-2.617619276046753,0.6010982990264893
e2e,2665,20.52360725402832,55.09083938598633,-2.6989126205444336,0.7280726432800293
e2e,2666,19.693187713623047,55.98105239868164,-2.7221436500549316,1.1903976202011108
e2e,2667,26.431106567382812,58.772674560546875,-2.1270453929901123,0.6061686277389526
e2e,2668,21.497331619262695,55.61553955078125,-2.4181084632873535,0.31392335891723633
e2e,2669,25.629314422607422,57.859130859375,-2.072336435317993,0.23581825196743011
e2e,2670,23.01759147644043,56.19536590576172,-2.25667142868042,0.1888071894645691
e2e,2671,22.357288360595703,55.74945068359375,-2.337325096130371,0.27723565697669983
e2e,2672,20.193092346191406,55.890560150146484,-2.531447410583496,0.9017377495765686
e2e,2673,20.122907638549805,55.34881591796875,-2.499788522720337,0.5991811752319336
e2e,2674,20.345054626464844,53.88706970214844,-2.39231014251709,0.37879687547683716
e2e,2675,19.945343017578125,54.6335563659668,-2.492546558380127,0.4365255534648895
e2e,2676,28.261791229248047,59.433414459228516,-2.341372489929199,1.1229791641235352
e2e,2677,27.829790115356445,57.91340255737305,-2.2367424964904785,0.3034434914588928
e2e,2678,19.524940490722656,55.40711975097656,-2.549771785736084,0.8511449098587036
e2e,2679,20.734193801879883,55.95302200317383,-2.4942264556884766,0.5968589782714844
e2e,2680,24.07792854309082,57.98353576660156,-2.1250877380371094,0.2635473310947418
e2e,2681,22.324546813964844,56.653160095214844,-2.2625656127929688,0.306873619556427
e2e,2682,23.401905059814453,57.37086868286133,-2.17852783203125,0.29042431712150574
e2e,2683,27.52597427368164,59.46013259887695,-2.2121949195861816,1.1717127561569214
e2e,2685,28.34963035583496,58.64939880371094,-2.245774269104004,0.4716534912586212
e2e,2687,19.20672607421875,55.79469299316406,-2.6517200469970703,1.2442116737365723
e2e,2688,18.763988494873047,55.12162399291992,-2.71126127243042,0.7352663278579712
e2e,2689,28.782339096069336,59.84552764892578,-2.2838876247406006,1.6366307735443115
e2e,2690,25.756423950195312,58.84465789794922,-2.1648755073547363,0.5982300043106079
e2e,2691,25.249929428100586,58.607460021972656,-2.1059582233428955,0.283969908952713
e2e,2692,20.631744384765625,54.37166213989258,-2.3289661407470703,0.37824878096580505
e2e,2693,21.172264099121094,54.08408737182617,-2.3003287315368652,0.36780279874801636
e2e,2694,27.838300704956055,57.145389556884766,-2.173126697540283,0.23140963912010193
e2e,2695,27.85228157043457,59.067501068115234,-2.3031039237976074,0.8024882674217224
e2e,2696,19.16854476928711,54.12126922607422,-2.4550647735595703,0.4764135181903839
e2e,2697,28.873027801513672,59.07672882080078,-2.3164000511169434,1.0967113971710205
e2e,2698,18.910085678100586,54.71171569824219,-2.429391384124756,0.3805604577064514
e2e,2699,23.448936462402344,58.01734924316406,-2.1230885982513428,0.24922066926956177
e2e,2700,22.535512924194336,57.36106872558594,-2.1425461769104004,0.4738979637622833
e2e,2701,23.66710662841797,58.881587982177734,-2.068596839904785,0.6509742736816406
e2e,2702,23.941246032714844,59.30833435058594,-2.0474395751953125,0.9232666492462158
e2e,2703,25.48072624206543,59.670379638671875,-1.9260210990905762,1.2742761373519897
e2e,2704,19.644611358642578,53.260589599609375,-2.51765775680542,0.43074730038642883
e2e,2705,24.799972534179688,59.56003952026367,-1.9587504863739014,1.3062694072723389
e2e,2706,20.497840881347656,53.245147705078125,-2.429387092590332,0.4268433153629303
e2e,2707,20.896800994873047,53.59012985229492,-2.4112706184387207,0.4159654974937439
e2e,2708,18.856821060180664,53.61604690551758,-2.6358213424682617,0.5584561228752136
e2e,2709,21.952611923217773,55.4234504699707,-2.262437582015991,0.4187043309211731
e2e,2710,18.830894470214844,52.89303970336914,-2.6407880783081055,0.5870575904846191
e2e,2711,18.339282989501953,53.377628326416016,-2.6945691108703613,0.7430465221405029
e2e,2712,26.923715591430664,59.39198303222656,-1.780238389968872,1.0221891403198242
e2e,2715,18.129610061645508,52.65460968017578,-2.755446434020996,0.7559046149253845
e2e,2716,20.878068923950195,52.077239990234375,-2.3628785610198975,0.3877059519290924
e2e,2717,26.50330924987793,60.658599853515625,-1.8081587553024292,2.3405752182006836
e2e,2718,21.67299461364746,57.07373046875,-2.0774664878845215,0.1750475913286209
e2e,2720,22.616426467895508,58.687965393066406,-2.022876501083374,0.22339516878128052
e2e,2721,24.45681381225586,57.463592529296875,-2.028744697570801,0.24630451202392578
e2e,2725,21.95348358154297,57.75056838989258,-2.0382888317108154,0.35190674662590027
e2e,2726,23.039987564086914,59.392822265625,-1.9193618297576904,1.0068142414093018
e2e,2730,21.060832977294922,56.842891693115234,-2.227027177810669,0.46519890427589417
e2e,2731,19.635112762451172,53.79533386230469,-2.687100648880005,0.6332054734230042
e2e,2732,21.847698211669922,58.860225677490234,-1.932079553604126,0.20728851854801178
e2e,2737,19.3465518951416,52.72850036621094,-2.8451571464538574,0.7467328906059265
e2e,2738,19.617237091064453,56.002235412597656,-2.1987571716308594,0.9127947688102722
e2e,2739,19.753032684326172,56.67152404785156,-2.0568289756774902,0.6483141183853149
e2e,2742,22.04326629638672,50.5858268737793,-2.665032386779785,0.3862452208995819
e2e,2744,21.47625732421875,51.88840866088867,-2.7107701301574707,0.7151530981063843
e2e,2747,20.517885208129883,57.102020263671875,-2.0885233879089355,0.41901764273643494
e2e,2748,19.439590454101562,54.8104133605957,-2.337773323059082,0.2715429961681366
e2e,2749,21.149755477905273,57.55415725708008,-2.0913162231445312,0.4524899423122406
e2e,2753,21.911611557006836,49.596519470214844,-2.7366786003112793,0.8439592719078064
e2e,2754,19.22457504272461,56.80911636352539,-2.1754612922668457,1.1835591793060303
e2e,2760,24.281402587890625,46.796077728271484,-2.979524850845337,0.3497156500816345
e2e,2761,18.02582550048828,53.67866134643555,-2.2983672618865967,0.7047398090362549
e2e,2762,24.259138107299805,47.64373779296875,-2.8771159648895264,0.31743180751800537
e2e,2764,19.323862075805664,53.62089920043945,-2.2685530185699463,0.15717504918575287
e2e,2765,25.026418685913086,47.76642608642578,-2.769721746444702,0.2932108938694
e2e,2766,16.724117279052734,53.78268814086914,-2.4238665103912354,1.9972589015960693
e2e,2767,16.122167587280273,54.06428146362305,-2.4839529991149902,2.615007162094116
e2e,2768,24.540061950683594,46.047969818115234,-3.049243450164795,0.4488547742366791
e2e,2769,16.938499450683594,52.977901458740234,-2.48886775970459,1.6196578741073608
e2e,2770,25.561017990112305,46.6788215637207,-2.8684616088867188,0.49012768268585205
e2e,2772,23.831729888916016,46.47496795654297,-3.0870988368988037,0.43809568881988525
e2e,2773,24.858428955078125,44.92009735107422,-3.2834739685058594,0.4749857187271118
e2e,2777,24.255935668945312,48.212425231933594,-2.5855231285095215,0.2832568883895874
e2e,2778,25.11756134033203,46.94874954223633,-2.597637176513672,0.3525492250919342
e2e,2780,24.596467971801758,45.37654495239258,-2.925185203552246,0.41311854124069214
e2e,2783,24.996795654296875,48.66322708129883,-2.4631171226501465,0.30531761050224304
e2e,2784,23.950252532958984,49.510414123535156,-2.5723588466644287,0.3239135146141052
e2e,2786,23.816884994506836,47.20670700073242,-2.648733615875244,0.385690838098526
e2e,2787,24.648326873779297,46.589942932128906,-2.5429015159606934,0.36835208535194397
e2e,2789,23.251008987426758,46.8641242980957,-2.7641000747680664,0.36757734417915344
e2e,2792,23.43637466430664,47.736759185791016,-2.94148325920105,0.3917349874973297
e2e,2794,23.265586853027344,46.22494888305664,-3.148942708969116,0.7013074159622192
e2e,2795,24.956214904785156,46.53712844848633,-3.02305269241333,0.42119044065475464
e2e,2796,23.705110549926758,45.95729446411133,-2.895501136779785,0.2508396804332733
e2e,2797,23.243114471435547,45.64585494995117,-2.98330020904541,0.3632577061653137
e2e,2798,24.078819274902344,45.09211730957031,-3.1152853965759277,0.42897915840148926
e2e,2803,24.95050621032715,45.723915100097656,-3.033729076385498,0.3062931299209595
e2e,2805,23.273422241210938,45.11078643798828,-3.180713653564453,0.46430066227912903
e2e,2806,24.276906967163086,44.36699676513672,-3.273730754852295,0.5845786333084106
e2e,2807,23.755435943603516,44.428123474121094,-3.3110427856445312,0.5740544199943542
e2e,2808,24.981689453125,44.41642761230469,-3.359347343444824,0.5299586653709412
e2e,2809,23.180095672607422,44.410362243652344,-3.3818366527557373,0.16550445556640625
e2e,2810,24.417810440063477,43.88702392578125,-3.345006227493286,0.5872064232826233
e2e,2811,23.666187286376953,43.43233871459961,-3.4758810997009277,0.5096983313560486
e2e,2813,24.56548500061035,43.209495544433594,-3.3012659549713135,0.4744358956813812
e2e,2814,25.151826858520508,43.295753479003906,-3.278608798980713,0.6063071489334106
e2e,2815,23.621549606323242,42.91654968261719,-3.500232219696045,0.40490296483039856
e2e,2816,23.17438316345215,43.82828903198242,-3.2534563541412354,0.33050376176834106
e2e,2817,22.96811294555664,42.6748161315918,-3.428816318511963,0.29758766293525696
e2e,2818,25.173885345458984,42.52328109741211,-3.2853145599365234,0.47682318091392517
e2e,2819,24.328083038330078,42.472511291503906,-3.4895005226135254,0.6787769794464111
e2e,2820,24.222911834716797,41.880958557128906,-3.410001754760742,0.4924161732196808
e2e,2821,24.986831665039062,41.74778366088867,-3.151160478591919,0.25582194328308105
e2e,2822,24.63243865966797,41.23762893676758,-3.220034122467041,0.39826062321662903
e2e,2823,25.170135498046875,41.28178787231445,-3.147125482559204,0.24911291897296906
e2e,2824,23.85919952392578,40.901241302490234,-3.447481870651245,0.35436487197875977
e2e,2825,24.396419525146484,40.83944320678711,-3.4851531982421875,0.3935472071170807
e2e,2826,24.14513397216797,41.35698699951172,-3.418459892272949,0.4241444766521454
e2e,2827,25.035844802856445,40.66517639160156,-3.4897255897521973,0.29928362369537354
e2e,2828,24.461673736572266,40.240848541259766,-3.6562752723693848,0.5904603004455566
e2e,2830,23.740947723388672,40.28580856323242,-3.5413522720336914,0.3065786063671112
e2e,2831,24.296110153198242,39.720436096191406,-3.647813320159912,0.5104643106460571
e2e,2832,25.541114807128906,39.33951950073242,-3.562664270401001,0.48076850175857544
e2e,2833,23.924779891967773,39.34644317626953,-3.728563070297241,0.7165591716766357
e2e,2834,25.066822052001953,39.977577209472656,-3.5153064727783203,0.3710774779319763
e2e,2836,24.301610946655273,38.646121978759766,-3.7391700744628906,0.5181148052215576
e2e,2837,24.96976089477539,38.85756301879883,-3.712883234024048,0.43405261635780334
e2e,2838,23.826940536499023,38.353519439697266,-3.8427791595458984,0.5445990562438965
e2e,2839,25.477081298828125,38.315547943115234,-3.6523265838623047,0.3776809871196747
e2e,2840,24.54092788696289,37.851036071777344,-3.6247081756591797,0.3359546959400177
e2e,2841,25.21898078918457,37.85097885131836,-3.6456286907196045,0.36405572295188904
e2e,2842,23.995281219482422,37.8693962097168,-3.6124391555786133,0.40380582213401794
e2e,2843,24.409637451171875,37.28563690185547,-3.712890863418579,0.4157680571079254
e2e,2844,25.32445526123047,37.16056442260742,-3.7331161499023438,0.41806116700172424
e2e,2845,23.741971969604492,36.947959899902344,-3.73549222946167,0.4569726586341858
e2e,2846,24.82561492919922,36.86701965332031,-3.7957026958465576,0.47824662923812866
e2e,2847,24.257944107055664,36.65538024902344,-3.832707405090332,0.512351930141449
e2e,2848,25.933382034301758,36.67357635498047,-3.8459768295288086,0.5794153213500977
e2e,2849,25.24014663696289,36.4961051940918,-3.8170711994171143,0.5360967516899109
e2e,2850,23.990615844726562,38.964691162109375,-3.3916611671447754,0.3410482108592987
e2e,2851,26.39052963256836,36.41328811645508,-3.597958564758301,0.34892070293426514
e2e,2852,24.481264114379883,35.826133728027344,-3.5764126777648926,0.3469882607460022
e2e,2853,25.901716232299805,37.13556671142578,-3.6516451835632324,0.34815770387649536
e2e,2854,26.40509605407715,35.8813591003418,-3.667372703552246,0.428882896900177
e2e,2855,25.591886520385742,35.69902801513672,-3.5469870567321777,0.4665801525115967
e2e,2856,23.755571365356445,35.694793701171875,-3.641237735748291,0.4043944776058197
e2e,2857,23.79991340637207,36.256282806396484,-3.6323399543762207,0.29552900791168213
e2e,2858,27.435646057128906,35.740474700927734,-3.6701738834381104,0.49824970960617065
e2e,2859,27.225061416625977,34.77790832519531,-3.5659937858581543,0.21264858543872833
e2e,2860,26.883533477783203,35.48360061645508,-3.507749557495117,0.3415215015411377
e2e,2861,23.898021697998047,35.10075759887695,-3.4171924591064453,0.3189008831977844
e2e,2862,27.723026275634766,35.1791877746582,-3.5186569690704346,0.3776732087135315
e2e,2863,28.90325927734375,34.93210983276367,-3.4808077812194824,0.49586835503578186
e2e,2864,23.095855712890625,35.2258415222168,-3.6208436489105225,0.27631905674934387
e2e,2865,25.300458908081055,34.709007263183594,-3.2929561138153076,0.1001582071185112
e2e,2866,24.394569396972656,35.357643127441406,-3.3424344062805176,0.3386518359184265
e2e,2867,26.50194549560547,34.991416931152344,-3.4879913330078125,0.18490976095199585
e2e,2868,25.225770950317383,36.08235168457031,-3.2779860496520996,0.2172114998102188
e2e,2869,22.517356872558594,34.95585250854492,-3.6332805156707764,0.23619748651981354
e2e,2870,24.530427932739258,34.621849060058594,-3.3950183391571045,0.28188830614089966
e2e,2871,27.849809646606445,36.00067901611328,-3.5523242950439453,0.45517489314079285
e2e,2873,25.11298370361328,35.36032485961914,-3.4134297370910645,0.3827924132347107
e2e,2874,27.943374633789062,34.47661209106445,-3.800682306289673,0.4808689057826996
e2e,2875,28.331268310546875,35.14888381958008,-3.6698601245880127,0.3534969985485077
e2e,2876,24.51936912536621,33.98432159423828,-3.642983913421631,0.35734060406684875
e2e,2877,26.355424880981445,33.96903991699219,-3.6621615886688232,0.3178451657295227
e2e,2878,23.280221939086914,34.302425384521484,-3.5949883460998535,0.18914437294006348
e2e,2879,22.608827590942383,34.25716018676758,-3.6110787391662598,0.4206938147544861
e2e,2880,27.494680404663086,34.230098724365234,-3.7210614681243896,0.44699612259864807
e2e,2881,22.047651290893555,34.24935531616211,-3.6145474910736084,0.28614649176597595
e2e,2882,21.528953552246094,34.006126403808594,-3.660141944885254,0.24914222955703735
e2e,2883,21.341842651367188,35.46512222290039,-3.6369504928588867,0.45338284969329834
e2e,2884,28.93876075744629,34.032508850097656,-3.7961885929107666,0.6171504259109497
e2e,2885,21.848356246948242,36.023765563964844,-3.595122814178467,0.14800208806991577
e2e,2886,22.334819793701172,36.464744567871094,-3.5665738582611084,0.32699665427207947
e2e,2887,20.72464942932129,34.732906341552734,-3.7010059356689453,0.26097989082336426
e2e,2888,20.322959899902344,35.421653747558594,-3.5748448371887207,0.1412535309791565
e2e,2889,19.952289581298828,34.65565490722656,-3.6574556827545166,0.3247344493865967
e2e,2890,20.988269805908203,36.303382873535156,-3.5861458778381348,0.3167431950569153
e2e,2891,27.09368896484375,33.802574157714844,-3.7873072624206543,0.4272657632827759
e2e,2892,23.779970169067383,34.37018585205078,-3.707953453063965,0.2759229242801666
e2e,2893,21.07465362548828,34.34040451049805,-3.6516966819763184,0.3915938436985016
e2e,2894,25.845949172973633,34.70186996459961,-3.6375858783721924,0.33942505717277527
e2e,2895,22.45418930053711,35.49528121948242,-3.555299758911133,0.21709005534648895
e2e,2898,28.823074340820312,35.615509033203125,-3.4973695278167725,0.6280456185340881
e2e,2899,19.173566818237305,33.87146759033203,-3.6345505714416504,0.47123897075653076
e2e,2901,19.47118377685547,35.00825500488281,-3.5344457626342773,0.11449475586414337
e2e,2902,25.93130874633789,33.56904983520508,-3.5267727375030518,0.2713189125061035
e2e,2903,23.072479248046875,33.85105895996094,-3.507734775543213,0.27709951996803284
e2e,2904,27.74026870727539,33.688568115234375,-3.6842286586761475,0.345178484916687
e2e,2905,20.559423446655273,34.03950119018555,-3.518467903137207,0.24812693893909454
e2e,2906,28.48874855041504,33.5372314453125,-3.704357624053955,0.37130874395370483
e2e,2909,21.24554443359375,36.89375686645508,-3.2732222080230713,0.323280394077301
e2e,2911,25.365371704101562,33.875125885009766,-3.4836931228637695,0.2887439727783203
e2e,2912,21.87302017211914,34.90325927734375,-3.4611124992370605,0.07668734341859818
e2e,2913,28.293447494506836,34.011600494384766,-3.741239547729492,0.32751715183258057
e2e,2914,28.472097396850586,34.527076721191406,-3.6951394081115723,0.44711801409721375
e2e,2916,29.589920043945312,34.50040054321289,-3.670670986175537,0.49977728724479675
e2e,2917,29.402620315551758,35.69118881225586,-3.4412841796875,0.38410869240760803
e2e,2918,29.2679500579834,33.527374267578125,-3.8188090324401855,0.4599202871322632
e2e,2919,23.461654663085938,33.40494155883789,-3.489271640777588,0.3016199469566345
e2e,2920,24.12807846069336,33.41573715209961,-3.428251028060913,0.3001413345336914
e2e,2921,21.296510696411133,34.924617767333984,-3.461597442626953,0.4066688120365143
e2e,2922,21.44264030456543,33.288352966308594,-3.6458628177642822,0.4027252197265625
e2e,2923,27.362417221069336,32.91124725341797,-3.634462833404541,0.19178186357021332
e2e,2925,26.483871459960938,34.41729736328125,-3.3046457767486572,0.29200637340545654
e2e,2926,22.049480438232422,35.52935028076172,-3.2545833587646484,0.3433464467525482
e2e,2927,20.784475326538086,33.434669494628906,-3.5689423084259033,0.19764265418052673
e2e,2928,20.102779388427734,33.778167724609375,-3.5345983505249023,0.24328826367855072
e2e,2929,28.36112403869629,33.02120590209961,-3.6374998092651367,0.33858177065849304
e2e,2930,26.823680877685547,32.94451141357422,-3.464552164077759,0.10508738458156586
e2e,2931,22.955904006958008,35.62448501586914,-3.2933478355407715,0.16715025901794434
e2e,2932,29.004480361938477,33.03120803833008,-3.650115489959717,0.32531943917274475
e2e,2933,19.168991088867188,33.25554656982422,-3.5961461067199707,0.55859375
e2e,2936,26.40629005432129,33.944908142089844,-3.098841428756714,0.35843074321746826
e2e,2937,27.338197708129883,34.14634704589844,-3.239454507827759,0.20875950157642365
e2e,2938,22.077564239501953,33.011985778808594,-3.4020988941192627,0.4402664303779602
e2e,2939,26.249343872070312,32.909732818603516,-3.165714740753174,0.39386460185050964
e2e,2940,27.20330238342285,32.61870193481445,-3.256984233856201,0.30986863374710083
e2e,2941,24.6336669921875,33.696044921875,-3.161051034927368,0.244576558470726
e2e,2942,25.612152099609375,33.436363220214844,-3.1469624042510986,0.3708062469959259
e2e,2943,26.903438568115234,33.75309371948242,-3.1811771392822266,0.34095320105552673
e2e,2944,23.562124252319336,33.998191833496094,-3.2021024227142334,0.4023154675960541
e2e,2945,22.995895385742188,33.39358139038086,-3.3022634983062744,0.2013091892004013
e2e,2946,22.398365020751953,33.80500411987305,-3.3052806854248047,0.2196514904499054
e2e,2947,23.595226287841797,34.686676025390625,-3.1690523624420166,0.3289700448513031
e2e,2948,23.09015655517578,34.92130661010742,-3.1707763671875,0.3015485107898712
e2e,2949,21.05853843688965,32.87596893310547,-3.5199742317199707,0.2297295331954956
e2e,2950,29.414310455322266,34.989051818847656,-3.3743107318878174,0.35680249333381653
e2e,2951,20.077905654907227,33.13597106933594,-3.584068775177002,0.27873578667640686
e2e,2952,29.09198760986328,32.45125961303711,-3.608447313308716,0.29638588428497314
e2e,2953,25.058412551879883,32.10212326049805,-3.4035518169403076,0.11791910976171494
e2e,2954,27.01565170288086,32.21257019042969,-3.5069026947021484,0.2918953001499176
e2e,2955,21.545639038085938,32.284820556640625,-3.5797014236450195,0.35340526700019836
e2e,2956,28.376934051513672,32.120792388916016,-3.6517443656921387,0.2707626223564148
e2e,2957,20.953716278076172,32.12779235839844,-3.641094207763672,0.11767609417438507
e2e,2959,29.642845153808594,33.07891082763672,-3.554378032684326,0.13157451152801514
e2e,2960,21.875070571899414,33.486480712890625,-3.3951950073242188,0.1462421715259552
e2e,2961,25.064176559448242,33.45530319213867,-3.244992733001709,0.22875812649726868
e2e,2962,22.260435104370117,32.321617126464844,-3.5127921104431152,0.16355670988559723
e2e,2963,25.008874893188477,34.13439178466797,-3.2336599826812744,0.2537294626235962
e2e,2964,27.79656219482422,31.91679573059082,-3.4914498329162598,0.30239975452423096
e2e,2965,29.619808197021484,32.19658660888672,-3.5455968379974365,0.2568739056587219
e2e,2966,24.747268676757812,32.760013580322266,-3.245795965194702,0.21658988296985626
e2e,2967,25.861045837402344,32.08075714111328,-3.2530903816223145,0.3074488639831543
e2e,2968,25.7719783782959,31.511911392211914,-3.3587775230407715,0.4034770429134369
e2e,2969,24.229293823242188,31.374006271362305,-3.3885951042175293,0.21259824931621552
e2e,2970,26.497098922729492,32.3372917175293,-3.306756019592285,0.19826984405517578
e2e,2971,24.279029846191406,32.31882858276367,-3.308802843093872,0.3689291477203369
e2e,2972,21.255708694458008,31.391666412353516,-3.5704221725463867,0.2540169060230255
e2e,2973,23.11465072631836,32.64945602416992,-3.3339579105377197,0.24111391603946686
e2e,2974,22.602313995361328,33.02299499511719,-3.3566877841949463,0.2882344722747803
e2e,2975,28.852651596069336,31.670936584472656,-3.535966157913208,0.4564257264137268
e2e,2976,20.69020652770996,31.333559036254883,-3.599331855773926,0.28869086503982544
e2e,2977,20.179914474487305,31.905323028564453,-3.5717811584472656,0.02385985665023327
e2e,2978,30.052337646484375,31.577810287475586,-3.5802865028381348,0.19762368500232697
e2e,2979,26.480913162231445,31.538631439208984,-3.342865228652954,0.23107677698135376
e2e,2980,27.904216766357422,31.089336395263672,-3.5070595741271973,0.3958507776260376
e2e,2981,21.725027084350586,31.06574058532715,-3.5062384605407715,0.25836387276649475
e2e,2982,24.17841339111328,32.902671813964844,-3.3239550590515137,0.22508946061134338
e2e,2984,30.85480499267578,30.79991912841797,-3.6020607948303223,0.14181819558143616
e2e,2985,30.504159927368164,31.95343780517578,-3.519042491912842,0.133552685379982
e2e,2986,24.74186134338379,30.980018615722656,-3.359461784362793,0.2849397361278534
e2e,2987,23.414403915405273,31.086788177490234,-3.3759493827819824,0.2366403490304947
e2e,2988,23.770462036132812,32.17960739135742,-3.3226265907287598,0.2682819664478302
e2e,2989,19.92642593383789,31.4425048828125,-3.478259563446045,0.1587403267621994
e2e,2990,27.20811653137207,31.360382080078125,-3.3901333808898926,0.41237571835517883
e2e,2991,24.71137046813965,30.34786033630371,-3.3798623085021973,0.3436596095561981
e2e,2992,22.917102813720703,30.755496978759766,-3.4194746017456055,0.1715024709701538
e2e,2993,22.301395416259766,31.731109619140625,-3.389631748199463,0.2235793024301529
e2e,2994,23.173940658569336,31.63732147216797,-3.3608365058898926,0.47090592980384827
e2e,2995,21.315929412841797,30.385982513427734,-3.492427110671997,0.28863751888275146
e2e,2996,28.879146575927734,30.73139190673828,-3.5681352615356445,0.4760936200618744
e2e,2997,28.155235290527344,30.53048324584961,-3.574674606323242,0.25768983364105225
e2e,2998,20.79851722717285,30.396127700805664,-3.514352321624756,0.34975120425224304
e2e,2999,29.76815414428711,30.714054107666016,-3.572706937789917,0.4265221357345581
e2e,3001,25.97869873046875,30.036367416381836,-3.3817214965820312,0.17922477424144745
e2e,3002,20.052032470703125,30.934158325195312,-3.477320432662964,0.24543078243732452
e2e,3003,27.962974548339844,29.929244995117188,-3.602181911468506,0.20858801901340485
e2e,3004,30.87221908569336,30.261920928955078,-3.6366167068481445,0.3826860189437866
e2e,3006,27.29791259765625,30.14116668701172,-3.488448143005371,0.22805514931678772
e2e,3007,28.018417358398438,32.56670379638672,-3.340855121612549,0.3624684512615204
e2e,3009,19.491086959838867,30.678813934326172,-3.614339590072632,0.2994137406349182
e2e,3010,19.51300048828125,30.003854751586914,-3.6781952381134033,0.3043134808540344
e2e,3011,27.2263126373291,30.879417419433594,-3.5296337604522705,0.2572478950023651
e2e,3012,26.355192184448242,30.563507080078125,-3.4941294193267822,0.2549349367618561
e2e,3013,22.26490592956543,30.20638084411621,-3.5437493324279785,0.37837034463882446
e2e,3014,31.428319931030273,30.49735450744629,-3.6072230339050293,0.5738500356674194
e2e,3015,24.569156646728516,29.799335479736328,-3.581705093383789,0.25478923320770264
e2e,3016,23.63199806213379,29.924755096435547,-3.6000494956970215,0.24655774235725403
e2e,3017,25.69934844970703,30.982328414916992,-3.4567527770996094,0.20143018662929535
e2e,3018,30.290855407714844,29.579635620117188,-3.739811658859253,0.28431078791618347
e2e,3019,18.98680877685547,30.142822265625,-3.668820858001709,0.6677150130271912
e2e,3020,24.33553123474121,29.099184036254883,-3.7363176345825195,0.3083469271659851
e2e,3021,26.815988540649414,29.733020782470703,-3.658313274383545,0.37448734045028687
e2e,3022,24.928131103515625,29.196979522705078,-3.72554349899292,0.20506718754768372
e2e,3023,21.839014053344727,29.861215591430664,-3.7190332412719727,0.23715335130691528
e2e,3024,28.98508071899414,29.95950698852539,-3.648521900177002,0.339790016412735
e2e,3025,21.264070510864258,29.636272430419922,-3.7514686584472656,0.3477446734905243
e2e,3026,27.876832962036133,28.92951011657715,-3.807075023651123,0.2671957314014435
e2e,3028,29.9371337890625,28.999164581298828,-3.7781667709350586,0.2127889096736908
e2e,3029,19.056610107421875,29.534160614013672,-3.8652753829956055,0.3804199695587158
e2e,3030,23.03883171081543,29.436582565307617,-3.75260066986084,0.20746175944805145
e2e,3031,27.48482894897461,29.727054595947266,-3.7124581336975098,0.30999431014060974
e2e,3032,22.37129783630371,30.92176055908203,-3.6438300609588623,0.1945081651210785
e2e,3033,21.810434341430664,29.29570960998535,-3.8115296363830566,0.2413100302219391
e2e,3034,19.932491302490234,30.37438201904297,-3.7922239303588867,0.38147518038749695
e2e,3035,25.399822235107422,30.173051834106445,-3.6399483680725098,0.30882805585861206
e2e,3036,20.189411163330078,29.73623275756836,-3.8355937004089355,0.3573009967803955
e2e,3037,26.740957260131836,28.98090362548828,-3.7615766525268555,0.1291627734899521
e2e,3038,29.45962905883789,30.135374069213867,-3.63706636428833,0.25666898488998413
e2e,3039,23.85609245300293,30.713558197021484,-3.618229866027832,0.26703572273254395
e2e,3041,23.492982864379883,28.968225479125977,-3.722773790359497,0.2562183737754822
e2e,3042,28.757909774780273,29.441591262817383,-3.7181591987609863,0.306027889251709
e2e,3043,30.487558364868164,28.6934814453125,-3.7962398529052734,0.3480396866798401
e2e,3044,24.076631546020508,28.322099685668945,-3.685049295425415,0.14325125515460968
e2e,3045,22.21808433532715,28.778810501098633,-3.68593168258667,0.40086600184440613
e2e,3046,22.73284339904785,28.48421287536621,-3.716583251953125,0.31389543414115906
e2e,3047,21.503162384033203,28.848125457763672,-3.69541597366333,0.3900009095668793
e2e,3048,20.995193481445312,29.104045867919922,-3.6786489486694336,0.31345534324645996
e2e,3049,26.874053955078125,27.988691329956055,-3.707691192626953,0.16814053058624268
e2e,3050,19.85575294494629,29.02354621887207,-3.747035026550293,0.20019955933094025
e2e,3051,28.881690979003906,28.85491371154785,-3.6418867111206055,0.3139212727546692
e2e,3052,29.290111541748047,27.750057220458984,-3.725400447845459,0.13256067037582397
e2e,3053,25.909639358520508,28.65151596069336,-3.549044132232666,0.15959863364696503
e2e,3054,27.214475631713867,28.858306884765625,-3.5654537677764893,0.20840653777122498
e2e,3055,22.588136672973633,29.288049697875977,-3.5469086170196533,0.32265356183052063
e2e,3056,26.173837661743164,27.849435806274414,-3.6135168075561523,0.2859814167022705
e2e,3057,26.037267684936523,29.36214256286621,-3.5108835697174072,0.29485636949539185
e2e,3058,23.024309158325195,29.886289596557617,-3.5122833251953125,0.3221704661846161
e2e,3059,29.23639488220215,29.46721839904785,-3.531362533569336,0.24666883051395416
e2e,3060,27.67743682861328,28.201568603515625,-3.6091625690460205,0.2502184212207794
e2e,3061,28.18407440185547,28.327054977416992,-3.6015868186950684,0.2614445686340332
e2e,3062,29.380460739135742,28.901161193847656,-3.5569639205932617,0.31969648599624634
e2e,3063,28.195158004760742,27.634323120117188,-3.644897937774658,0.09493997693061829
e2e,3064,18.69851303100586,28.729656219482422,-3.6631546020507812,0.504819393157959
e2e,3065,23.468748092651367,28.19791030883789,-3.6020026206970215,0.31802481412887573
e2e,3066,25.66583824157715,27.980281829833984,-3.5672287940979004,0.1978260576725006
e2e,3067,29.93222427368164,28.55193519592285,-3.5153088569641113,0.4494834840297699
e2e,3068,28.311819076538086,29.339340209960938,-3.465877056121826,0.3537542223930359
e2e,3069,25.41497039794922,28.787368774414062,-3.492227077484131,0.33413809537887573
e2e,3070,21.162826538085938,30.899314880371094,-3.3786020278930664,0.35078904032707214
e2e,3071,29.330101013183594,28.22232437133789,-3.524254083633423,0.2800476551055908
e2e,3072,29.870342254638672,27.893415451049805,-3.5241754055023193,0.380182147026062
e2e,3073,23.112964630126953,27.70820426940918,-3.6405811309814453,0.43722254037857056
e2e,3074,21.453998565673828,27.77857208251953,-3.644805669784546,0.2261473387479782
e2e,3075,25.70453643798828,27.18277359008789,-3.66442608833313,0.24276059865951538
e2e,3076,26.882463455200195,27.460243225097656,-3.7059578895568848,0.1941535770893097
e2e,3077,26.407337188720703,27.192293167114258,-3.696646213531494,0.3157399594783783
e2e,3078,19.39952278137207,28.504199981689453,-3.6406211853027344,0.28897374868392944
e2e,3079,19.428443908691406,27.75387191772461,-3.6920008659362793,0.2673533260822296
e2e,3080,28.902681350708008,27.168996810913086,-3.7312417030334473,0.12097082287073135
e2e,3081,24.569849014282227,28.222118377685547,-3.6604905128479004,0.2896580398082733
e2e,3082,20.43819236755371,28.346744537353516,-3.7924578189849854,0.10214754194021225
e2e,3083,20.785554885864258,27.898845672607422,-3.7681634426116943,0.3521965742111206
e2e,3084,20.773509979248047,29.791858673095703,-3.5993263721466064,0.2107997089624405
e2e,3085,19.951215744018555,28.185367584228516,-3.8753271102905273,0.2561420202255249
e2e,3086,27.846900939941406,26.87696075439453,-3.7616195678710938,0.2353043258190155
e2e,3087,18.89682388305664,27.452482223510742,-3.979593276977539,0.4216509163379669
e2e,3088,23.568435668945312,27.36516761779785,-3.750831365585327,0.08203870058059692
e2e,3089,24.259498596191406,27.32135772705078,-3.7417850494384766,0.27336910367012024
e2e,3090,27.049968719482422,26.905506134033203,-3.796359062194824,0.36282920837402344
e2e,3091,28.403932571411133,26.867578506469727,-3.800814151763916,0.39318594336509705
e2e,3092,29.629846572875977,26.75387954711914,-3.7873027324676514,0.40110427141189575
e2e,3093,30.762651443481445,27.090782165527344,-3.740624189376831,0.2857559025287628
e2e,3094,22.452762603759766,27.112682342529297,-3.6793391704559326,0.2840023934841156
e2e,3095,22.965473175048828,27.080081939697266,-3.6774654388427734,0.2900252938270569
e2e,3096,23.99599838256836,26.431156158447266,-3.735100746154785,0.31274959444999695
e2e,3097,22.3585147857666,28.17093276977539,-3.5666775703430176,0.2812938392162323
e2e,3098,28.37816047668457,28.84683609008789,-3.5998661518096924,0.4106752872467041
e2e,3099,21.075260162353516,26.990737915039062,-3.7112927436828613,0.27894920110702515
e2e,3100,20.659934997558594,27.278226852416992,-3.6958274841308594,0.2627127170562744
e2e,3101,20.042036056518555,28.571239471435547,-3.5265932083129883,0.31198838353157043
e2e,3102,29.4630126953125,27.25757598876953,-3.780503034591675,0.18578791618347168
e2e,3103,23.0972843170166,26.204145431518555,-3.7782368659973145,0.2797669768333435
e2e,3104,21.09455680847168,28.370811462402344,-3.573497772216797,0.2678322196006775
e2e,3105,26.009780883789062,26.738550186157227,-3.8156633377075195,0.24035657942295074
e2e,3106,25.348594665527344,26.605487823486328,-3.7865262031555176,0.27111566066741943
e2e,3107,25.04532814025879,27.083816528320312,-3.740565299987793,0.13069888949394226
e2e,3108,20.910722732543945,26.338150024414062,-3.820721387863159,0.3235055208206177
e2e,3109,27.315481185913086,26.32493782043457,-3.964778423309326,0.2659641206264496
e2e,3110,24.62234115600586,26.476667404174805,-3.7977449893951416,0.32526540756225586
e2e,3111,21.76934242248535,28.367488861083984,-3.5483179092407227,0.24874363839626312
e2e,3112,20.510623931884766,28.833026885986328,-3.4882524013519287,0.3256714344024658
e2e,3113,19.899871826171875,27.120527267456055,-3.7607455253601074,0.20692847669124603
e2e,3114,19.984487533569336,26.551774978637695,-3.8116226196289062,0.10427781194448471
e2e,3115,28.72607421875,27.645660400390625,-3.8094449043273926,0.20898188650608063
e2e,3116,21.386049270629883,26.125812530517578,-3.949065685272217,0.41753825545310974
e2e,3117,20.29623794555664,27.794647216796875,-3.801487684249878,0.315178245306015
e2e,3118,22.112380981445312,26.329761505126953,-3.8239498138427734,0.28753426671028137
e2e,3119,26.096622467041016,25.9539737701416,-3.7723567485809326,0.11348085105419159
e2e,3120,24.456722259521484,25.304481506347656,-3.8385138511657715,0.14547529816627502
e2e,3121,25.08234977722168,25.87333106994629,-3.780491352081299,0.19678685069084167
e2e,3122,26.43548011779785,25.316043853759766,-3.8565104007720947,0.09278909862041473
e2e,3123,20.739547729492188,25.660629272460938,-3.913243532180786,0.4320797324180603
e2e,3124,23.71141242980957,25.323646545410156,-3.7469844818115234,0.25833165645599365
e2e,3125,23.127918243408203,25.33858871459961,-3.7518844604492188,0.2361747920513153
e2e,3126,23.53168296813965,25.852331161499023,-3.7142176628112793,0.29725947976112366
e2e,3127,21.507238388061523,25.57495880126953,-3.8170876502990723,0.13095909357070923
e2e,3128,27.48328399658203,27.323673248291016,-3.642333507537842,0.24496184289455414
e2e,3129,28.671356201171875,26.449338912963867,-3.738370418548584,0.15720748901367188
e2e,3130,27.897769927978516,26.032367706298828,-3.744684934616089,0.2683192193508148
e2e,3131,25.842262268066406,25.463375091552734,-3.7881932258605957,0.4162203371524811
e2e,3132,24.326030731201172,25.955984115600586,-3.7338647842407227,0.1834353655576706
e2e,3133,21.83066177368164,27.308570861816406,-3.682713031768799,0.3067744970321655
e2e,3134,23.550649642944336,26.793956756591797,-3.689831018447876,0.26065221428871155
e2e,3135,20.386686325073242,26.216373443603516,-3.7828774452209473,0.23687222599983215
e2e,3136,26.9809627532959,25.14655303955078,-3.8399558067321777,0.3625982701778412
e2e,3137,19.44380760192871,25.37136459350586,-3.8808934688568115,0.06782519817352295
e2e,3138,21.528642654418945,26.696218490600586,-3.714785575866699,0.278398334980011
e2e,3139,25.340614318847656,25.19491958618164,-3.799455165863037,0.276437908411026
e2e,3140,19.883766174316406,25.05638885498047,-3.957547664642334,0.1790023148059845
e2e,3141,24.45583152770996,24.252159118652344,-3.7985153198242188,0.35684260725975037
e2e,3142,22.69782257080078,24.441940307617188,-3.7304983139038086,0.3275202214717865
e2e,3143,25.78368377685547,24.648643493652344,-3.8261046409606934,0.17734111845493317
e2e,3144,22.36089324951172,24.854772567749023,-3.7164769172668457,0.39883342385292053
e2e,3145,26.447240829467773,24.266504287719727,-3.8796796798706055,0.3088317811489105
e2e,3146,21.15668296813965,24.626609802246094,-3.7617592811584473,0.2960657477378845
e2e,3147,20.29920768737793,25.276947021484375,-3.7082910537719727,0.2270774394273758
e2e,3148,23.908432006835938,24.339014053344727,-3.8974270820617676,0.10108740627765656
e2e,3149,20.592214584350586,24.786712646484375,-3.9042553901672363,0.3050292134284973
e2e,3150,27.428388595581055,24.687536239624023,-3.920736074447632,0.47009801864624023
e2e,3151,27.881057739257812,25.04999542236328,-3.8785061836242676,0.19196759164333344
e2e,3152,19.473360061645508,24.295719146728516,-3.9940314292907715,0.25251302123069763
e2e,3153,23.389873504638672,24.232561111450195,-3.892789840698242,0.29410454630851746
e2e,3154,22.368736267089844,25.771625518798828,-3.7901878356933594,0.2676689028739929
e2e,3155,28.75225830078125,25.943668365478516,-3.7754721641540527,0.15567484498023987
e2e,3156,24.555389404296875,23.486434936523438,-4.027589797973633,0.37019431591033936
e2e,3157,22.5881404876709,23.559856414794922,-3.9943857192993164,0.2923753261566162
e2e,3158,23.99982261657715,23.41620635986328,-4.028748512268066,0.12623398005962372
e2e,3159,25.976604461669922,23.820728302001953,-4.002889156341553,0.2083311527967453
e2e,3160,23.263219833374023,23.62497901916504,-3.997650146484375,0.24022935330867767
e2e,3161,20.639408111572266,23.88755989074707,-4.025171279907227,0.14205437898635864
e2e,3162,21.089393615722656,23.540559768676758,-4.039125442504883,0.11656095087528229
e2e,3163,19.94854736328125,23.875221252441406,-4.058649063110352,0.31471505761146545
e2e,3164,26.846208572387695,23.600618362426758,-4.014387130737305,0.410893052816391
e2e,3165,19.074382781982422,23.420127868652344,-4.109843730926514,0.3507506251335144
e2e,3166,27.407115936279297,24.160890579223633,-4.034992218017578,0.369640588760376
e2e,3167,21.77199935913086,23.286497116088867,-4.067661285400391,0.1246333047747612
e2e,3169,21.900651931762695,25.0385799407959,-3.82934308052063,0.26278620958328247
e2e,3170,26.541521072387695,23.048471450805664,-4.039735794067383,0.17572914063930511
e2e,3171,19.07143211364746,24.929794311523438,-3.889434576034546,0.16038081049919128
e2e,3172,25.02872657775879,22.529741287231445,-4.137120723724365,0.22595638036727905
e2e,3173,24.452741622924805,22.509069442749023,-4.1335248947143555,0.21969862282276154
e2e,3174,22.472707748413086,22.70166015625,-4.075366497039795,0.11454707384109497
e2e,3175,21.650440216064453,23.905588150024414,-4.0223917961120605,0.36879289150238037
e2e,3176,24.98497772216797,23.814899444580078,-3.9996604919433594,0.4206617772579193
e2e,3177,20.189992904663086,23.03363037109375,-4.167049407958984,0.22762905061244965
e2e,3178,27.380329132080078,23.32543182373047,-4.049100399017334,0.21645934879779816
e2e,3179,20.40441131591797,22.4498348236084,-4.205723762512207,0.2624136209487915
e2e,3180,23.8956298828125,22.454235076904297,-4.081141948699951,0.37289127707481384
e2e,3181,21.113311767578125,24.084543228149414,-3.974811315536499,0.4221193492412567
e2e,3182,21.66398048400879,24.447542190551758,-3.925382614135742,0.2211938053369522
e2e,3183,27.017913818359375,22.565074920654297,-4.121297359466553,0.2944340109825134
e2e,3184,19.638761520385742,22.845197677612305,-4.174055099487305,0.14748302102088928
e2e,3185,23.523847579956055,22.884029388427734,-4.160797595977783,0.276682585477829
e2e,3186,24.6154727935791,22.98557472229004,-4.145792007446289,0.21349367499351501
e2e,3187,25.91979217529297,23.22412109375,-4.196470737457275,0.2978714406490326
e2e,3188,21.402029037475586,22.604930877685547,-4.182415008544922,0.2334839105606079
e2e,3190,24.921903610229492,21.571353912353516,-4.0678205490112305,0.17528945207595825
e2e,3191,23.464374542236328,21.743282318115234,-3.994542121887207,0.09849806874990463
e2e,3192,21.7329158782959,21.971710205078125,-3.9888229370117188,0.1565973162651062
e2e,3193,26.557106018066406,21.670291900634766,-4.114311695098877,0.206754669547081
e2e,3194,25.51534652709961,21.57720947265625,-4.18771505355835,0.20031879842281342
e2e,3195,22.673892974853516,22.085996627807617,-4.044135570526123,0.1713763028383255
e2e,3196,23.403316497802734,22.38062286376953,-4.013668060302734,0.18247099220752716
e2e,3197,21.3447265625,21.49231719970703,-4.119200706481934,0.3583467900753021
e2e,3198,20.86038589477539,22.837783813476562,-4.024479389190674,0.29794785380363464
e2e,3199,24.230947494506836,20.67230987548828,-4.1428375244140625,0.2662235498428345
e2e,3200,25.552505493164062,20.663196563720703,-4.164358615875244,0.11116950958967209
e2e,3201,21.206588745117188,22.132644653320312,-4.021605014801025,0.11303750425577164
e2e,3202,24.1743106842041,21.52638816833496,-4.054571628570557,0.10721076279878616
e2e,3203,20.52644920349121,21.196762084960938,-4.131534576416016,0.16644781827926636
e2e,3204,25.55939483642578,22.206722259521484,-4.004563808441162,0.2502114772796631
e2e,3205,26.791996002197266,20.814687728881836,-4.1517791748046875,0.29868143796920776
e2e,3207,24.720640182495117,20.450515747070312,-4.069153308868408,0.1358124315738678
e2e,3208,21.41175651550293,20.606781005859375,-4.054631233215332,0.39597246050834656
e2e,3210,19.47197914123535,21.458728790283203,-4.155196189880371,0.3660939037799835
e2e,3211,22.98468780517578,21.025236129760742,-4.024800777435303,0.35979610681533813
e2e,3212,24.621776580810547,22.0362606048584,-3.9197139739990234,0.1288653165102005
e2e,3213,20.022844314575195,21.259296417236328,-4.127497673034668,0.38031840324401855
e2e,3214,25.36469268798828,20.21128273010254,-3.971672773361206,0.2152862548828125
e2e,3215,25.933250427246094,20.311843872070312,-3.9725425243377686,0.22455693781375885
e2e,3216,20.65079116821289,21.741119384765625,-4.039381504058838,0.3810169994831085
e2e,3217,26.48438835144043,20.143503189086914,-3.978461503982544,0.16650612652301788
e2e,3218,19.91170883178711,20.7218017578125,-4.147939682006836,0.3523452877998352
e2e,3219,19.375822067260742,20.7025089263916,-4.1632585525512695,0.23786276578903198
e2e,3220,24.438535690307617,19.65762710571289,-3.94942307472229,0.1969902366399765
e2e,3221,23.763708114624023,19.908267974853516,-3.944796562194824,0.3543838858604431
e2e,3222,25.540603637695312,19.48210906982422,-3.953275680541992,0.25819945335388184
e2e,3223,26.16916847229004,19.535768508911133,-3.9640519618988037,0.2866456210613251
e2e,3224,22.096580505371094,19.763681411743164,-3.981299877166748,0.2938724756240845
e2e,3225,20.821956634521484,20.248327255249023,-4.024652481079102,0.33346202969551086
e2e,3226,26.80916404724121,19.41868782043457,-3.9939732551574707,0.39431390166282654
e2e,3228,23.766826629638672,20.63469696044922,-3.9394707679748535,0.3318074345588684
e2e,3229,22.182971954345703,21.482248306274414,-3.9327592849731445,0.2598077952861786
e2e,3230,25.22347640991211,19.1517276763916,-4.171436309814453,0.39040350914001465
e2e,3231,24.90983009338379,19.8847713470459,-4.116584777832031,0.4210633933544159
e2e,3232,22.095468521118164,20.449216842651367,-4.092369556427002,0.1323622614145279
e2e,3233,22.613941192626953,19.288284301757812,-4.196915626525879,0.22115062177181244
e2e,3234,20.259780883789062,19.15777587890625,-4.211348056793213,0.3687256872653961
e2e,3235,19.938274383544922,20.204992294311523,-4.094951629638672,0.2726652920246124
e2e,3236,24.54410171508789,18.84904670715332,-4.081905364990234,0.18823963403701782
e2e,3237,25.866363525390625,18.797813415527344,-4.071238040924072,0.3544345200061798
e2e,3238,26.916860580444336,18.71436882019043,-4.098229885101318,0.3418596088886261
e2e,3239,21.18860626220703,19.68681526184082,-4.08434534072876,0.23532436788082123
e2e,3240,20.702211380004883,18.666017532348633,-4.132018089294434,0.15918776392936707
e2e,3241,23.94122886657715,19.090187072753906,-4.063913345336914,0.2697204351425171
e2e,3242,21.76941680908203,19.04970932006836,-4.075913429260254,0.2625519037246704
e2e,3243,22.432147979736328,18.78169059753418,-4.117922306060791,0.32524752616882324
e2e,3244,26.39239501953125,18.20330047607422,-4.264464378356934,0.11064332723617554
e2e,3245,25.45424461364746,18.22368812561035,-4.229101181030273,0.16755937039852142
e2e,3246,23.271595001220703,17.888648986816406,-4.268637657165527,0.2722824513912201
e2e,3247,21.6894474029541,18.47810173034668,-4.247103691101074,0.12757658958435059
e2e,3248,22.48712921142578,18.21232795715332,-4.243269443511963,0.24275517463684082
e2e,3249,21.370290756225586,17.746482849121094,-4.290580749511719,0.35513195395469666
e2e,3250,24.93846893310547,18.08108901977539,-4.11582088470459,0.24640125036239624
e2e,3251,26.969104766845703,17.716344833374023,-4.190576076507568,0.32507193088531494
e2e,3252,22.450855255126953,17.64438247680664,-4.194581508636475,0.3093860447406769
e2e,3253,27.93979263305664,17.730716705322266,-4.096524238586426,0.5517714619636536
e2e,3254,25.85684585571289,17.33237075805664,-4.075718879699707,0.30764904618263245
e2e,3255,23.64842414855957,18.4088134765625,-4.017877578735352,0.29538866877555847
e2e,3256,26.473995208740234,17.189226150512695,-4.145351409912109,0.44857001304626465
e2e,3257,25.063159942626953,17.20682144165039,-4.146389007568359,0.3261810839176178
e2e,3258,25.35626983642578,17.643857955932617,-4.112088203430176,0.2587941288948059
e2e,3259,24.036357879638672,16.623075485229492,-4.184182167053223,0.27815893292427063
e2e,3260,22.1257381439209,16.973865509033203,-4.092033386230469,0.3113444149494171
e2e,3261,21.187034606933594,18.54613494873047,-4.060451030731201,0.33413684368133545
e2e,3262,20.434640884399414,17.944801330566406,-4.072396278381348,0.29568493366241455
e2e,3263,21.058019638061523,16.629377365112305,-4.096682548522949,0.3603311777114868
e2e,3264,26.09707260131836,17.827129364013672,-4.107529163360596,0.31611573696136475
e2e,3265,23.93963623046875,17.724632263183594,-4.105154991149902,0.2730129361152649
e2e,3266,21.543752670288086,16.903087615966797,-4.081850528717041,0.4194246232509613
e2e,3267,20.999008178710938,17.46725845336914,-4.0832839012146,0.36907511949539185
e2e,3268,20.126243591308594,16.702592849731445,-4.102542400360107,0.3256511688232422
e2e,3270,22.993528366088867,16.446975708007812,-4.19793701171875,0.37680721282958984
e2e,3271,27.298229217529297,16.777698516845703,-4.208250045776367,0.3014436662197113
e2e,3272,24.594097137451172,16.24127769470215,-4.245299339294434,0.37548911571502686
e2e,3273,26.10484504699707,16.46598243713379,-4.256322383880615,0.2454868108034134
e2e,3274,25.872371673583984,15.99168586730957,-4.2837958335876465,0.13141347467899323
e2e,3275,27.285242080688477,15.960460662841797,-4.303074836730957,0.2587226331233978
e2e,3276,21.409610748291016,15.874969482421875,-4.241708755493164,0.3155110776424408
e2e,3277,20.41192054748535,17.413402557373047,-4.139631271362305,0.32942935824394226
e2e,3278,20.55337142944336,15.845969200134277,-4.257009506225586,0.3851296901702881
e2e,3279,23.172847747802734,16.965906143188477,-4.284756660461426,0.2182045429944992
e2e,3280,25.37279510498047,16.848407745361328,-4.32307767868042,0.3860988914966583
e2e,3281,21.86734962463379,16.119369506835938,-4.330338001251221,0.3502218723297119
e2e,3282,24.4023380279541,17.377622604370117,-4.278355598449707,0.11270398646593094
e2e,3283,28.040630340576172,15.821873664855957,-4.297813415527344,0.17940793931484222
e2e,3284,28.285167694091797,16.831974029541016,-4.174147605895996,0.39666467905044556
e2e,3286,25.393661499023438,16.290420532226562,-4.341663360595703,0.1597275584936142
e2e,3287,25.135391235351562,15.84914779663086,-4.367179870605469,0.251138836145401
e2e,3288,28.82232666015625,15.82947826385498,-4.155630111694336,0.16029655933380127
e2e,3289,25.582698822021484,15.1279878616333,-4.198521614074707,0.14707785844802856
e2e,3290,24.59827995300293,15.245637893676758,-4.251866340637207,0.34063857793807983
e2e,3291,26.178892135620117,15.103355407714844,-4.197765827178955,0.42216983437538147
e2e,3292,27.41795539855957,15.41808795928955,-4.280856132507324,0.1695232093334198
e2e,3293,26.771495819091797,15.670904159545898,-4.218299865722656,0.33009621500968933
e2e,3294,23.889867782592773,15.968469619750977,-4.2503485679626465,0.32962894439697266
e2e,3295,22.374242782592773,14.990686416625977,-4.311895370483398,0.19669996201992035
e2e,3296,21.470632553100586,15.372611045837402,-4.300596714019775,0.20343127846717834
e2e,3297,28.54073715209961,15.263265609741211,-4.23050594329834,0.30643099546432495
e2e,3298,28.28567123413086,16.323150634765625,-4.1422882080078125,0.25989872217178345
e2e,3299,20.955352783203125,15.011868476867676,-4.328153610229492,0.542129635810852
e2e,3302,23.849760055541992,15.23054313659668,-4.206416606903076,0.49770060181617737
e2e,3303,21.850358963012695,14.976917266845703,-4.207968711853027,0.49949437379837036
e2e,3304,20.40846061706543,15.13231086730957,-4.205950736999512,0.3188719153404236
e2e,3305,23.28749656677246,15.840757369995117,-4.160161018371582,0.37008893489837646
e2e,3306,24.490631103515625,15.729963302612305,-4.186761856079102,0.2521974742412567
e2e,3307,27.85479736328125,14.751262664794922,-4.241001129150391,0.25219959020614624
e2e,3308,23.326984405517578,14.950509071350098,-4.316638946533203,0.46881964802742004
e2e,3309,24.92524528503418,14.597038269042969,-4.288257598876953,0.32074102759361267
e2e,3310,25.46792221069336,14.613595962524414,-4.273149013519287,0.18337079882621765
e2e,3311,27.04444694519043,14.76175594329834,-4.243578910827637,0.13258975744247437
e2e,3312,28.58238983154297,14.548637390136719,-4.244974613189697,0.3574601709842682
e2e,3313,28.815216064453125,16.334835052490234,-4.178770542144775,0.4606322646141052
e2e,3314,19.540842056274414,14.959880828857422,-4.35654878616333,0.8519899845123291
e2e,3315,27.121623992919922,14.142065048217773,-4.135533809661865,0.3082563877105713
e2e,3316,22.336849212646484,14.428106307983398,-4.294095039367676,0.2681434750556946
e2e,3317,22.90951156616211,15.45960807800293,-4.245612144470215,0.22391657531261444
e2e,3318,23.008071899414062,13.849191665649414,-4.2808732986450195,0.3382793664932251
e2e,3319,20.25151252746582,13.956986427307129,-4.365221977233887,0.33359768986701965
e2e,3320,23.38223648071289,14.392054557800293,-4.210737228393555,0.3463945686817169
e2e,3321,24.668119430541992,13.934114456176758,-4.16981315612793,0.47409290075302124
e2e,3322,26.405567169189453,13.927419662475586,-4.130715847015381,0.2719813287258148
e2e,3323,21.679012298583984,14.503988265991211,-4.268271446228027,0.25089767575263977
e2e,3324,24.264028549194336,14.661785125732422,-4.175144672393799,0.34695959091186523
e2e,3325,22.45383071899414,16.47696304321289,-4.184946060180664,0.43536755442619324
e2e,3326,20.274290084838867,14.574870109558105,-4.287259101867676,0.2142481803894043
e2e,3327,22.302303314208984,15.735090255737305,-4.267658233642578,0.28462299704551697
e2e,3328,21.956228256225586,13.934700012207031,-4.365425109863281,0.3761221468448639
e2e,3329,25.289466857910156,13.671220779418945,-4.32292366027832,0.21860651671886444
e2e,3330,25.802366256713867,13.798725128173828,-4.325708389282227,0.45306357741355896
e2e,3331,28.190500259399414,14.181865692138672,-4.340949535369873,0.25492528080940247
e2e,3332,22.347511291503906,13.574295043945312,-4.377379417419434,0.28176575899124146
e2e,3333,28.90853500366211,13.752425193786621,-4.3827972412109375,0.26342660188674927
e2e,3334,29.730772018432617,14.912824630737305,-4.21405029296875,0.1728060394525528
e2e,3335,29.35726547241211,14.328054428100586,-4.323243618011475,0.35343894362449646
e2e,3336,29.46748161315918,15.781438827514648,-4.1873626708984375,0.6481295824050903
e2e,3338,30.13339614868164,14.51593017578125,-4.2049126625061035,0.2670641839504242
e2e,3339,30.218542098999023,13.90442180633545,-4.276010036468506,0.23494496941566467
e2e,3340,20.855741500854492,13.456585884094238,-4.409021377563477,0.4039953052997589
e2e,3341,25.054458618164062,13.047048568725586,-4.347629070281982,0.12088916450738907
e2e,3342,23.314332962036133,13.257740020751953,-4.383997917175293,0.35776689648628235
e2e,3343,26.051902770996094,13.180017471313477,-4.3051557540893555,0.2925355136394501
e2e,3344,26.959117889404297,13.553323745727539,-4.245558738708496,0.21132619678974152
e2e,3345,21.12127685546875,13.902246475219727,-4.392588138580322,0.42683616280555725
e2e,3346,29.25246810913086,13.236610412597656,-4.282040596008301,0.2683136463165283
e2e,3347,20.656940460205078,12.975083351135254,-4.476661205291748,0.3237237334251404
e2e,3349,24.157577514648438,13.762031555175781,-4.34296989440918,0.30139726400375366
e2e,3350,21.90074348449707,13.108491897583008,-4.413802146911621,0.19574908912181854
e2e,3351,21.41838836669922,13.262038230895996,-4.411557674407959,0.27184006571769714
e2e,3352,28.71678924560547,13.264759063720703,-4.300256252288818,0.3960739076137543
e2e,3353,30.17285919189453,13.19145393371582,-4.237317085266113,0.3884604275226593
e2e,3354,25.517242431640625,12.606682777404785,-4.25668478012085,0.2941994071006775
e2e,3355,26.627225875854492,12.794469833374023,-4.223237037658691,0.4078298807144165
e2e,3356,27.433195114135742,12.998771667480469,-4.204012393951416,0.2935587763786316
e2e,3357,24.556486129760742,13.335794448852539,-4.262437343597412,0.29103851318359375
e2e,3358,27.542522430419922,13.821525573730469,-4.185256004333496,0.36983659863471985
e2e,3359,22.551586151123047,12.65642261505127,-4.329893112182617,0.4253121018409729
e2e,3360,28.81396484375,12.751073837280273,-4.24104642868042,0.4768831729888916
e2e,3361,21.654050827026367,12.407621383666992,-4.364615440368652,0.25283941626548767
e2e,3362,30.663644790649414,13.473468780517578,-4.146786212921143,0.4199848771095276
e2e,3363,27.514759063720703,12.396493911743164,-4.469241142272949,0.10139285027980804
e2e,3364,22.809921264648438,12.06342887878418,-4.452005863189697,0.3555641174316406
e2e,3365,28.23453140258789,13.379997253417969,-4.418064117431641,0.41867634654045105
e2e,3366,29.12986183166504,12.365077018737793,-4.5196967124938965,0.35467448830604553
e2e,3367,21.339235305786133,11.973763465881348,-4.4589080810546875,0.3130567967891693
e2e,3368,31.47866439819336,13.028493881225586,-4.430515766143799,0.13409824669361115
e2e,3370,26.085020065307617,12.002093315124512,-4.257726192474365,0.42829376459121704
e2e,3371,24.507591247558594,12.8350248336792,-4.233017444610596,0.40136218070983887
e2e,3372,23.895587921142578,12.633074760437012,-4.219901084899902,0.37422508001327515
e2e,3373,29.850364685058594,12.426244735717773,-4.385443210601807,0.3179803490638733
e2e,3374,31.299697875976562,12.113759994506836,-4.4276533126831055,0.3749465346336365
e2e,3375,31.85062599182129,12.151530265808105,-4.446311950683594,0.2605069577693939
e2e,3376,25.15092658996582,11.755508422851562,-4.5213446617126465,0.21628418564796448
e2e,3377,23.60297393798828,11.872610092163086,-4.542818069458008,0.14438268542289734
e2e,3378,26.126893997192383,12.619993209838867,-4.450830459594727,0.17497999966144562
e2e,3379,22.177614212036133,12.13453483581543,-4.5509562492370605,0.25441619753837585
e2e,3380,30.51031494140625,12.005468368530273,-4.517726898193359,0.16716167330741882
e2e,3381,26.08868980407715,11.107994079589844,-4.440724849700928,0.10369108617305756
e2e,3382,25.393840789794922,11.106422424316406,-4.448793888092041,0.260526180267334
e2e,3383,23.100866317749023,12.492049217224121,-4.410074234008789,0.2925392985343933
e2e,3384,29.109752655029297,11.682859420776367,-4.4395976066589355,0.218224436044693
e2e,3385,22.30364990234375,11.223686218261719,-4.4991044998168945,0.41783469915390015
e2e,3386,21.65681266784668,11.052088737487793,-4.528148174285889,0.19161979854106903
e2e,3388,26.758798599243164,11.16603946685791,-4.580746173858643,0.21122030913829803
e2e,3389,27.866357803344727,11.51201057434082,-4.569841384887695,0.07316434383392334
e2e,3390,24.085079193115234,11.26818561553955,-4.5742621421813965,0.21157710254192352
e2e,3391,26.897397994995117,11.876687049865723,-4.521079063415527,0.3795173466205597
e2e,3392,29.729663848876953,11.827496528625488,-4.610944747924805,0.17270652949810028
e2e,3393,28.975723266601562,11.093219757080078,-4.635388374328613,0.19618980586528778
e2e,3394,24.408164978027344,11.851041793823242,-4.49215030670166,0.33259817957878113
e2e,3395,29.49827766418457,11.253530502319336,-4.608072757720947,0.046910207718610764
e2e,3396,25.52317237854004,10.241239547729492,-4.73610782623291,0.1287544071674347
e2e,3397,26.34616470336914,10.12448501586914,-4.732714653015137,0.22276903688907623
e2e,3398,27.3223819732666,10.39695930480957,-4.7038140296936035,0.30930405855178833
e2e,3399,23.356019973754883,10.659491539001465,-4.760680198669434,0.29159048199653625
e2e,3400,22.845142364501953,10.817607879638672,-4.743281364440918,0.32427045702934265
e2e,3401,22.349720001220703,10.379079818725586,-4.784250736236572,0.2855973541736603
e2e,3402,23.002565383911133,11.443084716796875,-4.664186000823975,0.24408304691314697
e2e,3403,23.479639053344727,11.240345001220703,-4.699962139129639,0.2899603545665741
e2e,3404,29.106727600097656,10.29228401184082,-4.705276012420654,0.15037722885608673
e2e,3405,21.02474021911621,10.484479904174805,-4.773951530456543,0.2585516571998596
e2e,3406,30.18385887145996,10.282047271728516,-4.737119674682617,0.33714696764945984
e2e,3407,20.49257469177246,10.972429275512695,-4.7265424728393555,0.4905664324760437
e2e,3408,23.960933685302734,10.195816040039062,-4.447244167327881,0.5311077833175659
e2e,3409,22.484664916992188,11.689936637878418,-4.334670066833496,0.34159642457962036
e2e,3410,28.435283660888672,11.223712921142578,-4.473095893859863,0.1457195281982422
e2e,3411,27.71916389465332,11.03594970703125,-4.452973365783691,0.12540829181671143
e2e,3412,29.541414260864258,10.683412551879883,-4.546663761138916,0.14730727672576904
e2e,3413,21.202207565307617,11.190186500549316,-4.348007678985596,0.5104289054870605
e2e,3414,24.802467346191406,9.667442321777344,-4.487149238586426,0.4284507930278778
e2e,3415,23.256269454956055,9.89719009399414,-4.489170074462891,0.29635000228881836
e2e,3416,28.360885620117188,10.019474029541016,-4.463647842407227,0.3225337862968445
e2e,3417,26.816978454589844,10.338191032409668,-4.423107624053955,0.28908470273017883
e2e,3418,24.520418167114258,10.486648559570312,-4.465705394744873,0.33356887102127075
e2e,3419,27.88530731201172,10.534886360168457,-4.433994293212891,0.22789393365383148
e2e,3420,21.81305694580078,10.240601539611816,-4.481440544128418,0.24944835901260376
e2e,3421,22.327810287475586,9.573760986328125,-4.514583587646484,0.2864172160625458
e2e,3422,29.6171817779541,9.99124526977539,-4.490742206573486,0.3066209852695465
e2e,3423,24.747596740722656,11.079782485961914,-4.4408488273620605,0.2851825952529907
e2e,3424,20.44131851196289,9.885595321655273,-4.513852119445801,0.2678418457508087
e2e,3425,25.85072135925293,9.563263893127441,-4.7425408363342285,0.1837760955095291
e2e,3426,27.55324935913086,9.81817626953125,-4.719526767730713,0.08368648588657379
e2e,3427,30.7230224609375,10.10770320892334,-4.802206993103027,0.30937570333480835
e2e,3428,21.59865951538086,9.579742431640625,-4.7276692390441895,0.2427164614200592
e2e,3429,27.368568420410156,9.234057426452637,-4.48868465423584,0.32736116647720337
e2e,3430,29.665191650390625,9.298242568969727,-4.549258232116699,0.3185538351535797
e2e,3431,30.144758224487305,9.445661544799805,-4.5723676681518555,0.2996944785118103
e2e,3432,23.073802947998047,8.99441909790039,-4.514002323150635,0.3546040952205658
e2e,3433,21.771108627319336,8.899209976196289,-4.560400009155273,0.48977744579315186
e2e,3434,27.83489990234375,9.303977012634277,-4.679066181182861,0.2643566429615021
e2e,3435,25.78049659729004,8.996431350708008,-4.7131218910217285,0.23517201840877533
e2e,3436,23.285219192504883,9.438127517700195,-4.705513954162598,0.2950296700000763
e2e,3437,30.419282913208008,9.04615592956543,-4.809158802032471,0.16468144953250885
e2e,3438,28.91453742980957,9.430564880371094,-4.608799457550049,0.1925511211156845
e2e,3439,27.00299072265625,9.638187408447266,-4.561106204986572,0.20926254987716675
e2e,3440,31.221839904785156,9.120370864868164,-4.7171101570129395,0.08360549062490463
e2e,3441,20.965206146240234,8.682577133178711,-4.726067543029785,0.3307691216468811
e2e,3442,27.801624298095703,8.619573593139648,-4.804495811462402,0.4487338960170746
e2e,3443,27.05318832397461,8.393314361572266,-4.814395427703857,0.31077563762664795
e2e,3444,25.548585891723633,8.426063537597656,-4.84437370300293,0.2781635820865631
e2e,3445,24.438682556152344,8.481629371643066,-4.883842468261719,0.22081899642944336
e2e,3446,25.19729995727539,9.054472923278809,-4.799282073974609,0.228593647480011
e2e,3447,24.293794631958008,9.264223098754883,-4.820411205291748,0.11363279074430466
e2e,3448,22.83543586730957,8.05586051940918,-4.948997497558594,0.19984301924705505
e2e,3449,22.395793914794922,8.577948570251465,-4.868380546569824,0.23800215125083923
e2e,3450,29.672637939453125,8.621735572814941,-4.871682643890381,0.25834545493125916
e2e,3451,30.547565460205078,8.369409561157227,-4.933556079864502,0.3197832703590393
e2e,3452,21.270103454589844,8.05899429321289,-4.929965972900391,0.35472699999809265
e2e,3453,23.543230056762695,8.680571556091309,-4.627830505371094,0.42774611711502075
e2e,3454,24.972936630249023,8.046548843383789,-4.60415506362915,0.24913690984249115
e2e,3455,26.94010353088379,8.926889419555664,-4.48406982421875,0.40760621428489685
e2e,3456,28.497709274291992,7.861534118652344,-4.597101211547852,0.2549270689487457
e2e,3457,28.395736694335938,9.360612869262695,-4.502166748046875,0.517975926399231
e2e,3458,29.05144500732422,7.885581016540527,-4.619475364685059,0.2521611154079437
e2e,3459,30.134357452392578,8.543853759765625,-4.601959705352783,0.4321393072605133
e2e,3460,30.223791122436523,7.779693603515625,-4.63077974319458,0.4683705270290375
e2e,3461,31.03678321838379,8.5311861038208,-4.614017486572266,0.29464682936668396
e2e,3462,20.379940032958984,8.38503360748291,-4.613593578338623,0.4495687186717987
e2e,3463,22.367786407470703,9.054924011230469,-4.4669976234436035,0.3938908874988556
e2e,3464,27.117902755737305,7.930050849914551,-4.361835479736328,0.4193911850452423
e2e,3465,25.966854095458984,7.9677042961120605,-4.365758419036865,0.4723218083381653
e2e,3466,23.355316162109375,7.853384971618652,-4.505547523498535,0.3832157254219055
e2e,3467,28.360925674438477,8.737861633300781,-4.400198936462402,0.40196850895881653
e2e,3468,27.445053100585938,8.659210205078125,-4.361827850341797,0.5060130953788757
e2e,3469,26.71181869506836,7.277795791625977,-4.258056163787842,0.5417705178260803
e2e,3470,27.23844337463379,7.262813091278076,-4.243955612182617,0.5693601369857788
e2e,3471,25.340707778930664,7.305217742919922,-4.343255519866943,0.5840232968330383
e2e,3472,24.226028442382812,7.384008407592773,-4.466332912445068,0.36720192432403564
e2e,3473,21.954486846923828,8.164360046386719,-4.516617774963379,0.3968769311904907
e2e,3474,22.645305633544922,7.314966678619385,-4.52616548538208,0.4606230556964874
e2e,3475,27.894554138183594,7.901841640472412,-4.279690265655518,0.6067303419113159
e2e,3476,26.481107711791992,8.031039237976074,-4.265711307525635,0.4805084466934204
e2e,3477,29.031240463256836,7.060946464538574,-4.42417573928833,0.46171310544013977
e2e,3478,20.960723876953125,7.855583667755127,-4.554728031158447,0.3326968550682068
e2e,3479,23.369384765625,7.200981140136719,-4.6096062660217285,0.44095179438591003
e2e,3480,29.588293075561523,7.017014503479004,-4.773850440979004,0.212121844291687
e2e,3481,21.298961639404297,7.333381652832031,-4.60543155670166,0.31849974393844604
e2e,3482,28.200490951538086,6.976906776428223,-4.807370185852051,0.37992063164711
e2e,3483,24.62724494934082,6.798654556274414,-4.846561431884766,0.10298710316419601
e2e,3484,26.232019424438477,7.294488906860352,-4.7168965339660645,0.16418465971946716
e2e,3485,27.90017318725586,7.489353656768799,-4.780917644500732,0.11342494189739227
e2e,3486,27.639984130859375,8.013469696044922,-4.753650665283203,0.3213692009449005
e2e,3487,21.597431182861328,6.799395561218262,-4.9071550369262695,0.30330780148506165
e2e,3488,28.6988525390625,6.477699279785156,-4.8139801025390625,0.4042132794857025
e2e,3489,27.280696868896484,6.566051483154297,-4.780218124389648,0.10238571465015411
e2e,3490,23.993465423583984,6.670506954193115,-4.786757469177246,0.37674617767333984
e2e,3491,23.492719650268555,6.156954288482666,-4.797215938568115,0.3315429985523224
e2e,3492,26.001537322998047,6.397446155548096,-4.7596611976623535,0.23273110389709473
e2e,3493,25.49468231201172,6.56784200668335,-4.792315483093262,0.3911958634853363
e2e,3494,29.546472549438477,7.838939666748047,-4.8532185554504395,0.28403255343437195
e2e,3495,30.19120979309082,6.702500343322754,-5.001148223876953,0.2457621991634369
e2e,3497,26.533763885498047,6.050269603729248,-4.8678975105285645,0.35210007429122925
e2e,3498,28.0816593170166,6.144098281860352,-4.901581764221191,0.4568590819835663
e2e,3499,24.409584045410156,6.182845115661621,-4.8773369789123535,0.3208332657814026
e2e,3500,25.095205307006836,6.082785129547119,-4.850361347198486,0.1322464942932129
e2e,3501,30.1947078704834,7.362771511077881,-4.971360683441162,0.3946363627910614
e2e,3502,26.672788619995117,6.639432907104492,-4.838228225708008,0.09719936549663544
e2e,3503,25.759220123291016,7.128918647766113,-4.802272319793701,0.23897603154182434
e2e,3504,29.459028244018555,6.4099578857421875,-4.915075302124023,0.36008545756340027
e2e,3505,25.33521842956543,5.5853800773620605,-4.832222938537598,0.44847530126571655
e2e,3506,24.669849395751953,5.249792098999023,-4.914387226104736,0.1659708470106125
e2e,3507,23.47842025756836,5.14007043838501,-5.009212970733643,0.29579195380210876
e2e,3508,28.391845703125,5.647507190704346,-4.721301555633545,0.4043494760990143
e2e,3509,26.346895217895508,5.613503932952881,-4.600963592529297,0.31034377217292786
e2e,3510,29.414371490478516,5.31320333480835,-4.78665018081665,0.2958658039569855
e2e,3512,21.967208862304688,5.674844264984131,-4.763986587524414,0.26447346806526184
e2e,3513,30.22894287109375,5.986320495605469,-4.984536647796631,0.15042582154273987
e2e,3514,27.410076141357422,6.0454583168029785,-4.73361349105835,0.24992841482162476
e2e,3515,25.265844345092773,5.064329147338867,-4.7031755447387695,0.3685789406299591
e2e,3516,24.12689971923828,4.998782157897949,-4.8246235847473145,0.21299724280834198
e2e,3517,22.70026206970215,6.239160537719727,-4.781525611877441,0.21596659719944
e2e,3518,30.719186782836914,5.230563640594482,-5.050107955932617,0.3145195543766022
e2e,3519,23.108739852905273,5.587656021118164,-4.860472679138184,0.29182177782058716
e2e,3520,28.232601165771484,4.850193023681641,-5.14851188659668,0.3542556166648865
e2e,3521,26.35116958618164,4.8438568115234375,-5.099799156188965,0.29156768321990967
e2e,3522,23.83211898803711,5.517912864685059,-5.21420431137085,0.34342095255851746
e2e,3523,25.670888900756836,4.344742298126221,-5.146703720092773,0.2548871338367462
e2e,3524,30.142913818359375,5.001303672790527,-5.2588276863098145,0.3886169195175171
e2e,3525,29.444814682006836,4.582934856414795,-5.274618148803711,0.4003540873527527
e2e,3526,27.83186149597168,5.519312858581543,-5.053706169128418,0.15714100003242493
e2e,3527,24.192676544189453,4.411179065704346,-5.335662841796875,0.7126182317733765
e2e,3528,28.8779354095459,6.019093036651611,-5.060384750366211,0.32242292165756226
e2e,3530,22.768701553344727,4.209410190582275,-5.411761283874512,0.5529628396034241
e2e,3531,21.903560638427734,4.753244400024414,-5.3063883781433105,0.4292627274990082
e2e,3532,23.545576095581055,4.7182722091674805,-5.352917194366455,0.5692670345306396
e2e,3533,26.26121711730957,5.4268622398376465,-5.084755897521973,0.42845213413238525
e2e,3534,31.231266021728516,5.279637813568115,-5.298842430114746,0.43885794281959534
e2e,3535,31.197227478027344,4.674572467803955,-5.372532367706299,0.46929168701171875
e2e,3536,28.40570068359375,4.629111289978027,-5.647014617919922,0.7297173738479614
e2e,3537,26.847564697265625,4.344958305358887,-5.539391994476318,0.6422505378723145
e2e,3538,26.222328186035156,4.084373950958252,-5.5347065925598145,0.6209313273429871
e2e,3539,30.590618133544922,6.337209224700928,-5.466579437255859,0.6018671989440918
e2e,3540,25.924345016479492,4.699998378753662,-5.406112194061279,0.6330502033233643
e2e,3541,24.691951751708984,3.974334239959717,-5.5947980880737305,0.8651935458183289
e2e,3542,25.084651947021484,4.83036470413208,-5.414122581481934,0.5012113451957703
e2e,3543,27.065814971923828,5.065821647644043,-5.399844169616699,0.5308393239974976
e2e,3544,29.89403533935547,4.584993839263916,-5.796937465667725,0.965105414390564
e2e,3545,28.566041946411133,5.592591762542725,-5.4517316818237305,0.5392168760299683
e2e,3546,30.614112854003906,5.055817604064941,-5.763731002807617,0.8918991684913635
e2e,3547,23.303682327270508,3.9916510581970215,-5.678617000579834,0.9927085638046265
e2e,3548,31.623260498046875,4.987824440002441,-5.829491138458252,0.990273654460907
e2e,3549,32.13165283203125,5.255483627319336,-5.784950256347656,0.8953866958618164
e2e,3550,22.265901565551758,4.284205913543701,-5.560222148895264,0.6788241267204285
e2e,3551,28.224063873291016,4.1457200050354,-5.275694847106934,0.35771608352661133
e2e,3552,28.998201370239258,3.665468692779541,-5.356592178344727,0.5221583247184753
e2e,3553,30.099695205688477,4.246098518371582,-5.310405731201172,0.4354512691497803
e2e,3554,26.501829147338867,3.4872827529907227,-5.306434154510498,0.5023781061172485
e2e,3555,23.904054641723633,3.3856921195983887,-5.355025768280029,0.45964592695236206
e2e,3556,31.165008544921875,3.70997953414917,-5.385256767272949,0.557404100894928
e2e,3557,23.080968856811523,3.192826747894287,-5.39480447769165,1.0951921939849854
e2e,3558,29.8138484954834,3.6462340354919434,-5.332165718078613,0.5144952535629272
e2e,3559,25.491596221923828,3.4541311264038086,-5.0845537185668945,0.3457936644554138
e2e,3560,24.827611923217773,3.4575867652893066,-5.16303014755249,0.4925278425216675
e2e,3561,27.76711082458496,3.6371779441833496,-5.158256530761719,0.43953171372413635
e2e,3562,30.65544891357422,3.8502697944641113,-5.333028793334961,0.5187551975250244
e2e,3563,31.893646240234375,3.6333870887756348,-5.389579772949219,0.5097715258598328
e2e,3564,26.458187103271484,4.170779705047607,-5.063250541687012,0.20919890701770782
e2e,3565,27.66442108154297,4.711208343505859,-5.089712619781494,0.25577959418296814
e2e,3567,28.14527702331543,3.1437296867370605,-5.317287921905518,0.4454745650291443
e2e,3568,30.209217071533203,3.309788227081299,-5.336639404296875,0.5648980140686035
e2e,3569,26.0146541595459,3.61885929107666,-5.194704055786133,0.33103302121162415
e2e,3570,25.099681854248047,4.080910682678223,-5.196493148803711,0.46445807814598083
e2e,3571,28.568384170532227,2.6859893798828125,-5.406210899353027,0.6804129481315613
e2e,3572,25.446718215942383,2.373566150665283,-5.392042636871338,0.5178353786468506
e2e,3573,26.539888381958008,2.9043383598327637,-5.3382720947265625,0.4800877571105957
e2e,3574,27.552595138549805,3.095554828643799,-5.332525730133057,0.4018339514732361
e2e,3575,29.738252639770508,3.018507480621338,-5.424406051635742,0.5572705268859863
e2e,3576,23.896141052246094,2.328803062438965,-5.437148094177246,0.7151535749435425
e2e,3577,22.70211410522461,2.1313271522521973,-5.401734828948975,0.7529296875
e2e,3578,26.59907341003418,2.1730847358703613,-5.254978656768799,0.4161555767059326
e2e,3579,27.4951114654541,2.247939109802246,-5.283505439758301,0.35861966013908386
e2e,3580,30.562530517578125,2.517733097076416,-5.333771705627441,0.9025285840034485
e2e,3581,31.449430465698242,2.8345961570739746,-5.320809841156006,0.42928969860076904
e2e,3582,28.22925567626953,2.0952353477478027,-5.262092590332031,0.48395368456840515
e2e,3583,24.99408721923828,2.825531005859375,-5.165637969970703,0.43690451979637146
e2e,3584,23.733766555786133,1.8361592292785645,-5.27198600769043,0.3590868413448334
e2e,3585,23.213733673095703,2.5697193145751953,-5.187364101409912,0.6182740330696106
e2e,3586,28.648700714111328,1.479142189025879,-5.402482509613037,0.6021866202354431
e2e,3587,26.218730926513672,1.5314316749572754,-5.380619049072266,0.48847895860671997
e2e,3588,25.496402740478516,1.4676342010498047,-5.396265983581543,0.46034520864486694
e2e,3589,24.765350341796875,1.6078596115112305,-5.3833394050598145,0.5063193440437317
e2e,3590,30.21292495727539,1.80657958984375,-5.401790618896484,0.974640965461731
e2e,3591,29.82082748413086,2.2817630767822266,-5.337522506713867,0.949073314666748
e2e,3592,26.002086639404297,2.2413530349731445,-5.29786491394043,0.4367445409297943
e2e,3593,30.966419219970703,1.6214265823364258,-5.451441764831543,0.6633293628692627
e2e,3594,23.243270874023438,1.4802780151367188,-5.449697494506836,0.4921691119670868
e2e,3595,27.79229164123535,1.2615022659301758,-5.433287620544434,0.4971747100353241
e2e,3596,27.147178649902344,1.8375840187072754,-5.36951208114624,0.5195329189300537
e2e,3597,29.026094436645508,2.022721290588379,-5.323393821716309,0.6292399168014526
e2e,3598,31.818103790283203,1.3511428833007812,-5.4045867919921875,0.6128181219100952
e2e,3599,26.937108993530273,2.5696487426757812,-5.280524730682373,0.45213329792022705
e2e,3600,24.345447540283203,3.841548204421997,-5.2116241455078125,0.4910498559474945
e2e,3601,21.961763381958008,1.29949951171875,-5.603403568267822,0.6601129174232483
e2e,3602,29.912023544311523,1.1951427459716797,-5.561334609985352,0.6389227509498596
e2e,3603,27.099651336669922,0.3736262321472168,-5.688661098480225,0.7627339363098145
e2e,3604,25.075082778930664,0.4960331916809082,-5.605973243713379,0.7669284343719482
e2e,3605,28.596567153930664,0.27912378311157227,-5.733996391296387,0.7945219278335571
e2e,3606,30.578218460083008,1.2709918022155762,-5.6304931640625,0.7691594958305359
e2e,3607,30.258365631103516,0.8128452301025391,-5.695364952087402,0.7677839994430542
e2e,3608,26.532611846923828,0.9832286834716797,-5.571002006530762,0.7072015404701233
e2e,3609,31.08810806274414,2.1105122566223145,-5.505718231201172,0.5685662627220154
e2e,3610,23.218013763427734,0.6363897323608398,-5.6534528732299805,0.8141458630561829
e2e,3611,30.710966110229492,0.47565412521362305,-5.773571014404297,0.8692573308944702
e2e,3612,31.284086227416992,0.907524585723877,-5.715665340423584,0.8638463020324707
e2e,3613,31.983522415161133,0.7921280860900879,-5.754461288452148,0.8331746459007263
e2e,3614,23.716632843017578,1.2748117446899414,-5.490668296813965,0.672248363494873
e2e,3615,25.765775680541992,0.9072113037109375,-5.514261245727539,0.6121968030929565
e2e,3616,22.494277954101562,0.8649311065673828,-5.660896301269531,0.7415561079978943
e2e,3617,29.921615600585938,0.2141280174255371,-5.737784385681152,0.8783581256866455
e2e,3618,21.678373336791992,0.776453971862793,-5.696247577667236,0.9882891178131104
e2e,3619,27.759220123291016,0.6829643249511719,-5.53914737701416,0.6025058627128601
e2e,3620,28.667579650878906,0.7801413536071777,-5.519524574279785,0.6581290364265442
e2e,3621,24.290956497192383,1.175933837890625,-5.425967693328857,0.5194740891456604
e2e,3622,30.63996124267578,-0.1713576316833496,-5.706573963165283,0.8311733603477478
e2e,3623,31.49584197998047,-0.1423473358154297,-5.715583324432373,0.8677571415901184
e2e,3624,21.453962326049805,1.5221567153930664,-5.423081398010254,0.8264490365982056
e2e,3626,28.192407608032227,-0.5862045288085938,-5.549838542938232,0.6754145622253418
e2e,3627,27.359745025634766,-0.5785212516784668,-5.528494834899902,0.7004092931747437
e2e,3628,25.510549545288086,-0.31823205947875977,-5.438161849975586,0.648939847946167
e2e,3629,26.027639389038086,-0.3591623306274414,-5.469537734985352,0.5679117441177368
e2e,3630,29.01873779296875,-0.21283245086669922,-5.522080421447754,0.7227388620376587
e2e,3631,23.52454376220703,-0.11023712158203125,-5.457808971405029,0.543152928352356
e2e,3632,25.817222595214844,0.2923736572265625,-5.393163681030273,0.5050320625305176
e2e,3633,22.058767318725586,0.22419118881225586,-5.610661029815674,0.7019119262695312
e2e,3634,30.212522506713867,-0.5894122123718262,-5.6331634521484375,0.7745904326438904
e2e,3635,31.087600708007812,-0.7297167778015137,-5.657891273498535,0.7753581404685974
e2e,3636,31.661705017089844,-0.6190447807312012,-5.642646789550781,0.70280921459198
e2e,3637,26.985488891601562,-0.05639028549194336,-5.403847694396973,0.5942811965942383
e2e,3638,22.89884376525879,-0.13888216018676758,-5.460814952850342,0.5448193550109863
e2e,3639,27.839319229125977,0.06680488586425781,-5.4252448081970215,0.5210317969322205
e2e,3640,24.184335708618164,0.5015525817871094,-5.330019950866699,0.5333820581436157
e2e,3641,29.229446411132812,0.5700697898864746,-5.362937927246094,0.6146813035011292
e2e,3642,29.100234985351562,1.1701076030731201,-5.280381679534912,0.4448513090610504
e2e,3644,20.8123779296875,0.6035408973693848,-5.489629745483398,0.7233907580375671
e2e,3645,29.633241653442383,-1.119542121887207,-5.792935371398926,0.9404628276824951
e2e,3646,21.798171997070312,-0.3585829734802246,-5.748392105102539,0.8444018363952637
e2e,3647,28.527812957763672,-1.2644076347351074,-5.505136966705322,0.6219400763511658
e2e,3648,24.62290382385254,-1.0664267539978027,-5.449070453643799,0.6209409236907959
e2e,3649,30.88279914855957,0.2128453254699707,-5.383901596069336,0.5422799587249756
e2e,3650,25.056304931640625,-0.6544642448425293,-5.401165008544922,0.5367989540100098
e2e,3651,22.36879539489746,-1.123481273651123,-5.60202169418335,0.7710568904876709
e2e,3652,22.817955017089844,-1.450251579284668,-5.6308441162109375,0.7593334913253784
e2e,3653,30.14396858215332,-1.2823739051818848,-5.568885803222656,0.7031788229942322
e2e,3654,31.824708938598633,-1.3748540878295898,-5.623157024383545,0.7499316930770874
e2e,3655,21.21769142150879,-1.1758294105529785,-5.586057662963867,0.7614316344261169
e2e,3656,27.511188507080078,-1.4700140953063965,-5.5175981521606445,0.6697179079055786
e2e,3657,29.816652297973633,-0.2306814193725586,-5.521378040313721,0.7126370668411255
e2e,3658,23.01167869567871,-0.7379465103149414,-5.397623062133789,0.5837911367416382
e2e,3659,23.76665496826172,-0.8759036064147949,-5.385425567626953,0.5083096027374268
e2e,3660,30.658340454101562,-1.300191879272461,-5.72772216796875,0.8431035280227661
e2e,3661,24.48824691772461,-1.883523941040039,-5.450104236602783,0.628665566444397
e2e,3662,23.852724075317383,-1.6696410179138184,-5.458724021911621,0.5034013986587524
e2e,3663,24.466598510742188,-0.22019195556640625,-5.281581401824951,0.448708713054657
e2e,3664,22.224348068237305,-1.8352928161621094,-5.548344135284424,0.7284433245658875
e2e,3665,25.726633071899414,-2.0060536861419678,-5.480975151062012,0.5778865218162537
e2e,3666,23.338451385498047,-1.4900238513946533,-5.411731243133545,0.5379444360733032
e2e,3667,31.287416458129883,-1.5292737483978271,-5.750048637390137,0.9065374135971069
e2e,3668,27.491352081298828,-2.020148277282715,-5.270172119140625,0.4206317067146301
e2e,3669,26.354570388793945,-2.1313271522521973,-5.188283920288086,0.4094327688217163
e2e,3670,28.170713424682617,-2.724196434020996,-5.393019676208496,0.6344524025917053
e2e,3671,25.062820434570312,-2.3986635208129883,-5.174497604370117,0.4338860511779785
e2e,3672,29.99241828918457,-2.522343635559082,-5.624355316162109,0.8049842119216919
e2e,3673,30.53643798828125,-2.266458034515381,-5.637942314147949,0.8735671043395996
e2e,3674,23.73206329345703,-2.7196402549743652,-5.4211273193359375,0.6516443490982056
e2e,3675,31.553852081298828,-2.333249092102051,-5.641040325164795,0.805237889289856
e2e,3676,28.834850311279297,-2.643336296081543,-5.597280502319336,0.845042884349823
e2e,3677,24.504438400268555,-2.607168674468994,-5.350359916687012,0.6353248357772827
e2e,3678,22.94861602783203,-2.399803638458252,-5.566193103790283,0.730381965637207
e2e,3679,28.339025497436523,-2.226745367050171,-5.254690647125244,0.4663221836090088
e2e,3680,29.793006896972656,-1.9579613208770752,-5.397012710571289,0.6769511103630066
e2e,3681,25.85552406311035,-2.5811264514923096,-5.099184036254883,0.37701478600502014
e2e,3682,30.879230499267578,-2.6620657444000244,-5.564298629760742,0.8142812252044678
e2e,3683,29.86518096923828,-0.8976025581359863,-5.289811134338379,0.4602476954460144
e2e,3684,28.087230682373047,-1.5180470943450928,-5.178873538970947,0.39113959670066833
e2e,3685,22.854154586791992,-1.5385324954986572,-5.086040496826172,0.34177732467651367
e2e,3686,23.103273391723633,-2.8571064472198486,-5.265655517578125,0.4582403600215912
e2e,3687,27.542516708374023,-3.5444042682647705,-5.254457950592041,0.5621291995048523
e2e,3688,26.60943031311035,-3.5663812160491943,-5.201138019561768,0.4804275333881378
e2e,3689,27.753738403320312,-2.961035966873169,-5.244946479797363,0.5804524421691895
e2e,3690,26.45173454284668,-3.0413615703582764,-5.184875965118408,0.41803279519081116
e2e,3691,25.507822036743164,-3.3253910541534424,-5.196226596832275,0.3746406137943268
e2e,3692,25.95115089416504,-3.5663859844207764,-5.191989421844482,0.5237770676612854
e2e,3693,31.660053253173828,-3.1676151752471924,-5.520103454589844,0.7365351915359497
e2e,3694,23.243921279907227,-3.5286309719085693,-5.215179920196533,0.5183904767036438
e2e,3695,29.557580947875977,-2.9766600131988525,-5.399368762969971,0.6376941204071045
e2e,3696,23.233001708984375,-2.1573750972747803,-5.020774841308594,0.24429424107074738
e2e,3697,24.173887252807617,-1.740332841873169,-4.986423969268799,0.3771216869354248
e2e,3698,24.272546768188477,-1.043128490447998,-4.917919635772705,0.3332597315311432
e2e,3699,30.468257904052734,-1.012765645980835,-5.219494342803955,0.30554795265197754
e2e,3700,21.86790657043457,-3.449862241744995,-5.199024200439453,0.42474010586738586
e2e,3701,28.7233829498291,-3.788799524307251,-5.3042216300964355,0.5749215483665466
e2e,3702,29.365453720092773,-3.6880900859832764,-5.342190265655518,0.6078736186027527
e2e,3703,30.436439514160156,-3.5613434314727783,-5.389753341674805,0.6111218929290771
e2e,3704,31.06778907775879,-3.4015591144561768,-5.39353609085083,0.6162893772125244
e2e,3705,29.954893112182617,-3.7392799854278564,-5.41421365737915,0.7265577912330627
e2e,3706,24.33228302001953,-3.5757572650909424,-5.032359600067139,0.23526757955551147
e2e,3707,30.546573638916016,-1.6617681980133057,-5.194485187530518,0.47030892968177795
e2e,3708,32.133460998535156,-3.4436819553375244,-5.402424335479736,0.8449006676673889
e2e,3709,23.762338638305664,-2.4143640995025635,-5.021933555603027,0.19902649521827698
e2e,3710,27.786481857299805,-3.943246603012085,-5.486349105834961,0.737195611000061
e2e,3711,24.374963760375977,-3.784630537033081,-5.533688545227051,0.7580980658531189
e2e,3712,24.47027587890625,-3.108438730239868,-5.457620143890381,0.669681191444397
e2e,3713,25.477195739746094,-2.7818939685821533,-5.3892621994018555,0.585474967956543
e2e,3714,21.790889739990234,-2.2814042568206787,-5.359233856201172,0.4282006621360779
e2e,3715,26.875864028930664,-2.786298990249634,-5.351541519165039,0.6388436555862427
e2e,3716,22.20294761657715,-3.6517250537872314,-5.571731090545654,0.7762470245361328
e2e,3718,25.06793975830078,-4.2942328453063965,-5.474330902099609,0.7894263863563538
e2e,3719,26.24867820739746,-4.416415214538574,-5.404505729675293,0.7281475067138672
e2e,3720,26.87232780456543,-4.370682716369629,-5.4008402824401855,0.6906196475028992
e2e,3721,29.998477935791016,-4.272043704986572,-5.364504337310791,0.661252498626709
e2e,3722,25.04836654663086,-3.6692934036254883,-5.4125590324401855,0.6645973920822144
e2e,3723,21.56534194946289,-1.6853853464126587,-5.326974868774414,0.5345748066902161
e2e,3724,30.865095138549805,-4.576246738433838,-5.3879547119140625,0.6348891854286194
e2e,3725,21.47087287902832,-3.214813709259033,-5.6416215896606445,0.8314217925071716
e2e,3726,31.769590377807617,-4.44081449508667,-5.371772766113281,0.6748183369636536
e2e,3727,20.839338302612305,-2.361934185028076,-5.453921794891357,0.5871685743331909
e2e,3728,31.578899383544922,-5.001434803009033,-5.418558120727539,0.7822979688644409
e2e,3730,25.516355514526367,-4.576378345489502,-5.468640327453613,0.7376868724822998
e2e,3731,24.11911392211914,-4.286860466003418,-5.567734241485596,0.823496401309967
e2e,3732,22.788236618041992,-3.6735081672668457,-5.581456184387207,0.7834194302558899
e2e,3733,23.846723556518555,-3.315512180328369,-5.477132320404053,0.6396815180778503
e2e,3734,28.260480880737305,-3.543686866760254,-5.269731521606445,0.5424420237541199
e2e,3735,30.21384048461914,-4.951884746551514,-5.4281206130981445,0.6586663722991943
e2e,3736,25.01970672607422,-3.1231484413146973,-5.350581169128418,0.525392472743988
e2e,3737,32.01060485839844,-5.460488796234131,-5.430234909057617,1.2439477443695068
e2e,3738,26.57966423034668,-4.803952693939209,-5.207237243652344,0.5765236616134644
e2e,3739,27.783201217651367,-4.636692523956299,-5.205974578857422,0.4921877980232239
e2e,3740,22.225818634033203,-2.944209098815918,-5.380500316619873,0.5366002917289734
e2e,3741,28.440208435058594,-5.098241806030273,-5.2445220947265625,0.504591166973114
e2e,3742,29.61406707763672,-4.871914863586426,-5.278097629547119,0.5621865391731262
e2e,3744,22.720027923583984,-4.232232093811035,-5.521569728851318,0.8061670660972595
e2e,3745,20.823387145996094,-3.3314919471740723,-5.482405662536621,0.6548972725868225
e2e,3746,29.72247886657715,-4.202118396759033,-4.943952560424805,0.297081857919693
e2e,3747,24.73931121826172,-4.805494785308838,-5.182441234588623,0.4786396920681
e2e,3748,28.985673904418945,-4.447591304779053,-4.946769714355469,0.20670589804649353
e2e,3749,22.32186508178711,-2.482067108154297,-5.137072563171387,0.39041295647621155
e2e,3750,29.23731231689453,-3.5002896785736084,-4.864228248596191,0.22046099603176117
e2e,3751,27.797273635864258,-3.8659939765930176,-4.903676509857178,0.27085208892822266
e2e,3752,30.3070011138916,-5.540548324584961,-5.090636253356934,0.4363989233970642
e2e,3753,25.54731559753418,-3.8611559867858887,-4.931069850921631,0.3008279502391815
e2e,3754,27.175268173217773,-3.895439624786377,-4.871400356292725,0.2003500908613205
e2e,3755,27.738544464111328,-5.528819561004639,-5.063591003417969,0.40816622972488403
e2e,3756,30.57134437561035,-4.897061347961426,-5.0480756759643555,0.3380233645439148
e2e,3757,28.262582778930664,-6.012514591217041,-5.136033535003662,0.51515132188797
e2e,3758,21.366661071777344,-2.1259841918945312,-5.120269775390625,0.2955493927001953
e2e,3759,22.869752883911133,-4.802027702331543,-5.45985746383667,0.7609395384788513
e2e,3761,31.242267608642578,-6.775778293609619,-5.200732707977295,0.5673536062240601
e2e,3762,29.324840545654297,-3.9461236000061035,-4.582193374633789,0.34976720809936523
e2e,3763,24.819778442382812,-4.398111820220947,-4.67188835144043,0.2384328842163086
e2e,3764,22.755029678344727,-2.341963529586792,-4.801215171813965,0.2073126882314682
e2e,3765,26.181264877319336,-4.596409320831299,-4.548933982849121,0.14067859947681427
e2e,3767,25.347454071044922,-3.4911746978759766,-4.5847649574279785,0.36387142539024353
e2e,3768,24.633323669433594,-2.9574074745178223,-4.62978982925415,0.1929231733083725
e2e,3769,26.638132095336914,-3.1040937900543213,-4.492846965789795,0.3660697042942047
e2e,3770,25.708080291748047,-2.9169130325317383,-4.546792030334473,0.33511409163475037
e2e,3771,30.021207809448242,-5.460658550262451,-4.652920722961426,0.35660839080810547
e2e,3772,26.764326095581055,-5.829334735870361,-4.505950927734375,0.16409586369991302
e2e,3773,28.01832389831543,-5.39985466003418,-4.546164512634277,0.2671658396720886
e2e,3774,28.609554290771484,-5.743141174316406,-4.5787482261657715,0.3119097650051117
e2e,3775,23.964038848876953,-4.6673407554626465,-4.815434455871582,0.21977533400058746
e2e,3776,22.666234970092773,-3.0670599937438965,-4.873172283172607,0.2705346941947937
e2e,3777,29.128856658935547,-6.348092555999756,-4.595695495605469,0.20105008780956268
e2e,3778,23.329345703125,-4.793229103088379,-4.910332679748535,0.2844598889350891
e2e,3780,30.942947387695312,-6.093608856201172,-4.741979598999023,0.1577586978673935
e2e,3781,22.390583038330078,-3.8156259059906006,-4.990735054016113,0.20477327704429626
e2e,3782,24.92816734313965,-5.337800979614258,-4.892342567443848,0.18149961531162262
e2e,3783,24.35750961303711,-4.39766788482666,-4.991150379180908,0.332116037607193
e2e,3784,25.345458984375,-4.345802307128906,-4.768929481506348,0.26330649852752686
e2e,3785,29.287790298461914,-5.463661193847656,-4.874048233032227,0.41655218601226807
e2e,3786,27.537574768066406,-6.361315727233887,-4.7052741050720215,0.30118513107299805
e2e,3788,24.65215492248535,-5.8814005851745605,-4.901719093322754,0.32941412925720215
e2e,3789,27.343950271606445,-5.604504585266113,-4.652884006500244,0.2780264616012573
e2e,3790,29.944740295410156,-4.850799560546875,-4.902239799499512,0.3254454433917999
e2e,3791,27.325252532958984,-4.790417671203613,-4.637144565582275,0.12376338243484497
e2e,3792,29.579580307006836,-6.6271867752075195,-4.931626796722412,0.42420729994773865
e2e,3793,26.980815887451172,-6.75424861907959,-4.653501987457275,0.22739984095096588
e2e,3794,28.322998046875,-6.866488933563232,-4.75984525680542,0.30612173676490784
e2e,3795,21.218326568603516,-3.9642791748046875,-5.111598968505859,0.568000078201294
e2e,3796,22.722179412841797,-5.701686859130859,-5.165174961090088,0.5310335755348206
e2e,3797,30.836835861206055,-7.098412036895752,-5.116503715515137,0.6115226149559021
e2e,3798,25.293865203857422,-5.9184064865112305,-4.699365615844727,0.39461249113082886
e2e,3799,26.787607192993164,-5.34278678894043,-4.639739036560059,0.1767614781856537
e2e,3800,30.4082088470459,-6.8296308517456055,-4.92760705947876,0.3713648021221161
e2e,3801,27.75199317932129,-6.995004653930664,-4.705799579620361,0.263456255197525
e2e,3802,23.26040267944336,-6.268446922302246,-5.009503364562988,0.3861368000507355
e2e,3803,28.556310653686523,-4.888570785522461,-4.66070556640625,0.13637804985046387
e2e,3804,25.769317626953125,-5.027647972106934,-4.651942729949951,0.12048967182636261
e2e,3805,28.91274070739746,-7.019585609436035,-4.7285284996032715,0.23510734736919403
e2e,3807,31.240755081176758,-7.881612777709961,-4.975417137145996,0.454776406288147
e2e,3808,25.933813095092773,-6.98642635345459,-4.9291229248046875,0.4490451514720917
e2e,3809,23.71698760986328,-6.786355972290039,-5.095662593841553,0.5563510060310364
e2e,3810,29.971656799316406,-5.996197700500488,-5.0028486251831055,0.386759489774704
e2e,3811,25.84532356262207,-6.205773830413818,-4.880090236663818,0.34016379714012146
e2e,3812,27.75905990600586,-7.493071556091309,-4.994537353515625,0.4872153103351593
e2e,3813,29.143009185791016,-7.487252235412598,-5.121245861053467,0.6073586940765381
e2e,3814,29.905771255493164,-7.347433567047119,-5.133570194244385,0.617788553237915
e2e,3815,22.57868194580078,-6.761471271514893,-5.164416313171387,0.49038419127464294
e2e,3817,27.123510360717773,-7.434441566467285,-5.170077323913574,0.6075191497802734
e2e,3818,24.348705291748047,-7.097713470458984,-5.156033039093018,0.5162073969841003
e2e,3819,26.361328125,-7.417441368103027,-5.153103828430176,0.5513927340507507
e2e,3820,25.416751861572266,-6.731722831726074,-5.0624098777771,0.42564648389816284
e2e,3821,26.58468246459961,-6.720274925231934,-5.109083652496338,0.4780503511428833
e2e,3822,27.165374755859375,-6.65462589263916,-5.109159469604492,0.48659849166870117
e2e,3823,30.788604736328125,-6.4449567794799805,-5.21822452545166,0.6429853439331055
e2e,3824,26.68941879272461,-6.064695358276367,-5.029542446136475,0.4795115292072296
e2e,3826,31.725656509399414,-7.145490646362305,-5.331639289855957,0.7736741900444031
e2e,3827,22.84013557434082,-7.30295467376709,-5.315276145935059,0.6299077272415161
e2e,3828,25.445005416870117,-7.269078254699707,-5.098368167877197,0.5228900909423828
e2e,3829,28.345569610595703,-8.102890968322754,-5.208446025848389,0.6293699145317078
e2e,3830,22.273164749145508,-4.8454179763793945,-4.989841461181641,0.3279970586299896
e2e,3831,27.274005889892578,-8.038067817687988,-4.763382434844971,0.3829631507396698
e2e,3832,24.777990341186523,-8.307418823242188,-4.982151031494141,0.5246762037277222
e2e,3833,25.347761154174805,-8.124886512756348,-4.9226861000061035,0.427930623292923
e2e,3834,24.034000396728516,-8.170223236083984,-5.068802356719971,0.5789313316345215
e2e,3835,25.924951553344727,-7.9191575050354,-4.853331565856934,0.3185586929321289
e2e,3836,29.673877716064453,-8.729597091674805,-4.923643589019775,0.5001540184020996
e2e,3837,24.76368522644043,-6.686957359313965,-4.920775890350342,0.34140610694885254
e2e,3838,23.00516128540039,-8.152775764465332,-5.1614909172058105,0.6835638284683228
e2e,3839,24.203269958496094,-7.817593574523926,-4.744772911071777,0.17035460472106934
e2e,3840,23.29923439025879,-5.700793266296387,-4.79076623916626,0.20977240800857544
e2e,3841,26.549701690673828,-7.026137351989746,-4.553790092468262,0.28928321599960327
e2e,3842,28.466115951538086,-8.404796600341797,-4.636677265167236,0.21683436632156372
e2e,3843,23.87406349182129,-5.687444686889648,-4.723604202270508,0.3656100928783417
e2e,3844,30.059316635131836,-8.243435859680176,-4.6715240478515625,0.11542929708957672
e2e,3845,30.943340301513672,-9.013115882873535,-4.751941204071045,0.25373780727386475
e2e,3846,31.633249282836914,-8.88425064086914,-4.8025054931640625,0.5788480043411255
e2e,3847,22.99412727355957,-7.033892631530762,-4.911088943481445,0.2572736442089081
e2e,3848,25.020875930786133,-9.361312866210938,-4.80067253112793,0.28839951753616333
e2e,3849,23.7633056640625,-9.088488578796387,-4.96905517578125,0.39611318707466125
e2e,3850,29.412349700927734,-7.748007774353027,-4.644909381866455,0.2280605286359787
e2e,3851,24.50670623779297,-8.778785705566406,-4.853675365447998,0.3346714675426483
e2e,3852,26.409154891967773,-8.342364311218262,-4.627348899841309,0.249623104929924
e2e,3853,22.788496017456055,-9.394469261169434,-5.131874084472656,0.5930718779563904
e2e,3854,28.145214080810547,-8.95736312866211,-4.6415019035339355,0.19078439474105835
e2e,3855,28.65464210510254,-9.00257682800293,-4.689399242401123,0.17146527767181396
e2e,3856,29.092662811279297,-9.343083381652832,-4.733570098876953,0.3620742857456207
e2e,3857,30.400405883789062,-9.753474235534668,-4.773143291473389,0.30057293176651
e2e,3858,22.712635040283203,-8.587539672851562,-5.086042404174805,0.5499502420425415
e2e,3859,22.37112045288086,-8.01705551147461,-5.066680431365967,0.401014119386673
e2e,3860,27.057519912719727,-9.155346870422363,-4.611763954162598,0.34889087080955505
e2e,3861,28.222763061523438,-7.9561614990234375,-4.580539703369141,0.2282179743051529
e2e,3862,31.393997192382812,-9.765376091003418,-4.765507698059082,0.5255215764045715
e2e,3863,25.918188095092773,-9.70338249206543,-4.812604904174805,0.34212782979011536
e2e,3864,27.41006088256836,-9.656354904174805,-4.868350505828857,0.45254552364349365
e2e,3865,26.425575256347656,-9.771930694580078,-4.8346147537231445,0.39752453565597534
e2e,3866,26.176441192626953,-8.892740249633789,-4.804515361785889,0.30570828914642334
e2e,3867,28.61663818359375,-9.95002555847168,-4.928885459899902,0.5009938478469849
e2e,3869,23.690689086914062,-10.08739948272705,-4.84301233291626,0.35241496562957764
e2e,3870,27.17516326904297,-10.378541946411133,-4.760909557342529,0.3885500133037567
e2e,3871,25.99483299255371,-10.385913848876953,-4.731853485107422,0.30103394389152527
e2e,3872,24.178142547607422,-9.553028106689453,-4.795029640197754,0.3663628101348877
e2e,3873,22.312894821166992,-9.845252990722656,-5.0149827003479,0.5883042812347412
e2e,3874,29.515029907226562,-9.814091682434082,-4.730648040771484,0.4442359507083893
e2e,3875,29.461585998535156,-10.561494827270508,-4.80470609664917,0.381962388753891
e2e,3876,30.95188331604004,-10.00345230102539,-4.891499996185303,0.3292587101459503
e2e,3877,22.167171478271484,-8.908571243286133,-5.003513336181641,0.44667935371398926
e2e,3878,30.834293365478516,-10.83327865600586,-4.864081382751465,0.543287992477417
e2e,3879,25.267126083374023,-10.077035903930664,-4.889369010925293,0.5024552345275879
e2e,3880,24.798721313476562,-9.86474895477295,-4.910785675048828,0.4955676794052124
e2e,3881,30.174640655517578,-8.824228286743164,-4.804716110229492,0.27170437574386597
e2e,3882,30.175777435302734,-10.407285690307617,-4.930746078491211,0.36096861958503723
e2e,3883,30.041778564453125,-10.892650604248047,-4.949986934661865,0.4733601212501526
e2e,3884,21.677780151367188,-7.6703691482543945,-5.072175979614258,0.7655242681503296
e2e,3885,21.624794006347656,-9.824172019958496,-5.2222137451171875,0.6763849854469299
e2e,3886,24.71342658996582,-10.663457870483398,-5.0752058029174805,0.5979077219963074
e2e,3887,26.318578720092773,-10.594799995422363,-5.140548229217529,0.6783789992332458
e2e,3888,29.675981521606445,-9.404153823852539,-4.973930358886719,0.5526021122932434
e2e,3889,26.908222198486328,-9.99999713897705,-5.059825897216797,0.5995324850082397
e2e,3890,24.220182418823242,-11.047088623046875,-5.011455059051514,0.6839240789413452
e2e,3891,25.87986946105957,-11.389446258544922,-5.049691677093506,0.6207091808319092
e2e,3892,27.30625343322754,-11.438858032226562,-5.092705249786377,0.7073782086372375
e2e,3893,29.334842681884766,-11.338397979736328,-5.2041096687316895,0.7409012913703918
e2e,3894,26.603628158569336,-11.012260437011719,-5.089567184448242,0.7130746841430664
e2e,3895,27.532344818115234,-10.65965747833252,-5.0381269454956055,0.5342144966125488
e2e,3896,28.86094093322754,-10.377989768981934,-5.097777843475342,0.6119244694709778
e2e,3897,28.293277740478516,-10.573182106018066,-5.098841667175293,0.6827324628829956
e2e,3898,29.949050903320312,-11.52141284942627,-5.250439167022705,0.8799176216125488
e2e,3899,21.817609786987305,-10.91262149810791,-5.296878337860107,0.7034221291542053
e2e,3900,29.078060150146484,-8.74202823638916,-4.909189224243164,0.4904390871524811
e2e,3902,20.63128089904785,-10.225111961364746,-5.2753376960754395,0.763663113117218
e2e,3903,21.693729400634766,-8.190085411071777,-4.950263977050781,0.7207346558570862
e2e,3904,24.777738571166992,-11.486312866210938,-5.080114841461182,0.6061570048332214
e2e,3905,28.25015640258789,-11.58610725402832,-5.206562042236328,0.8295629024505615
e2e,3906,24.29792022705078,-10.246187210083008,-5.071118354797363,0.575873851776123
e2e,3907,23.2950439453125,-9.962636947631836,-5.171358585357666,0.5843122005462646
e2e,3908,21.436616897583008,-10.369922637939453,-5.341187477111816,0.6975305080413818
e2e,3909,21.269412994384766,-10.885623931884766,-5.438380718231201,0.8570908308029175
e2e,3910,25.378787994384766,-11.008869171142578,-5.017062187194824,0.5100234150886536
e2e,3911,29.923824310302734,-12.264848709106445,-5.195384502410889,0.772793173789978
e2e,3912,30.715232849121094,-11.738402366638184,-5.142691612243652,0.7579994797706604
e2e,3913,30.532262802124023,-12.204546928405762,-5.198990345001221,0.6719377636909485
e2e,3914,22.515975952148438,-11.305530548095703,-5.4311909675598145,0.8716304898262024
e2e,3915,24.966489791870117,-12.12618637084961,-4.82522439956665,0.5055026412010193
e2e,3916,24.24151611328125,-11.66197395324707,-4.8647027015686035,0.40286827087402344
e2e,3917,26.645849227905273,-12.400651931762695,-4.838651657104492,0.43594950437545776
e2e,3918,29.375051498413086,-12.146652221679688,-5.1712422370910645,0.7951191663742065
e2e,3919,26.11019515991211,-12.413414001464844,-4.916013717651367,0.5199190378189087
e2e,3920,27.427135467529297,-11.899406433105469,-4.865982532501221,0.45417681336402893
e2e,3921,27.815715789794922,-12.318096160888672,-4.919247150421143,0.6002593636512756
e2e,3922,26.44390296936035,-11.719022750854492,-4.881376266479492,0.4811086058616638
e2e,3923,28.829421997070312,-11.297871589660645,-5.009459495544434,0.49251726269721985
e2e,3924,21.21056365966797,-9.469807624816895,-4.857522010803223,0.26625898480415344
e2e,3925,20.859453201293945,-11.196216583251953,-5.022456169128418,0.519666850566864
e2e,3926,23.68334197998047,-12.125425338745117,-4.980950355529785,0.5652940273284912
e2e,3927,23.2958984375,-11.270271301269531,-5.060368061065674,0.646520733833313
e2e,3928,24.43992042541504,-12.194618225097656,-4.646134376525879,0.3381427824497223
e2e,3929,22.062522888183594,-10.39356803894043,-4.715195655822754,0.44890519976615906
e2e,3930,21.70907211303711,-10.008536338806152,-4.682647228240967,0.22023819386959076
e2e,3931,25.09442138671875,-11.503527641296387,-4.666743755340576,0.31914106011390686
e2e,3932,22.439208984375,-9.540891647338867,-4.626282215118408,0.3712574243545532
e2e,3933,28.364065170288086,-11.101669311523438,-4.863588809967041,0.3266560733318329
e2e,3934,27.008480072021484,-11.153165817260742,-4.7251152992248535,0.23140478134155273
e2e,3935,21.34326934814453,-10.705263137817383,-4.726528167724609,0.2745216488838196
e2e,3936,23.122817993164062,-9.911954879760742,-4.695532321929932,0.22624358534812927
e2e,3937,30.009037017822266,-12.976785659790039,-5.18065071105957,0.7468974590301514
e2e,3938,22.492782592773438,-8.744577407836914,-4.617005825042725,0.4044308066368103
e2e,3939,31.408029556274414,-12.170684814453125,-5.068987846374512,0.7212913036346436
e2e,3940,22.596284866333008,-11.24708366394043,-4.830386638641357,0.3076000511646271
e2e,3941,31.014198303222656,-12.920750617980957,-5.205095291137695,0.866216778755188
e2e,3942,20.22561264038086,-11.217084884643555,-4.69431734085083,0.7348061203956604
e2e,3943,27.10240936279297,-12.460386276245117,-4.562563419342041,0.33761316537857056
e2e,3944,30.2353458404541,-11.381217956542969,-4.724844455718994,0.5493754744529724
e2e,3945,30.234725952148438,-11.98987102508545,-4.817169189453125,0.36720705032348633
e2e,3946,24.606569290161133,-13.114594459533691,-4.802189350128174,0.4338912069797516
e2e,3947,26.289142608642578,-13.53602123260498,-4.666756629943848,0.38214442133903503
e2e,3948,29.575984954833984,-12.593387603759766,-4.71785306930542,0.4285315275192261
e2e,3949,27.115482330322266,-13.271722793579102,-4.64220666885376,0.3626672625541687
e2e,3950,26.01934051513672,-13.066762924194336,-4.730749607086182,0.3798750340938568
e2e,3951,28.476688385009766,-13.664048194885254,-4.73118257522583,0.5185463428497314
e2e,3952,29.458518981933594,-11.607043266296387,-4.665556907653809,0.2951776385307312
e2e,3953,29.79129981994629,-13.399482727050781,-4.802636623382568,0.4950404763221741
e2e,3954,22.603435516357422,-10.431703567504883,-4.882965564727783,0.46232473850250244
e2e,3956,30.453672409057617,-13.87842845916748,-4.850630760192871,0.563304603099823
e2e,3957,30.860626220703125,-13.59048843383789,-4.799718856811523,0.521051287651062
e2e,3958,23.563121795654297,-12.859025955200195,-4.967828750610352,0.6163992881774902
e2e,3959,31.348785400390625,-13.707878112792969,-4.8128204345703125,0.5855425000190735
e2e,3960,31.853050231933594,-13.525667190551758,-4.793050765991211,0.7404214143753052
e2e,3961,24.10927391052246,-13.372925758361816,-4.926109790802002,0.6435415744781494
e2e,3962,25.356115341186523,-13.215112686157227,-4.74496603012085,0.44545233249664307
e2e,3963,27.877283096313477,-13.078166961669922,-4.625370502471924,0.3209801912307739
e2e,3964,28.80121421813965,-13.223760604858398,-4.655655860900879,0.3771817088127136
e2e,3965,27.477380752563477,-13.70798397064209,-4.588425636291504,0.29772812128067017
e2e,3966,25.10397720336914,-12.77741813659668,-4.776346683502197,0.42036116123199463
e2e,3967,28.429746627807617,-12.476325988769531,-4.609807014465332,0.24945621192455292
e2e,3968,29.076461791992188,-12.339784622192383,-4.663690090179443,0.44184330105781555
e2e,3969,25.50090980529785,-12.372983932495117,-4.751091003417969,0.4687415659427643
e2e,3970,29.393516540527344,-11.06583023071289,-4.586080551147461,0.41269469261169434
e2e,3971,24.483043670654297,-13.711071968078613,-4.9219536781311035,0.6237643361091614
e2e,3972,29.133840560913086,-13.8499755859375,-4.690674304962158,0.47347292304039
e2e,3973,29.600841522216797,-14.035236358642578,-4.767854690551758,0.5387518405914307
e2e,3974,23.333133697509766,-10.788220405578613,-4.850482940673828,0.4490780830383301
e2e,3975,23.458436965942383,-13.3497314453125,-5.037617206573486,0.7199710011482239
e2e,3976,24.819286346435547,-14.360275268554688,-4.668894290924072,0.4095951020717621
e2e,3977,26.156967163085938,-14.469932556152344,-4.592764377593994,0.4305137097835541
e2e,3978,29.298622131347656,-13.028412818908691,-4.6284942626953125,0.2817983031272888
e2e,3979,26.53459930419922,-13.106858253479004,-4.54939603805542,0.33930504322052
e2e,3980,29.32632827758789,-15.003610610961914,-4.705255508422852,0.5174582600593567
e2e,3981,30.204376220703125,-14.715579986572266,-4.820977210998535,0.5831966400146484
e2e,3982,23.691848754882812,-13.842683792114258,-4.781606197357178,0.3919757008552551
e2e,3983,30.819881439208984,-15.105814933776855,-4.856907844543457,0.7153940200805664
e2e,3984,27.905906677246094,-14.25582504272461,-4.455206871032715,0.16592471301555634
e2e,3985,25.7451114654541,-13.910674095153809,-4.612837314605713,0.3734031617641449
e2e,3986,27.192760467529297,-14.97555160522461,-4.399643421173096,0.29277774691581726
e2e,3987,23.821857452392578,-14.381874084472656,-4.832336902618408,0.6247907876968384
e2e,3988,24.425209045410156,-14.866312026977539,-4.627437114715576,0.4220857620239258
e2e,3989,25.632158279418945,-15.18087387084961,-4.434694290161133,0.121104896068573
e2e,3990,28.618410110473633,-14.31629753112793,-4.660425186157227,0.4583527743816376
e2e,3991,26.590444564819336,-13.821493148803711,-4.384893894195557,0.28547340631484985
e2e,3992,26.80878257751465,-15.405021667480469,-4.326008319854736,0.436780720949173
e2e,3993,23.68039321899414,-15.119540214538574,-4.706877708435059,0.44185709953308105
e2e,3995,24.807506561279297,-15.515400886535645,-4.350978374481201,0.11711859703063965
e2e,3996,25.141469955444336,-14.640366554260254,-4.389845848083496,0.10640982538461685
e2e,3997,27.252187728881836,-14.251124382019043,-4.429393291473389,0.2362629920244217
e2e,3998,29.112945556640625,-15.52791976928711,-4.808746337890625,0.6356127858161926
e2e,3999,24.303348541259766,-13.947807312011719,-4.501864433288574,0.30080676078796387
e2e,4000,28.60796546936035,-15.702503204345703,-4.600731372833252,0.4269806742668152
e2e,4001,29.91978645324707,-15.163145065307617,-4.891839981079102,0.7195397615432739
e2e,4002,30.633689880371094,-15.719196319580078,-4.980717182159424,0.7940676808357239
e2e,4003,26.77371597290039,-14.498994827270508,-4.36485481262207,0.28123876452445984
e2e,4004,25.52535057067871,-16.078771591186523,-4.219705104827881,0.16922740638256073
e2e,4005,24.804819107055664,-16.063322067260742,-4.354422569274902,0.24448265135288239
e2e,4006,24.3538818359375,-15.895256042480469,-4.510614395141602,0.39718613028526306
e2e,4007,26.321178436279297,-15.725513458251953,-4.135136127471924,0.29870691895484924
e2e,4008,27.3189754486084,-15.415645599365234,-4.1317524909973145,0.18473398685455322
e2e,4009,29.268482208251953,-14.802423477172852,-4.186373710632324,0.2651956379413605
e2e,4010,26.433757781982422,-14.826642036437988,-4.1757307052612305,0.2991057336330414
e2e,4011,28.82728385925293,-14.046525955200195,-4.169870376586914,0.16228632628917694
e2e,4012,27.45600700378418,-16.45477294921875,-4.058777809143066,0.26355820894241333
e2e,4013,28.97262954711914,-15.90104866027832,-4.161967754364014,0.3868485987186432
e2e,4014,25.713211059570312,-14.676584243774414,-4.285202980041504,0.283640593290329
e2e,4015,23.33226203918457,-16.411882400512695,-4.63442325592041,0.5333911180496216
e2e,4016,30.066877365112305,-15.43945026397705,-4.226801872253418,0.28309592604637146
e2e,4017,29.579124450683594,-16.172775268554688,-4.219028949737549,0.3168555498123169
e2e,4020,24.015199661254883,-16.306913375854492,-4.307321071624756,0.42783063650131226
e2e,4021,29.469799041748047,-13.807860374450684,-4.305129528045654,0.20760291814804077
e2e,4022,30.346452713012695,-16.137157440185547,-4.341750144958496,0.23464751243591309
e2e,4023,23.226367950439453,-15.635196685791016,-4.460812568664551,0.23557719588279724
e2e,4024,27.316661834716797,-15.969820022583008,-4.324371814727783,0.22860495746135712
e2e,4025,28.733036041259766,-16.765056610107422,-4.513211250305176,0.3962094485759735
e2e,4026,29.65743637084961,-16.528732299804688,-4.57252311706543,0.6060070991516113
e2e,4028,22.711944580078125,-16.436073303222656,-4.736936092376709,0.6051986217498779
e2e,4031,26.367206573486328,-16.905330657958984,-4.1946635246276855,0.35383039712905884
e2e,4032,25.533058166503906,-17.23322296142578,-4.234376907348633,0.2441767156124115
e2e,4033,24.89011001586914,-17.30946922302246,-4.365142822265625,0.38574934005737305
e2e,4034,23.726547241210938,-16.843955993652344,-4.5591816902160645,0.43017444014549255
e2e,4035,24.186874389648438,-17.13991928100586,-4.489078044891357,0.5261721014976501
e2e,4036,24.849828720092773,-16.589275360107422,-4.417330741882324,0.407501757144928
e2e,4037,26.204702377319336,-16.27066421508789,-4.229254722595215,0.2737286686897278
e2e,4038,27.487863540649414,-17.346311569213867,-4.207698345184326,0.33863475918769836
e2e,4039,28.80628776550293,-15.200828552246094,-4.2416672706604,0.20921283960342407
e2e,4040,28.481674194335938,-17.516061782836914,-4.29792594909668,0.41972780227661133
e2e,4043,23.02724838256836,-17.375940322875977,-4.613360404968262,0.5528746843338013
e2e,4044,29.507038116455078,-17.188493728637695,-4.358514308929443,0.27551040053367615
e2e,4045,29.510578155517578,-17.809850692749023,-4.43303918838501,0.412910133600235
e2e,4046,30.36103057861328,-17.37921905517578,-4.379535675048828,0.40524613857269287
e2e,4047,30.304000854492188,-18.090808868408203,-4.436483383178711,0.38817155361175537
e2e,4048,28.293622970581055,-16.23128890991211,-4.510138511657715,0.3852125406265259
e2e,4049,25.920372009277344,-18.63964080810547,-4.248423099517822,0.2969942092895508
e2e,4050,24.079397201538086,-18.29863166809082,-4.530277252197266,0.5843690037727356
e2e,4051,26.078798294067383,-17.789844512939453,-4.311147212982178,0.2729075253009796
e2e,4052,24.91347885131836,-18.006227493286133,-4.479150295257568,0.4953925907611847
e2e,4053,28.040725708007812,-18.442232131958008,-4.544032573699951,0.5966918468475342
e2e,4054,22.50294303894043,-17.94507598876953,-4.6894402503967285,0.6529484391212463
e2e,4055,22.196361541748047,-17.48249626159668,-4.744747638702393,0.6365145444869995
e2e,4056,29.181289672851562,-18.94485092163086,-4.650811672210693,0.7072468996047974
e2e,4057,21.689510345458984,-17.700275421142578,-4.795613765716553,0.6453042030334473
e2e,4060,27.9709415435791,-16.78506851196289,-4.278630256652832,0.18877026438713074
e2e,4061,28.610536575317383,-18.233135223388672,-4.398404598236084,0.5646259784698486
e2e,4062,29.729961395263672,-19.009185791015625,-4.536719799041748,0.5910104513168335
e2e,4063,26.680564880371094,-18.519269943237305,-4.037885665893555,0.3569585382938385
e2e,4064,23.520605087280273,-18.206703186035156,-4.4619855880737305,0.4788849353790283
e2e,4065,24.129947662353516,-17.667163848876953,-4.4036478996276855,0.4455339312553406
e2e,4066,26.99020004272461,-17.06806182861328,-4.154583930969238,0.12179683148860931
e2e,4067,29.356449127197266,-19.50556755065918,-4.410680770874023,0.4249188303947449
e2e,4068,25.313663482666016,-19.225788116455078,-4.18071985244751,0.33036696910858154
e2e,4069,25.875415802001953,-19.13850212097168,-4.109836578369141,0.27543318271636963
e2e,4070,24.509984970092773,-19.164344787597656,-4.273458480834961,0.38451889157295227
e2e,4071,27.287025451660156,-18.718610763549805,-4.2328715324401855,0.3069298267364502
e2e,4072,26.70349884033203,-17.920536041259766,-4.1923394203186035,0.3123967945575714
e2e,4073,22.25491714477539,-18.377458572387695,-4.579038143157959,0.5335410237312317
e2e,4074,27.555200576782227,-20.036149978637695,-4.235867500305176,0.3552481234073639
e2e,4075,25.552974700927734,-17.807836532592773,-4.2610626220703125,0.3862673342227936
e2e,4076,27.010635375976562,-19.92471694946289,-4.172137260437012,0.4611087739467621
e2e,4077,28.550827026367188,-20.38410758972168,-4.451611518859863,0.4979761838912964
e2e,4079,21.222639083862305,-17.032878875732422,-4.666481018066406,0.7509328126907349
e2e,4080,20.455276489257812,-17.377010345458984,-4.71717643737793,1.2317016124725342
e2e,4081,26.12070083618164,-19.753183364868164,-4.101014614105225,0.29950857162475586
e2e,4082,26.60620880126953,-19.534029006958008,-4.12807035446167,0.2032175362110138
e2e,4083,25.414072036743164,-19.843050003051758,-4.183611869812012,0.3115053176879883
e2e,4084,22.84267234802246,-18.841751098632812,-4.417588233947754,0.4378838539123535
e2e,4085,27.33254623413086,-18.203893661499023,-4.205744743347168,0.19970498979091644
e2e,4086,22.249588012695312,-16.917760848999023,-4.510079383850098,0.405447393655777
e2e,4087,28.67357635498047,-18.971240997314453,-4.227727890014648,0.29085591435432434
e2e,4088,28.86443328857422,-19.79444122314453,-4.2650675773620605,0.3931486904621124
e2e,4091,27.794401168823242,-19.305267333984375,-4.519860744476318,0.5794395208358765
e2e,4092,29.54363441467285,-20.79941177368164,-4.3308491706848145,0.6044308543205261
e2e,4095,24.359703063964844,-19.663604736328125,-4.308713912963867,0.4785082936286926
e2e,4096,23.56624984741211,-19.232885360717773,-4.37469482421875,0.43007907271385193
e2e,4097,21.57884979248047,-16.636394500732422,-4.4248833656311035,0.3922630548477173
e2e,4098,21.89813232421875,-18.817317962646484,-4.525455474853516,0.5528654456138611
e2e,4099,20.369455337524414,-16.22041130065918,-4.535762786865234,1.1087661981582642
e2e,4102,20.403535842895508,-18.59709930419922,-4.669004440307617,1.3966330289840698
e2e,4103,22.620534896850586,-19.504554748535156,-4.152224540710449,0.27603521943092346
e2e,4104,21.958948135375977,-18.322093963623047,-4.166077136993408,0.20942465960979462
e2e,4105,21.50675392150879,-17.860361099243164,-4.222087860107422,0.22729317843914032
e2e,4106,22.106555938720703,-17.701276779174805,-4.186781883239746,0.2302180677652359
e2e,4107,27.501527786254883,-20.93731689453125,-4.065456390380859,0.21411025524139404
e2e,4108,23.139257431030273,-17.851972579956055,-4.1388444900512695,0.28514567017555237
e2e,4109,27.195636749267578,-21.463165283203125,-4.054618835449219,0.17559616267681122
e2e,4110,28.015417098999023,-21.13836097717285,-4.052019119262695,0.20969164371490479
e2e,4111,24.629180908203125,-18.34175682067871,-4.170841693878174,0.37551629543304443
e2e,4112,20.76449203491211,-17.542652130126953,-4.232408046722412,0.776346743106842
e2e,4113,20.536325454711914,-19.1584529876709,-4.28274393081665,1.1493233442306519
e2e,4114,26.161949157714844,-20.625919342041016,-4.130210876464844,0.22566258907318115
e2e,4115,25.011629104614258,-20.64520263671875,-4.308444023132324,0.4639153778553009
e2e,4116,27.355966567993164,-19.366912841796875,-4.1009135246276855,0.2829887270927429
e2e,4117,21.080276489257812,-19.330347061157227,-4.353029727935791,0.7952120900154114
e2e,4118,28.70608901977539,-20.847396850585938,-4.140104293823242,0.28221258521080017
e2e,4120,20.888864517211914,-18.597454071044922,-4.332566738128662,0.8703364729881287
e2e,4121,28.5791015625,-21.66363525390625,-4.121737480163574,0.2344423234462738
e2e,4122,20.3300838470459,-17.805274963378906,-4.326454162597656,1.2193660736083984
e2e,4124,19.815736770629883,-17.931875228881836,-4.3621649742126465,1.7155343294143677
e2e,4125,22.561634063720703,-20.105297088623047,-4.102373123168945,0.16922615468502045
e2e,4126,23.272977828979492,-19.878429412841797,-4.082093715667725,0.3254871368408203
e2e,4127,26.988906860351562,-22.07828712463379,-3.955220937728882,0.21599625051021576
e2e,4129,21.834239959716797,-20.188318252563477,-4.117255687713623,0.3431076407432556
e2e,4130,22.835111618041992,-21.079448699951172,-4.094582557678223,0.3153035044670105
e2e,4132,26.502958297729492,-21.391483306884766,-3.9282400608062744,0.26426035165786743
e2e,4133,25.99163055419922,-21.294631958007812,-3.961083173751831,0.2813302278518677
e2e,4134,22.71765899658203,-20.607696533203125,-3.972792148590088,0.2508455216884613
e2e,4135,24.52840232849121,-21.038230895996094,-3.9473931789398193,0.27924150228500366
e2e,4136,23.433780670166016,-20.952129364013672,-3.9984283447265625,0.3806881904602051
e2e,4137,24.203428268432617,-20.446483612060547,-4.017825126647949,0.2507546544075012
e2e,4138,24.792160034179688,-19.906564712524414,-4.030686855316162,0.3243824243545532
e2e,4139,28.0017032623291,-22.451431274414062,-3.966918706893921,0.2729983329772949
e2e,4141,29.29715347290039,-21.84832191467285,-3.965912342071533,0.814476728439331
e2e,4142,27.309219360351562,-22.631446838378906,-3.826749801635742,0.4015560448169708
e2e,4143,23.8021240234375,-21.459238052368164,-3.861346483230591,0.17561113834381104
e2e,4145,26.431690216064453,-22.0052547454834,-3.921736717224121,0.2741175889968872
e2e,4146,24.661176681518555,-21.997896194458008,-3.912984848022461,0.18959499895572662
e2e,4147,22.23213005065918,-20.916332244873047,-4.009927749633789,0.3648025095462799
e2e,4148,25.22222328186035,-21.957012176513672,-3.982565402984619,0.22645239531993866
e2e,4149,26.64111328125,-23.339187622070312,-3.8496413230895996,0.1706751435995102
e2e,4150,27.116540908813477,-23.516681671142578,-3.8887295722961426,0.4274548888206482
e2e,4151,21.90746307373047,-19.233642578125,-4.055418014526367,0.12944450974464417
e2e,4152,24.10128402709961,-22.425113677978516,-3.8253681659698486,0.23177123069763184
e2e,4153,21.532255172729492,-20.69148063659668,-4.022226333618164,0.4157993495464325
e2e,4154,27.841882705688477,-23.915916442871094,-4.0820088386535645,0.31386473774909973
e2e,4155,21.588623046875,-21.29788589477539,-3.9960150718688965,0.23113295435905457
e2e,4156,26.34233283996582,-22.447969436645508,-4.245924472808838,0.34250402450561523
e2e,4157,23.594051361083984,-22.00149154663086,-4.0528340339660645,0.24020986258983612
e2e,4158,27.040327072143555,-23.01345443725586,-4.28844690322876,0.5275759100914001
e2e,4159,26.98844337463379,-23.99846649169922,-4.085331439971924,0.1756945550441742
e2e,4160,22.181751251220703,-21.938371658325195,-4.14704704284668,0.2616786062717438
e2e,4162,21.13166618347168,-20.299968719482422,-4.2735161781311035,0.8430572152137756
e2e,4164,25.684429168701172,-22.39893341064453,-4.103067874908447,0.27083081007003784
e2e,4166,23.65789222717285,-22.759857177734375,-4.060877323150635,0.35409417748451233
e2e,4167,28.389238357543945,-24.458324432373047,-4.189631462097168,0.3153291642665863
e2e,4168,21.66629409790039,-21.803388595581055,-4.294563293457031,0.6519687175750732
e2e,4169,24.332223892211914,-22.81632423400879,-4.279311180114746,0.45600003004074097
e2e,4170,27.887306213378906,-24.282360076904297,-4.5327887535095215,0.665799081325531
e2e,4172,21.192176818847656,-21.20833969116211,-4.371977806091309,0.7734982371330261
e2e,4173,23.78419303894043,-18.85743522644043,-4.110771179199219,0.28459233045578003
e2e,4174,23.047060012817383,-18.385927200317383,-4.091675281524658,0.41300827264785767
e2e,4175,26.620718002319336,-23.422199249267578,-4.676650047302246,0.6872472763061523
e2e,4176,21.619430541992188,-22.686399459838867,-4.361570835113525,0.7912870049476624
e2e,4177,24.639114379882812,-23.526966094970703,-4.275169372558594,0.5390704870223999
e2e,4178,22.867727279663086,-22.903953552246094,-4.272174835205078,0.3538638949394226
e2e,4179,26.833641052246094,-24.430206298828125,-4.42673397064209,0.5213239192962646
e2e,4180,23.836523056030273,-23.335433959960938,-4.166527271270752,0.5680022835731506
e2e,4182,25.98513412475586,-22.915836334228516,-4.161969184875488,0.38939815759658813
e2e,4183,27.331470489501953,-24.89614486694336,-4.3808794021606445,0.5581537485122681
e2e,4184,28.190488815307617,-24.885894775390625,-4.42360782623291,0.5592865347862244
e2e,4185,23.193267822265625,-24.052949905395508,-4.261405944824219,0.3562162518501282
e2e,4186,24.43018341064453,-24.3584041595459,-4.194238185882568,0.35471996665000916
e2e,4188,21.903064727783203,-23.808122634887695,-4.318194389343262,0.5265910029411316
e2e,4189,23.909339904785156,-24.16136932373047,-4.138530254364014,0.3392082452774048
e2e,4190,26.269474029541016,-23.992462158203125,-4.421060085296631,0.5412548184394836
e2e,4191,22.908977508544922,-23.53281021118164,-4.261119842529297,0.3502698540687561
e2e,4192,25.027206420898438,-24.079265594482422,-4.338976860046387,0.5654709339141846
e2e,4193,27.575706481933594,-22.6409912109375,-4.321271896362305,0.4192870259284973
e2e,4196,20.923175811767578,-22.17456817626953,-4.259817123413086,0.8006747364997864
e2e,4198,21.284690856933594,-23.377113342285156,-4.364253044128418,0.5114519000053406
e2e,4199,22.934612274169922,-22.370832443237305,-3.9795918464660645,0.1893385946750641
e2e,4200,22.94046974182129,-21.835474014282227,-3.9908554553985596,0.16329479217529297
e2e,4201,22.496980667114258,-24.317607879638672,-4.394145488739014,0.5914368629455566
e2e,4202,24.928720474243164,-25.09569549560547,-4.366289138793945,0.6323226094245911
e2e,4203,25.575584411621094,-25.08184051513672,-4.322333335876465,0.5644603967666626
e2e,4204,25.599021911621094,-23.982097625732422,-4.211069107055664,0.4082648754119873
e2e,4205,23.015573501586914,-24.58544158935547,-4.458133697509766,0.5267329216003418
e2e,4206,26.25775146484375,-25.42715072631836,-4.345946788787842,0.5520620942115784
e2e,4207,28.03711700439453,-25.728961944580078,-4.529245376586914,0.7438676357269287
e2e,4208,25.508155822753906,-23.434288024902344,-4.259204864501953,0.5011882185935974
e2e,4210,22.634504318237305,-25.4571590423584,-4.517209053039551,0.6365118622779846
e2e,4211,28.408737182617188,-26.19588279724121,-4.678572177886963,0.8989232778549194
e2e,4212,23.460853576660156,-25.366628646850586,-4.6771039962768555,0.6473018527030945
e2e,4213,24.30268096923828,-21.496061325073242,-4.042144298553467,0.13856300711631775
e2e,4214,21.87473487854004,-25.03339385986328,-4.453910827636719,0.7388836741447449
e2e,4215,23.84088897705078,-24.885568618774414,-4.6013617515563965,0.7183485627174377
e2e,4216,26.473031997680664,-24.798765182495117,-4.486460208892822,0.6729993224143982
e2e,4218,24.219219207763672,-25.48350715637207,-4.821282386779785,0.9967095255851746
e2e,4219,26.80315399169922,-25.78976821899414,-4.521855354309082,0.7271473407745361
e2e,4220,28.907535552978516,-26.458417892456055,-4.749452114105225,0.8871831893920898
e2e,4221,21.997705459594727,-25.61021614074707,-4.338471412658691,0.4652731418609619
e2e,4222,27.024179458618164,-25.2956485748291,-4.601163864135742,0.7142739295959473
e2e,4223,27.33135223388672,-26.028427124023438,-4.715918064117432,0.9327792525291443
e2e,4224,23.33835220336914,-25.937210083007812,-4.326322078704834,0.37956753373146057
e2e,4225,22.634916305541992,-26.073822021484375,-4.249475479125977,0.30480512976646423
e2e,4226,27.442893981933594,-26.81539535522461,-4.84033203125,1.1048192977905273
e2e,4227,22.498489379882812,-24.875469207763672,-4.142092227935791,0.39614805579185486
e2e,4228,26.965625762939453,-26.644386291503906,-4.814249515533447,1.047936201095581
e2e,4229,28.154815673828125,-26.755517959594727,-4.81443452835083,1.0605900287628174
e2e,4230,25.205921173095703,-25.62593650817871,-4.496135234832764,0.7207610011100769
e2e,4231,24.14510154724121,-25.707368850708008,-4.37977409362793,0.6252919435501099
e2e,4232,27.812095642089844,-26.372173309326172,-4.549868583679199,0.7991167306900024
e2e,4233,26.032751083374023,-26.288896560668945,-4.554937362670898,0.8826812505722046
e2e,4234,23.04397964477539,-26.80060577392578,-4.183337688446045,0.24701537191867828
e2e,4235,22.665361404418945,-27.289215087890625,-4.154415130615234,0.2539411187171936
e2e,4236,23.602148056030273,-27.00440788269043,-4.283638000488281,0.12395402789115906
e2e,4237,21.8970890045166,-26.56287384033203,-4.213762283325195,0.4919396638870239
e2e,4240,23.16353416442871,-27.66222381591797,-4.403779029846191,0.3240184187889099
e2e,4241,25.068010330200195,-26.019765853881836,-4.155343055725098,0.3705799877643585
e2e,4242,25.738319396972656,-26.729122161865234,-4.314548015594482,0.7074112892150879
e2e,4243,25.27166175842285,-26.576374053955078,-4.173112392425537,0.32354113459587097
e2e,4245,25.77117919921875,-27.533329010009766,-4.303260326385498,0.6348233222961426
e2e,4246,22.512042999267578,-27.80353546142578,-4.3645100593566895,0.3745046854019165
e2e,4247,23.95980453491211,-27.82249641418457,-4.3703932762146,0.29585346579551697
e2e,4248,23.072322845458984,-28.268203735351562,-4.433061599731445,0.31096240878105164
e2e,4249,23.544816970825195,-28.582347869873047,-4.482172012329102,0.35366350412368774
e2e,4251,22.595640182495117,-28.57306480407715,-4.461702346801758,0.37687948346138
e2e,4252,23.286813735961914,-29.2397403717041,-4.351371765136719,0.3986443281173706
e2e,4253,22.78778839111328,-29.255144119262695,-4.2632622718811035,0.17154595255851746
e2e,4254,24.07547378540039,-29.37749481201172,-4.5986127853393555,0.5246439576148987
e2e,4255,23.06230354309082,-30.053333282470703,-4.538679122924805,0.2976854145526886
e2e,4256,21.935489654541016,-29.202972412109375,-4.549076557159424,0.7602628469467163
e2e,4257,22.527000427246094,-29.150964736938477,-4.692806243896484,0.6533030271530151
e2e,4261,23.380460739135742,-30.905513763427734,-4.503575801849365,0.4680018424987793
e2e,4262,22.894468307495117,-30.781970977783203,-4.546536445617676,0.2594349682331085
e2e,4263,23.652297973632812,-30.483339309692383,-4.54937744140625,0.31103700399398804
e2e,4264,23.623085021972656,-31.676727294921875,-4.688060760498047,0.381242036819458
e2e,4266,22.31532096862793,-32.023311614990234,-4.676027297973633,0.5132297873497009
e2e,4267,24.32526969909668,-31.994937896728516,-4.782846927642822,0.6181405782699585
e2e,4268,23.29529571533203,-32.69004440307617,-4.786849021911621,0.45389825105667114
e2e,4269,23.222137451171875,-32.10330581665039,-4.739804744720459,0.43180572986602783
e2e,4270,24.207134246826172,-32.6327018737793,-4.914877414703369,0.5985679030418396
e2e,4271,24.065631866455078,-33.1203727722168,-4.774898052215576,0.3867339491844177
e2e,4272,22.420289993286133,-32.856727600097656,-4.71495246887207,0.4893573522567749
e2e,4273,23.309959411621094,-33.393924713134766,-4.773033618927002,0.38646286725997925
e2e,4274,23.75733184814453,-33.81097412109375,-4.6399054527282715,0.37892335653305054
e2e,4275,23.48105812072754,-34.3365364074707,-4.776177406311035,0.41179874539375305
e2e,4276,24.341970443725586,-34.70207977294922,-4.9413580894470215,0.4563920795917511
e2e,4277,23.85647964477539,-34.671043395996094,-4.784374237060547,0.4102652966976166
e2e,4278,23.523836135864258,-35.3372802734375,-4.815674781799316,0.36530640721321106
e2e,4279,23.361854553222656,-34.82478332519531,-4.7882184982299805,0.462237149477005
e2e,4280,22.445568084716797,-34.93132400512695,-4.872567176818848,0.673747718334198
e2e,4281,23.594053268432617,-35.94629669189453,-4.654621124267578,0.3387541174888611
e2e,4282,24.167715072631836,-35.88728332519531,-4.701854705810547,0.43173569440841675
e2e,4283,23.558481216430664,-36.51380157470703,-4.879848480224609,0.3615220785140991
e2e,4284,24.04937171936035,-36.86015319824219,-4.897085666656494,0.4729043245315552
e2e,4285,24.444631576538086,-35.30526351928711,-4.9674296379089355,0.47057828307151794
e2e,4286,23.516813278198242,-37.012794494628906,-4.8032450675964355,0.39732250571250916
e2e,4287,23.826473236083984,-37.55204772949219,-4.852699279785156,0.23546059429645538
e2e,4288,23.23454475402832,-37.47579574584961,-4.81011962890625,0.3343871831893921
e2e,4290,23.497900009155273,-38.100807189941406,-4.904323577880859,0.39954936504364014
e2e,4291,24.376710891723633,-37.9700927734375,-5.053172588348389,0.6363272666931152
e2e,4292,24.35987663269043,-37.3038330078125,-4.960024833679199,0.32606539130210876
e2e,4293,23.59909439086914,-38.600521087646484,-5.200571537017822,0.6225174069404602
e2e,4294,23.47299575805664,-39.183815002441406,-4.976405143737793,0.4404943287372589
e2e,4295,24.475826263427734,-39.03369903564453,-5.086474418640137,0.6587686538696289
e2e,4296,24.38134002685547,-39.535484313964844,-5.069620609283447,0.3462228775024414
e2e,4297,23.70819664001465,-40.110679626464844,-5.002126693725586,0.38701507449150085
e2e,4298,24.675796508789062,-40.10515213012695,-5.120176792144775,0.5091413855552673
e2e,4299,24.626880645751953,-40.81806945800781,-5.185809135437012,0.38273391127586365
e2e,4300,23.662670135498047,-40.956748962402344,-5.126789093017578,0.4311136305332184
e2e,4301,23.753610610961914,-41.69794845581055,-5.206306457519531,0.5031388998031616
e2e,4302,24.766334533691406,-41.89529037475586,-5.303417205810547,0.5371691584587097
e2e,4303,24.876047134399414,-41.37823486328125,-5.279295921325684,0.6147670149803162
e2e,4304,23.7441463470459,-42.71527862548828,-5.351328372955322,0.5665995478630066
e2e,4305,24.83283805847168,-42.71198654174805,-5.440305233001709,0.6224364638328552
e2e,4306,24.167734146118164,-43.25736999511719,-5.470396995544434,0.7014693021774292
e2e,4307,25.109140396118164,-43.22041320800781,-5.520325660705566,0.6190260052680969
e2e,4308,23.787944793701172,-43.776092529296875,-5.05362606048584,0.2601882815361023
e2e,4309,24.811330795288086,-43.965423583984375,-5.087078094482422,0.37414103746414185
e2e,4310,24.242048263549805,-43.277523040771484,-4.9491286277771,0.4109451472759247
e2e,4311,24.875717163085938,-43.2009162902832,-5.073990345001221,0.16588039696216583
e2e,4312,23.17526626586914,-44.07071304321289,-5.059653282165527,0.23850025236606598
e2e,4313,23.704219818115234,-44.74164581298828,-5.128403663635254,0.5348446369171143
e2e,4314,23.664073944091797,-44.2403678894043,-5.215424537658691,0.36448219418525696
e2e,4315,24.987585067749023,-44.632381439208984,-5.345841407775879,0.5280017852783203
e2e,4316,24.364717483520508,-44.624290466308594,-5.132570266723633,0.2843017876148224
e2e,4317,23.90961265563965,-45.36129379272461,-5.119217872619629,0.29318568110466003
e2e,4318,25.109661102294922,-45.324039459228516,-5.239157199859619,0.36619511246681213
e2e,4319,24.444091796875,-45.2893180847168,-5.05014181137085,0.417124480009079
e2e,4320,23.898056030273438,-46.067928314208984,-5.312625885009766,0.41624948382377625
e2e,4321,25.171215057373047,-46.08903884887695,-5.362895488739014,0.4103875756263733
e2e,4322,24.695457458496094,-46.500083923339844,-5.280485153198242,0.4975029230117798
e2e,4323,23.355953216552734,-46.18150329589844,-5.381364822387695,0.6650277376174927
e2e,4324,24.173717498779297,-46.48607635498047,-5.553998947143555,0.5891211628913879
e2e,4325,23.899572372436523,-46.77692794799805,-5.118061065673828,0.3619823455810547
e2e,4326,24.904516220092773,-47.374961853027344,-5.145808219909668,0.23535765707492828
e2e,4327,23.532987594604492,-47.29433822631836,-5.088029861450195,0.5603829026222229
e2e,4328,25.12604522705078,-46.805667877197266,-5.337494850158691,0.45386284589767456
e2e,4329,25.558334350585938,-47.173404693603516,-5.509959697723389,0.7430024147033691
e2e,4330,24.429861068725586,-47.16720962524414,-5.120471954345703,0.2719493508338928
e2e,4331,23.956134796142578,-47.6338996887207,-5.312353134155273,0.542148768901825
e2e,4332,25.274017333984375,-48.097721099853516,-5.318085670471191,0.2912389934062958
e2e,4333,24.689197540283203,-48.2874870300293,-5.264593601226807,0.3274097144603729
e2e,4334,23.958759307861328,-48.29206848144531,-5.324092864990234,0.48774462938308716
e2e,4335,25.293611526489258,-48.66466522216797,-5.418662071228027,0.6622990369796753
e2e,4336,24.79987335205078,-48.79936599731445,-5.312743663787842,0.3143036365509033
e2e,4337,25.88892364501953,-48.68338394165039,-5.602659225463867,1.0185019969940186
e2e,4338,24.06052017211914,-49.23924255371094,-5.393639087677002,0.4070110321044922
e2e,4339,23.3245849609375,-49.112545013427734,-5.413338661193848,0.815833568572998
e2e,4340,25.478321075439453,-49.443119049072266,-5.3543195724487305,0.2988727390766144
e2e,4341,25.626405715942383,-50.65474319458008,-5.542357921600342,0.5020468235015869
e2e,4342,24.26310157775879,-50.69904327392578,-5.504598617553711,0.5412581562995911
e2e,4343,25.69481086730957,-50.148681640625,-5.542261600494385,0.5548432469367981
e2e,4344,24.30718994140625,-49.941741943359375,-5.433672904968262,0.5201050043106079
e2e,4345,25.140987396240234,-50.78274154663086,-5.429071426391602,0.5224074721336365
e2e,4346,25.594099044799805,-51.184749603271484,-5.641168594360352,0.6195015907287598
e2e,4347,24.658470153808594,-51.510921478271484,-5.474878787994385,0.49542832374572754
e2e,4348,25.65334129333496,-52.34565734863281,-5.735051155090332,0.7240149974822998
e2e,4349,25.760147094726562,-52.88706588745117,-5.455134391784668,0.4392680823802948
e2e,4350,24.963777542114258,-53.268733978271484,-5.497032642364502,0.5483511090278625
e2e,4351,25.103422164916992,-52.515869140625,-5.407583713531494,0.3785303235054016
e2e,4352,24.59080696105957,-52.862701416015625,-5.515645503997803,0.5182619690895081
e2e,4353,24.115482330322266,-53.157413482666016,-5.615732669830322,0.967821478843689
e2e,4354,24.129243850708008,-51.315311431884766,-5.348700523376465,0.47283774614334106
e2e,4355,24.32221221923828,-52.06714630126953,-5.49830436706543,0.5248624682426453
e2e,4356,24.931373596191406,-53.9217529296875,-5.52137565612793,0.5423547625541687
e2e,4357,25.975238800048828,-53.75747299194336,-5.635176658630371,0.5139963626861572
e2e,4358,24.139001846313477,-54.22652816772461,-5.735188961029053,0.9555869102478027
e2e,4359,25.792686462402344,-54.67362976074219,-5.440194606781006,0.42460745573043823
e2e,4360,25.034221649169922,-54.52601623535156,-5.420477390289307,0.4207327961921692
e2e,4361,24.529098510742188,-53.59037780761719,-5.434881210327148,0.8335782885551453
e2e,4362,24.574939727783203,-55.002201080322266,-5.5847392082214355,0.5937298536300659
e2e,4363,25.733444213867188,-55.164939880371094,-5.542941093444824,0.42307084798812866
e2e,4364,26.27504539489746,-54.850257873535156,-5.623575687408447,0.592062771320343
e2e,4365,24.64182472229004,-55.60689926147461,-5.3735175132751465,0.49111542105674744
e2e,4366,25.359289169311523,-55.586952209472656,-5.300262451171875,0.27961206436157227
e2e,4367,26.04794692993164,-55.57677459716797,-5.450861930847168,0.5364660024642944
e2e,4368,25.053180694580078,-55.153228759765625,-5.318897724151611,0.39081525802612305
e2e,4369,23.22344398498535,-55.92959976196289,-5.5388641357421875,0.6282479166984558
e2e,4370,24.440353393554688,-54.48958969116211,-5.288849830627441,0.5766739845275879
e2e,4372,25.732736587524414,-56.75774383544922,-5.274219036102295,0.28613537549972534
e2e,4373,25.28520393371582,-56.45020294189453,-5.220578193664551,0.3223148286342621
e2e,4374,25.948196411132812,-56.277687072753906,-5.372091770172119,0.33531537652015686
e2e,4375,24.923583984375,-56.83964157104492,-5.254641056060791,0.25484856963157654
e2e,4376,23.517852783203125,-56.607120513916016,-5.463940620422363,0.5102078318595886
e2e,4377,25.56583595275879,-57.457061767578125,-5.059450149536133,0.263081818819046
e2e,4378,26.115585327148438,-57.29005813598633,-5.223280429840088,0.32864150404930115
e2e,4379,23.378395080566406,-55.74394989013672,-5.043974876403809,0.15015533566474915
e2e,4380,22.55779457092285,-57.8873405456543,-5.473117828369141,0.8625088334083557
e2e,4381,22.518539428710938,-57.298343658447266,-5.397461891174316,0.5489307641983032
e2e,4383,23.38751220703125,-57.689231872558594,-5.444518089294434,0.6704221963882446
e2e,4384,22.584474563598633,-55.24470901489258,-5.100076198577881,0.7005752325057983
e2e,4386,25.70629119873047,-58.199527740478516,-5.496278762817383,0.2868916690349579
e2e,4387,22.899137496948242,-56.64715576171875,-5.372198104858398,0.5454872250556946
e2e,4388,21.471712112426758,-58.41059875488281,-5.5009765625,0.513454258441925
e2e,4389,21.95194435119629,-58.16154861450195,-5.506415367126465,0.43200579285621643
e2e,4390,24.871736526489258,-57.97508239746094,-5.592827320098877,0.36731478571891785
e2e,4394,21.43397331237793,-57.405574798583984,-5.393730640411377,0.48779648542404175
e2e,4395,25.7252197265625,-59.207096099853516,-5.152220726013184,0.45219796895980835
e2e,4399,20.953022003173828,-57.70048141479492,-5.170966625213623,0.8854653239250183
e2e,4400,20.8101806640625,-58.66841506958008,-5.244477272033691,0.6357427835464478
e2e,4401,20.895540237426758,-59.22203826904297,-5.256781578063965,0.2911577820777893
e2e,4402,24.566509246826172,-58.95127868652344,-5.295924663543701,0.2569073736667633
e2e,4404,23.39719009399414,-58.767818450927734,-5.2308807373046875,0.5488994717597961
e2e,4405,23.181034088134766,-58.1772575378418,-5.219923973083496,0.4626404047012329
e2e,4406,23.81182861328125,-59.139686584472656,-5.273136138916016,0.7003740668296814
e2e,4408,25.154523849487305,-58.368499755859375,-5.183246612548828,0.11952824890613556
e2e,4409,26.228506088256836,-59.51218032836914,-5.412470817565918,0.19595636427402496
e2e,4410,21.784473419189453,-59.18113327026367,-5.282184600830078,0.45309385657310486
e2e,4411,22.383468627929688,-58.42012405395508,-5.222851276397705,0.7344229221343994
e2e,4412,20.25763702392578,-57.79316329956055,-5.171935081481934,0.7630468606948853
e2e,4413,22.694114685058594,-59.49490737915039,-5.265481948852539,0.5788779854774475
e2e,4414,25.85305404663086,-58.66349792480469,-5.309192657470703,0.0821223109960556
e2e,4415,26.26019287109375,-58.11919403076172,-5.405586242675781,0.3885464072227478
e2e,4416,23.455896377563477,-57.295833587646484,-5.100400924682617,0.42679935693740845
e2e,4417,25.72091293334961,-59.73981475830078,-5.210463523864746,0.41914626955986023
e2e,4418,24.975229263305664,-59.903072357177734,-5.281658172607422,0.22467456758022308
e2e,4419,24.546977996826172,-59.537559509277344,-5.415269374847412,0.34250524640083313
e2e,4420,25.6744384765625,-60.23740005493164,-5.182602882385254,0.30154186487197876
e2e,4421,24.660316467285156,-57.605587005615234,-5.2967329025268555,0.4066235423088074
e2e,4422,25.48666000366211,-60.86422348022461,-5.0920209884643555,0.23792995512485504
e2e,4423,26.07242774963379,-60.91593933105469,-5.24473762512207,0.13782459497451782
e2e,4424,24.901264190673828,-60.84815216064453,-5.160337924957275,0.27881062030792236
e2e,4425,25.66954231262207,-61.58940505981445,-5.231160640716553,0.3080647885799408
e2e,4426,25.18257713317871,-61.77796936035156,-5.091594219207764,0.37033867835998535
e2e,4427,26.663471221923828,-61.73722457885742,-5.577527046203613,0.41759228706359863
e2e,4428,23.12339210510254,-60.493919372558594,-5.10159158706665,0.4002297520637512
e2e,4429,22.6522216796875,-61.339927673339844,-5.099554061889648,0.4549785256385803
e2e,4431,26.30660629272461,-62.525699615478516,-5.43319034576416,0.2812225818634033
e2e,4432,25.58826446533203,-62.31111526489258,-5.357511043548584,0.1575356125831604
e2e,4433,26.040935516357422,-62.092872619628906,-5.4136061668396,0.2833547592163086
e2e,4434,25.85258674621582,-62.83920669555664,-5.237776756286621,0.20694778859615326
e2e,4435,26.632219314575195,-63.37166213989258,-5.594217300415039,0.5059136748313904
e2e,4436,25.421655654907227,-63.14527893066406,-5.308765888214111,0.18591728806495667
e2e,4437,25.976343154907227,-63.439414978027344,-5.163646221160889,0.38076505064964294
e2e,4438,26.778196334838867,-62.743350982666016,-5.61589241027832,0.6586758494377136
e2e,4439,25.529512405395508,-64.08094024658203,-5.404736518859863,0.4186961054801941
e2e,4440,26.036027908325195,-63.88702392578125,-5.503486633300781,0.24251002073287964
e2e,4441,26.76251983642578,-63.929405212402344,-5.696301460266113,0.45262035727500916
e2e,4442,27.061016082763672,-64.40303802490234,-5.869428634643555,0.6229991912841797
e2e,4443,26.414600372314453,-65.20044708251953,-5.519074440002441,0.25151464343070984
e2e,4444,25.869403839111328,-64.91262817382812,-5.41045618057251,0.2815295159816742
e2e,4445,26.535873413085938,-64.64396667480469,-5.579658031463623,0.2833482623100281
e2e,4446,26.943374633789062,-64.9532470703125,-5.769606590270996,0.7251389622688293
e2e,4447,26.25952911376953,-65.96041107177734,-5.600153923034668,0.24481245875358582
e2e,4448,26.913921356201172,-65.59697723388672,-5.79981803894043,0.3702825903892517
e2e,4450,26.793212890625,-66.12922668457031,-5.711696624755859,0.3289228677749634
e2e,4451,25.715404510498047,-66.24308013916016,-5.642626762390137,0.4321337342262268
e2e,4452,27.415552139282227,-66.05146026611328,-5.931624412536621,0.8992049694061279
e2e,4453,27.38946533203125,-66.5870361328125,-5.925468444824219,0.7157883644104004
e2e,4454,26.577587127685547,-66.95918273925781,-5.5399980545043945,0.3414864242076874
e2e,4455,26.733278274536133,-67.45410919189453,-5.592645168304443,0.06362887471914291
e2e,4456,25.910655975341797,-67.43248748779297,-5.595897197723389,0.2678990066051483
e2e,4457,25.47971534729004,-67.82801818847656,-5.634890079498291,0.31454452872276306
e2e,4458,26.090850830078125,-68.34710693359375,-5.456339359283447,0.2628830075263977
e2e,4459,27.046833038330078,-68.51362609863281,-5.414529800415039,0.26978373527526855
e2e,4460,27.155017852783203,-67.89871978759766,-5.414071083068848,0.5957115888595581
e2e,4461,27.198646545410156,-67.30014038085938,-5.372595310211182,0.5703263282775879
e2e,4462,25.800273895263672,-66.76429748535156,-5.478188514709473,0.14514681696891785
e2e,4463,27.77925682067871,-68.39559173583984,-5.850259304046631,0.9115090370178223
e2e,4464,26.926671981811523,-69.28856658935547,-5.69065523147583,0.2739548087120056
e2e,4465,25.969785690307617,-69.1168212890625,-5.6923980712890625,0.37016987800598145
e2e,4466,25.481584548950195,-69.02075958251953,-5.749723434448242,0.7802420258522034
e2e,4467,26.36268424987793,-69.45414733886719,-5.7402729988098145,0.20372594892978668
e2e,4468,27.605710983276367,-69.46040344238281,-5.9669294357299805,0.8985877633094788
e2e,4469,27.73541831970215,-68.96266174316406,-6.022317886352539,1.0883005857467651
e2e,4470,27.20245361328125,-70.11957550048828,-5.968516826629639,0.6011375784873962
e2e,4471,26.29120445251465,-70.09201049804688,-5.926518440246582,0.4996742606163025
e2e,4472,26.737316131591797,-69.81072998046875,-5.912766456604004,0.3999219238758087
e2e,4473,27.252920150756836,-70.67201232910156,-5.8396453857421875,0.5973861813545227
e2e,4474,26.347572326660156,-70.96601104736328,-5.692440986633301,0.17091600596904755
e2e,4475,27.56818962097168,-71.0481948852539,-5.95188045501709,0.8297416567802429
e2e,4476,25.682512283325195,-70.67832946777344,-5.658442974090576,0.6109394431114197
e2e,4477,26.838966369628906,-71.09320068359375,-5.867671966552734,0.3888232111930847
e2e,4478,26.449981689453125,-71.76995086669922,-5.843642711639404,0.3867204487323761
e2e,4479,27.216718673706055,-71.83273315429688,-5.953454494476318,0.4036678075790405
e2e,4480,25.762893676757812,-71.91410064697266,-5.8597822189331055,0.5965232849121094
e2e,4481,26.782001495361328,-72.97403717041016,-5.738311767578125,0.2115194946527481
e2e,4482,27.42090606689453,-72.90093231201172,-5.803348541259766,0.5380071997642517
e2e,4483,26.14786148071289,-72.50615692138672,-5.72462272644043,0.466833233833313
e2e,4484,27.00908088684082,-72.4320068359375,-5.687193393707275,0.3011685311794281
e2e,4485,27.583824157714844,-72.31902313232422,-5.834288597106934,0.42103755474090576
e2e,4486,25.85173797607422,-73.16605377197266,-5.783487319946289,0.23104752600193024
e2e,4487,27.994478225708008,-72.54368591308594,-6.052731513977051,0.9314885139465332
e2e,4488,25.665830612182617,-72.59794616699219,-6.0501708984375,0.61757892370224
e2e,4489,26.471904754638672,-73.74763488769531,-5.513794898986816,0.2653559148311615
e2e,4490,27.03652572631836,-73.78240203857422,-5.65579891204834,0.2688269317150116
e2e,4491,27.51556396484375,-73.7967758178711,-5.819425582885742,0.5139172077178955
e2e,4492,26.30486297607422,-74.7487564086914,-5.675538539886475,0.25772786140441895
e2e,4493,26.935989379882812,-74.811279296875,-5.854006290435791,0.2514870762825012
e2e,4494,26.638683319091797,-74.37629699707031,-5.771020889282227,0.39568281173706055
e2e,4495,26.174903869628906,-74.20209503173828,-5.703280448913574,0.3367899954319
e2e,4496,27.777538299560547,-74.33977508544922,-6.109038352966309,0.562237024307251
e2e,4497,27.529935836791992,-75.3369369506836,-5.758212566375732,0.18886752426624298
e2e,4498,26.429969787597656,-75.66266632080078,-5.756713390350342,0.29207250475883484
e2e,4499,27.644744873046875,-74.81719970703125,-5.809905529022217,0.45793625712394714
e2e,4500,25.52570343017578,-75.76599884033203,-5.983697891235352,0.3681516647338867
e2e,4501,27.671770095825195,-76.25211334228516,-5.714696884155273,0.2794754207134247
e2e,4502,26.43047523498535,-76.46512603759766,-5.721068382263184,0.26888054609298706
e2e,4503,25.26787757873535,-76.33184051513672,-5.996169090270996,0.34113016724586487
e2e,4504,24.78204917907715,-76.60057830810547,-6.078393936157227,0.5685386657714844
e2e,4505,27.460451126098633,-76.84244537353516,-5.737764358520508,0.39481988549232483
e2e,4506,26.962223052978516,-76.60713195800781,-5.664463996887207,0.21563327312469482
e2e,4507,28.02981948852539,-76.54645538330078,-5.986135482788086,0.7136773467063904
e2e,4508,24.34992027282715,-76.13357543945312,-5.947763442993164,0.32348135113716125
e2e,4509,27.19413185119629,-77.4449691772461,-5.858628273010254,0.4632546305656433
e2e,4510,24.949249267578125,-77.498291015625,-6.078372955322266,0.3733421862125397
e2e,4511,23.611299514770508,-77.2452163696289,-6.216633319854736,0.5340568423271179
e2e,4512,27.793006896972656,-77.27819061279297,-6.225610733032227,0.5213619470596313
e2e,4513,27.1597843170166,-77.00727081298828,-6.127685070037842,0.36216527223587036
e2e,4514,26.336153030395508,-77.12393188476562,-6.1309380531311035,0.4496953785419464
e2e,4515,25.322229385375977,-77.07022094726562,-6.2480292320251465,0.5809435248374939
e2e,4516,23.858545303344727,-77.7379150390625,-6.203978061676025,0.5880274772644043
e2e,4517,26.753761291503906,-77.81120300292969,-6.2151288986206055,0.5685949921607971
e2e,4518,26.222047805786133,-77.72291564941406,-6.190361022949219,0.46275094151496887
e2e,4519,28.039854049682617,-77.84293365478516,-6.373064994812012,0.7425627112388611
e2e,4520,25.90981674194336,-76.82691192626953,-6.108798980712891,0.42525655031204224
e2e,4521,25.23344612121582,-78.16326904296875,-6.263646125793457,0.4968072474002838
e2e,4522,24.42292594909668,-77.02349853515625,-6.484833240509033,0.7596447467803955
e2e,4523,24.025259017944336,-76.3779067993164,-6.372953414916992,0.6769266724586487
e2e,4524,24.65563201904297,-75.55918884277344,-6.1695966720581055,0.5525081157684326
e2e,4525,24.42112159729004,-78.00746154785156,-6.372354507446289,0.7126688957214355
e2e,4526,22.56072235107422,-77.73535919189453,-6.5441155433654785,0.9229393005371094
e2e,4527,26.320220947265625,-78.2606430053711,-6.4644622802734375,0.6624789834022522
e2e,4528,27.196910858154297,-77.96615600585938,-6.446041584014893,0.8742210268974304
e2e,4529,23.944278717041016,-77.24846649169922,-6.603011131286621,0.8945499658584595
e2e,4530,23.401628494262695,-77.98362731933594,-6.724457263946533,1.074617624282837
e2e,4531,25.455455780029297,-78.97530364990234,-6.249234676361084,0.6133461594581604
e2e,4532,27.898059844970703,-78.9501953125,-6.405361175537109,0.6705703139305115
e2e,4533,26.848058700561523,-78.69960021972656,-6.360916614532471,0.6439175009727478
e2e,4534,25.77323341369629,-78.03997039794922,-6.151451587677002,0.499728262424469
e2e,4535,23.018165588378906,-78.48564147949219,-6.381349563598633,0.758057177066803
e2e,4536,23.872905731201172,-78.75988006591797,-6.187207221984863,0.48395824432373047
e2e,4537,23.6689395904541,-78.29501342773438,-6.20215368270874,0.523186445236206
e2e,4538,21.610675811767578,-78.22709655761719,-6.315493583679199,0.5582879185676575
e2e,4539,26.043426513671875,-78.82429504394531,-6.214546203613281,0.488155335187912
e2e,4540,23.74927520751953,-76.482177734375,-5.801053524017334,0.19906365871429443
e2e,4541,24.998493194580078,-75.21883392333984,-5.80027961730957,0.2872679531574249
e2e,4542,25.839279174804688,-79.86678314208984,-6.812581539154053,1.0836243629455566
e2e,4543,27.161029815673828,-79.79354858398438,-6.757381439208984,1.0852056741714478
e2e,4544,26.00309181213379,-79.15186309814453,-6.662813663482666,0.9641014933586121
e2e,4545,23.332365036010742,-79.09368896484375,-6.714481830596924,0.9819640517234802
e2e,4546,27.858577728271484,-79.81493377685547,-6.654278755187988,0.9806070923805237
e2e,4547,26.56155776977539,-79.27619934082031,-6.428896903991699,0.7215725779533386
e2e,4548,23.715282440185547,-79.36370849609375,-6.378212928771973,0.6869145035743713
e2e,4549,24.29098892211914,-76.753662109375,-6.053624629974365,0.36660870909690857
e2e,4550,22.100341796875,-78.8042221069336,-6.481161594390869,1.0694860219955444
e2e,4551,27.21164894104004,-80.22357940673828,-5.424901962280273,0.39051321148872375
e2e,4552,26.48259925842285,-79.94577026367188,-5.464298725128174,0.32573598623275757
e2e,4553,24.990114212036133,-80.05953979492188,-5.539634704589844,0.41110959649086
e2e,4554,23.132671356201172,-78.63554382324219,-5.882227897644043,0.3781569302082062
e2e,4555,24.576915740966797,-79.54305267333984,-5.579584121704102,0.3199900686740875
e2e,4556,26.193195343017578,-79.45245361328125,-5.511419296264648,0.3079962134361267
e2e,4557,21.936729431152344,-77.2586898803711,-6.1703996658325195,0.5794078707695007
e2e,4558,22.214853286743164,-77.732177734375,-6.102190971374512,0.8649441599845886
e2e,4559,26.96420669555664,-79.57839965820312,-5.444858074188232,0.5950204133987427
e2e,4560,24.440183639526367,-80.12435150146484,-5.596696853637695,0.3698824644088745
e2e,4561,24.87519073486328,-79.11148834228516,-5.58760929107666,0.29886138439178467
e2e,4562,22.942350387573242,-79.1390380859375,-5.851184368133545,0.26505881547927856
e2e,4563,24.273361206054688,-78.70161437988281,-5.673391819000244,0.2506771683692932
e2e,4564,27.451297760009766,-80.85384368896484,-5.394000053405762,0.11341726779937744
e2e,4565,23.85449981689453,-79.61975860595703,-5.669086456298828,0.21348518133163452
e2e,4566,26.637617111206055,-81.03153228759766,-5.464381217956543,0.35551968216896057
e2e,4567,23.276134490966797,-77.78483581542969,-5.882270336151123,0.3251517117023468
e2e,4568,22.49276351928711,-76.94351196289062,-6.082030773162842,0.5320100784301758
e2e,4569,22.82552146911621,-77.42291259765625,-5.971774101257324,0.40514087677001953
e2e,4570,22.03986358642578,-75.25711822509766,-6.026252269744873,0.38357099890708923
e2e,4571,22.326828002929688,-74.33736419677734,-5.837814807891846,0.3375096619129181
e2e,4572,22.56920623779297,-78.77765655517578,-5.922870635986328,0.395049124956131
e2e,4573,24.91143798828125,-80.8623046875,-5.472866058349609,0.34514880180358887
e2e,4574,25.15538787841797,-81.3442611694336,-5.448930740356445,0.2746117413043976
e2e,4575,21.265262603759766,-77.08931732177734,-6.220963478088379,0.5637080669403076
e2e,4576,22.162498474121094,-78.36538696289062,-6.040616035461426,0.7587193250656128
e2e,4577,26.851486206054688,-82.40214538574219,-5.440739154815674,0.3981979787349701
e2e,4578,27.4851016998291,-82.11122131347656,-5.379265785217285,0.17908398807048798
e2e,4579,25.353788375854492,-81.91033172607422,-5.4385666847229,0.4266592264175415
e2e,4580,26.35770034790039,-82.74259948730469,-5.474817276000977,0.6559711694717407
e2e,4581,27.80030059814453,-81.67540740966797,-5.382237434387207,0.29514139890670776
e2e,4582,21.5479736328125,-74.4608154296875,-5.901590347290039,0.4155786633491516
e2e,4583,26.126354217529297,-80.32449340820312,-5.414891719818115,0.43598681688308716
e2e,4584,26.009185791015625,-81.42239379882812,-5.417659282684326,0.5435059666633606
e2e,4585,23.506193161010742,-80.04386138916016,-5.562105178833008,0.25713953375816345
e2e,4586,22.89674949645996,-79.71316528320312,-5.613945007324219,0.27853578329086304
e2e,4587,25.504600524902344,-82.52767181396484,-5.392374515533447,0.42217928171157837
e2e,4588,25.006975173950195,-82.39651489257812,-5.389839172363281,0.5082475543022156
e2e,4589,26.61295509338379,-83.31379699707031,-5.340969085693359,0.4234187602996826
e2e,4590,23.65087890625,-80.98928833007812,-5.442605972290039,0.4300088882446289
e2e,4591,21.764657974243164,-74.01696014404297,-5.769744396209717,0.3899211287498474
e2e,4592,22.03125,-79.55284881591797,-5.520880699157715,0.808192253112793
e2e,4593,21.71221923828125,-78.51241302490234,-5.608701705932617,0.4955989420413971
e2e,4594,21.52906036376953,-77.95767211914062,-5.641511917114258,0.202980637550354
e2e,4595,21.080774307250977,-77.23379516601562,-5.714356422424316,0.41337138414382935
e2e,4596,21.793968200683594,-80.38088989257812,-5.627021789550781,1.01554536819458
e2e,4597,20.448768615722656,-77.01431274414062,-5.774873733520508,0.17396846413612366
e2e,4598,21.210105895996094,-79.23632049560547,-5.60916805267334,0.4742363691329956
e2e,4599,21.825342178344727,-73.06285095214844,-5.7416229248046875,0.9422212243080139
e2e,4600,21.24288558959961,-78.3676528930664,-5.7681884765625,0.2457299381494522
e2e,4601,20.898311614990234,-73.5752182006836,-6.154637813568115,1.367008924484253
e2e,4602,20.399030685424805,-75.26299285888672,-5.935512542724609,0.33794912695884705
e2e,4603,21.46460723876953,-73.66360473632812,-6.055720329284668,0.8668199181556702
e2e,4604,20.537372589111328,-72.7455062866211,-6.2098002433776855,2.029296398162842
e2e,4605,19.761959075927734,-75.00642395019531,-6.002811908721924,0.9327641725540161
e2e,4606,20.321931838989258,-73.61139678955078,-6.218717098236084,1.6825792789459229
e2e,4607,20.422199249267578,-77.91254425048828,-5.971407890319824,0.6027290225028992
e2e,4608,21.524717330932617,-79.12979125976562,-6.083775997161865,0.5065395832061768
e2e,4609,20.27818489074707,-76.468017578125,-5.767900466918945,0.2580486238002777
e2e,4610,20.767288208007812,-79.73548889160156,-6.189751148223877,1.1547578573226929
e2e,4611,20.775920867919922,-75.83282470703125,-5.801874160766602,0.4406634271144867
e2e,4612,19.858657836914062,-73.3421401977539,-6.379928112030029,2.2240235805511475
e2e,4613,21.536027908325195,-72.51712799072266,-6.034172058105469,1.226570725440979
e2e,4614,21.401945114135742,-73.07682800292969,-6.045284748077393,1.2506072521209717
e2e,4615,20.85923957824707,-74.05569458007812,-6.013687610626221,0.9680017232894897
e2e,4616,20.898353576660156,-75.16292572021484,-6.01639461517334,0.471591979265213
e2e,4617,21.105012893676758,-72.04656219482422,-6.096171855926514,1.318557858467102
e2e,4618,22.580459594726562,-71.67848205566406,-5.914766311645508,0.3283219039440155
e2e,4619,23.820085525512695,-73.19927215576172,-5.871581554412842,0.3974393904209137
e2e,4620,23.077234268188477,-70.082275390625,-5.694794654846191,0.2705918252468109
e2e,4621,22.92531394958496,-70.75257873535156,-5.710760593414307,0.3572249114513397
e2e,4622,23.136980056762695,-69.45278930664062,-5.651073455810547,0.44954362511634827
e2e,4623,18.676456451416016,-74.23950958251953,-6.15484619140625,2.2596068382263184
e2e,4624,18.79314613342285,-73.75010681152344,-6.173210144042969,2.486685276031494
e2e,4625,18.157180786132812,-73.48950958251953,-6.270503044128418,3.1364307403564453
e2e,4626,19.36016273498535,-74.00885772705078,-6.081498146057129,1.9119694232940674
e2e,4627,18.102214813232422,-74.061279296875,-6.229093551635742,2.842789649963379
e2e,4628,23.07505226135254,-68.72867584228516,-5.597711563110352,0.27522212266921997
e2e,4629,20.025239944458008,-74.06961822509766,-5.916202068328857,1.520236849784851
e2e,4630,22.55940055847168,-69.5099105834961,-5.818201541900635,0.4185367822647095
e2e,4631,22.62464714050293,-68.5406494140625,-5.743648529052734,0.37767985463142395
e2e,4632,22.6070499420166,-69.9583511352539,-6.076661109924316,0.33382371068000793
e2e,4633,22.225757598876953,-68.33973693847656,-6.266951560974121,0.5171586871147156
e2e,4634,22.813112258911133,-68.13835144042969,-6.205626487731934,0.49322447180747986
e2e,4635,21.90765953063965,-68.80948638916016,-6.28873872756958,0.6449034810066223
e2e,4636,22.6185359954834,-67.37358093261719,-6.20014762878418,0.5226323008537292
e2e,4637,22.86833953857422,-68.91934967041016,-6.173819065093994,0.4206273853778839
e2e,4638,22.047819137573242,-67.81442260742188,-6.374787330627441,0.8235366940498352
e2e,4639,22.674226760864258,-66.80763244628906,-6.451513767242432,0.7981915473937988
e2e,4640,22.02341651916504,-66.99043273925781,-6.524195671081543,0.754157304763794
e2e,4641,23.059837341308594,-67.16276550292969,-6.432027339935303,0.8644586205482483
e2e,4642,22.024681091308594,-66.26821899414062,-6.5842437744140625,0.8930156826972961
e2e,4643,23.326478958129883,-66.39324951171875,-6.457833290100098,0.9973131418228149
e2e,4644,23.150890350341797,-65.9026870727539,-6.363933563232422,0.7784031629562378
e2e,4645,22.620697021484375,-66.02803802490234,-6.534061431884766,0.818551778793335
e2e,4646,22.04126739501953,-65.7153091430664,-6.5858659744262695,0.7989264726638794
e2e,4647,22.496774673461914,-64.79389190673828,-6.410096168518066,0.7138677835464478
e2e,4648,22.813018798828125,-65.2711410522461,-6.336472034454346,0.7375732064247131
e2e,4649,21.99592399597168,-65.0258560180664,-6.437512397766113,0.6398516893386841
e2e,4650,22.011560440063477,-64.00748443603516,-6.5095953941345215,0.8089975714683533
e2e,4651,22.43980598449707,-64.27764129638672,-6.3856282234191895,0.7522847652435303
e2e,4652,22.81029510498047,-63.88132858276367,-6.358036994934082,0.8210535049438477
e2e,4653,23.016128540039062,-64.5109634399414,-6.324290752410889,0.8299991488456726
e2e,4654,22.156278610229492,-63.5404167175293,-6.138701915740967,0.39011815190315247
e2e,4655,23.01184844970703,-67.69771575927734,-6.02175235748291,0.2646070122718811
e2e,4656,22.77265167236328,-63.25550079345703,-6.475285530090332,1.0007675886154175
e2e,4657,22.268207550048828,-62.96076202392578,-6.436009407043457,0.6847972869873047
e2e,4658,21.917970657348633,-62.17844772338867,-6.463744163513184,0.8851473927497864
e2e,4659,22.69076156616211,-62.096473693847656,-6.485840797424316,0.8220083713531494
e2e,4660,22.07084083557129,-61.442142486572266,-6.584699630737305,0.937942385673523
e2e,4661,22.734447479248047,-61.23789978027344,-6.631882190704346,0.9872896075248718
e2e,4662,21.92238426208496,-60.6317024230957,-6.619032859802246,0.8578757643699646
e2e,4663,22.599184036254883,-61.571144104003906,-6.2702741622924805,0.5056289434432983
e2e,4664,22.476863861083984,-59.5907096862793,-6.422130107879639,0.6762726306915283
e2e,4665,21.523849487304688,-59.82857894897461,-6.6169962882995605,0.9006230235099792
e2e,4666,22.393789291381836,-60.27890396118164,-6.491057395935059,0.741281270980835
e2e,4667,22.347431182861328,-60.93775177001953,-6.423765659332275,0.6535033583641052
e2e,4668,21.984394073486328,-59.08156204223633,-6.33358907699585,0.6378189921379089
e2e,4669,21.945241928100586,-58.57532501220703,-6.042471885681152,0.2864699363708496
e2e,4670,21.300783157348633,-58.29433059692383,-6.203567981719971,0.7677181363105774
e2e,4671,22.768064498901367,-58.412113189697266,-6.175624847412109,0.9623204469680786
e2e,4672,21.956769943237305,-57.2857551574707,-5.703823566436768,0.12834808230400085
e2e,4673,21.736560821533203,-56.805885314941406,-5.882509231567383,0.13595518469810486
e2e,4674,21.736011505126953,-57.8406867980957,-5.8786845207214355,0.17244817316532135
e2e,4675,21.36680793762207,-56.46460723876953,-5.992835998535156,0.4179220497608185
e2e,4676,22.181665420532227,-56.44805145263672,-6.0412774085998535,0.5925543308258057
e2e,4677,23.787336349487305,-59.16741180419922,-5.973651885986328,1.1475766897201538
e2e,4678,23.69011878967285,-58.55034255981445,-5.912619113922119,1.2021470069885254
e2e,4679,22.130393981933594,-69.51005554199219,-6.136331081390381,0.4428878426551819
e2e,4680,22.964582443237305,-69.45951843261719,-6.294217109680176,0.7186945080757141
e2e,4681,21.305500030517578,-68.85697937011719,-5.981253623962402,0.5962189435958862
e2e,4682,22.15633773803711,-70.64617919921875,-6.079232692718506,0.4813840985298157
e2e,4683,23.454618453979492,-69.25006103515625,-6.326945781707764,0.7592534422874451
e2e,4684,21.84911346435547,-70.06767272949219,-6.103951930999756,0.6849591732025146
e2e,4685,23.48603630065918,-68.6183090209961,-6.3036651611328125,0.7602985501289368
e2e,4686,23.785381317138672,-68.14788818359375,-6.388012409210205,1.0827594995498657
e2e,4687,21.707815170288086,-65.16720581054688,-6.036309719085693,0.3804638087749481
e2e,4688,22.342552185058594,-69.0577621459961,-6.4525346755981445,0.7542250752449036
e2e,4689,22.27479362487793,-66.81861114501953,-6.124670505523682,0.4766579568386078
e2e,4690,21.92707633972168,-70.42431640625,-6.6036787033081055,1.0672860145568848
e2e,4691,22.522504806518555,-71.33232879638672,-6.586987018585205,0.8294895887374878
e2e,4692,21.806900024414062,-67.2584457397461,-6.056769371032715,0.4318332076072693
e2e,4693,22.790340423583984,-70.85540771484375,-6.603203773498535,0.9179267883300781
e2e,4694,22.720457077026367,-71.78289794921875,-6.794092178344727,1.1123467683792114
e2e,4695,22.875160217285156,-72.46326446533203,-6.739164352416992,1.005226731300354
e2e,4696,22.102783203125,-71.08405303955078,-6.770693302154541,1.130446195602417
e2e,4697,22.055648803710938,-69.88420867919922,-6.529229164123535,0.9824169278144836
e2e,4698,22.13957405090332,-71.65599822998047,-6.648702621459961,0.9920417666435242
e2e,4699,22.798954010009766,-73.0859146118164,-6.670368194580078,1.0094025135040283
e2e,4700,22.2253475189209,-73.13276672363281,-6.638387203216553,1.147660255432129
e2e,4701,23.245887756347656,-73.86450958251953,-6.837162017822266,1.214921474456787
e2e,4702,22.026575088500977,-73.9533462524414,-6.822237968444824,1.2538671493530273
e2e,4703,22.83909034729004,-73.61673736572266,-6.587762832641602,0.9271708130836487
e2e,4704,22.973051071166992,-74.53594207763672,-6.745663642883301,1.1384329795837402
e2e,4705,23.241901397705078,-75.32328796386719,-7.110733509063721,1.4210679531097412
e2e,4706,22.772377014160156,-75.84831237792969,-6.908144474029541,1.2386435270309448
e2e,4707,23.708908081054688,-75.58776092529297,-6.927468299865723,1.2241253852844238
e2e,4708,21.812074661254883,-75.89076232910156,-6.727292537689209,1.1226027011871338
e2e,4709,22.880075454711914,-75.24652862548828,-6.594711780548096,0.8936424851417542
e2e,4710,22.19771957397461,-72.6081314086914,-6.323364734649658,0.8861138224601746
e2e,4711,22.842811584472656,-76.7149887084961,-6.622574806213379,0.9272604584693909
e2e,4712,22.408655166625977,-76.14430236816406,-6.320374488830566,0.6464980840682983
e2e,4713,23.295072555541992,-75.769287109375,-6.42888879776001,0.7411302924156189
e2e,4714,22.27169418334961,-73.8369369506836,-6.039060592651367,0.524226188659668
e2e,4715,24.14405632019043,-76.70252990722656,-6.809540748596191,1.0960910320281982
e2e,4716,24.04417610168457,-77.40262603759766,-5.827085971832275,0.286222368478775
e2e,4717,23.078048706054688,-77.42577362060547,-5.413032054901123,0.42869654297828674
e2e,4718,22.330520629882812,-77.55899047851562,-5.413219451904297,0.7552124261856079
e2e,4719,23.0510311126709,-76.512939453125,-5.682153701782227,0.21960659325122833
e2e,4720,24.560401916503906,-78.55481719970703,-6.206543922424316,0.4851359724998474
e2e,4721,26.520097732543945,-76.68180084228516,-6.3491621017456055,0.6791227459907532
e2e,4722,22.51245880126953,-79.3944320678711,-6.373530387878418,0.6813889145851135
e2e,4723,24.232954025268555,-79.90010833740234,-6.197822570800781,0.5189774036407471
e2e,4724,23.138286590576172,-79.89985656738281,-6.120326042175293,0.6330431699752808
e2e,4725,26.120058059692383,-79.60986328125,-6.457185745239258,0.7866578102111816
e2e,4726,25.42574119567871,-79.58052825927734,-6.3047261238098145,0.6458116769790649
e2e,4727,24.896682739257812,-79.31099700927734,-6.131099700927734,0.43124550580978394
e2e,4728,23.4654483795166,-80.28767395019531,-6.201984405517578,0.48564833402633667
e2e,4729,25.455671310424805,-80.56547546386719,-6.130338668823242,0.3742130696773529
e2e,4730,26.454618453979492,-80.42144775390625,-6.267976760864258,0.49386754631996155
e2e,4731,27.29747200012207,-80.18061828613281,-6.312875747680664,0.6603497266769409
e2e,4732,27.33164405822754,-78.2829818725586,-6.0581560134887695,0.46106427907943726
e2e,4733,23.878541946411133,-80.79475402832031,-5.972043037414551,0.27322882413864136
e2e,4734,29.078847885131836,-79.50347900390625,-6.3297624588012695,0.9655301570892334
e2e,4735,25.729806900024414,-81.04742431640625,-4.57180118560791,1.2433044910430908
e2e,4736,25.75777244567871,-80.3279037475586,-4.678772449493408,1.1367839574813843
e2e,4737,25.372541427612305,-80.64816284179688,-4.637267589569092,1.185522437095642
e2e,4738,23.690793991088867,-81.38438415527344,-4.529932498931885,1.3308026790618896
e2e,4739,24.078861236572266,-80.89672088623047,-4.599573612213135,1.2111655473709106
e2e,4740,26.96209144592285,-81.0894546508789,-4.539334297180176,1.1225535869598389
e2e,4741,22.451377868652344,-79.61947631835938,-4.980951309204102,0.8661636114120483
e2e,4742,23.0485897064209,-79.83255004882812,-4.911557674407959,0.9489509463310242
e2e,4743,22.694082260131836,-81.5381851196289,-4.5894880294799805,1.30168616771698
e2e,4744,27.664148330688477,-79.0462875366211,-4.892370223999023,0.8635118007659912
e2e,4745,27.90930938720703,-80.8711929321289,-4.564446449279785,0.4993261396884918
e2e,4746,25.234786987304688,-81.07084655761719,-4.24761438369751,1.5070130825042725
e2e,4747,26.45208740234375,-81.0982437133789,-4.298007011413574,1.4664291143417358
e2e,4748,24.29295539855957,-81.36392211914062,-4.157388210296631,1.6536459922790527
e2e,4749,24.48943519592285,-80.90765380859375,-4.2782087326049805,1.5571249723434448
e2e,4750,23.210857391357422,-79.00556945800781,-4.943366527557373,0.8529768586158752
e2e,4751,24.62712287902832,-78.61767578125,-4.943568229675293,0.8479587435722351
e2e,4752,21.93260955810547,-81.8908462524414,-4.487887859344482,1.7572600841522217
e2e,4753,24.20521354675293,-81.95025634765625,-4.286720275878906,1.5189998149871826
e2e,4754,22.683496475219727,-82.14667510986328,-4.5025105476379395,1.404478907585144
e2e,4755,25.552515029907227,-81.467041015625,-4.353517532348633,1.4334962368011475
e2e,4756,22.255643844604492,-80.46876525878906,-4.8762617111206055,1.0443319082260132
e2e,4757,25.54736328125,-78.68791198730469,-5.023038864135742,0.8357858061790466
e2e,4758,25.083772659301758,-78.936767578125,-5.031352519989014,0.7216593027114868
e2e,4759,24.930025100708008,-82.48204040527344,-4.457896709442139,1.3573288917541504
e2e,4760,22.58365249633789,-82.82589721679688,-4.7972893714904785,1.3811646699905396
e2e,4761,23.169540405273438,-81.70232391357422,-4.802769660949707,1.0026880502700806
e2e,4762,24.445158004760742,-81.34181213378906,-4.7123308181762695,1.080661416053772
e2e,4763,21.96807861328125,-83.15593719482422,-4.850119590759277,1.7815555334091187
e2e,4764,26.395336151123047,-82.02550506591797,-4.503784656524658,1.3073513507843018
e2e,4765,23.78001594543457,-82.74256134033203,-4.335039138793945,1.4143022298812866
e2e,4766,23.260108947753906,-82.9967041015625,-4.452406883239746,1.2890180349349976
e2e,4767,22.15304183959961,-80.94792175292969,-5.152768135070801,1.0456395149230957
e2e,4768,21.31275749206543,-80.47869110107422,-5.381650924682617,1.5377724170684814
e2e,4769,21.366899490356445,-81.030517578125,-5.259451389312744,1.645169734954834
e2e,4770,26.89508056640625,-78.69998168945312,-4.9257330894470215,0.8301411867141724
e2e,4771,26.244312286376953,-82.66649627685547,-4.222317695617676,1.557785153388977
e2e,4772,26.202680587768555,-79.09420776367188,-4.984527111053467,0.8051682114601135
e2e,4773,26.89813995361328,-82.36200714111328,-4.246876239776611,1.4474834203720093
e2e,4774,25.78768539428711,-82.13788604736328,-4.382784843444824,1.4038926362991333
e2e,4775,22.18789291381836,-83.6639633178711,-4.424800872802734,1.7613403797149658
e2e,4776,25.086484909057617,-82.98953247070312,-4.272208213806152,1.5415055751800537
e2e,4777,25.006011962890625,-83.81282806396484,-4.0784807205200195,1.715621829032898
e2e,4778,23.832836151123047,-82.16706848144531,-4.7196364402771,1.087639331817627
e2e,4779,25.812707901000977,-83.27803039550781,-4.088598251342773,1.6919137239456177
e2e,4780,22.218963623046875,-82.07174682617188,-5.205322265625,1.0961395502090454
e2e,4781,23.614280700683594,-83.54205322265625,-4.4652509689331055,1.303599238395691
e2e,4782,22.830459594726562,-82.3181381225586,-4.996018409729004,0.9923040270805359
e2e,4783,23.826416015625,-84.25586700439453,-4.18610954284668,1.6102235317230225
e2e,4784,24.31290054321289,-82.7462158203125,-4.477757453918457,1.32930588722229
e2e,4785,24.237627029418945,-83.42391967773438,-4.303393363952637,1.4507737159729004
e2e,4786,24.305238723754883,-84.47149658203125,-4.057247638702393,1.6486549377441406
e2e,4787,22.74736785888672,-83.58939361572266,-4.588006496429443,1.3413711786270142
e2e,4788,25.719200134277344,-82.94105529785156,-4.810886859893799,1.0083298683166504
e2e,4789,25.249618530273438,-83.2044906616211,-4.8486409187316895,0.9607434272766113
e2e,4790,24.472518920898438,-82.7190933227539,-5.032229423522949,0.7766482830047607
e2e,4791,26.052146911621094,-83.44863891601562,-4.678657531738281,1.170468807220459
e2e,4792,24.030746459960938,-81.43294525146484,-5.327203273773193,0.5311206579208374
e2e,4793,24.639455795288086,-83.98344421386719,-4.8473381996154785,0.9026912450790405
e2e,4794,26.329801559448242,-84.02629089355469,-4.5614423751831055,1.2303237915039062
e2e,4795,23.853105545043945,-84.44630432128906,-4.945219993591309,0.8640562891960144
e2e,4796,24.298646926879883,-81.84597778320312,-5.156806468963623,0.7109838128089905
e2e,4797,24.622486114501953,-84.9847412109375,-4.640463352203369,1.1778652667999268
e2e,4798,26.15561294555664,-84.5679702758789,-4.968575477600098,0.7695315480232239
e2e,4799,25.859071731567383,-84.1133041381836,-5.019177436828613,0.8122940063476562
e2e,4800,25.174129486083984,-83.90072631835938,-5.137735366821289,0.8095067739486694
e2e,4801,24.680980682373047,-83.14604949951172,-5.339237689971924,0.5772262811660767
e2e,4802,26.253400802612305,-85.14293670654297,-4.907692909240723,0.9550001621246338
e2e,4803,24.76022720336914,-85.35541534423828,-5.083745002746582,0.6604984998703003
e2e,4804,26.788232803344727,-85.0884780883789,-4.9241251945495605,0.8314339518547058
e2e,4805,25.07880401611328,-84.71601867675781,-4.993645668029785,0.7482276558876038
e2e,4806,24.384069442749023,-84.7060546875,-5.154474258422852,0.5944123268127441
e2e,4807,24.482389450073242,-85.7882080078125,-5.044058799743652,0.8260271549224854
e2e,4808,25.634538650512695,-85.86849975585938,-4.836221218109131,0.9027506113052368
e2e,4809,27.474210739135742,-79.97621154785156,-5.066132068634033,0.7116107940673828
e2e,4810,25.792648315429688,-85.2425765991211,-4.727690696716309,1.0988774299621582
e2e,4811,25.69536781311035,-84.7217788696289,-4.760584831237793,0.968798816204071
e2e,4812,23.99835968017578,-85.6380844116211,-5.005051136016846,0.7734710574150085
e2e,4813,26.992839813232422,-85.56857299804688,-4.599034309387207,1.1516087055206299
e2e,4814,24.924470901489258,-86.18431854248047,-4.8252739906311035,0.9052450656890869
e2e,4815,23.883014678955078,-86.28587341308594,-4.987880706787109,0.8949792385101318
e2e,4816,26.481334686279297,-86.58319091796875,-4.74104642868042,1.1088398694992065
e2e,4817,26.327905654907227,-85.86732482910156,-4.835927486419678,0.9090442657470703
e2e,4818,25.3040828704834,-87.27776336669922,-4.811576843261719,1.0822792053222656
e2e,4819,26.160995483398438,-87.35457611083984,-4.672790050506592,1.0576069355010986
e2e,4820,26.878671646118164,-87.04493713378906,-4.665704727172852,1.3519556522369385
e2e,4821,25.879993438720703,-86.50383758544922,-4.868852615356445,0.8983601927757263
e2e,4822,24.675813674926758,-86.59391021728516,-5.018582344055176,0.7391266822814941
e2e,4823,27.23642349243164,-86.25265502929688,-4.743085861206055,0.9387648701667786
e2e,4824,27.124422073364258,-83.54574584960938,-5.124111175537109,0.6674497723579407
e2e,4825,23.936241149902344,-87.3846435546875,-5.00275182723999,0.8305765390396118
e2e,4826,26.809093475341797,-85.99000549316406,-4.391666889190674,1.29988694190979
e2e,4827,25.882484436035156,-87.39510345458984,-4.204769134521484,1.4863390922546387
e2e,4828,26.94883155822754,-86.7436294555664,-4.204009532928467,1.5932797193527222
e2e,4829,23.083446502685547,-87.17632293701172,-4.703058242797852,1.5005993843078613
e2e,4830,24.346757888793945,-87.29293823242188,-4.510993957519531,1.1659939289093018
e2e,4831,25.033790588378906,-87.38982391357422,-4.333224296569824,1.3720228672027588
e2e,4832,24.8212947845459,-88.11363220214844,-4.230416297912598,1.5442900657653809
e2e,4833,25.897926330566406,-86.86264038085938,-4.310057640075684,1.5098985433578491
e2e,4834,23.322498321533203,-86.43631744384766,-4.786015033721924,1.238222599029541
e2e,4835,26.380874633789062,-87.14176940917969,-4.174901962280273,1.6269567012786865
e2e,4836,23.786418914794922,-86.91082763671875,-4.627318859100342,1.1438382863998413
e2e,4837,25.365406036376953,-86.61459350585938,-4.53196907043457,1.2260626554489136
e2e,4838,24.443115234375,-87.78933715820312,-4.303811550140381,1.3665748834609985
e2e,4839,22.6798038482666,-85.28730773925781,-4.976301193237305,1.161732792854309
e2e,4840,22.1663761138916,-86.39726257324219,-4.807648658752441,1.9710400104522705
e2e,4841,26.81639862060547,-87.5945816040039,-4.146422863006592,1.795310378074646
e2e,4842,27.60818099975586,-86.93373107910156,-4.234126567840576,1.579886555671692
e2e,4843,23.70522117614746,-87.9388656616211,-4.326286315917969,1.6411014795303345
e2e,4844,22.755590438842773,-86.09274291992188,-4.795406341552734,1.4349132776260376
e2e,4845,26.009082794189453,-88.0390625,-3.876002311706543,1.8929522037506104
e2e,4846,23.015907287597656,-87.89387512207031,-3.913329601287842,2.314661741256714
e2e,4847,24.30621337890625,-88.1976089477539,-3.8131635189056396,1.9683541059494019
