frame_index,frame_timestamp_sec,num_local_nodes_pre,num_local_nodes_kept,num_new_nodes,num_nodes,num_edges,num_new_edges,t_inference_ms,t_merge_ms,t_edges_ms,t_other_ms,t_frame_total_ms
1,61.141607031,528,20,20,20,30,30,14236.868280917406,60.27151085436344,28.445972129702568,31.87859826721251,14357.464362168685
9,75.275338409,507,24,24,44,78,48,342.67955808900297,4.553673090413213,0.7678368128836155,0.7218909449875355,348.72295893728733
10,75.372774127,489,26,9,53,95,17,22.4661601241678,0.5573229864239693,0.718223862349987,0.9551378898322582,24.696844862774014
13,75.665232698,506,25,7,60,114,19,23.292477009817958,0.5412730388343334,1.1730461847037077,0.6219036877155304,25.62869992107153
14,75.762668166,501,30,8,68,147,33,22.655976004898548,0.6312618497759104,1.331321895122528,0.7032852154225111,25.321844965219498
15,75.860142593,463,26,4,72,151,4,21.321015898138285,0.5595679394900799,1.2938720174133778,0.6338772363960743,23.808333091437817
16,75.957615561,482,24,2,74,157,6,21.818948909640312,0.5590058863162994,1.084900926798582,0.6549553945660591,24.117811117321253
18,76.152566497,522,26,6,80,169,12,22.147753974422812,0.5755969323217869,1.5846160240471363,0.6479641888290644,24.9559311196208
19,76.250046549,527,26,2,82,175,6,22.995340870693326,0.5672520492225885,0.7811530958861113,0.6698919460177422,25.013637961819768
20,76.347509892,512,33,5,87,185,10,22.030334919691086,0.608168076723814,1.7155311070382595,0.6534229032695293,25.00745700672269
21,76.445005902,505,23,3,90,200,15,24.016821989789605,1.115006860345602,0.6707159336656332,0.8770222775638103,26.67956706136465
22,76.542457911,488,25,3,93,213,13,22.22521905787289,0.5676120053976774,0.6850820500403643,0.6591847632080317,24.137097876518965
23,76.639932421,498,24,3,96,222,9,22.147414041683078,0.5669808015227318,0.7119220681488514,0.6752940826117992,24.10161099396646
24,76.737404973,518,25,2,98,227,5,25.570301106199622,0.911907060071826,1.559829106554389,0.6515986751765013,28.69363594800234
25,76.834879733,513,25,3,101,236,9,23.821908049285412,0.550250057131052,0.9525630157440901,0.6264618132263422,25.951182935386896
26,76.932352492,503,22,3,104,245,9,24.14408093318343,1.0050309356302023,2.391115063801408,0.9447790216654539,28.485005954280496
27,77.029826627,486,21,2,106,255,10,23.36726593784988,0.7112009916454554,0.8365258108824492,0.684572383761406,25.59956512413919
28,77.127301262,493,19,5,111,268,13,21.762463031336665,0.6035398691892624,0.6921058520674706,0.6485031917691231,23.70661194436252
29,77.22477498,485,18,4,115,281,13,22.640496026724577,0.6158920004963875,0.7007420063018799,0.6801241543143988,24.637254187837243
30,77.322248115,481,17,0,115,288,7,22.820292972028255,0.4856390878558159,0.8071509655565023,0.6450868677347898,24.758169893175364
31,77.419723125,485,15,1,116,293,5,23.499634116888046,1.317384885624051,0.6769469473510981,0.6306921131908894,26.124658063054085
32,77.517196759,494,21,5,121,303,10,23.90280901454389,0.6157830357551575,0.6573109421879053,0.6705550476908684,25.846458040177822
33,77.614670061,469,19,3,124,310,7,22.1122270449996,0.5832919850945473,0.6894001271575689,0.6412109360098839,24.0261300932616
34,77.712143654,461,16,3,127,315,5,24.150752928107977,0.616513891145587,0.6610869895666838,0.67507429048419,26.103428099304438
35,77.809616997,470,13,2,129,319,4,22.44507079012692,2.763252006843686,0.7401250768452883,1.2003460433334112,27.148793917149305
36,77.907091882,469,17,2,131,333,14,24.48179293423891,0.5567020270973444,0.6560080219060183,0.6614981684833765,26.35600115172565
37,78.004564225,469,16,3,134,341,8,21.56188804656267,0.5748060066252947,0.6716670468449593,0.6582220084965229,23.46658310852945
38,78.102050443,488,12,2,136,347,6,22.814972791820765,0.6840708665549755,0.990954926237464,0.6722274702042341,25.162226054817438
39,78.199511495,466,13,3,139,352,5,21.643219981342554,0.6046218331903219,0.6716169882565737,0.6616991013288498,23.5811579041183
40,78.296986171,479,20,4,143,364,12,23.76209502108395,2.380566205829382,0.8676131255924702,0.748541671782732,27.758816024288535
41,78.394512223,450,14,2,145,374,10,21.412778180092573,0.5641859024763107,0.6460889708250761,0.657691853120923,23.280744906514883
42,78.491933857,469,18,2,147,387,13,21.352646872401237,1.3422728516161442,1.2978590093553066,0.6958912126719952,24.688669946044683
43,78.58940695,452,15,1,148,388,1,22.57138700224459,0.5823199171572924,0.6708658766001463,0.6769462488591671,24.501519044861197
44,78.686880127,451,14,3,151,392,4,22.7705598808825,0.5766190588474274,0.8495999500155449,0.6618092302232981,24.858588119968772
45,78.784355012,473,20,1,152,403,11,21.542740985751152,0.6235069595277309,0.7139658555388451,0.683691119775176,23.563904920592904
46,78.88182748,453,16,4,156,405,2,21.477198926731944,0.5989710334688425,0.7048191037029028,0.6659568753093481,23.446945939213037
47,78.979302281,446,11,2,158,407,2,23.515263106673956,1.8759609665721655,0.9735419880598783,0.9697058703750372,27.334471931681037
48,79.076777374,444,12,2,160,413,6,21.184271201491356,0.5544580053538084,0.821887981146574,0.6477218121290207,23.20833900012076
49,79.174248843,463,14,3,163,414,1,21.83971810154617,0.5761079955846071,0.677779084071517,0.808672746643424,23.902277927845716
50,79.271722602,443,17,3,166,425,11,22.58682600222528,0.5676820874214172,0.7332130335271358,0.8122010622173548,24.699922185391188
51,79.369197071,457,18,6,172,435,10,21.15640905685723,2.1142768673598766,2.190029015764594,0.6434042006731033,26.104119140654802
52,79.466670914,458,16,1,173,444,9,22.833157097920775,0.5984909366816282,0.6650749128311872,0.6656949408352375,24.76241788826883
53,79.564147382,445,20,1,174,445,1,21.55349194072187,0.5562808364629745,0.6469408981502056,0.6847423501312733,23.441456025466323
54,79.661618017,420,10,0,174,448,3,21.644873078912497,0.6155618466436863,0.7310779765248299,0.7702121511101723,23.761725053191185
55,79.759092151,411,14,4,178,452,4,20.613351836800575,0.5540968850255013,0.6494249682873487,0.637334305793047,22.454207995906472
56,79.856567411,436,12,5,183,458,6,20.68726997822523,0.8628149516880512,0.6477930583059788,0.6237879861146212,22.821665974333882
57,79.954040088,426,14,3,186,462,4,20.22158890031278,0.615712022408843,0.8380180224776268,0.8663719054311514,22.541690850630403
58,80.051513806,405,14,3,189,463,1,20.03711392171681,0.6097208242863417,0.675413990393281,0.656388234347105,21.978636970743537
59,80.148987316,401,10,0,189,463,0,19.57761379890144,0.48357504419982433,0.6612380966544151,0.690933084115386,21.413360023871064
60,80.246460409,390,8,1,190,463,0,19.250971963629127,0.583902932703495,0.6285861600190401,0.659245066344738,21.1227061226964
61,80.343972752,417,10,3,193,466,3,20.28588904067874,0.6325340364128351,0.689901877194643,0.6573090795427561,22.265634033828974
62,80.441408512,408,9,1,194,471,5,19.80514917522669,0.5943619180470705,0.6554059218615294,0.7697620894759893,21.824679104611278
63,80.538882313,427,10,3,197,478,7,20.637356908991933,0.7074640598148108,0.6976758595556021,0.6496361456811428,22.69213297404349
64,80.636356573,440,12,1,198,487,9,19.659837009385228,0.5669910460710526,0.656758900731802,0.6267840508371592,21.510371007025242
65,80.733829749,458,13,3,201,493,6,20.864573074504733,0.560839893296361,0.6473008543252945,0.614561140537262,22.68727496266365
66,80.831306801,441,14,3,204,501,8,21.130610024556518,0.5649470258504152,0.6730391178280115,0.6481846794486046,23.01678084768355
67,80.928780227,471,14,2,206,509,8,21.15104882977903,0.7171221077442169,0.8462138939648867,0.654194038361311,23.368578869849443
68,81.026253445,442,11,2,208,511,2,20.138663006946445,0.5686739459633827,0.6625300738960505,0.6359720136970282,22.005839040502906
69,81.123725288,438,14,2,210,520,9,19.637165125459433,0.5455908831208944,0.788235105574131,0.6225660908967257,21.593557205051184
70,81.221197423,440,11,2,212,523,3,20.057342015206814,0.5555399693548679,0.6847018375992775,0.6210813298821449,21.918665152043104
71,81.318671766,396,8,3,215,535,12,18.865450052544475,0.5762490909546614,0.6576208397746086,0.6413210649043322,20.740641048178077
72,81.416145568,422,9,3,218,546,11,21.23582805506885,0.6581009365618229,0.679131131619215,0.7439428009092808,23.31700292415917
73,81.513620244,421,10,1,219,553,7,19.538531079888344,0.5733130965381861,0.6550760008394718,0.6507078651338816,21.417628042399883
74,81.611082296,436,9,1,220,556,3,20.387940108776093,0.576079124584794,0.6742519326508045,0.6342569831758738,22.272528149187565
75,81.708556431,424,10,1,221,565,9,20.183017011731863,0.5658289883285761,0.6440349388867617,0.6347692105919123,22.027650149539113
76,81.806030399,426,7,3,224,571,6,19.84487404115498,1.0821148753166199,1.652552979066968,0.6515691056847572,23.231111001223326
77,81.903503033,439,10,2,226,579,8,20.274678012356162,0.5752069409936666,0.6478829309344292,0.7159290835261345,22.213696967810392
78,82.00096896,459,10,1,227,583,4,20.493777934461832,0.5650368984788656,0.649705994874239,0.6198810879141092,22.328401915729046
79,82.098449386,453,9,0,227,587,4,20.17649495974183,0.5403710529208183,0.6799120455980301,0.6428237538784742,22.039601812139153
80,82.195914188,438,12,1,228,588,1,20.65646299161017,1.7986660823225975,1.0034078732132912,0.8685472421348095,24.327084189280868
81,82.293399656,444,10,0,228,590,2,19.85443220473826,0.49928505904972553,0.6723189726471901,0.6431618239730597,21.669198060408235
82,82.390861541,437,7,2,230,594,4,19.878335995599627,1.2471550144255161,1.1258271988481283,0.6257807835936546,22.877098992466927
83,82.488324926,432,6,3,233,598,4,19.730509957298636,0.5904948338866234,0.6541749462485313,0.6484431214630604,21.62362285889685
84,82.585842935,423,9,1,234,603,5,19.631254021078348,1.1298749595880508,0.6597649771720171,0.8612419478595257,22.282135905697942
85,82.683273445,424,10,1,235,607,4,21.045461064204574,1.5039448626339436,1.2285788543522358,0.8000081870704889,24.577992968261242
86,82.780746038,426,8,1,236,610,3,19.30864993482828,0.5821590311825275,0.7033259607851505,0.6372751668095589,21.23141009360552
87,82.878265923,439,9,2,238,616,6,20.034197950735688,0.9760567918419838,0.6692120805382729,0.6172261200845242,22.29669294320047
88,82.975694058,418,8,1,239,620,4,19.43285297602415,0.5591169465333223,0.6456188857555389,0.6339750252664089,21.27156383357942
89,83.073167443,427,11,3,242,626,6,20.99111909046769,0.5771999713033438,0.6877770647406578,0.7070850115269423,22.963181138038635
90,83.170640702,436,10,0,242,631,5,19.682720070704818,0.6080081220716238,1.2902850285172462,0.868896720930934,22.44990994222462
91,83.268115962,432,7,1,243,635,4,19.149621948599815,0.664964085444808,0.6974660791456699,0.6634218152612448,21.175473928451538
92,83.365589847,421,12,4,247,641,6,18.881901865825057,0.5631239619106054,0.660706078633666,0.6273649632930756,20.733096869662404
93,83.46306194,413,10,1,248,643,2,19.166984828189015,0.6650651339441538,0.7447630632668734,0.7218418177217245,21.298654843121767
94,83.560536658,394,8,1,249,649,6,19.767639925703406,0.5516530945897102,0.6471918895840645,0.6753930356353521,21.641877945512533
95,83.658010751,409,12,1,250,657,8,19.974275957792997,0.6041608285158873,0.678149051964283,0.7309380453079939,21.98752388358116
96,83.755491595,408,11,1,251,662,5,20.11502906680107,0.8310449775308371,0.9341591503471136,0.9684727992862463,22.848705993965268
97,83.852958104,390,13,4,255,670,8,17.526313895359635,0.5470139440149069,0.644677085801959,0.6236170884221792,19.34162201359868
98,83.950431114,369,10,1,256,672,2,17.30548101477325,0.5707789678126574,0.6758051458746195,0.6329037714749575,19.184968899935484
99,84.047904874,375,9,2,258,674,2,18.272761022672057,0.5778609775006771,0.6732798647135496,0.6407010369002819,20.164602901786566
100,84.145379634,367,7,2,260,675,1,18.82325205951929,0.6534128915518522,0.736468005925417,0.7013732101768255,20.914506167173386
101,84.242852519,400,9,3,263,682,7,18.85409909300506,0.6383748259395361,0.7260290440171957,0.8637970313429832,21.082299994304776
102,84.340326653,396,9,2,265,688,6,18.919961992651224,1.2581250630319118,0.680775148794055,0.7423297502100468,21.601191954687238
103,84.43780008,378,9,3,268,696,8,17.690221080556512,0.6417909171432257,0.653333030641079,0.6656257901340723,19.65097081847489
104,84.535319548,376,11,4,272,700,4,19.316205056384206,0.6432640366256237,0.7205489091575146,0.7644898723810911,21.444507874548435
105,84.632747058,370,8,1,273,703,3,18.810708075761795,1.4732980635017157,0.7285729516297579,0.6547258235514164,21.667304914444685
106,84.730220609,347,10,2,275,709,6,18.550881883129478,0.5575839895755053,0.6620900239795446,0.6543141789734364,20.424870075657964
107,84.827749286,339,11,1,276,711,2,18.099648179486394,0.6395869422703981,0.707114115357399,0.7173107005655766,20.163659937679768
108,84.925169462,364,7,0,276,712,1,18.376505933701992,0.5104148294776678,1.0439329780638218,0.6544962525367737,20.585349993780255
109,85.022642847,338,7,1,277,713,1,17.325747990980744,0.5847339052706957,0.6520801689475775,0.6342690903693438,19.19683115556836
110,85.120116982,351,11,3,280,722,9,17.305290093645453,0.5972180515527725,0.6814959924668074,0.6864839233458042,19.270488061010838
111,85.217630158,363,9,2,282,729,7,17.9997100494802,0.638684956356883,1.541145145893097,0.7062717340886593,20.88581188581884
112,85.315065168,380,13,2,284,740,11,18.047780031338334,0.5662799812853336,0.6596439052373171,0.6552170962095261,19.92892101407051
113,85.412538136,388,10,2,286,745,5,17.66869006678462,0.7522278465330601,0.7040179334580898,0.709759071469307,19.834694918245077
114,85.510010479,380,9,3,289,754,9,18.509293906390667,1.4054211787879467,1.4765539672225714,0.8974289521574974,22.288698004558682
115,85.607483697,379,8,2,291,759,5,17.58811017498374,0.5862968973815441,0.7285128813236952,0.8198758587241173,19.722795812413096
116,85.704959874,345,8,1,292,763,4,16.716779908165336,0.5446188151836395,0.6616688333451748,0.6396265234798193,18.56269408017397
117,85.8024333,338,8,2,294,766,3,17.838339088484645,0.7979730144143105,0.6642930675297976,0.6467106286436319,19.947315799072385
118,85.89990506,333,9,2,296,774,8,18.022202886641026,0.630298862233758,0.6971848197281361,0.6845514290034771,20.034237997606397
119,85.997378986,323,7,3,299,780,6,17.488783923909068,0.7606029976159334,1.5684550162404776,0.892390962690115,20.710232900455594
120,86.09485383,323,7,0,299,782,2,16.346505843102932,0.4836760926991701,0.6470209918916225,0.8588770870119333,18.336080014705658
121,86.192327048,322,6,1,300,783,1,16.22187183238566,0.5824998952448368,0.6661161314696074,0.6286692805588245,18.099157139658928
122,86.289801183,317,6,3,303,787,4,16.717118909582496,0.5853548645973206,0.6709659937769175,0.667160376906395,18.64060014486313
123,86.387275734,343,8,1,304,794,7,17.359080957248807,0.5723410286009312,0.6758749950677156,0.6534138228744268,19.26071080379188
124,86.484747994,376,10,1,305,798,4,17.514952924102545,1.2387088499963284,0.7346551865339279,0.7353660184890032,20.223682979121804
125,86.58222292,377,7,3,308,805,7,17.99642387777567,0.6400682032108307,0.7323210593312979,0.6912439130246639,20.06005705334246
126,86.679737972,361,6,1,309,811,6,17.830132972449064,0.6123860366642475,0.6959130987524986,0.7025138475000858,19.840945955365896
127,86.777169315,349,6,0,309,812,1,16.983408015221357,0.5144330207258463,0.7041881326586008,0.6864636670798063,18.88849283568561
128,86.874684616,355,9,0,309,818,6,17.750494182109833,1.0800620075315237,0.7481309585273266,0.7100969087332487,20.28878405690193
129,86.972117626,373,7,1,310,822,4,17.533106030896306,0.5776609759777784,1.0125250555574894,0.6842329166829586,19.807524979114532
130,87.069590386,353,12,4,314,832,10,16.833988018333912,0.5821299273520708,0.6687820423394442,0.6519299931824207,18.736829981207848
131,87.167065229,356,6,2,316,833,1,18.09465792030096,0.5602780729532242,0.6472219247370958,0.8939630351960659,20.196120953187346
132,87.26453928,353,10,3,319,838,5,17.171590123325586,0.7214108482003212,0.7041681092232466,0.6591840647161007,19.256353145465255
133,87.36201254,335,8,2,321,839,1,16.71602693386376,0.5756169557571411,0.6691028829663992,0.6873973179608583,18.648144090548158
134,87.459486883,326,7,2,323,839,0,16.221312107518315,0.5958948750048876,0.671155983582139,0.6873360835015774,18.17569904960692
135,87.556998852,333,11,2,325,851,12,16.546920873224735,0.5670308601111174,0.6594739388674498,0.646351370960474,18.419777043163776
136,87.654434486,362,5,1,326,852,1,17.34254090115428,0.6535039283335209,0.7196669466793537,0.6664562970399857,19.38216807320714
137,87.751908788,367,10,0,326,862,10,16.898888861760497,0.49165100790560246,0.7074440363794565,0.6473322864621878,18.745316192507744
138,87.849381839,353,10,1,327,869,7,16.14810503087938,0.824793940410018,0.6676299963146448,0.6388949695974588,18.2794239372015
139,87.946858307,321,8,2,329,871,2,15.488430159166455,0.5592771340161562,0.640729907900095,0.6227048579603434,17.31114205904305
140,88.044362484,316,7,2,331,874,3,15.69859404116869,0.5701170302927494,0.6564478389918804,0.6500668823719025,17.575225792825222
141,88.141803577,302,6,0,331,874,0,15.666894149035215,0.4919408820569515,0.6263519171625376,0.6384949665516615,17.423681914806366
142,88.239277045,302,10,2,333,879,5,15.711436979472637,0.6550061516463757,0.6842210423201323,0.6794119253754616,17.730076098814607
143,88.336752638,297,9,3,336,882,3,15.9626470413059,0.6506978534162045,0.6939289160072803,0.6850231438875198,17.992296954616904
144,88.434223898,281,9,1,337,883,1,14.673684956505895,0.5739240441471338,1.176662975922227,0.9618902113288641,17.38616218790412
145,88.531697158,292,5,0,337,883,0,16.5155918803066,0.5350417923182249,0.7085071410983801,0.661197118461132,18.42033793218434
146,88.629170501,303,8,3,340,885,2,16.673999140039086,0.6163439247757196,0.65635796636343,0.6758049130439758,18.622505944222212
148,88.824123896,325,9,3,343,896,11,16.114711994305253,0.5570719949901104,1.4150079805403948,0.6513299886137247,18.738121958449483
149,88.921592197,306,6,2,345,896,0,16.03608508594334,0.5702569615095854,0.46816584654152393,0.63152308575809,17.70603097975254
150,89.019067373,319,10,3,348,902,6,15.651655849069357,0.5601190496236086,0.6594541482627392,0.6328530143946409,17.504082061350346
151,89.116540175,318,8,1,349,906,4,16.552251065149903,0.8170499932020903,0.6661068182438612,0.6441550794988871,18.679562956094742
152,89.214014685,313,8,2,351,910,4,15.934675000607967,0.8825918193906546,1.174258068203926,0.6343571003526449,18.625881988555193
153,89.311487069,305,8,1,352,910,0,16.272197011858225,0.5792640149593353,0.6382239516824484,0.6446670740842819,18.13435205258429
154,89.408960913,295,8,1,353,914,4,16.050742007791996,0.566400121897459,0.6756649818271399,0.641730846837163,17.934537958353758
155,89.506435214,319,7,2,355,917,3,16.884562792256474,0.5776309408247471,1.309230923652649,0.6838904228061438,19.455315079540014
156,89.603908432,310,9,2,357,920,3,16.6663050185889,0.5624829791486263,1.2853960506618023,0.6760540418326855,19.190238090232015
157,89.701384484,350,8,1,358,929,9,17.14586210437119,0.6334548816084862,0.6990381516516209,0.697336858138442,19.17569199576974
158,89.798855285,340,7,0,358,930,1,17.856061924248934,0.6125171203166246,0.6767068989574909,1.5453409869223833,20.690626930445433
159,89.896331003,365,10,3,361,935,5,17.081331927329302,1.0965929832309484,0.7867119275033474,0.6417999975383282,19.606436835601926
160,89.993804096,351,12,3,364,943,8,17.21580303274095,0.6992891430854797,0.6783499848097563,0.697724986821413,19.2911671474576
161,90.091277439,339,7,0,364,945,2,16.42086496576667,0.4894360899925232,0.6997401360422373,0.6751327309757471,18.285173922777176
162,90.188752949,331,8,2,366,952,7,16.3142760284245,0.583781860768795,0.6482431199401617,0.6424628663808107,18.18876387551427
163,90.286225959,330,12,2,368,963,11,16.66140486486256,0.6230662111192942,0.7141469977796078,0.7187060546129942,18.717324128374457
164,90.383698177,354,8,1,369,965,2,17.183301970362663,0.9032210800796747,1.719317864626646,0.9115361608564854,20.71737707592547
165,90.481171562,350,9,0,369,968,3,17.626181012019515,1.0194680653512478,0.7103800307959318,0.6682199891656637,20.02424909733236
166,90.578646197,361,10,2,371,976,8,17.641169019043446,0.7311080116778612,0.7422389462590218,0.7511971052736044,19.865713082253933
167,90.676158082,361,7,1,372,977,1,17.302594846114516,0.5962559953331947,0.6860839203000069,0.6558981258422136,19.24083288758993
168,90.773592258,360,8,1,373,980,3,16.92834496498108,0.5618508439511061,0.9777799714356661,0.6578222382813692,19.12579801864922
169,90.871067643,358,11,3,376,987,7,17.770881997421384,0.6082190666347742,0.685954000800848,0.7087960839271545,19.77385114878416
170,90.968541653,365,6,1,377,989,2,18.087504897266626,0.6352788768708706,0.8011998143047094,0.7874034345149994,20.311387022957206
171,91.066013537,361,10,2,379,995,6,17.161782132461667,0.5543881561607122,0.6371329072862864,0.628023874014616,18.98132706992328
172,91.163488089,348,9,1,380,995,0,18.202339997515082,1.5998040325939655,0.7283929735422134,0.8336410392075777,21.36417804285884
173,91.260970807,334,6,1,381,997,2,20.164120942354202,1.8697499763220549,0.9560189209878445,0.9905640035867691,23.98045384325087
174,91.358436275,344,9,2,383,1004,7,17.808572156354785,0.6487439386546612,0.7363681215792894,0.7670058403164148,19.96069005690515
175,91.45591141,364,7,1,384,1008,4,19.22168699093163,0.588760944083333,0.6617591716349125,0.6420619320124388,21.114269038662314
176,91.553383753,378,9,2,386,1011,3,17.72974501363933,0.5950240883976221,0.7776150014251471,0.7772347889840603,19.87961889244616
177,91.650856013,364,8,4,390,1018,7,18.569546984508634,0.5494179204106331,0.6509781815111637,0.6653058808296919,20.435248967260122
178,91.748330606,357,8,0,390,1019,1,18.008085899055004,0.47670211642980576,0.6615680176764727,0.6524811033159494,19.798837136477232
179,91.845804782,341,7,4,394,1025,6,18.353874096646905,0.8933020289987326,0.9620110504329205,0.9455888066440821,21.15477598272264
180,91.943277751,334,7,1,395,1027,2,17.241531051695347,0.8031630422919989,0.8528961334377527,0.874426681548357,19.772016908973455
181,92.040752635,365,7,2,397,1034,7,17.575977137312293,0.5665798671543598,0.6430628709495068,0.6605179514735937,19.446137826889753
182,92.138266312,356,8,0,397,1038,4,17.340946942567825,0.5388390272855759,0.6988879758864641,0.6606371607631445,19.23931110650301
183,92.235699988,348,8,1,398,1041,3,16.691020922735333,0.5350620485842228,0.6452579982578754,0.636350130662322,18.507691100239754
184,92.33317504,347,10,3,401,1046,5,17.313997028395534,0.5716499872505665,0.6606860551983118,0.638995785266161,19.185328856110573
185,92.430647133,355,9,2,403,1052,6,17.94613990932703,0.6512689869850874,0.6981471087783575,0.6740710232406855,19.96962702833116
186,92.528120143,351,6,0,403,1052,0,17.198791028931737,0.49145007506012917,0.6472619716078043,0.6956909783184528,19.033194053918123
187,92.625600527,342,7,1,404,1056,4,17.236732877790928,1.244590152055025,0.9822491556406021,0.8590058423578739,20.32257802784443
188,92.723068746,363,7,2,406,1061,5,17.078726086765528,0.5724919028580189,0.7901489734649658,0.9309831075370312,19.372350070625544
189,92.820541339,374,8,2,408,1064,3,17.23098219372332,0.5885718856006861,0.6671980954706669,0.6589528638869524,19.145705038681626
190,92.91806639,381,11,2,410,1073,9,17.99340918660164,0.614620978012681,0.7151889149099588,0.6831078790128231,20.0063269585371
191,93.015490567,380,8,0,410,1079,6,18.33849400281906,0.5002161487936974,0.9431850630789995,0.6776999216526747,20.459595136344433
192,93.112963951,383,5,0,410,1079,0,17.51337992027402,0.5348110571503639,0.6592839490622282,0.6927670910954475,19.40024201758206
193,93.210435961,396,9,2,412,1086,7,17.709508072584867,0.5768700502812862,0.6892390083521605,0.6386057939380407,19.614222925156355
194,93.307911846,355,5,4,416,1089,3,17.08176196552813,0.8169289212673903,0.767506891861558,0.7202071137726307,19.38640489242971
195,93.405384814,388,7,0,416,1092,3,18.816879950463772,0.5035428330302238,0.6822068244218826,0.6312702316790819,20.63389983959496
196,93.502915366,362,6,1,417,1093,1,17.82075478695333,0.6417110562324524,1.459471881389618,0.6648050621151924,20.586742786690593
197,93.600333125,341,5,1,418,1095,2,18.454391043633223,0.5723608192056417,0.6579020991921425,0.6348681636154652,20.319522125646472
198,93.697804969,354,7,1,419,1097,2,17.964393831789494,0.6365720182657242,0.6612578872591257,0.6302192341536283,19.892442971467972
199,93.795297853,337,10,1,420,1100,3,16.71572681516409,0.6162940990179777,0.6537640001624823,0.7220101542770863,18.707795068621635
200,93.89275328,310,11,1,421,1102,2,15.326036140322685,0.5652180407196283,0.6359699182212353,0.6329438183456659,17.160167917609215
201,93.990236123,321,12,2,423,1110,8,16.27491181716323,0.6133280694484711,1.2009181082248688,0.8119191043078899,18.90107709914446
202,94.087700716,329,8,2,425,1115,5,15.531671000644565,0.5733829457312822,0.6773180793970823,0.6479828152805567,17.430354841053486
203,94.185175726,353,12,2,427,1133,18,16.260144067928195,0.5777820479124784,0.6716379430145025,0.6541628390550613,18.163726897910237
206,94.477635089,351,8,3,430,1138,5,18.293450120836496,0.5730518605560064,0.68483198992908,0.6731001194566488,20.22443409077823
207,94.57507014,360,9,2,432,1144,6,18.164428882300854,0.5903150886297226,0.6906420458108187,0.6479129660874605,20.093298982828856
208,94.672543483,358,10,0,432,1147,3,17.871039919555187,0.5428160075098276,1.5050170477479696,0.9144810028374195,20.833353977650404
209,94.770016785,362,10,2,434,1151,4,17.393135000020266,0.6000229623168707,0.6853831000626087,0.6405489984899759,19.31909006088972
210,94.867490336,348,4,2,436,1154,3,17.18521607108414,0.6116949953138828,0.6608269177377224,0.6278750952333212,19.085613079369068
211,94.964963596,346,6,1,437,1158,4,16.962639056146145,0.5845639389008284,0.7685590535402298,0.8163179736584425,19.132080022245646
212,95.062439189,339,5,0,437,1158,0,16.693094046786427,0.7194469217211008,0.7162808906286955,0.7205391302704811,18.849360989406705
213,95.159914532,353,9,2,439,1165,7,17.646018182858825,1.3728889171034098,0.6513290572911501,0.7632297929376364,20.43346595019102
214,95.257387375,339,4,2,441,1167,2,17.035314813256264,0.5910659674555063,0.9232379961758852,0.6565600633621216,19.206178840249777
215,95.354860468,341,10,2,443,1179,12,15.826021088287234,0.5780919454991817,0.6766370497643948,0.641991849988699,17.72274193353951
216,95.452333603,333,11,3,446,1188,9,15.805864008143544,0.6032790988683701,0.7143879774957895,0.648462912067771,17.771993996575475
217,95.549808488,336,9,1,447,1193,5,17.140120966359973,0.5821799859404564,0.6785509176552296,0.6361701525747776,19.037022022530437
218,95.647279706,322,9,0,447,1195,2,16.44779508933425,0.5026210565119982,0.6937091238796711,0.7472885772585869,18.391413846984506
219,95.744753466,320,8,3,450,1201,6,16.225749859586358,0.7537608034908772,0.8886030409485102,0.8286412339657545,18.6967549379915
220,95.842227601,317,7,0,450,1202,1,16.248531872406602,1.1445018462836742,0.6892899982631207,1.018427312374115,19.100751029327512
221,95.93970211,321,8,1,451,1203,1,16.043057898059487,0.5590668879449368,1.2504509650170803,0.6370823830366135,18.489658134058118
222,96.03717712,298,6,1,452,1205,2,16.701199812814593,0.9013668168336153,0.7265699096024036,0.8586265612393618,19.187763100489974
223,96.134648505,338,6,1,453,1208,3,16.870436957105994,1.5887829940766096,0.6653349846601486,0.696664210408926,19.82121914625168
224,96.232122056,330,5,2,455,1209,1,15.798700973391533,0.6079180166125298,0.7489020936191082,0.6572487764060497,17.81276986002922
225,96.329596941,301,10,2,457,1216,7,17.309348098933697,1.7184058669954538,1.689382130280137,0.8904568385332823,21.60759293474257
226,96.427070201,321,7,1,458,1219,3,17.663551028817892,1.5210770070552826,0.988309970125556,0.7096680346876383,20.88260604068637
227,96.524543669,300,9,4,462,1234,15,16.23013778589666,1.7397559713572264,0.6788009777665138,0.7119523361325264,19.360647071152925
228,96.622057429,310,6,0,462,1235,1,15.80584398470819,0.4972310271114111,0.6395971868187189,0.6771567277610302,17.61982892639935
229,96.719530397,314,7,1,463,1239,4,15.867209061980247,0.6426030304282904,1.0655249934643507,0.6430430803447962,18.218380166217685
230,96.816965157,308,9,0,463,1240,1,16.482630977407098,0.5448600277304649,1.1815810576081276,0.6891798693686724,18.898251932114363
231,96.914439042,319,6,1,464,1241,1,15.616540098562837,0.5764488596469164,0.6623899098485708,0.6411492358893156,17.49652810394764
232,97.011913302,322,8,2,466,1244,3,16.015126137062907,0.5962459836155176,0.6611770950257778,0.6587228272110224,17.931272042915225
233,97.109387103,302,5,1,467,1247,3,15.896354103460908,0.586777925491333,0.690703047439456,0.6523500196635723,17.82618509605527
234,97.206861238,319,5,0,467,1247,0,16.499573132023215,0.48907496966421604,0.6918138824403286,0.6398591212928295,18.32032110542059
235,97.304335081,326,7,4,471,1253,6,16.42516301944852,1.126267947256565,1.746439142152667,0.6516599096357822,19.949530018493533
236,97.401845924,339,7,2,473,1257,4,17.01473700813949,1.552124973386526,0.68623386323452,0.7499342318624258,20.003030076622963
237,97.499283392,327,4,0,473,1259,2,16.147522954270244,0.4996359348297119,0.6494959816336632,0.6766051519662142,17.973260022699833
238,97.596756902,337,6,1,474,1262,3,16.40029693953693,0.5808868445456028,0.6442461162805557,0.6520312745124102,18.277461174875498
239,97.694228787,341,8,1,475,1266,4,16.981654101982713,0.5711789708584547,0.6586031522601843,0.6480738520622253,18.859510077163577
240,97.791744172,333,8,2,477,1274,8,16.543614910915494,0.5787729751318693,0.6744831334799528,0.645727850496769,18.442598870024085
241,97.889177265,349,7,1,478,1277,3,16.816115006804466,1.1732769198715687,1.2070289812982082,0.8429160807281733,20.039336988702416
242,97.986689024,337,7,1,479,1279,2,15.941448044031858,0.5697461310774088,0.6452170200645924,0.6371426861733198,17.79355388134718
243,98.084123868,331,7,1,480,1282,3,16.754840034991503,0.6245989352464676,0.7224320434033871,0.7327019702643156,18.834572983905673
244,98.181639919,325,6,2,482,1287,5,15.37311403080821,0.8996040560305119,0.6639419589191675,0.6262119859457016,17.56287203170359
245,98.279072179,339,8,3,485,1292,5,16.529557993635535,0.9050739463418722,0.7208590395748615,0.8220789022743702,18.97756988182664
246,98.376544272,344,7,1,486,1294,2,17.2206019051373,1.0118240024894476,0.6596141029149294,0.8824421092867851,19.774482119828463
247,98.474019907,353,6,1,487,1302,8,17.09347404539585,0.5785829853266478,0.7165709976106882,0.6834089290350676,19.072036957368255
248,98.571497458,352,7,1,488,1309,7,16.68250490911305,0.5858868826180696,0.8012999314814806,0.727491220459342,18.79718294367194
249,98.668967135,347,7,0,488,1310,1,16.995100071653724,1.4692998956888914,0.6801129784435034,0.6868559867143631,19.83136893250048
250,98.766442644,337,7,1,489,1314,4,15.942388912662864,0.5777820479124784,0.6627300754189491,0.6502971518784761,17.833198187872767
252,98.961387206,342,5,1,490,1315,1,16.905281925573945,1.2408529873937368,0.6834592204540968,0.6522908806800842,19.481885014101863
253,99.058861507,347,4,3,493,1315,0,18.046637997031212,0.670403940603137,0.6773681379854679,1.4309089165180922,20.82531899213791
254,99.1563361,350,5,1,494,1318,3,16.384907998144627,0.5780619103461504,0.6917251739650965,0.6791909690946341,18.333886051550508
255,99.253808318,340,5,1,495,1320,2,16.44934806972742,0.6192589644342661,0.6833490915596485,0.6318928208202124,18.383848946541548
256,99.35128362,314,8,0,495,1321,1,15.778212109580636,0.4971099551767111,0.6831989157944918,0.6680910009890795,17.62661198154092
257,99.44875738,290,4,2,497,1323,2,16.033338848501444,0.9389170445501804,0.6664879620075226,0.6746330764144659,18.313376931473613
258,99.546233098,309,5,2,499,1325,2,15.263018198311329,0.7456759922206402,0.7000300101935863,0.7231028284877539,17.43182702921331
259,99.643705524,308,8,2,501,1332,7,15.753406099975109,0.5642659962177277,0.6602958310395479,0.6476722192019224,17.625640146434307
260,99.741178701,318,6,1,502,1333,1,16.33937214501202,1.5550199896097183,0.6864850874990225,0.718314666301012,19.299191888421774
261,99.838651294,318,6,0,502,1334,1,16.6424501221627,0.4756499547511339,0.6706549320369959,0.6241891533136368,18.412944162264466
262,99.936125012,356,4,0,502,1335,1,17.242342000827193,0.48197200521826744,0.642803031951189,0.6481038872152567,19.015220925211906
263,100.033598813,344,5,0,502,1335,0,16.829479951411486,0.5025099962949753,0.6559279281646013,0.7356172427535057,18.723535118624568
264,100.13107349,340,6,2,504,1340,5,16.849287087097764,0.5937512032687664,0.6670791190117598,0.6601647473871708,18.77028215676546
265,100.228547333,350,7,2,506,1347,7,17.325198045000434,0.5526440218091011,0.6705049891024828,0.6139189936220646,19.162266049534082
266,100.32602076,337,7,3,509,1353,6,16.36561192572117,0.6492650136351585,0.7187849842011929,0.6596851162612438,18.393347039818764
267,100.423496269,327,6,1,510,1359,6,15.905820997431874,1.1591000948101282,0.7633790373802185,0.6136579904705286,18.44195812009275
268,100.52096748700001,321,9,2,512,1365,6,16.322811832651496,0.5711500998586416,0.6502470932900906,0.6495839916169643,18.193793017417192
269,100.618448664,305,7,0,512,1368,3,16.0006289370358,0.6359999533742666,0.6842708680778742,0.6641421932727098,17.98504195176065
270,100.71595159,309,4,2,514,1370,2,16.60378696396947,0.5753161385655403,0.6557670421898365,0.6488258950412273,18.483696039766073
271,100.813388183,302,6,3,517,1372,2,16.981122782453895,0.5739040207117796,0.6743730045855045,0.7605941500514746,18.989993957802653
272,100.910866568,310,7,1,518,1376,4,16.35074312798679,0.574375968426466,0.6506079807877541,0.6282657850533724,18.20399286225438
273,101.008336703,307,12,2,520,1387,11,16.20859792456031,0.6210131105035543,0.6783099379390478,0.6754531059414148,18.183374078944325
274,101.105829796,296,13,3,523,1394,7,18.229130189865828,0.5860570818185806,0.6780489347875118,0.8512227796018124,20.344458986073732
275,101.203284973,310,14,1,524,1401,7,16.32150891236961,0.7030759006738663,0.7342640310525894,0.6345880683511496,18.393436912447214
276,101.300758774,284,11,5,529,1410,9,16.356825130060315,0.5666501820087433,0.6514990236610174,0.6377946119755507,18.212768947705626
277,101.398231367,286,14,3,532,1418,8,15.795405022799969,0.7374298293143511,1.7114831134676933,0.8773428853601217,19.121660850942135
278,101.495705627,282,14,0,532,1419,1,15.42369881644845,1.7521500121802092,0.7484008092433214,0.8660904131829739,18.790340051054955
279,101.593178803,266,14,5,537,1425,6,15.99860517308116,0.5647670477628708,0.6751541513949633,0.6639717612415552,17.90249813348055
280,101.690658022,278,14,3,540,1431,6,15.610398026183248,0.6029091309756041,0.6819369737058878,0.6674679461866617,17.5627120770514
281,101.788128073,268,12,1,541,1436,5,16.54833392240107,0.7042679935693741,0.6879968568682671,0.7526192348450422,18.693218007683754
282,101.885600416,237,15,1,542,1442,6,15.286431880667806,0.8145938627421856,0.6709059234708548,0.6575114093720913,17.429443076252937
284,102.080550519,214,8,3,545,1446,4,14.17403994128108,0.5983298178762197,0.6569391116499901,0.6783301942050457,16.107639065012336
285,102.178021446,236,10,4,549,1456,10,15.134026063606143,0.6410200148820877,1.6542661469429731,0.7933157030493021,18.222627928480506
286,102.275495039,258,8,3,552,1458,2,16.215310897678137,0.5539970006793737,0.6580008193850517,0.643725274130702,18.071033991873264
287,102.373013674,275,15,7,559,1470,12,17.487711971625686,0.6179171614348888,0.7169919554144144,0.6655848119407892,19.488205900415778
288,102.470453975,281,13,4,563,1479,9,16.79286197759211,0.5791438743472099,0.6726288702338934,0.6593633443117142,18.703998066484928
289,102.56792811,301,21,5,568,1505,26,17.195784952491522,1.0776969138532877,0.7572281174361706,0.7389120291918516,19.76962201297283
290,102.66541312,329,24,3,571,1527,22,17.740676179528236,0.6423520389944315,0.724495854228735,0.6664970424026251,19.774021115154028
291,102.762885671,370,24,7,578,1545,18,18.694641068577766,0.6064749322831631,1.0568180587142706,0.6307910662144423,20.988725125789642
292,102.860359347,382,16,3,581,1551,6,20.16113605350256,0.5829411093145609,0.9234391618520021,0.7827836088836193,22.450299933552742
293,102.957874482,402,24,6,587,1562,11,19.757771166041493,0.5635551642626524,0.6870259530842304,0.6743017584085464,21.682654041796923
294,103.055357992,460,17,2,589,1570,8,21.329132141545415,0.5880710668861866,0.7809621747583151,0.7006607484072447,23.39882613159716
295,103.152801794,530,34,19,608,1620,50,23.68857804685831,0.5750458221882582,0.7737381383776665,0.6522620096802711,25.689624017104506
296,103.250263387,521,28,3,611,1634,14,24.11468606442213,0.6257318891584873,0.7672361098229885,0.6940779276192188,26.201731991022825
297,103.347780021,515,33,10,621,1656,22,24.406562093645334,0.6656660698354244,0.8217981085181236,0.6812347564846277,26.57526102848351
298,103.445211198,514,30,4,625,1675,19,24.118122179061174,1.4264299534261227,0.8300838526338339,0.724265119060874,27.098901104182005
299,103.542684583,528,34,6,631,1689,14,23.009377066046,0.591738149523735,0.7694310043007135,0.6727776490151882,25.043323868885636
300,103.640159801,516,27,5,636,1694,5,23.21357885375619,0.7067529950290918,0.9630331769585609,0.7158590015023947,25.599224027246237
301,103.737632602,520,42,10,596,1714,20,22.73543388582766,0.6281360983848572,0.8036340586841106,0.6918050348758698,24.859009077772498
302,103.835124904,525,38,9,605,1733,19,24.692638078704476,0.6320930551737547,0.7994358893483877,0.7023238576948643,26.826490880921483
303,103.93262433,513,37,5,610,1746,13,22.65944192185998,0.5708080716431141,0.7570171728730202,1.1258269660174847,25.1130941323936
304,104.030054507,531,36,5,615,1755,9,23.424745071679354,0.5586959887295961,0.7741290610283613,0.6384537555277348,25.396023876965046
305,104.12752785,532,34,3,618,1771,16,23.283239919692278,1.014829147607088,1.6665090806782246,0.6655657198280096,26.6301438678056
306,104.225002276,527,41,4,622,1787,16,23.058899212628603,0.5919979885220528,0.7741290610283613,0.6174368318170309,25.042463093996048
307,104.322475369,540,37,6,628,1803,16,23.56363390572369,0.5714399740099907,1.2285991106182337,0.6517709698528051,26.01544396020472
308,104.419948921,544,40,5,633,1810,7,25.81779402680695,0.5747359246015549,0.7775649428367615,0.6308010779321194,27.800895972177386
309,104.517422764,539,39,9,642,1828,18,24.037442170083523,0.5797159392386675,0.7882250938564539,0.6404467858374119,26.045829989016056
310,104.614896482,539,35,1,643,1835,7,24.707845877856016,0.6876378320157528,0.8589080534875393,0.6811441853642464,26.935535948723555
311,104.71236995,525,41,3,646,1850,15,25.45551606453955,0.7714140228927135,1.2105449568480253,0.7604537531733513,28.197928797453642
313,104.907318303,534,30,4,650,1865,15,24.319818941876292,0.6487939972430468,0.8025220595300198,0.7182050030678511,26.48934000171721
314,105.004792105,547,32,7,657,1877,12,24.048221996054053,0.92725595459342,1.4838268980383873,0.6854322273284197,27.14473707601428
315,105.102309781,542,34,5,662,1893,16,24.072666885331273,0.6050020456314087,0.7794189732521772,0.6481029558926821,26.10519086010754
316,105.199778874,540,29,6,668,1909,16,24.445705115795135,0.5597069393843412,0.8464448619633913,0.6439350545406342,26.495791971683502
317,105.297213551,534,32,4,672,1924,15,24.980536894872785,0.6502070464193821,0.8512139320373535,0.6506361532956362,27.132594026625156
318,105.394687352,535,34,6,678,1938,14,22.708283038809896,0.5805471446365118,1.424536108970642,0.6586627569049597,25.37202904932201
319,105.49216032,538,30,3,681,1949,11,24.087534984573722,0.5783520173281431,0.792322913184762,0.6622399669140577,26.120449882000685
320,105.589671788,552,38,4,685,1962,13,24.964326061308384,0.6723981350660324,0.8272780105471611,0.7549538277089596,27.218956034630537
321,105.68710959,526,30,3,688,1971,9,23.79842405207455,0.5970168858766556,1.213862095028162,0.6924557965248823,26.30175882950425
322,105.784582433,537,38,5,693,1995,24,24.999701883643866,1.1649909429252148,0.9224261157214642,0.9748348966240883,28.061953838914633
323,105.882055318,523,38,2,695,2009,14,23.973000003024936,0.6375531665980816,1.0501458309590816,0.7230229675769806,26.38372196815908
324,105.979580536,547,36,6,701,2021,12,23.53599201887846,0.5814789328724146,0.76135597191751,0.633245101198554,25.51207202486694
325,106.077003837,533,36,4,705,2038,17,24.48734315112233,0.6251910235732794,1.276470022276044,0.7314167451113462,27.120420942083
326,106.174476639,563,32,2,707,2049,11,24.318076204508543,0.583181157708168,0.7621359545737505,0.6444975733757019,26.307890890166163
327,106.27195019,549,34,2,709,2058,9,24.864268954843283,0.6579109467566013,0.836135121062398,0.6994998548179865,27.05781487748027
328,106.369425492,540,26,2,711,2062,4,25.122541934251785,0.6247099954634905,0.980054959654808,0.6908921059221029,27.418198995292187
329,106.466897793,534,36,6,717,2076,14,23.13481201417744,0.6671289447695017,0.8413640316575766,0.6709459703415632,25.314250960946083
330,106.56437147,538,36,5,722,2089,13,23.61395792104304,0.8471161127090454,1.09736411832273,0.8911278564482927,26.449566008523107
331,106.661845771,526,33,3,725,2102,13,25.995556032285094,2.067249035462737,0.8502821438014507,0.7702917791903019,29.683378990739584
332,106.759319739,523,30,4,729,2106,4,22.708363831043243,0.646259868517518,0.7750710938125849,0.6350581534206867,24.764752946794033
333,106.856792832,510,38,7,736,2119,13,22.748128045350313,0.6871060468256474,0.8709398098289967,0.77830720692873,25.084481108933687
334,106.954266675,518,33,4,740,2126,7,22.220751037821174,0.6092600524425507,0.7961699739098549,0.836194958537817,24.462376022711396
335,107.05174081,516,32,3,743,2143,17,22.04707614146173,0.5613099783658981,0.7536800112575293,0.6677808705717325,24.02984700165689
337,107.246688997,522,37,5,748,2155,12,22.311351029202342,0.5791638977825642,0.760895200073719,0.6369408220052719,24.288350949063897
338,107.344200548,512,34,11,759,2184,29,21.967767970636487,0.7419490721076727,0.9678311180323362,0.714185880497098,24.391734041273594
339,107.441636266,541,27,3,762,2195,11,23.252762854099274,2.0968751050531864,1.8861698918044567,1.051587052643299,28.287394903600216
340,107.539154568,531,36,3,765,2218,23,22.767634131014347,0.5893330089747906,0.7803509943187237,0.6602257490158081,24.79754388332367
341,107.636583952,539,33,5,770,2241,23,23.45060301013291,0.7381110917776823,0.8804281242191792,0.7129348814487457,25.782077107578516
342,107.734061504,527,36,4,774,2250,9,23.61178514547646,0.5748060066252947,0.7888758555054665,0.6403981242328882,25.61586513184011
343,107.831530097,547,34,4,778,2266,16,23.01176101900637,1.5505619812756777,0.9202619548887014,0.8018719963729382,26.28445695154369
344,107.929004398,548,33,4,782,2275,9,22.772524040192366,0.5552289076149464,1.197531120851636,0.710940919816494,25.236224988475442
345,108.026478242,517,37,2,784,2292,17,22.59216597303748,0.6024481263011694,0.8383388631045818,0.677658012136817,24.71061097458005
346,108.123952543,534,36,4,788,2297,5,21.787650883197784,1.4045489951968193,0.7966109551489353,0.9628613479435444,24.951672181487083
347,108.221425636,524,36,3,791,2304,7,22.734111873432994,0.5842330865561962,0.9151329286396503,0.6534932181239128,24.886971106752753
348,108.318899354,517,36,5,796,2320,16,22.71419414319098,1.5403330326080322,0.8231408428400755,0.6509080994874239,25.72857611812651
349,108.416373406,546,35,4,800,2336,16,24.208049988374114,0.784657895565033,1.0898499749600887,0.8207682985812426,26.90332615748048
350,108.513846624,544,42,4,804,2353,17,22.87367288954556,0.6108228117227554,0.8490090258419514,0.7227831520140171,25.056287879124284
351,108.611320217,549,37,5,809,2367,14,23.277278058230877,0.5683740600943565,0.7883959915488958,0.640067970380187,25.274116080254316
352,108.708793518,540,35,5,814,2377,10,23.44908006489277,0.8478069212287664,0.7586299907416105,0.6692721508443356,25.72478912770748
353,108.806268778,549,33,1,815,2385,8,24.037392111495137,0.6052621174603701,0.8902568370103836,0.6565279327332973,26.18943899869919
354,108.903779788,545,36,2,817,2391,6,25.362241081893444,2.167836995795369,0.9930389933288097,0.6637019105255604,29.186818981543183
355,109.001215131,541,34,2,819,2398,7,23.403033846989274,0.6725378334522247,0.7697909604758024,0.7392042316496372,25.58456687256694
356,109.098734891,539,40,1,820,2403,5,22.670413134619594,0.6177059840410948,0.7879349868744612,0.7384319324046373,24.814486037939787
358,109.293636494,543,37,10,830,2434,31,23.579744156450033,0.5585558246821165,0.7585401181131601,0.6442549638450146,25.541095063090324
359,109.391111629,557,29,6,836,2442,8,23.84551102295518,0.671236077323556,1.5770320314913988,0.7241559214890003,26.817935053259134
360,109.48858568,548,39,4,840,2467,25,23.70004984550178,0.5960550624877214,0.7715139072388411,0.6510892417281866,25.71870805695653
361,109.586058023,564,35,3,843,2477,10,24.9543278478086,0.5908659659326077,0.7607240695506334,0.6552762351930141,26.961194118484855
362,109.68353195,544,31,4,847,2484,7,25.622598128393292,0.6416609976440668,1.0155010968446732,0.7199777755886316,27.999737998470664
363,109.781006335,538,31,4,851,2499,15,23.673450108617544,1.4552338980138302,1.7900499515235424,0.8553510997444391,27.774085057899356
364,109.878479136,546,38,7,858,2524,25,23.685022024437785,1.827019965276122,3.291411092504859,0.8237399160861969,29.627192998304963
365,109.975953854,551,34,3,861,2531,7,24.27479508332908,0.6289670709520578,0.7598220836371183,0.6617887411266565,26.325372979044914
366,110.073427864,554,39,1,862,2538,7,24.58389406092465,0.8836039341986179,1.0595940984785557,0.7185738068073988,27.24566590040922
367,110.17089954,570,35,4,866,2548,10,23.386993911117315,1.3116050977259874,0.9372739586979151,0.750784995034337,26.386657962575555
368,110.268375133,566,25,3,869,2552,4,24.971148930490017,0.5696460139006376,0.6726388819515705,0.6985771469771862,26.91201097331941
369,110.365848102,555,28,3,872,2558,6,24.713176069781184,2.1938160061836243,0.8026319555938244,0.7120429072529078,28.42166693881154
370,110.463322111,553,32,3,875,2565,7,23.183532990515232,0.590805895626545,1.1573960073292255,0.7449451368302107,25.676680030301213
371,110.560806121,563,43,5,880,2576,11,23.373187985271215,0.5754169542342424,0.7795689161866903,0.644477317109704,25.372651172801852
372,110.658269964,563,43,5,885,2592,16,25.77101602219045,0.6299598608165979,0.7969220168888569,0.648602144792676,27.846500044688582
373,110.755743474,565,31,1,886,2598,6,27.233924018219113,0.9303810074925423,0.762095907703042,0.6669389549642801,29.593339888378978
374,110.853217026,578,33,1,887,2607,9,24.531756062060595,0.5866677965968847,0.7670759223401546,0.6725890561938286,26.558088837191463
376,111.048164503,568,30,8,895,2627,20,24.636992951855063,1.4053911436349154,0.7528590504080057,0.6574699655175209,27.452713111415505
377,111.145639597,570,31,6,901,2647,20,24.10656097345054,0.6181469652801752,0.8023621048778296,0.716781010851264,26.24385105445981
378,111.243113606,558,32,3,904,2657,10,23.418543161824346,0.9992008563131094,0.783747062087059,0.6671678274869919,25.868658907711506
379,111.340586575,556,28,2,906,2663,6,24.08770495094359,0.5816188640892506,0.7446841336786747,0.6619691848754883,26.075977133587003
380,111.438059418,561,30,4,910,2669,6,23.86362594552338,0.5899339448660612,0.7503349334001541,0.7144161500036716,25.918310973793268
381,111.535533052,534,30,6,916,2680,11,22.291132947430015,0.7082861848175526,0.9130588732659817,0.7487011607736349,24.661179166287184
382,111.633007479,544,36,3,919,2692,12,22.726256866008043,0.8801980875432491,1.9663511775434017,0.6705038249492645,26.24330995604396
383,111.730481155,551,32,3,922,2706,14,26.137602049857378,0.5780518986284733,0.7616749498993158,0.6681522354483604,28.145481133833528
384,111.827954749,556,33,2,924,2721,15,25.064824149012566,0.5930501502007246,0.7355569396167994,0.6454677786678076,27.038899017497897
385,111.925429425,544,37,6,930,2741,20,23.00138189457357,0.5764591041952372,0.7663238793611526,0.7003711070865393,25.0445359852165
386,112.022901518,549,33,6,936,2754,13,23.85956817306578,0.592969823628664,0.7743190508335829,0.6610078271478415,25.88786487467587
387,112.120375403,543,29,3,939,2760,6,23.820244008675218,0.6541539914906025,0.8030130993574858,0.720498850569129,25.997909950092435
388,112.217890746,538,28,2,941,2771,11,24.3107620626688,0.6595351733267307,0.8170690853148699,0.7356477435678244,26.523014064878225
389,112.315326131,542,25,5,946,2788,17,23.841663962230086,0.5930599290877581,0.685863895341754,0.678089214488864,25.798677001148462
390,112.412797599,554,29,2,948,2795,7,25.52168909460306,0.576940132305026,0.9294189512729645,0.6975368596613407,27.725585037842393
392,112.607743869,551,29,7,955,2803,8,24.501390056684613,0.6801129784435034,0.8654599077999592,0.7208690512925386,26.767831994220614
393,112.705238337,539,29,4,959,2819,16,24.319077841937542,0.8763910736888647,0.9219758212566376,0.6788303144276142,26.79627505131066
394,112.802692513,551,27,5,964,2825,6,23.471491876989603,0.8118099067360163,0.7477100007236004,0.6298481021076441,25.660859886556864
395,112.900166065,551,25,1,965,2831,6,23.546633077785373,0.6012259982526302,0.702936202287674,0.6614658050239086,25.512261083349586
396,112.997639866,556,32,5,970,2850,19,23.967029992491007,0.5879700183868408,0.8120699785649776,0.6974050775170326,26.064475066959858
397,113.095153376,543,36,5,975,2864,14,23.59109604731202,0.647061038762331,0.7823540363460779,0.6571197882294655,25.677630910649896
398,113.192587552,548,35,5,980,2881,17,23.90721719712019,0.584844034165144,0.7947869598865509,0.7676889654248953,26.05453715659678
399,113.290062854,553,22,1,981,2887,6,24.359044153243303,0.6303801201283932,2.3005560506135225,0.6847907789051533,27.974771102890372
400,113.387580197,538,25,6,987,2899,12,23.638795129954815,0.7023338694125414,0.8094049990177155,1.2790649197995663,26.429598918184638
401,113.485009873,543,26,3,990,2909,10,23.825054056942463,0.5930999759584665,0.7550329901278019,1.49411684833467,26.6673038713634
402,113.582485425,545,30,6,996,2923,14,26.180752087384462,0.572331016883254,0.7893180008977652,0.6324138958007097,28.17481500096619
403,113.679956893,554,25,3,999,2931,8,25.73628001846373,0.9273861069232225,0.7222318090498447,0.8044871501624584,28.190385084599257
404,113.777431028,539,26,1,1000,2936,5,23.955317912623286,0.590544892475009,0.7669162005186081,0.6570289842784405,25.969807989895344
406,113.972418464,542,27,8,1008,2950,14,24.07936006784439,1.498545054346323,0.7814029231667519,0.8823501411825418,27.241658186540008
407,114.069851432,521,31,4,1012,2964,14,24.29914101958275,0.592829892411828,0.780551228672266,0.663180835545063,26.335702976211905
408,114.16732373400001,529,25,5,1017,2980,16,22.789204958826303,0.5932608619332314,0.6957328878343105,0.6819353438913822,24.760134052485228
409,114.264799035,526,27,2,1019,2994,14,22.88262010551989,0.7022139616310596,1.290836837142706,0.7001191843301058,25.575790088623762
410,114.36227267,513,29,4,1023,3005,11,22.454669000580907,0.6667678244411945,1.9675930961966515,0.8994331583380699,25.988463079556823
411,114.459745055,507,27,2,1025,3012,7,22.52124296501279,0.6172149442136288,1.171753043308854,0.6897409912198782,24.99995194375515
412,114.557220648,514,31,4,1029,3021,9,22.962118964642286,0.6723680999130011,0.8353539742529392,0.7008709944784641,25.17071203328669
413,114.654693324,518,33,6,1035,3041,20,23.977418895810843,0.6034390535205603,0.7740289438515902,0.7061120122671127,26.060998905450106
414,114.752168167,515,34,4,1039,3051,10,22.463956149294972,0.6060539744794369,1.4316500164568424,0.6669177673757076,25.16857790760696
415,114.849640969,519,25,2,1041,3056,5,21.695657866075635,0.5713889840990305,0.6848219782114029,0.6491350941359997,23.601003922522068
416,114.947115562,521,24,4,1045,3064,8,22.59682514704764,1.3244689907878637,0.6880678702145815,0.7072128355503082,25.316574843600392
417,115.044588238,516,30,5,1050,3074,10,23.319817846640944,0.8661411702632904,1.9088431727141142,1.1592989321798086,27.254101121798158
418,115.142063831,523,29,1,1051,3079,5,22.88051601499319,0.5818789359182119,0.7395639549940825,0.6528419908136129,24.854800896719098
419,115.23953705,520,30,3,1054,3095,16,23.32101995125413,0.5943030118942261,0.7844890933483839,0.8350808639079332,25.534892920404673
422,115.531957787,505,28,11,1065,3120,25,24.60427302867174,0.5780118517577648,0.8201049640774727,0.6513891275972128,26.653778972104192
423,115.629432755,504,32,5,1070,3138,18,24.047940969467163,1.6547569539397955,0.8457431104034185,0.7486108224838972,27.297051856294274
424,115.726905515,504,33,4,1074,3152,14,24.274374125525355,0.6018958520144224,0.9571018163114786,0.8270991966128349,26.66047099046409
425,115.824378775,506,28,3,1077,3160,8,22.458845982328057,1.2041539885103703,1.091682817786932,0.9030213113874197,25.65770410001278
426,115.92185291,515,37,4,1081,3177,17,22.593738976866007,0.6545949727296829,0.7759220898151398,0.6451478693634272,24.669403908774257
427,116.019366378,500,35,8,1089,3199,22,22.616781992837787,1.4805011451244354,0.7980330847203732,0.6707957945764065,25.566112017259
428,116.116801138,518,34,6,1095,3210,11,24.08683393150568,0.605743145570159,1.1144960299134254,0.7006218656897545,26.50769497267902
429,116.214273856,514,35,4,1099,3216,6,23.55514792725444,0.6260119844228029,0.7981529925018549,0.6585342343896627,25.63784713856876
430,116.311748241,532,35,3,1102,3226,10,24.708817014470696,1.213381066918373,0.7605331484228373,0.9027207270264626,27.58545195683837
431,116.4092225,512,27,2,1104,3232,6,23.324567126110196,0.5844840779900551,0.7539419457316399,0.6680288352072239,25.331021985039115
432,116.506695094,501,29,3,1107,3247,15,22.02178817242384,0.6036299746483564,0.7748098578304052,0.6779897958040237,24.078217800706625
433,116.604169645,515,24,2,1109,3253,6,22.246058797463775,0.5601588636636734,0.6783891003578901,0.6463802419602871,24.130987003445625
434,116.701643988,530,35,7,1116,3275,22,24.323957040905952,0.6400980055332184,0.7698112167418003,0.7395148277282715,26.473381090909243
436,116.896589424,548,32,7,1123,3289,14,22.613946814090014,0.559257110580802,0.7358479779213667,0.607677036896348,24.51672893948853
437,116.994107601,539,36,8,1131,3314,25,23.637381847947836,0.6258911453187466,0.9905239567160606,0.6709669250994921,25.924763875082135
438,117.091578819,536,29,4,1135,3320,6,25.153120048344135,0.6209318526089191,0.7429001852869987,0.651549780741334,27.168501866981387
439,117.189011245,521,31,7,1142,3336,16,24.143790127709508,0.5883711855858564,0.751154962927103,0.6417925469577312,26.1251088231802
440,117.286484839,541,30,3,1145,3352,16,23.60777696594596,0.9610089473426342,3.8933970499783754,0.67320023663342,29.13538319990039
441,117.383958682,557,35,6,1151,3370,18,23.621814092621207,0.5799150094389915,3.033969085663557,0.6765557918697596,27.912253979593515
442,117.481432358,560,33,4,1155,3390,20,23.366885958239436,0.5702979397028685,0.7666449528187513,0.6700633093714714,25.373892160132527
443,117.578906326,540,33,6,1161,3411,21,23.354432079941034,0.6058639846742153,1.3293579686433077,0.7070039864629507,25.996658019721508
444,117.676383378,553,35,1,1162,3421,10,24.373751133680344,0.6700640078634024,0.8511131163686514,0.8449906017631292,26.739918859675527
445,117.773853471,540,32,2,1164,3426,5,22.96684798784554,0.5687850061804056,0.7550329901278019,0.6356791127473116,24.92634509690106
446,117.871364397,550,27,1,1165,3436,10,23.442025994881988,1.0817141737788916,0.9811860509216785,0.6848436314612627,26.18976985104382
447,117.968802074,550,22,3,1168,3439,3,22.7187629789114,0.734575092792511,0.678329961374402,0.643573934212327,24.77524196729064
449,118.163749093,547,28,2,1170,3446,7,23.38147396221757,0.5748160183429718,0.7553740870207548,0.6436738185584545,25.35533788613975
450,118.261264728,543,31,7,1177,3463,17,23.257642053067684,0.5752770230174065,0.7301869336515665,0.626500928774476,25.189606938511133
451,118.358696363,553,29,3,1180,3470,7,23.58581591397524,0.5617619026452303,0.7506748661398888,0.6506983190774918,25.54895100183785
452,118.456213289,554,30,1,1181,3476,6,23.020587861537933,0.5634441040456295,0.7596919313073158,0.6617291364818811,25.00545303337276
453,118.553644633,553,29,5,1186,3485,9,23.3373309019953,0.6004038732498884,0.7611850742250681,0.7029850967228413,25.4019049461931
454,118.651117934,552,31,4,1190,3501,16,23.21317815221846,0.5677430890500546,0.7514669559895992,0.658571720123291,25.190959917381406
455,118.748591819,550,31,2,1192,3511,10,23.616133024916053,0.5698369350284338,0.8623239118605852,0.647521112114191,25.695814983919263
456,118.846065079,542,33,2,1194,3526,15,22.694787941873074,0.559807987883687,0.7768140640109777,0.6508580408990383,24.682268034666777
458,119.041014098,557,35,3,1197,3541,15,24.257462937384844,0.5825799889862537,0.7956388872116804,0.6366933230310678,26.272375136613846
459,119.138486983,549,32,7,1204,3565,24,22.51275791786611,0.5924389697611332,0.8064990397542715,0.6783001590520144,24.58999608643353
460,119.23596061800001,540,30,5,1209,3578,13,23.329676128923893,0.8800269570201635,0.7610640022903681,0.6430449429899454,25.61381203122437
461,119.333435336,525,30,5,1214,3588,10,22.582588018849492,0.8353739976882935,2.7498770505189896,0.8203450124710798,26.988184079527855
462,119.430908012,520,25,7,1221,3604,16,24.36728891916573,0.609610928222537,0.7598930969834328,0.6721368990838528,26.408929843455553
463,119.528382439,530,23,2,1223,3604,0,22.905071964487433,0.8199149742722511,0.7033071015030146,0.7104689721018076,25.138763012364507
464,119.625875574,537,27,3,1226,3608,4,22.586205042898655,0.569446012377739,0.7605841383337975,0.6412498187273741,24.557485012337565
465,119.723329042,534,30,3,1229,3626,18,22.438799031078815,0.7317590061575174,0.7560150697827339,0.6723199039697647,24.59889301098883
466,119.820802302,521,30,2,1231,3634,8,22.2887780983001,0.6724779959768057,0.9543159976601601,1.5387109015136957,25.45428299345076
467,119.918284395,523,24,3,1234,3639,5,22.711168974637985,0.5802959203720093,0.7093281019479036,0.6882480811327696,24.689041078090668
468,120.015751655,506,27,3,1237,3649,10,21.714213071390986,0.5923290736973286,0.7702619768679142,0.6968339439481497,23.77363806590438
470,120.210697466,514,21,4,1241,3652,3,22.752215852960944,0.5819590296596289,0.7209989707916975,0.6807451136410236,24.735918967053294
471,120.308219809,513,28,4,1245,3666,14,21.92436601035297,0.6057040300220251,0.782625051215291,0.6499357987195253,23.96263089030981
472,120.405646194,513,28,2,1247,3671,5,22.16016803868115,0.6792210042476654,1.2035330291837454,0.9286568965762854,24.971578968688846
473,120.50311937,520,25,3,1250,3681,10,23.3060319442302,0.57399389334023,0.6893100216984749,0.6515712011605501,25.220907060429454
474,120.600592755,511,20,2,1252,3691,10,21.72240801155567,0.6066851783543825,0.6924159824848175,0.6755848880857229,23.697094060480595
475,120.698066556,509,28,4,1256,3705,14,22.787872003391385,0.6392961367964745,2.081636106595397,0.7161619141697884,26.224966160953045
476,120.795541066,513,21,2,1258,3712,7,22.484824992716312,0.5736530292779207,0.6778889801353216,0.6621500942856073,24.398517096415162
477,120.893052993,507,18,0,1258,3714,2,21.780686918646097,0.5276480223983526,0.7254679221659899,0.6853321101516485,23.719134973362088
478,120.990487794,511,23,2,1260,3726,12,22.931050043553114,0.7400850299745798,0.7371299434453249,0.8128418121486902,25.22110682912171
479,121.087961637,524,20,4,1264,3734,8,23.719175020232797,1.1973408982157707,1.6769678331911564,1.25041208229959,27.843895833939314
480,121.185436314,525,30,2,1266,3749,15,22.936450084671378,1.020519994199276,0.778137007728219,0.7063918747007847,25.441498961299658
482,121.380384,535,21,5,1271,3759,10,26.530748000368476,0.9857150726020336,0.9044930338859558,0.8069300092756748,29.22788611613214
483,121.477857551,538,29,5,1276,3767,8,22.62784307822585,0.5695661529898643,0.753520056605339,0.6197995971888304,24.570728885009885
484,121.575340061,529,26,2,1278,3779,12,22.25963305681944,0.658312113955617,0.7422601338475943,0.6661566440016031,24.326361948624253
485,121.672803988,534,21,3,1281,3783,4,24.34166008606553,1.2986708898097277,0.7853999268263578,0.9131201077252626,27.33885101042688
486,121.770326664,527,28,3,1284,3794,11,24.169919081032276,0.7816629949957132,0.7807710207998753,2.4303700774908066,28.16272317431867
487,121.867777924,517,24,2,1286,3803,9,22.58797804825008,0.7149979937821627,0.7876739837229252,0.8052268531173468,24.895876878872514
488,121.965225517,521,28,6,1292,3816,13,24.035888025537133,0.5973679944872856,0.9627020917832851,0.9016378317028284,26.497595943510532
489,122.06270086,505,21,4,1296,3818,2,21.782841067761183,0.5756570026278496,0.661427853628993,0.640589976683259,23.660515900701284
490,122.160174537,498,25,2,1298,3823,5,21.84234280139208,0.5650781095027924,0.70429896004498,0.6443052552640438,23.756025126203895
492,122.355122056,504,26,7,1305,3841,18,23.092983989045024,0.5766591057181358,0.9143210481852293,0.6364618893712759,25.220426032319665
493,122.452595524,498,26,6,1311,3858,17,22.867090068757534,0.6320630200207233,0.7844490464776754,0.7687688339501619,25.052370969206095
494,122.550067909,502,25,3,1314,3870,12,22.568271029740572,0.949417008087039,0.7569771260023117,0.7734778337180614,25.048142997547984
495,122.647542127,507,22,2,1316,3876,6,22.13802607730031,0.601436011493206,0.6727890577167273,0.6587228272110224,24.070973973721266
496,122.745016845,524,25,5,1321,3895,19,23.326230002567172,0.5938508547842503,0.7696701213717461,0.7893589790910482,25.479109957814217
497,122.842529147,536,25,4,1325,3903,8,22.841221885755658,0.6785900332033634,0.6921549793332815,0.7491130381822586,24.96107993647456
498,122.940004407,535,28,3,1328,3909,6,23.253684164956212,0.5792740266770124,0.7757220882922411,0.629758695140481,25.238438975065947
499,123.037437,550,27,3,1331,3917,8,23.212045896798372,0.5836319178342819,0.7661441341042519,0.6435750983655453,25.20539704710245
500,123.134910468,550,26,2,1333,3929,12,22.981955902650952,0.5948739126324654,0.75948191806674,0.6798922549933195,25.016203988343477
501,123.232384436,541,27,2,1335,3942,13,22.2910619340837,0.7116121705621481,0.7576979696750641,0.6263530813157558,24.386725155636668
503,123.427332831,550,25,11,1346,3960,18,23.82735814899206,0.5571730434894562,0.7090969011187553,0.625760992988944,25.719389086589217
504,123.524806465,555,29,4,1350,3972,12,23.86000892147422,0.5912161432206631,0.810838071629405,0.6439348217099905,25.905997958034277
505,123.622279434,563,27,2,1352,3985,13,23.245800053700805,0.5659991875290871,0.7579689845442772,0.6389047484844923,25.20867297425866
506,123.719752943,560,30,4,1356,3998,13,24.109645979478955,0.9269148577004671,0.7650419138371944,0.6500161252915859,26.451618876308203
507,123.817227745,537,27,4,1360,4016,18,22.41421304643154,0.5673321429640055,0.7855910807847977,0.6452768575400114,24.412413127720356
508,123.914700796,550,30,3,1363,4022,6,25.81204194575548,0.5806260742247105,1.4445330016314983,1.0248899925500154,28.862091014161706
509,124.012175098,555,26,3,1366,4033,11,24.021011078730226,1.0791700333356857,0.7880560588091612,0.7401038892567158,26.62834106013179
510,124.109648774,558,22,2,1368,4034,1,23.80033698864281,0.5937910173088312,0.6745820865035057,0.6499278824776411,25.71863797493279
513,124.402107012,551,29,9,1377,4063,29,25.22661699913442,0.5777219776064157,0.7486208342015743,0.6860732100903988,27.23903302103281
514,124.499581855,546,31,5,1382,4073,10,24.844761937856674,0.5941621493548155,0.8216879796236753,0.7182038389146328,26.978815905749798
515,124.597017615,558,30,3,1385,4085,12,24.61315901018679,0.6591840647161007,0.8195340633392334,0.7102889940142632,26.80216613225639
516,124.694491541,557,26,6,1391,4101,16,23.62381713464856,1.570850145071745,0.7612442132085562,0.6526815705001354,26.608593063428998
517,124.791968676,569,26,2,1393,4110,9,25.048173032701015,0.6875169929116964,0.7246758323162794,0.6610171403735876,27.12138299830258
518,124.889479228,551,26,6,1399,4122,12,24.850693996995687,1.215224852785468,1.0127958375960588,0.6857924163341522,27.764507103711367
519,124.986912779,561,26,2,1401,4133,11,23.553374921903014,0.6384449079632759,0.7941368967294693,0.8231501560658216,25.80910688266158
520,125.084386914,553,26,5,1406,4147,14,22.78327406384051,0.5601879674941301,0.7782569155097008,0.6354101933538914,24.75712914019823
521,125.181860757,568,23,1,1407,4158,11,23.502179188653827,0.8407339919358492,0.9331561159342527,1.4432216994464397,26.71929099597037
524,125.474320661,549,25,12,1419,4186,28,24.04882200062275,0.6160829216241837,0.7550029549747705,0.6696342024952173,26.08954207971692
525,125.571754213,553,27,3,1422,4200,14,24.095098953694105,0.9367431048303843,0.8000570815056562,0.7479109335690737,26.57981007359922
526,125.669228056,548,29,2,1424,4209,9,25.093447882682085,0.7933650631457567,0.8179310243576765,1.0405771899968386,27.745321160182357
527,125.766702649,548,24,3,1427,4219,10,25.955410907045007,2.467317972332239,1.1651809327304363,0.7533100433647633,30.341219855472445
528,125.864176325,544,32,4,1431,4242,23,22.435221821069717,1.40245514921844,0.8439391385763884,0.6609170231968164,25.342533132061362
529,125.961649835,543,32,3,1434,4246,4,22.714866092428565,0.8655202109366655,0.764311058446765,1.1552316136658192,25.499928975477815
530,126.059124678,528,33,2,1436,4255,9,22.40259083919227,0.698265852406621,0.8382189553231001,0.7677082903683186,24.70678393729031
531,126.156598272,522,33,5,1441,4264,9,22.302893921732903,0.5879402160644531,0.7570770103484392,0.628897687420249,24.276808835566044
533,126.351545166,515,28,6,1447,4282,18,23.075521225109696,0.9012061636894941,0.9627118706703186,0.7408566307276487,25.680295890197158
534,126.449018884,528,28,4,1451,4295,13,22.723041009157896,0.8797170594334602,0.7478599436581135,1.4779348857700825,25.828552898019552
535,126.546493852,526,24,3,1454,4306,11,22.72880100645125,0.5853460170328617,0.7028358522802591,0.6591242272406816,24.67610710300505
536,126.64396682,528,29,3,1457,4320,14,22.07604981958866,0.5777708720415831,0.7643799763172865,0.6925982888787985,24.11079895682633
537,126.741440955,543,29,5,1462,4334,14,23.865659022703767,0.5993919912725687,0.7966810371726751,0.6561288610100746,25.917860912159085
538,126.838914382,541,28,3,1465,4343,9,23.1882119551301,0.691455090418458,1.612478168681264,0.6417697295546532,26.133914943784475
539,126.93638835,529,24,3,1468,4349,6,22.488032002002,1.4835859183222055,0.9874578099697828,0.6685121916234493,25.62758792191744
540,127.033861318,533,29,1,1469,4351,2,22.591073997318745,0.6094409618526697,0.7889159023761749,0.670786015689373,24.660216877236962
543,127.326282764,547,29,9,1478,4368,17,22.426535841077566,0.5695458967238665,0.7452750578522682,0.6881682202219963,24.429525015875697
544,127.423756357,562,27,4,1482,4380,12,23.48707104101777,0.5857059732079506,1.1195959523320198,0.6740509998053312,25.866423966363072
545,127.521229617,542,26,1,1483,4388,8,22.8206729516387,0.6497560534626245,0.807842006906867,0.7306879851967096,25.0089589972049
546,127.618704627,534,30,6,1489,4416,28,22.310088155791163,0.5988609045743942,0.8049360476434231,0.6996900774538517,24.413575185462832
547,127.716178262,545,22,5,1494,4424,8,23.11920211650431,0.662580132484436,0.8038538508117199,0.7442140486091375,25.329850148409605
548,127.813652271,538,33,5,1499,4437,13,22.82140520401299,0.5962960422039032,0.7987651042640209,0.6579814944416285,24.874447844922543
549,127.911125531,544,34,8,1507,4456,19,23.124553030356765,0.6460698787122965,1.667260890826583,0.7801982574164867,26.21808205731213
552,128.203546977,530,33,7,1514,4469,13,22.577489027753472,3.696609055623412,0.7951788138598204,0.6654942408204079,27.734771138057113
553,128.301020195,535,28,7,1521,4479,10,22.92223391123116,0.5740041378885508,0.7598421070724726,0.6420018617063761,24.89808201789856
554,128.398493497,544,35,8,1529,4498,19,22.762724896892905,0.5742949433624744,0.7511659059673548,0.6473022513091564,24.73548799753189
555,128.496004965,550,35,6,1535,4518,20,23.02919398061931,1.4989860355854034,0.7879249751567841,0.657218974083662,25.97332396544516
556,128.593442058,548,41,3,1538,4537,19,23.192028980702162,0.8753777947276831,0.8001679088920355,0.6561484187841415,25.523723103106022
557,128.690914818,556,33,0,1538,4545,8,24.412321858108044,0.48379506915807724,0.7535808254033327,0.6301403045654297,26.279838057234883
558,128.788390036,552,35,2,1540,4548,3,23.152915993705392,0.7863719947636127,0.9113450068980455,1.0011340491473675,25.851767044514418
559,128.885862587,538,26,2,1542,4558,10,23.62883696332574,0.5783429369330406,1.619130838662386,0.8490581531077623,26.675368892028928
562,129.178284242,517,36,12,1554,4589,31,23.004298098385334,0.6573610007762909,0.7941569201648235,0.6459769792854786,25.101792998611927
563,129.275759002,532,31,2,1556,4603,14,22.771001094952226,0.5913670174777508,0.7662349380552769,0.6814138032495975,24.81001685373485
564,129.373232678,528,35,6,1562,4620,17,22.60036114603281,0.5699268076568842,0.7650519255548716,0.6494061090052128,24.58474598824978
565,129.470705688,535,33,5,1567,4626,6,22.35050406306982,0.5665698554366827,0.80128014087677,0.6372728385031223,24.355626897886395
566,129.568180114,520,35,7,1574,4646,20,22.86248211748898,1.0357978753745556,1.2051959056407213,0.8327290415763855,25.936204940080643
567,129.665653082,535,36,4,1578,4656,10,24.719678098335862,1.4854609034955502,0.7618360687047243,0.7154189515858889,27.682394022122025
570,129.95807557,523,28,8,1586,4667,11,22.177930921316147,1.2116481084376574,1.8982728943228722,0.6489241495728493,25.936776073649526
571,130.055547913,525,33,4,1590,4692,25,23.269013036042452,0.71551906876266,0.8042550180107355,0.8803778328001499,25.669164955615997
572,130.153022631,509,34,5,1595,4705,13,22.473112912848592,0.9362930431962013,1.118093030527234,1.083957962691784,25.61145694926381
573,130.250496183,513,25,5,1600,4715,10,22.32823194935918,0.5911160260438919,0.7052100263535976,0.6302199326455593,24.254777934402227
574,130.348007776,493,31,2,1602,4734,19,21.516322856768966,0.6587030366063118,0.8505918085575104,0.7824243512004614,23.80804205313325
575,130.445485494,462,27,4,1606,4741,7,21.260163048282266,0.8110490161925554,1.8100980669260025,0.8249129168689251,24.70622304826975
576,130.542917296,465,33,5,1611,4747,6,20.28868393972516,0.5755068268626928,0.7551731541752815,0.6452191155403852,22.26458303630352
577,130.640391139,466,27,4,1615,4753,6,21.916521014645696,0.5983500741422176,1.1252460535615683,0.6568387616425753,24.296955903992057
580,130.932839418,347,26,2,1617,4764,11,16.945976996794343,0.5677021108567715,0.7839370518922806,0.6329158786684275,18.930532038211823
581,131.030275428,345,31,5,1622,4770,6,16.861979849636555,0.5665100179612637,0.7660239934921265,0.6614390294998884,18.855952890589833
582,131.127786479,332,28,3,1625,4775,5,17.050442984327674,0.8276889566332102,0.888241920620203,0.7890381384640932,19.55541200004518
583,131.225222406,382,30,1,1626,4786,11,18.041870091110468,0.7282230071723461,0.8604901377111673,0.7057096809148788,20.33629291690886
584,131.322686499,378,26,2,1628,4788,2,18.7199879437685,0.5574829410761595,0.7293750531971455,0.6381950806826353,20.64504101872444
585,131.420159175,384,25,3,1631,4795,7,18.58085789717734,0.5701170302927494,0.6645440589636564,0.68681500852108,20.502333994954824
586,131.517634185,419,23,2,1633,4800,5,20.71621408686042,0.871982891112566,0.9794530924409628,1.0849109385162592,23.652561008930206
589,131.810056298,447,34,4,1637,4821,21,21.289156982675195,0.9223460219800472,0.822459114715457,0.6947219371795654,23.728684056550264
590,131.907530391,477,25,4,1641,4838,17,23.05754693225026,0.5813881289213896,0.6827781908214092,0.6577607709914446,24.979474022984505
591,132.005001567,486,29,4,1645,4844,6,22.654592990875244,1.4339738991111517,1.1607019696384668,0.7151891477406025,25.964458007365465
592,132.102504077,485,30,5,1650,4866,22,21.32051601074636,0.9060760494321585,0.7672859355807304,0.7382410112768412,23.73211900703609
593,132.19993967,493,26,1,1651,4879,13,21.810253150761127,0.5835620686411858,0.7875540759414434,0.661797821521759,23.843167116865516
594,132.297413222,538,30,3,1654,4890,11,22.338330978527665,0.5702679045498371,0.7403159979730844,0.6435730028897524,24.29248788394034
595,132.394886898,514,31,4,1658,4895,5,22.475146921351552,0.5765289533883333,0.7795291021466255,0.6402879953384399,24.47149297222495
598,132.687308094,518,24,9,1667,4909,14,21.76769287325442,0.5850549787282944,0.6858939304947853,0.6164840888231993,23.655125871300697
599,132.784781938,529,20,4,1671,4922,13,22.678347071632743,0.5766800604760647,0.9034310933202505,0.6499357987195253,24.808394024148583
600,132.882255822,535,25,1,1672,4929,7,23.53724488057196,0.5926101002842188,0.6766659207642078,0.8188621141016483,25.625383015722036
601,132.97972954,545,20,5,1558,4938,9,23.572972044348717,0.8150248322635889,0.8142141159623861,0.8076310623437166,26.00984205491841
602,133.07720455,548,25,0,1558,4945,7,23.478165036067367,0.842818059027195,0.7096179760992527,0.6884268950670958,25.71902796626091
603,133.174677852,535,22,5,1563,4952,7,22.99036202020943,0.578742939978838,0.6807949393987656,0.6572590209543705,24.907158920541406
604,133.272205278,556,21,4,1567,4966,14,24.39401810988784,0.6482331082224846,0.9024590253829956,0.694219721481204,26.638929964974523
605,133.369623996,535,32,5,1572,4983,17,22.699606837704778,0.9958839509636164,1.1021129321306944,0.9962753392755985,25.793879060074687
608,133.662046067,547,33,15,1587,5006,23,23.20766798220575,0.6590441334992647,0.8312861900776625,0.7426387164741755,25.44063702225685
609,133.759521535,549,31,6,1593,5022,16,23.004947928711772,0.5895427893847227,0.7584900595247746,0.6679613143205643,25.020942091941833
610,133.856995295,545,39,6,1599,5040,18,23.056264966726303,0.5721910856664181,0.785531010478735,0.6730491295456886,25.087036192417145
611,133.95446668,544,36,5,1604,5056,16,23.164518177509308,0.9791830088943243,0.7336540147662163,0.950496643781662,25.82785184495151
612,134.051942482,542,37,5,1609,5071,15,22.826403845101595,0.597870210185647,0.7793589029461145,0.7168611045926809,24.920494062826037
613,134.149415658,541,35,3,1612,5079,8,22.16729987412691,0.5769201088696718,0.8124809246510267,0.7799400482326746,24.336640955880284
614,134.246889126,537,33,5,1617,5088,9,21.946187131106853,0.5732828285545111,0.7335639093071222,0.6576401647180319,23.91067403368652
617,134.53931003,539,33,6,1623,5105,17,22.948132129386067,1.203862950205803,0.8383989334106445,0.761756906285882,25.752150919288397
618,134.636845707,536,31,9,1632,5120,15,23.683117935433984,2.7236680034548044,0.9628520347177982,0.8465040009468794,28.216141974553466
619,134.734256717,548,33,3,1635,5123,3,22.48347201384604,1.4543819706887007,1.8427891191095114,0.8809189312160015,26.661562034860253
620,134.831731977,559,33,4,1639,5131,8,23.16766302101314,0.5948340985924006,0.7365888450294733,0.6584611255675554,25.15754709020257
621,134.929207486,532,34,3,1642,5148,17,21.933682961389422,0.6203409284353256,0.777645967900753,0.659064156934619,23.99073401466012
622,135.026678871,534,33,5,1647,5157,9,22.47128007002175,0.5669610109180212,0.7706030737608671,0.6819749251008034,24.49081907980144
623,135.124153464,539,31,1,1648,5168,11,22.979971952736378,0.6032891105860472,0.7961399387568235,0.6427429616451263,25.022143963724375
624,135.221666974,535,27,1,1649,5177,9,22.588639054447412,0.5830121226608753,0.82612712867558,0.6538028828799725,24.65158118866384
626,135.416574452,545,25,0,1649,5180,3,26.719260960817337,0.6089089438319206,0.9811460040509701,0.7860420737415552,29.095357982441783
627,135.514047462,541,23,1,1650,5184,4,22.395768202841282,0.6460291333496571,0.712644075974822,0.7287736516445875,24.48321506381035
628,135.61153093,559,17,2,1652,5190,6,22.0148260705173,0.577080063521862,0.6876871921122074,0.6505867931991816,23.930180119350553
629,135.709033648,554,20,1,1653,5197,7,24.20854102820158,0.5726320669054985,0.6830289494246244,0.6424919702112675,26.10669401474297
630,135.806469116,541,20,1,1654,5199,2,22.263992112129927,0.575728015974164,0.6771779153496027,0.6175050511956215,24.134403094649315
631,135.903943126,524,18,1,1655,5201,2,21.483260905370116,0.5667211953550577,0.683650141581893,0.6272217724472284,23.360854014754295
632,136.001417136,533,23,3,1658,5207,6,23.252292070537806,0.7036880124360323,0.6811548955738544,0.6372209172695875,25.27435589581728
633,136.098879896,524,23,2,1660,5217,10,21.917663048952818,0.5811071023344994,1.4517968520522118,0.6546159274876118,24.60518293082714
636,136.39129105,515,19,3,1663,5222,5,23.18796096369624,0.6900120060890913,0.9381161071360111,0.6918539293110371,25.50794300623238
637,136.488753101,501,17,2,1665,5227,5,21.204248070716858,0.6084078922867775,1.3608268927782774,0.6775890942662954,23.85107195004821
638,136.586217486,494,17,4,1669,5231,4,21.316608879715204,0.6089401431381702,0.711832894012332,0.6314311176538467,23.268813034519553
639,136.683691913,516,21,3,1672,5240,9,21.149737061932683,0.739262904971838,0.6676299963146448,0.6085589993745089,23.165188962593675
640,136.781165172,520,20,1,1673,5244,4,22.636177018284798,0.5723820067942142,0.6929170340299606,0.6760349497199059,24.57751100882888
641,136.878628974,531,21,2,1675,5249,5,22.755031008273363,0.5758579354733229,0.7100589573383331,0.7635389920324087,24.804486893117428
642,136.976090567,520,16,1,1676,5254,5,22.873452864587307,0.9469129145145416,0.771805178374052,1.059671863913536,25.651842821389437
645,137.268501138,543,21,6,1682,5264,10,23.13124598003924,0.8054580539464951,0.719205942004919,0.7864409126341343,25.442350888624787
646,137.365964981,522,20,4,1686,5270,6,21.501163952052593,0.6719981320202351,1.7949799075722694,0.8154648821800947,24.783606873825192
647,137.463438866,512,17,0,1686,5272,2,20.99741087295115,0.487352954223752,0.6751241162419319,0.6355580408126116,22.795445984229445
648,137.560911542,502,15,1,1687,5276,4,21.679809084162116,0.801389105618,0.6867351476103067,0.6569996476173401,23.824932985007763
649,137.658385719,515,17,1,1688,5279,3,21.76592918112874,0.7226727902889252,0.6687620189040899,0.6381438579410315,23.795507848262787
650,137.755858979,516,13,4,1692,5283,4,21.43525006249547,0.6055829580873251,0.7234939839690924,0.6880480796098709,23.45237508416176
651,137.85338078,531,17,5,1697,5291,8,21.96810790337622,0.5735240411013365,1.2131109833717346,0.6566180381923914,24.411360966041684
654,138.145755226,529,16,4,1701,5299,8,22.382904076948762,0.592108117416501,0.6813248619437218,0.6508789956569672,24.307216051965952
655,138.340702121,536,16,1,1702,5304,5,24.27214104682207,0.7343341130763292,0.827037962153554,0.8328589610755444,26.6663720831275
656,138.438175422,507,19,3,1705,5312,8,21.55296108685434,0.560118118301034,1.1764620430767536,0.6318427622318268,23.921384010463953
657,138.535650515,509,22,3,1708,5323,11,21.145298145711422,0.5547881592065096,0.6732710171490908,0.6338558159768581,23.00721313804388
658,138.633122858,500,25,7,1715,5331,8,25.94681503251195,1.2243820820003748,0.8970489725470543,1.0630788747221231,29.1313249617815
659,138.730598285,480,15,3,1718,5337,6,23.353081196546555,0.9057449642568827,0.6905130576342344,0.6828068289905787,25.63214604742825
662,139.023027606,505,21,5,1723,5348,11,22.57283008657396,1.2938319705426693,0.7643499411642551,0.7971518207341433,25.428163819015026
663,139.120493449,497,19,3,1726,5353,5,21.678216056898236,0.5862070247530937,0.6817560642957687,0.6428628694266081,23.589042015373707
664,139.217966334,496,20,0,1726,5355,2,21.6770030092448,0.9142209310084581,1.0985059197992086,1.0216531809419394,24.711383040994406
665,139.315478677,476,18,2,1728,5356,1,19.813064951449633,0.7304979953914881,0.8054079953581095,0.802330207079649,22.15130114927888
666,139.412955103,467,17,3,1731,5360,4,19.25805606879294,0.5918371025472879,0.6887090858072042,0.6461786106228828,21.184780867770314
667,139.51038853,453,15,0,1731,5362,2,20.629942882806063,0.4994850605726242,0.7010330446064472,0.6563079077750444,22.48676889576018
668,139.607861248,440,15,1,1732,5367,5,18.418224062770605,0.5507809109985828,0.6593740545213223,0.6281249225139618,20.256503950804472
671,139.900282944,391,17,4,1736,5373,6,16.950986813753843,0.6010150536894798,0.7163709960877895,0.7306782063096762,18.99905106984079
672,140.095230422,396,15,3,1739,5376,3,17.264534020796418,1.1176818516105413,0.6962141487747431,1.352911815047264,20.431341836228967
673,140.192703099,397,9,0,1739,5376,0,18.062497954815626,0.48690102994441986,0.6558271124958992,0.658813863992691,19.864039961248636
674,140.290177775,393,12,1,1740,5378,2,17.196466913446784,0.5736029706895351,0.7487710099667311,0.8018119260668755,19.320652820169926
675,140.38765066,385,8,0,1740,5378,0,17.358951037749648,0.47790398821234703,0.6694227922707796,0.6697340868413448,19.17601190507412
676,140.485128045,390,9,1,1741,5378,0,17.454800195991993,0.6095299031585455,0.6580108311027288,0.6879991851747036,19.41034011542797
678,140.68007377200001,369,11,1,1742,5379,1,16.295901965349913,0.5589257925748825,0.66150794737041,0.7753113750368357,18.29164708033204
679,140.875062209,352,10,1,1743,5382,3,16.072853934019804,0.5943020805716515,0.6445059552788734,0.6370930932462215,17.94875506311655
680,140.972494094,329,11,4,1747,5388,6,15.179862035438418,0.883262837305665,1.373511040583253,0.6491150707006454,18.08575098402798
681,141.069967645,339,9,1,1748,5390,2,16.917002853006124,0.8383588865399361,0.6644940003752708,0.6671191658824682,19.0869749058038
682,141.167441488,337,11,1,1749,5396,6,16.428519040346146,0.6325028371065855,0.7024449296295643,0.8170502260327339,18.58051703311503
683,141.264915748,341,11,1,1750,5398,2,15.547198941931129,0.6296590436249971,0.956590985879302,0.6771271582692862,17.810576129704714
686,141.557336694,344,12,3,1753,5403,5,15.738868853077292,0.5750870332121849,0.7017939351499081,0.7506131660193205,17.766362987458706
687,141.654867495,333,9,0,1753,5406,3,15.22424491122365,0.49160001799464226,0.6713769398629665,0.6869160570204258,17.074137926101685
688,141.752284505,371,13,2,1755,5413,7,17.37192482687533,0.829201890155673,2.2415549028664827,0.7673574145883322,21.210039034485817
689,141.849757682,385,10,1,1756,5413,0,17.294419929385185,0.5826209671795368,0.6863249000161886,0.7141260430216789,19.27749183960259
690,141.947231733,415,17,6,1762,5427,14,18.154318910092115,0.5577239207923412,1.0153909679502249,0.8184921462088823,20.545925945043564
691,142.044705201,408,21,3,1765,5431,4,17.702925018966198,0.5834321491420269,0.701261917129159,0.7415579166263342,19.729177001863718
694,142.337118064,368,22,8,1773,5444,13,17.177661880850792,0.5696159787476063,0.668731052428484,0.6395981181412935,19.055607030168176
695,142.43462924,323,22,1,1774,5450,6,14.738827012479305,0.6874871905893087,0.6520599126815796,0.6212929729372263,16.69966708868742
696,142.532065167,308,21,6,1780,5459,9,15.28225396759808,0.561912078410387,0.7405958604067564,0.6107131484895945,17.19547505490482
697,142.629526927,251,22,6,1786,5470,11,13.441738905385137,0.8740159682929516,0.6765159778296947,0.6179071497172117,15.610178001224995
698,142.727038686,263,18,2,1788,5477,7,14.829376013949513,0.8471559267491102,0.9494770783931017,0.9578131139278412,17.583822133019567
699,142.824474571,252,22,2,1790,5481,4,13.545041903853416,0.6179260089993477,2.535355044528842,1.2959870509803295,17.994310008361936
702,143.116885809,273,19,3,1793,5490,9,15.543502988293767,0.5526749882847071,0.7089967839419842,0.6506673526018858,17.455842113122344
703,143.214363735,264,21,2,1795,5497,7,15.071258880198002,0.5736739840358496,0.6707760039716959,0.6892501842230558,17.004959052428603
704,143.311832912,269,20,2,1797,5500,3,14.041600981727242,1.0086179245263338,1.0940879583358765,0.7203591521829367,16.86466601677239
705,143.409328297,271,19,4,1801,5504,4,13.856956968083978,0.5539970006793737,0.6667179986834526,0.6817248649895191,15.759396832436323
706,143.506769848,275,19,1,1802,5511,7,13.678371906280518,0.5849250592291355,0.6726090796291828,0.6232059095054865,15.559111954644322
707,143.604244025,272,11,1,1803,5513,2,13.379542157053947,0.9847630281001329,2.120999852195382,0.6555179134011269,17.14082295075059
711,143.99413873,292,9,1,1804,5516,3,14.580991119146347,0.6631410215049982,0.7057711482048035,0.7486615795642138,16.698564868420362
712,144.091611824,294,11,2,1806,5517,1,14.628028962761164,0.5977489054203033,0.692225992679596,0.6501672323793173,16.56817109324038
713,144.189087958,279,8,1,1807,5520,3,14.699582941830158,0.5863879341632128,0.681465957313776,0.6650441791862249,16.632481012493372
714,144.286560843,285,5,2,1809,5522,2,15.433236956596375,0.7465179078280926,2.127933083102107,0.7182930130511522,19.025980960577726
715,144.384066686,297,9,2,1811,5531,9,15.749979997053742,0.7687790784984827,0.7924030069261789,0.8276188746094704,18.138780957087874
716,144.481509904,270,5,1,1812,5531,0,14.13799193687737,0.7440929766744375,0.8843049872666597,0.814173137769103,16.58056303858757
719,144.7739326,264,7,1,1813,5532,1,12.976477853953838,1.1426080018281937,3.1993889715522528,0.7890071719884872,18.107481999322772
720,144.871403069,268,11,5,1818,5536,4,13.858398888260126,0.5933910142630339,1.9478460308164358,0.656218035146594,17.05585396848619
721,144.96887737,277,6,1,1819,5537,1,13.234290992841125,0.5614610854536295,0.6598860491067171,0.6512980908155441,15.106936218217015
722,145.066353838,263,8,3,1822,5539,2,13.096502982079983,0.5636541172862053,0.6796119268983603,0.705992802977562,15.04576182924211
723,145.16382289,245,7,1,1823,5540,1,13.19268299266696,0.584794906899333,0.677027041092515,0.6816759705543518,15.13618091121316
724,145.261297733,259,5,1,1824,5541,1,13.453200925141573,0.557964900508523,0.6107829976826906,0.723864184692502,15.345813008025289
727,145.553719929,192,10,5,1829,5550,9,11.060321005061269,0.6761548575013876,0.6548748351633549,0.6485763005912304,13.039926998317242
728,145.651193022,192,5,0,1829,5551,1,11.515372898429632,0.7027050014585257,0.6705150008201599,0.7841992191970348,13.672792119905353
729,145.748705948,196,10,3,1832,5556,5,12.087924871593714,0.6024169269949198,0.8845960255712271,0.6753441412001848,14.250281965360045
730,145.846140583,222,11,3,1835,5562,6,11.956199072301388,0.6001531146466732,0.6618790794163942,0.6646036636084318,13.882834929972887
731,145.94361501,213,10,1,1836,5567,5,11.345184873789549,0.5772910080850124,0.6461390294134617,0.6455080583691597,13.214122969657183
732,146.041088144,196,5,0,1836,5567,0,11.360173113644123,0.49073901027441025,0.7909510750323534,0.6443348247557878,13.286198023706675
733,146.431020225,227,10,8,1844,5575,8,12.221704935654998,0.5462828557938337,0.652071088552475,0.6179960910230875,14.038054971024394
734,146.528456527,247,8,1,1845,5579,4,13.7450669426471,0.6788310129195452,0.7635790389031172,0.7802802138030529,15.967757208272815
735,146.625931537,245,11,4,1849,5585,6,14.57632309757173,0.6124069914221764,0.6751639302819967,0.7803800981491804,16.644274117425084
736,146.723403921,230,9,2,1851,5594,9,12.9476438742131,0.8132329676300287,0.7648621685802937,0.7926018442958593,15.318340854719281
737,146.820878098,227,8,1,1852,5597,3,11.52652408927679,0.5765699315816164,0.6596851162612438,0.6095997523516417,13.372378889471292
740,147.113301919,282,17,6,1858,5618,21,14.53270111232996,0.5875888746231794,0.6998300086706877,0.6566399242728949,16.476759919896722
741,147.210773512,285,15,3,1861,5624,6,14.214845839887857,0.6313219200819731,0.7230229675769806,0.6995692383497953,16.268759965896606
742,147.30829023,317,18,5,1866,5641,17,14.696847880259156,0.9275060147047043,1.386786112561822,0.7216108497232199,17.732750857248902
743,147.405720365,324,19,4,1870,5653,12,15.80155617557466,0.6224650423973799,0.6931971292942762,0.7370295934379101,17.854247940704226
744,147.503197083,371,17,4,1874,5665,12,18.016210990026593,0.6078281439840794,0.6859139539301395,0.6507767830044031,19.960729870945215
745,147.600668926,392,20,3,1877,5667,2,16.78087911568582,1.717865001410246,0.8512130007147789,0.6472519598901272,19.997209077700973
746,147.893092081,310,15,3,1880,5674,7,16.448918031528592,0.5503001157194376,0.6703350227326155,0.632462790235877,18.302015960216522
747,147.990566465,339,17,1,1881,5678,4,15.383092919364572,0.5730129778385162,0.9453699458390474,0.7730952929705381,17.674571136012673
748,148.088044975,364,15,2,1883,5682,4,16.186184948310256,0.5651682149618864,0.6620290223509073,0.6228256970643997,18.03620788268745
749,148.185511235,381,15,1,1884,5684,2,16.91509992815554,0.5703768692910671,0.6558371242135763,0.6359012331813574,18.777215154841542
750,148.282984411,383,15,4,1888,5686,2,17.63621997088194,0.5804470274597406,0.6944399792701006,0.6426521576941013,19.55375913530588
751,148.380470296,383,12,1,1889,5687,1,16.15810301154852,0.5792248994112015,0.6581819616258144,0.6268920842558146,18.02240195684135
752,148.770395669,359,18,4,1893,5691,4,15.99506800994277,1.9618221558630466,1.0775970295071602,0.6728887092322111,19.707375904545188
753,148.867881012,360,13,2,1895,5699,8,15.959752025082707,0.7064121309667826,0.6710460875183344,0.6459886208176613,17.983198864385486
754,148.965355063,365,13,2,1897,5703,4,16.113989986479282,0.6430938374251127,0.6857630796730518,0.6395180243998766,18.082364927977324
755,149.062839531,361,15,3,1900,5708,5,17.541612032800913,1.2485471088439226,0.6744819693267345,0.6226866971701384,20.08732780814171
756,149.160323125,349,17,1,1901,5715,7,16.44692406989634,0.6381948478519917,0.6893498357385397,0.642422353848815,18.416891107335687
759,149.452765404,360,16,4,1905,5722,7,16.7885129339993,0.6338169332593679,0.6923561450093985,0.7533291354775429,18.86801514774561
760,149.647714715,370,13,0,1905,5725,3,15.493979910388589,0.4683169536292553,0.6347578018903732,0.5998832639306784,17.196937929838896
761,149.745230725,352,10,0,1905,5729,4,15.776749001815915,0.5469329189509153,0.6867051124572754,0.8765419479459524,17.88692898117006
762,149.842712068,303,12,0,1905,5729,0,16.54147100634873,0.8475559297949076,1.0826161596924067,0.7056910544633865,19.17733415029943
763,149.940134578,305,20,7,1912,5743,14,15.929376007989049,0.9531041141599417,0.6781488191336393,0.752938911318779,18.31356785260141
764,150.037608254,279,18,5,1917,5747,4,14.362161979079247,0.566369853913784,0.6701638922095299,0.8237122092396021,16.422407934442163
765,150.3300292,279,11,1,1918,5748,1,14.242418110370636,0.9736719075590372,1.5169589314609766,1.0707450564950705,17.80379400588572
766,150.427503502,265,8,2,1920,5755,7,14.007968828082085,0.9626720566302538,0.8647879585623741,0.8350641001015902,16.670492943376303
767,150.524976887,289,14,6,1926,5768,13,15.935645904392004,1.3116749469190836,1.0635510552674532,1.0047322139143944,19.315604120492935
768,150.622450688,294,10,2,1928,5773,5,14.352123020216823,0.6277849897742271,0.7030060514807701,0.6677999626845121,16.350714024156332
769,150.719933198,321,13,2,1930,5774,1,16.002372140064836,0.5811681039631367,0.7447940297424793,0.6930355448275805,18.021369818598032
772,151.012345311,393,20,13,1943,5782,8,17.256650142371655,3.998794127255678,0.8463640697300434,0.7336426060646772,22.835450945422053
773,151.207294205,450,26,7,1950,5794,12,18.54515098966658,0.5737738683819771,0.7218010723590851,0.6530329119414091,20.493758842349052
774,151.304767423,466,24,6,1956,5806,12,19.439164083451033,0.5564519669860601,0.6716670468449593,0.6639719940721989,21.33125509135425
775,151.402242433,480,20,3,1959,5811,5,20.340240793302655,0.5730821285396814,0.6744419224560261,0.6529830861836672,22.24074793048203
776,151.499715276,497,22,4,1963,5819,8,20.394542952999473,0.5665610078722239,0.6635419558733702,0.6488040089607239,22.27344992570579
777,151.597199994,480,23,3,1966,5823,4,20.065024960786104,0.5686639342457056,1.2921681627631187,0.636011827737093,22.56186888553202
778,151.9871062,485,18,8,1974,5837,14,21.68636000715196,0.5849648732692003,0.695331022143364,0.6430849898606539,23.60974089242518
779,152.08459046,497,15,3,1977,5846,9,20.971552934497595,1.3511090073734522,0.7041378412395716,0.8222481701523066,23.849047953262925
780,152.182063428,493,14,2,1979,5858,12,20.092546939849854,0.5554798990488052,0.6701338570564985,0.6293193437159061,21.947480039671063
781,152.279538855,483,14,3,1982,5866,8,20.77478403225541,0.8895150385797024,1.0873561259359121,0.7257277611643076,23.477382957935333
782,152.377023156,480,13,1,1983,5873,7,20.621658070012927,0.6913940887898207,0.7572069298475981,0.8017700165510178,22.872029105201364
783,152.766918779,496,13,6,1989,5883,10,20.44012793339789,0.617465004324913,0.6843309383839369,0.6444870959967375,22.386410972103477
784,152.864389705,485,9,2,1991,5886,3,20.195019897073507,0.633785966783762,0.6648439448326826,0.7013021968305111,22.194952005520463
785,152.961865298,489,13,1,1992,5892,6,21.405034000054002,1.1668039951473475,0.6919451989233494,0.6460386794060469,23.909821873530746
786,153.059338558,498,11,2,1994,5898,6,21.512665087357163,0.6006238982081413,0.9497071150690317,0.6697338540107012,23.732729954645038
787,153.156810568,511,9,2,1996,5900,2,20.908265141770244,0.6788810715079308,0.6872161757200956,0.8262956980615854,23.100658087059855
790,153.449246139,479,15,5,2001,5914,14,19.933680072426796,0.594523036852479,0.7182338740676641,0.6501669995486736,21.896603982895613
791,153.6441807,462,15,6,2007,5933,19,19.22344113700092,0.5649179220199585,0.7031159475445747,0.6371119525283575,21.12858695909381
792,153.741655127,461,9,1,2008,5936,3,20.02529101446271,0.6841111462563276,0.8709700778126717,0.895004952326417,22.475377190858126
793,153.839128136,438,13,3,2011,5942,6,19.659898011013865,1.0642718989402056,0.7511160802096128,0.6697531789541245,22.14503916911781
794,153.936602563,436,13,2,2013,5947,5,18.443220062181354,0.5766900721937418,0.6754049099981785,0.6652039010077715,20.360518945381045
795,154.034075239,444,12,1,2014,5951,4,18.49761209450662,0.5642459727823734,0.66548609174788,0.6705150008201599,20.397859159857035
796,154.42397232,430,13,2,2016,5954,3,18.31691386178136,0.5617709830403328,0.6626800168305635,0.6669491995126009,20.208314061164856
797,154.521445663,440,15,4,2020,5969,15,19.32418905198574,0.7670358754694462,0.7084361277520657,0.6900208536535501,21.489681908860803
798,154.618917881,442,13,1,2021,5971,2,18.694429891183972,1.0082069784402847,0.9885109029710293,0.6507581565529108,21.341905929148197
799,154.716434224,450,13,3,2024,5978,7,19.058431033045053,0.8676738943904638,0.6734710186719894,0.8942950516939163,21.493870997801423
800,154.813866318,448,14,3,2027,5987,9,18.659734865650535,0.5983288865536451,0.6678099744021893,0.6490971427410841,20.574970869347453
801,155.203761148,440,14,5,2032,5996,9,18.344907090067863,0.5621430464088917,0.6549861282110214,0.6375117227435112,20.199547987431288
802,155.301235533,429,14,3,2035,6008,12,18.015018897131085,0.5790528375655413,0.7002400234341621,0.6482740864157677,19.942585844546556
803,155.398709168,428,16,2,2037,6015,7,19.731251057237387,0.899903941899538,0.6771280895918608,0.6852119695395231,21.99349505826831
804,155.496182261,408,11,1,2038,6019,4,17.716570058837533,0.5572328809648752,0.6567398086190224,0.6488643120974302,19.57940706051886
805,155.593657396,396,10,2,2040,6023,4,17.254635924473405,0.5770199932157993,0.6774880457669497,0.6397881079465151,19.14893207140267
806,155.983552393,431,9,3,2043,6028,5,17.961048055440187,0.5691659171134233,0.6668681744486094,0.6751127075403929,19.872194854542613
807,156.081025237,421,11,2,2045,6039,11,18.512600101530552,0.5969768390059471,0.753429951146245,0.8047570008784533,20.667763892561197
808,156.17849833,416,11,1,2046,6045,6,18.93779612146318,0.5635048728436232,0.6759248208254576,0.658682081848383,20.835907896980643
809,156.275973839,425,11,2,2048,6050,5,18.52279994636774,0.6008949130773544,0.6678600329905748,0.674061244353652,20.465616136789322
810,156.373437683,419,10,2,2050,6053,3,17.978751100599766,0.5647270008921623,0.677288044244051,0.6675887852907181,19.888354931026697
813,156.66585812900001,408,13,5,2055,6064,11,17.61333690956235,0.5837529897689819,0.6709550507366657,0.6380050908774137,19.50605004094541
814,156.860817065,427,16,2,2057,6070,6,20.34453907981515,0.5823101382702589,0.7078549824655056,0.6776486989110708,22.312352899461985
815,156.958318033,426,14,4,2061,6078,8,19.924794090911746,1.0305889882147312,0.7179430685937405,0.6742216646671295,22.347547812387347
816,157.055752126,422,10,0,2061,6080,2,19.254379207268357,0.4847270902246237,0.6997098680585623,0.6771369371563196,21.115953102707863
817,157.153227594,410,14,2,2063,6087,7,18.70620297268033,0.5576931871473789,0.6962530314922333,0.9886717889457941,20.948820980265737
818,157.250744771,409,9,1,2064,6089,2,18.956952029839158,1.1562048457562923,0.7175228092819452,0.6810843478888273,21.511764032766223
819,157.640596393,367,18,3,2067,6096,7,16.278529074043036,2.0085489377379417,0.7199279498308897,0.6739210803061724,19.68092704191804
820,157.738069653,365,16,4,2071,6109,13,16.373616876080632,0.5759270861744881,0.7373499684035778,0.6627710536122322,18.34966498427093
821,157.83554383,348,14,1,2072,6114,5,16.938744811341166,0.6383450236171484,2.0920659881085157,0.67284912802279,20.34200495108962
822,157.933054089,404,21,4,2076,6128,14,17.761524999514222,0.578742939978838,0.6985680665820837,0.7357860449701548,19.7746220510453
823,158.030491141,419,19,3,2079,6135,7,18.7129860278219,0.5774209275841713,0.7134559564292431,0.6599230691790581,20.66378598101437
824,158.42038518,383,14,2,2081,6139,4,17.61251501739025,1.323046861216426,0.7253580261021852,0.7857200689613819,20.446639973670244
825,158.517859981,409,21,5,2086,6149,10,17.600471852347255,0.597028061747551,0.6832790095359087,0.6436249241232872,19.524403847754
826,158.615334616,420,29,7,2093,6161,12,17.99454097636044,0.5816880147904158,0.7807409856468439,0.6412109360098839,19.998180912807584
827,158.712807668,365,21,5,2098,6178,17,16.56219898723066,0.8271080441772938,0.7100990042090416,0.6379249971359968,18.73733103275299
828,159.102701957,423,25,10,2108,6208,30,20.269558997824788,0.5716599989682436,0.6941300816833973,0.6617971230298281,22.197146201506257
829,159.200186592,424,25,6,2114,6232,24,18.787004053592682,0.5815790500491858,0.7980240043252707,0.6633498705923557,20.829956978559494
830,159.297650268,427,19,3,2117,6235,3,20.73707291856408,0.5921279080212116,0.6858529523015022,0.6450691726058722,22.660122951492667
831,159.395123611,423,26,5,2122,6242,7,18.205875996500254,0.5780719220638275,0.7413381244987249,0.6488338112831116,20.174119854345918
832,159.492596538,403,15,2,2124,6253,11,17.449520993977785,0.5972979124635458,0.6635619793087244,0.6522301118820906,19.362610997632146
833,159.882494035,390,20,7,2131,6261,8,18.85607303120196,0.5720811896026134,0.6661370862275362,0.7101576775312424,20.80444898456335
834,159.979967378,403,25,4,2135,6265,4,18.433311954140663,0.7650419138371944,0.7048489060252905,0.7135961204767227,20.61679889447987
835,160.07743968,405,21,5,2140,6269,4,18.145001959055662,0.5733340512961149,0.6917249411344528,0.6670670118182898,20.07712796330452
836,160.174914815,423,26,6,2146,6285,16,18.631251994520426,0.5520731210708618,0.7357471622526646,0.6468417122960091,20.56591399013996
837,160.272388783,439,27,3,2149,6299,14,18.81727110594511,0.5791839212179184,0.7476089522242546,0.6596941966563463,20.80375817604363
838,160.662283905,525,28,12,2161,6330,31,20.811122143641114,0.5510409828275442,0.7359080482274294,0.6360409315675497,22.734112106263638
839,160.759757415,512,18,5,2166,6336,6,20.860124146565795,0.6039808504283428,0.7907398976385593,0.6846711039543152,22.939515998587012
840,160.857230175,530,26,7,2173,6358,22,21.081187995150685,0.5648978985846043,0.7364789489656687,0.6336751393973827,23.01623998209834
841,160.954704018,474,19,4,2177,6366,8,20.19727393053472,0.6543451454490423,0.7292551454156637,0.7680656854063272,22.348939906805754
842,161.052177903,423,24,6,2183,6386,20,20.14595689252019,0.5945728626102209,0.7694910746067762,0.637813238427043,22.14783406816423
843,161.442072984,366,17,3,2186,6396,10,16.466259956359863,2.1313291508704424,0.6974849384278059,0.6753348279744387,19.97040887363255
844,161.53954666,393,14,0,2186,6400,4,17.87826302461326,0.5605190526694059,1.1031951289623976,0.72329374961555,20.265270955860615
845,161.637021961,397,20,8,2194,6402,2,19.236495019868016,0.6782400887459517,1.8583289347589016,0.7436308078467846,22.516694851219654
846,161.734496721,390,13,2,2196,6410,8,18.089077901095152,0.9019779972732067,0.7664149161428213,0.6781592965126038,20.435630111023784
847,162.221843854,397,12,7,2203,6421,11,18.751838011667132,0.5926492158323526,0.7753409445285797,0.6378139369189739,20.75764210894704
848,162.31930828,409,20,6,2209,6435,14,18.621984869241714,0.6076579447835684,0.6724889390170574,0.6367911119014025,20.538922864943743
849,162.416779415,414,19,4,2213,6442,7,18.581137992441654,1.6242300625890493,0.8475969079881907,0.7436820305883884,21.796646993607283
850,162.514263008,406,17,4,2217,6449,7,19.52823088504374,0.5856659263372421,0.701072858646512,0.6796612869948149,21.49463095702231
851,162.611727018,414,18,4,2221,6458,9,18.887863028794527,4.0121800266206264,1.0145381093025208,0.6529127713292837,24.567493936046958
852,163.001612015,388,18,5,2226,6470,12,18.8735059928149,0.770412152633071,0.9027188643813133,1.0381639003753662,21.58480091020465
853,163.099084983,391,20,4,2230,6484,14,20.54275991395116,0.6048621144145727,0.6742819678038359,0.6317431107163429,22.45364710688591
854,163.196559118,394,18,4,2234,6489,5,17.619959078729153,0.7696100510656834,1.1057800147682428,3.5826358944177628,23.07798503898084
855,163.391508804,398,13,1,2235,6496,7,17.55841402336955,0.7102298550307751,0.8519638795405626,0.6505583878606558,19.771166145801544
856,163.781412094,374,11,3,2238,6498,2,16.643802169710398,0.5411829333752394,0.6861139554530382,0.6249500438570976,18.496049102395773
857,163.878886437,384,13,1,2239,6503,5,16.512957867234945,0.7166510913521051,0.8006088901311159,0.8207759819924831,18.85099383071065
858,163.97637028,323,12,2,2241,6505,2,15.725875040516257,0.5652480758726597,0.6614578887820244,0.6618881598114967,17.614469164982438
859,164.073845415,340,8,3,2244,6508,3,15.063244150951505,0.6749839521944523,0.8013600017875433,0.7595708593726158,17.299158964306116
863,164.463739746,327,17,10,2254,6526,18,15.021627070382237,0.5661998875439167,2.4633610155433416,0.6519290618598461,18.703117035329342
864,164.561214172,315,13,2,2256,6530,4,16.58181590028107,0.5734639707952738,0.6646341644227505,0.6487739738076925,18.46868800930679
865,164.65868864,326,19,3,2259,6545,15,14.847140060737729,0.6459490396082401,0.7310179062187672,0.6608259864151478,16.884932992979884
866,164.756161317,297,17,3,2262,6552,7,16.059108078479767,0.705731101334095,0.6802740972489119,0.6462486926466227,18.091361969709396
867,164.853634243,287,12,0,2262,6555,3,13.79481004551053,0.5395798943936825,0.6812550127506256,0.646740198135376,15.662385150790215
868,164.951133419,319,17,5,2267,6563,8,14.787136809900403,0.5866680294275284,0.8493999484926462,0.6595042068511248,16.882708994671702
869,165.341004375,322,16,4,2271,6574,11,16.697783954441547,0.5609898362308741,0.6859439890831709,0.6742211990058422,18.618938978761435
870,165.438477552,326,14,2,2273,6581,7,15.219616936519742,0.572961987927556,0.6978658493608236,0.7032472640275955,17.193692037835717
871,165.535951812,339,17,4,2277,6594,13,16.13323693163693,1.935141859576106,1.3457078021019697,0.6774694193154573,20.091556012630463
872,165.633425696,346,13,2,2279,6595,1,15.86714806035161,0.5635549314320087,0.6714670453220606,0.628726789727807,17.730896826833487
873,166.023331777,382,13,3,2282,6601,6,16.383636044338346,0.563344918191433,0.7571869064122438,0.6267123389989138,18.330880207940936
874,166.120814662,381,10,2,2284,6607,6,16.637580934911966,0.7989651057869196,0.7500841747969389,3.455577651038766,21.64220786653459
875,166.21832588,382,10,3,2287,6611,4,16.380007844418287,0.5563909653574228,0.654054107144475,0.617126002907753,18.207578919827938
876,166.315801015,385,17,2,2289,6615,4,17.313164891675115,0.815646955743432,1.5550910029560328,1.1541801504790783,20.838083000853658
877,166.413236566,351,9,1,2290,6615,0,16.11077506095171,0.5559909623116255,0.6600150372833014,0.6061340682208538,17.93291512876749
878,166.803142981,347,14,5,2295,6620,5,17.081440892070532,1.095250016078353,1.579927047714591,1.0095802135765553,20.76619816944003
879,166.90061749,289,13,2,2297,6624,4,14.245372964069247,0.7246059831231833,0.7880451157689095,0.7435628212988377,16.501586884260178
880,166.998091042,351,14,2,2299,6625,1,17.269723815843463,0.6483830511569977,0.7446941453963518,0.7073341403156519,19.370135152712464
881,167.095564302,361,9,0,2299,6625,0,17.314567929133773,0.9307418949902058,1.0810629464685917,0.9226982947438955,20.249071065336466
882,167.485459549,361,13,6,2305,6636,11,18.597689922899008,0.5870589520782232,0.6788300815969706,0.6574699655175209,20.521048922091722
883,167.582934392,373,9,2,2307,6639,3,17.037680139765143,0.5910859908908606,0.6719068624079227,0.6507087964564562,18.951381789520383
884,167.77791862,381,12,2,2309,6643,4,17.093734815716743,0.5626028869301081,0.6783190183341503,0.6456691771745682,18.98032589815557
885,167.875355422,396,12,2,2311,6647,4,17.925250809639692,0.6540040485560894,0.7136559579521418,0.7125639822334051,20.00547479838133
888,168.167775284,360,9,1,2312,6652,5,15.858892817050219,0.5533059593290091,0.6543349009007215,0.6220734212547541,17.688607098534703
889,168.362723554,319,6,1,2313,6654,2,16.34006411768496,0.907928915694356,0.6810841150581837,0.9440477006137371,18.873124849051237
890,168.460197605,315,6,0,2313,6656,2,14.939181972295046,0.4816011060029268,0.6534529384225607,0.6472421810030937,16.721478197723627
891,168.557681199,307,8,1,2314,6660,4,15.198145993053913,0.5591760855168104,0.6435341201722622,0.6341286934912205,17.034984892234206
892,168.655144917,275,6,0,2314,6660,0,15.32375207170844,0.5154639948159456,0.7746398914605379,0.6518701557070017,17.265726113691926
893,169.045040747,198,4,1,2315,6663,3,13.282160041853786,0.7572369650006294,0.8349830750375986,0.9459708817303181,15.820350963622332
894,169.142514466,200,6,2,2317,6671,8,11.160108027979732,0.5838929209858179,0.6739608943462372,0.6352090276777744,13.053170870989561
895,169.239988559,176,4,0,2317,6671,0,11.320839170366526,1.3089501298964024,0.8669628296047449,1.1259568855166435,14.622709015384316
896,169.337510277,171,5,1,2318,6675,4,11.780450120568275,0.5837429780513048,0.6614178419113159,0.6636811885982752,13.689292129129171
897,169.434934787,185,2,0,2318,6675,0,11.436315020546317,0.7928439881652594,0.6655750330537558,0.6897018756717443,13.584435917437077
898,169.824830951,177,4,0,2318,6677,2,10.507547063753009,0.6729501765221357,1.0410191025584936,0.7490315474569798,12.970547890290618
899,169.922305294,177,4,0,2318,6677,0,10.981534142047167,0.6835989188402891,0.8636161219328642,0.8773237932473421,13.406072976067662
900,170.019776929,192,2,0,2318,6677,0,12.13568402454257,0.4815720021724701,0.6762158591300249,0.6379529368132353,13.9314248226583
901,170.117254397,200,3,1,2189,6678,1,12.421630090102553,0.8197540882974863,0.7460170891135931,0.7059907075017691,14.693391975015402
902,170.507147478,208,5,1,2190,6679,1,13.163929106667638,0.7697809487581253,0.7341240998357534,0.8224397897720337,15.49027394503355
903,170.604661904,199,3,0,2190,6679,0,11.473835911601782,0.4738371353596449,0.6725490093231201,0.698616961017251,13.318839017301798
904,170.702095164,200,6,0,2190,6680,1,11.739152017980814,0.718484865501523,0.8795061148703098,0.8589280769228935,14.19607107527554
905,170.79956984,215,5,1,2191,6685,5,12.256891001015902,0.7526089902967215,0.830814940854907,0.914412084966898,14.754727017134428
906,170.897042392,220,7,2,2193,6692,7,12.76611490175128,1.3787599746137857,0.8587769698351622,0.8360750507563353,15.839726896956563
907,171.286944556,194,6,0,2193,6692,0,11.248043039813638,0.47764391638338566,1.7093599308282137,0.6574101280421019,14.092457015067339
908,171.384413483,211,6,1,2194,6696,4,12.272539781406522,0.5584550090134144,0.6621989887207747,0.6349401082843542,14.128133887425065
909,171.481885076,214,5,0,2194,6696,0,13.909133849665523,0.558194937184453,0.7958891801536083,0.8188928477466106,16.082110814750195
910,171.579359377,222,4,1,2195,6697,1,11.872842907905579,0.9647049009799957,1.123693073168397,0.7999569643288851,14.761197846382856
911,171.676833137,203,5,1,2196,6701,4,11.766212992370129,0.8716711308807135,0.8342510554939508,0.7072447333484888,14.179379912093282
912,172.066728051,205,4,1,2197,6703,2,11.575916083529592,0.6128980312496424,0.6848119664937258,0.7954889442771673,13.669115025550127
913,172.164203394,203,7,1,2198,6707,4,11.293578892946243,0.8783640805631876,0.9769289754331112,0.6387149915099144,13.787586940452456
914,172.261675612,203,2,0,2198,6707,0,11.51580410078168,0.48486702144145966,0.6378840189427137,0.6290378514677286,13.267592992633581
915,172.359150164,185,4,1,2199,6710,3,10.796858929097652,0.579986022785306,1.5127421356737614,0.6795409135520458,13.569128001108766
916,172.749043745,185,5,1,2200,6712,2,10.706710163503885,0.5467738956212997,0.6307810544967651,0.6170729175209999,12.50133803114295
917,172.846518671,203,4,0,2200,6712,0,11.09632896259427,0.4719139542430639,0.663751969113946,0.632924260571599,12.86491914652288
918,172.943992014,205,5,0,2200,6716,4,12.144671054556966,1.233559101819992,1.029276056215167,0.8926317095756531,15.300137922167778
919,173.041486066,199,6,1,2201,6718,2,14.798067975789309,0.7157500367611647,0.8347230032086372,0.8478348609060049,17.196375876665115
920,173.138953826,219,4,0,2201,6718,0,11.544848093762994,0.8670629467815161,0.6980060134083033,0.7423809729516506,13.852298026904464
921,173.528834073,198,3,0,2201,6718,0,12.001562863588333,0.4723940510302782,0.7332928944379091,0.7125940173864365,13.919843826442957
922,173.626308916,206,7,2,2203,6720,2,11.52702490799129,0.7065220270305872,0.9368429891765118,0.8403640240430832,14.010753948241472
923,173.723783009,214,6,1,2204,6723,3,11.479014996439219,0.5593269597738981,0.6578310858458281,0.6314720958471298,13.327645137906075
924,173.821256769,222,6,1,2205,6727,4,11.87301310710609,0.5831408780068159,0.6665170658379793,0.6327750161290169,13.755446067079902
925,173.918730571,214,5,0,2205,6727,0,13.074883027002215,0.6081778556108475,0.6628499832004309,0.6261630915105343,14.972073957324028
926,174.308625943,219,6,0,2205,6729,2,11.839549988508224,0.48717204481363297,0.6429331842809916,0.6639128550887108,13.63356807269156
927,174.406099828,222,4,0,2205,6729,0,12.15086318552494,0.5222579929977655,0.6845109164714813,0.648814020678401,14.006446115672588
928,174.503573879,215,8,1,2206,6730,1,13.88760400004685,0.7732477970421314,0.6934178527444601,0.755212502554059,16.1094821523875
929,174.601047472,218,8,1,2207,6736,6,12.187903048470616,1.0337040293961763,0.8129519410431385,0.7211391348391771,14.755698153749108
930,174.698520941,216,8,2,2209,6741,5,11.80216995999217,0.5626131314784288,0.642883125692606,0.6337666418403387,13.641432859003544
931,175.088420105,203,5,1,2210,6742,1,11.973701184615493,0.5567120388150215,0.6596648599952459,0.6200699135661125,13.810147996991873
932,175.185890615,233,9,0,2210,6745,3,12.96351384371519,0.4977018106728792,0.8406538981944323,0.6746924482285976,14.9765620008111
933,175.283364624,216,8,4,2214,6748,3,11.901265941560268,0.5674220155924559,0.9039219003170729,0.6426020991057158,14.015211956575513
934,175.380838342,202,8,2,2216,6754,6,12.34880299307406,0.5469240713864565,0.6650839932262897,0.6360718980431557,14.196882955729961
935,175.478312019,222,8,2,2218,6763,9,12.84651504829526,0.5518728867173195,0.657722121104598,0.6313610356301069,14.687471091747284
936,175.868206933,205,3,0,2218,6763,0,11.672297026962042,0.5152551457285881,0.6620299536734819,0.6189669948071241,13.468549121171236
937,175.965728985,211,8,0,2218,6765,2,11.54974801465869,1.9218269735574722,1.1243738699704409,0.6444561295211315,15.240404987707734
938,176.063154703,211,6,1,2219,6766,1,11.751354904845357,0.6951210089027882,0.7461670320481062,0.7248360197991133,13.917478965595365
939,176.160627754,225,4,1,2220,6767,1,13.284915126860142,0.5750758573412895,0.6423220038414001,0.6389969494193792,15.14130993746221
940,176.550523918,242,5,3,2223,6773,6,12.659975793212652,1.5423470176756382,0.9502279572188854,0.6808643229305744,15.83341509103775
941,176.64799872,230,5,1,2224,6778,5,12.420917861163616,0.5638960283249617,0.6673289462924004,0.6089501548558474,14.261092990636826
942,176.745471271,222,4,0,2224,6778,0,12.116077821701765,0.4669139161705971,0.6605868693441153,0.6319424137473106,13.875521020963788
943,176.842944656,225,8,2,2226,6783,5,12.207629159092903,0.5592058878391981,0.6557770539075136,0.6204720120877028,14.043084112927318
944,176.940417416,218,4,0,2226,6784,1,11.447716038674116,0.49237185157835484,0.6377841345965862,0.6363119464367628,13.21418397128582
945,177.330314413,213,3,0,2226,6785,1,12.34538690187037,0.48619997687637806,0.6964330095797777,0.685935141518712,14.213955029845238
946,177.427787381,214,4,2,2228,6789,4,11.807190021499991,0.5673121195286512,0.6751639302819967,0.6421608850359917,13.691826956346631
947,177.525261516,215,7,2,2230,6793,4,11.358981020748615,0.5455510690808296,0.6600660271942616,0.6868138443678617,13.251411961391568
948,177.622734651,211,3,0,2230,6793,0,11.819191975519061,0.49504591152071953,0.7020840421319008,0.6546459626406431,13.670967891812325
949,178.01263019,196,4,1,2231,6795,2,11.604479979723692,0.6931368261575699,0.7704920135438442,0.8602712769061327,13.928380096331239
950,178.110103867,207,5,1,2232,6800,5,12.53375899977982,0.5888231098651886,0.6723380647599697,0.6764456629753113,14.47136583738029
951,178.207578793,211,6,1,2233,6801,1,13.544131070375443,0.6431839428842068,1.28905288875103,0.7325210608541965,16.208888962864876
952,178.30505197,214,7,1,2234,6804,3,11.463254923000932,0.5912960041314363,7.085762917995453,0.6662881933152676,19.80660203844309
953,178.402525313,195,5,0,2234,6804,0,12.149651069194078,0.48716203309595585,1.3376730494201183,0.6571498233824968,14.63163597509265
954,178.792420685,191,5,1,2235,6809,5,14.380495995283127,0.5885220598429441,1.2844649609178305,0.6536329165101051,16.907115932554007
955,178.889894945,208,4,1,2236,6810,1,14.091696124523878,0.5910960026085377,0.6736810319125652,0.6485937628895044,16.005066921934485
956,178.98741358,205,6,1,2237,6810,0,12.062808033078909,0.6358099635690451,0.7268511690199375,0.727109843865037,14.152579009532928
957,179.08484259,210,5,1,2238,6810,0,12.493062997236848,1.1305150110274553,0.9979379829019308,0.8571860380470753,15.47870202921331
958,179.474738504,226,5,1,2239,6813,3,12.08661193959415,0.5709878169000149,0.7186750881373882,0.7125763222575188,14.088851166889071
959,179.572210722,225,8,1,2240,6820,7,13.84606584906578,1.0417699813842773,0.8160280995070934,0.7126941345632076,16.41655806452036
960,179.669738482,212,5,0,2240,6821,1,11.591697111725807,0.518549932166934,4.167480859905481,0.6647841073572636,16.942512011155486
961,179.76715945,205,6,1,2241,6823,2,11.987987905740738,1.15879881195724,0.723743811249733,0.8309464901685715,14.701477019116282
962,179.864633793,204,5,1,2242,6826,3,13.746859971433878,0.9994909632951021,0.9796139784157276,0.6336462683975697,16.359611181542277
963,180.25452704,214,8,2,2244,6829,3,11.761975008994341,0.5611102096736431,0.6559779867529869,0.6290969904512167,13.608160195872188
964,180.352049425,216,7,1,2245,6832,3,16.455440083518624,0.6799229886382818,1.0918041225522757,0.7463358342647552,18.973503028973937
965,180.449475435,226,5,1,2246,6833,1,13.388218823820353,0.5745349917560816,0.6561079062521458,0.6368120666593313,15.255673788487911
966,180.546950361,208,7,0,2246,6835,2,11.399575974792242,0.48812385648489,0.8856579661369324,0.6592641584575176,13.432621955871582
967,180.936845942,219,7,3,2249,6843,8,11.636449955403805,0.5651081446558237,1.4134659431874752,0.6342257838696241,14.249249827116728
968,181.03431891,212,5,0,2249,6843,0,13.869800139218569,0.4695889074355364,0.6733599584549665,0.645248219370842,15.657997224479914
969,181.131791754,208,5,1,2250,6844,1,11.73670799471438,0.5755680613219738,0.6662970408797264,0.6611067801713943,13.639679877087474
970,181.229265888,221,4,0,2250,6844,0,12.332553043961525,0.48027909360826015,0.6914339028298855,0.6443760357797146,14.148642076179385
971,181.326739357,207,5,0,2250,6847,3,11.620620032772422,0.5670911632478237,0.6840401329100132,0.6956735160201788,13.567424844950438
972,181.716634729,215,6,3,2253,6851,4,11.626851977780461,0.5589460488408804,0.6464698817580938,0.6312411278486252,13.46350903622806
973,181.814099114,207,4,0,2253,6851,0,12.925291899591684,0.683570047840476,0.6641941145062447,0.8550297934561968,15.128085855394602
974,181.911562499,197,5,0,2253,6853,2,11.018713936209679,0.47395797446370125,0.6451569497585297,0.6158722098916769,12.753701070323586
975,182.009034592,205,4,1,2254,6858,5,12.696494115516543,0.5457520019263029,0.6690120790153742,0.6150407716631889,14.52629896812141
976,182.106509143,211,4,1,2255,6860,2,11.739391833543777,2.025680849328637,1.0354479309171438,0.6239595822989941,15.424480196088552
977,182.496384516,221,5,4,2259,6863,3,12.445704080164433,0.5603388417512178,0.6664879620075226,0.6173960864543915,14.289926970377564
978,182.5938574,197,3,0,2259,6863,0,11.694329092279077,0.4929529968649149,0.6852429360151291,0.6303279660642147,13.502852991223335
979,182.691332952,208,5,1,2260,6865,2,12.472395086660981,0.650486908853054,0.6699638906866312,0.6200501229614019,14.412896009162068
980,182.78879342,206,6,1,2261,6870,5,11.367927072569728,0.5595078691840172,0.6435851100832224,0.6258708890527487,13.196890940889716
981,183.178677959,218,6,3,2264,6876,6,12.093005003407598,1.5109879896044731,1.83382211253047,0.8343819063156843,16.272197011858225
982,183.276180677,225,4,0,2264,6879,3,15.922151040285826,0.49679004587233067,0.6858138367533684,0.7992361206561327,17.903991043567657
983,183.373616896,214,4,0,2264,6879,0,13.88349593617022,1.6522929072380066,0.9968760423362255,0.6887491326779127,17.221414018422365
984,183.471088405,221,7,2,2266,6885,6,13.24039208702743,1.6306829638779163,0.7121129892766476,3.188698086887598,18.771886127069592
985,183.568561873,238,3,1,2267,6887,2,12.709317961707711,0.68330904468894,0.7377609144896269,0.6900711450725794,14.820459065958858
986,183.958441663,252,3,3,2270,6890,3,13.434886001050472,2.01037316583097,0.6689019501209259,0.6676199845969677,16.781781101599336
987,184.055901131,251,2,0,2270,6890,0,15.696729999035597,0.9026890620589256,0.6587130483239889,0.657632015645504,17.915764125064015
988,184.153362516,254,3,0,2270,6891,1,14.790203189477324,0.4859201144427061,0.7011729758232832,0.8118976838886738,16.789193963631988
989,184.250826442,256,4,2,2272,6896,5,16.486097127199173,0.5551590584218502,0.6758950185030699,0.6505777128040791,18.367728916928172
990,184.640710731,252,6,5,2277,6909,13,16.404244117438793,1.34633993729949,0.7132748141884804,0.6647743284702301,19.128633197396994
991,184.738120199,235,6,0,2277,6913,4,13.03035905584693,0.48679113388061523,0.6651848088949919,0.6522010080516338,14.83453600667417
992,184.835585667,216,3,0,2277,6915,2,13.929903041571379,3.169130999594927,0.9657181799411774,0.7108498830348253,18.77560210414231
993,184.933048011,236,4,1,2278,6916,1,14.407036127522588,0.8584258612245321,0.9643950033932924,0.696282833814621,16.926139825955033
994,185.420363018,245,6,5,2283,6926,10,14.242067001760006,0.5751261487603188,0.6712069734930992,0.6275640334933996,16.115964157506824
995,185.517826278,243,5,0,2283,6929,3,18.105849158018827,0.5947130266577005,1.3235278893262148,0.9915649425238371,21.01565501652658
996,185.615293912,231,5,1,2284,6930,1,12.624799041077495,0.7234939839690924,0.7011119741946459,0.7285350002348423,14.777939999476075
997,185.712802172,229,4,0,2284,6932,2,13.129513943567872,0.8361448999494314,0.6664171814918518,0.6320839747786522,15.264159999787807
1000,186.005175118,216,5,2,2286,6937,5,12.303658993914723,0.588160939514637,0.6922960747033358,0.6649438291788101,14.249059837311506
1001,186.200122221,233,8,1,2287,6940,3,12.529561994597316,0.5932999774813652,0.6829181220382452,0.708926934748888,14.514707028865814
1002,186.297596648,209,4,0,2287,6940,0,13.903554063290358,0.4807300865650177,0.6733108311891556,0.6445851176977158,15.702180098742247
1003,186.395069866,191,3,1,2288,6941,1,11.27272006124258,1.927988138049841,1.4679268933832645,0.6469208747148514,15.315555967390537
1004,186.492533751,197,5,2,2290,6943,2,14.130278024822474,0.5642659962177277,0.8015700150281191,0.6308108568191528,16.126924892887473
1005,186.882407915,245,7,4,2294,6949,6,13.364715036004782,0.5915581714361906,0.6691629532724619,0.7527368143200874,15.378172975033522
1006,186.979871341,233,3,0,2294,6950,1,12.995823984965682,0.9760670363903046,1.1566251050680876,0.7285738829523325,15.857090009376407
1007,187.077344143,248,6,2,2296,6956,6,13.843771070241928,0.5844139959663153,0.7125930860638618,0.6815867964178324,15.822364948689938
1008,187.174816986,249,5,3,2299,6958,2,13.509615790098906,0.5986809264868498,0.684340950101614,0.6982362829148769,15.490873949602246
1009,187.272280454,248,6,0,2299,6962,4,13.57265398837626,0.5112569779157639,0.6643629167228937,0.6194799207150936,15.367753803730011
1010,187.662132701,248,8,4,2303,6969,7,14.864953001961112,0.5701167974621058,0.6714069750159979,0.6701042875647545,16.77658106200397
1011,187.759605961,258,7,1,2304,6970,1,14.085012953728437,0.8041451219469309,0.7093881722539663,0.9587749373167753,16.55732118524611
1012,187.857069763,248,8,1,2305,6974,4,13.174057938158512,0.5590959917753935,0.684891827404499,0.6163942161947489,15.034439973533154
1013,187.954535231,257,8,2,2307,6986,12,14.364937087520957,0.614238902926445,0.6677298806607723,0.7236851379275322,16.370591009035707
1014,188.344401312,288,10,4,2311,6991,5,14.69324086792767,0.5791939329355955,0.6851928774267435,0.7016335148364305,16.65926119312644
1015,188.441905655,306,11,3,2314,7002,11,15.208586119115353,2.0776689052581787,0.719686970114708,0.7054798770695925,18.71142187155783
1016,188.53933454,308,14,2,2316,7011,9,16.26272895373404,0.6743918638676405,0.9367640595883131,0.8229701779782772,18.69685505516827
1017,188.636796299,299,11,1,2317,7014,3,14.888716861605644,2.418867079541087,3.0953041277825832,0.6923659238964319,21.095253992825747
1018,188.734260184,314,13,2,2319,7020,6,15.675179194658995,0.7051799912005663,0.7692701183259487,0.7683776784688234,17.918006982654333
1019,189.12411314,353,9,2,2321,7023,3,18.29730812460184,0.5856759380549192,0.6566490046679974,0.6500559393316507,20.18968900665641
1020,189.319030535,325,10,2,2323,7031,8,16.08899305574596,0.7022151257842779,0.6663280073553324,0.8639558218419552,18.321492010727525
1021,189.416482836,326,8,0,2323,7031,0,20.26388794183731,0.48683094792068005,1.3616380747407675,0.6546759977936745,22.767032962292433
1022,189.513933638,324,11,1,2324,7033,2,19.26667196676135,0.700951786711812,1.0301892179995775,0.7250059861689806,21.72281895764172
1023,189.903778177,298,6,3,2327,7034,1,14.795532915741205,0.9515709243714809,0.9867269545793533,0.8236211724579334,17.557451967149973
1024,190.001240395,305,4,1,2328,7036,2,15.032255789265037,0.5622920580208302,0.6462889723479748,0.6287081632763147,16.869544982910156
1025,190.098711946,302,4,1,2329,7036,0,15.222642105072737,0.6641431245952845,0.5575029645115137,0.7184448186308146,17.16273301281035
1026,190.196177789,297,4,1,2330,7039,3,18.133049830794334,0.5661589093506336,0.6548450328409672,0.6355911027640104,19.989644875749946
1027,190.586039579,266,6,3,2333,7040,1,14.806935098022223,0.8167389314621687,0.7210900075733662,0.7606118451803923,17.10537588223815
1028,190.683512088,286,5,0,2333,7043,3,14.62501403875649,0.6767469458281994,0.7946270052343607,1.0212911292910576,17.117679119110107
1029,190.780985848,277,5,1,2334,7047,4,14.497776050120592,0.6099320016801357,0.7167321164160967,0.6651328876614571,16.48957305587828
1030,190.878460483,281,4,0,2334,7047,0,17.745515098795295,0.5063370335847139,0.6838899571448565,0.6424428429454565,19.57818493247032
1031,190.975934326,277,8,1,2335,7052,5,14.873177977278829,0.6585218943655491,0.736468005925417,0.7146792486310005,16.982847126200795
1032,191.463305083,274,5,3,2338,7059,7,14.519735937938094,0.6380551494657993,0.7007021922618151,0.7456548046320677,16.604148084297776
1033,191.560776968,274,4,1,2339,7061,2,15.677453950047493,0.5662799812853336,0.6538939196616411,0.6361601408571005,17.533787991851568
1034,191.658249978,287,5,0,2339,7064,3,18.489066045731306,0.7939559873193502,1.5477570705115795,0.756705878302455,21.58748498186469
1035,191.755724696,304,7,3,2342,7070,6,17.49001699499786,0.9864969179034233,0.887871952727437,0.7392822299152613,20.10366809554398
1036,192.145620277,279,4,3,2345,7074,4,15.720994910225272,0.5676029250025749,0.678410055115819,0.652350252494216,17.619358142837882
1037,192.243093828,323,9,0,2345,7081,7,19.89783300086856,0.47713308595120907,0.670294975861907,0.62952795997262,21.674789022654295
1038,192.340567672,324,6,0,2345,7083,2,18.294302048161626,0.5215969868004322,0.6977159064263105,0.6320411339402199,20.14565607532859
1039,192.438042098,309,8,2,2347,7086,3,16.369129065424204,0.6294578779488802,0.8559320122003555,0.7048589177429676,18.559377873316407
1040,192.827937179,328,5,2,2349,7087,1,17.349634086713195,0.8883329574018717,0.641391146928072,0.6225337274372578,19.501891918480396
1041,192.925410147,337,11,5,2354,7096,9,17.429512925446033,0.5837120115756989,0.7551128510385752,0.7193672936409712,19.48770508170128
1042,193.120409208,362,14,4,2358,7104,8,18.534861970692873,0.5778120830655098,0.6729890592396259,0.6402989383786917,20.4259620513767
1043,193.217831426,365,12,4,2362,7109,5,18.59581610187888,0.5983298178762197,0.6836301181465387,0.6991480477154255,20.576924085617065
1044,193.607726966,484,16,6,2368,7119,10,21.524718031287193,0.5593460518866777,0.6635321769863367,0.6621608044952154,23.409757064655423
1045,193.705202475,521,24,12,2380,7159,40,22.294438211247325,0.5913570057600737,0.7235140074044466,0.755965942516923,24.365275166928768
1046,193.802674568,530,25,11,2391,7182,23,23.654494201764464,0.5939521361142397,0.749513041228056,0.6632816512137651,25.661241030320525
1047,193.900188078,557,35,9,2400,7208,26,25.236505083739758,1.2757380027323961,0.7974619511514902,0.8064399007707834,28.116144938394427
1050,194.290043492,583,37,19,2419,7254,46,29.981386149302125,0.6243688985705376,1.1254469864070415,0.7492720615118742,32.48047409579158
1051,194.485039637,588,21,2,2421,7260,6,23.63173197954893,0.5951439961791039,0.6863949820399284,0.6871549412608147,25.600425899028778
1052,194.582464855,567,21,5,2426,7268,8,23.292898200452328,0.5794151220470667,0.6808340549468994,0.9926066268235445,25.54575400426984
1053,194.679959073,575,21,5,2431,7273,5,25.061507942155004,0.6615479942411184,0.731718959286809,0.7797302678227425,27.234505163505673
1054,194.777476416,576,21,6,2437,7284,11,23.88490503653884,0.7003410719335079,0.8989020716398954,0.8498919196426868,26.33404009975493
1055,195.265025215,512,18,11,2448,7286,2,21.561696892604232,0.5890629254281521,0.6616690661758184,0.6470412481576204,23.459470132365823
1056,195.362532683,494,15,7,2455,7297,11,22.56962307728827,0.5655388813465834,0.6624599918723106,0.642572995275259,24.440194945782423
1057,195.460037193,483,14,3,2458,7298,1,22.999176988378167,0.9758269879966974,0.6579519249498844,0.684741185978055,25.317697087302804
1058,195.557532036,482,17,3,2461,7306,8,22.22936716862023,0.6695929914712906,0.7695211097598076,0.9760258253663778,24.644507095217705
1059,196.045029294,510,19,15,2476,7321,15,21.394714014604688,0.5850049201399088,0.6770871113985777,0.6579230539500713,23.314729100093246
1060,196.142524345,515,16,8,2484,7324,3,20.44650004245341,0.5760081112384796,0.6540440954267979,0.6286269053816795,22.305179154500365
1061,196.240058022,466,15,3,2487,7330,6,19.74692987278104,0.6708749569952488,0.9102229960262775,1.6004981007426977,22.928525926545262
1062,196.337513073,426,12,6,2493,7336,6,18.09205301105976,0.5884310230612755,0.6894699763506651,0.6870059296488762,20.056959940120578
1063,196.727441362,344,5,1,2494,7338,2,16.48624800145626,0.6081280298531055,1.542828045785427,0.6536419969052076,19.290846074
1064,196.824915705,340,3,0,2494,7339,1,16.321548959240317,0.4923020023852587,0.6974660791456699,0.6364099681377411,18.147727008908987
1065,196.922390507,319,2,0,2494,7339,0,17.024755012243986,0.9912550449371338,0.992397079244256,0.8389817085117102,19.847388844937086
1066,197.019852475,305,6,1,2495,7341,2,15.159704023972154,0.6445758044719696,0.692686066031456,0.7441751658916473,17.241141060367227
1067,197.409715889,262,3,0,2495,7341,0,13.232517056167126,0.5045540165156126,0.8048659656196833,0.7754028774797916,15.317339915782213
1068,197.507178774,270,2,0,2495,7342,1,15.826181974262,0.48955599777400494,2.1795989014208317,0.6602262146770954,19.15556308813393
1069,197.702114752,268,2,1,2496,7343,1,12.91537401266396,5.002183141186833,0.6635519675910473,0.6654548924416304,19.24656401388347
1070,197.799578345,268,4,0,2496,7344,1,13.481803936883807,0.4902980290353298,0.672538997605443,0.6392761133611202,15.2839170768857
1071,198.189433009,257,3,1,2497,7346,2,13.117111986503005,0.6079371087253094,0.6784501019865274,0.6693927571177483,15.07289195433259
1072,198.286904436,267,4,2,2499,7351,5,16.15998614579439,0.6839598063379526,0.7709730416536331,0.7023150101304054,18.317234003916383
1073,198.384378695,256,4,0,2499,7353,2,13.250681106001139,0.5031118635088205,0.6681408267468214,0.6478431168943644,15.069776913151145
1074,198.481841039,243,3,0,2499,7353,0,12.629709905013442,0.5087419413030148,0.6619391497224569,0.677797943353653,14.478188939392567
1075,198.871725536,273,8,5,2504,7358,5,14.943529851734638,0.5584750324487686,0.6529218517243862,0.7018942851573229,16.856821021065116
1076,198.969200504,258,6,1,2505,7361,3,13.781455112621188,0.617234967648983,0.6537640001624823,0.6977757439017296,15.750229824334383
1077,199.066673764,264,9,1,2506,7363,2,13.30915093421936,0.7436820305883884,0.8809189312160015,0.7575871422886848,15.691339038312435
1078,199.164147024,263,4,1,2507,7367,4,14.343576971441507,0.6648539565503597,0.7809509988874197,0.7977040950208902,16.587086021900177
1079,199.651522031,260,6,1,2508,7370,3,15.10370010510087,0.5701668560504913,0.675152987241745,0.6448980420827866,16.993917990475893
1080,199.748990499,252,6,2,2510,7378,8,12.73958501406014,0.6340369582176208,0.6573300343006849,0.6150710396468639,14.64602304622531
1081,199.846464467,242,4,1,2511,7380,2,14.770877081900835,0.5650680977851152,0.6670390721410513,0.6330336909741163,16.636017942801118
1082,199.943938394,250,4,0,2511,7380,0,13.584887143224478,0.5240910686552525,0.7114419713616371,0.7907587569206953,15.611178940162063
1083,200.333832058,252,6,1,2512,7384,4,13.38112517260015,0.5792439915239811,0.6485639605671167,0.6514298729598522,15.2603629976511
1084,200.431307026,241,4,1,2513,7387,3,13.245771871879697,0.6638220511376858,0.7764638867229223,0.6964229978621006,15.382480807602406
1085,200.528781161,241,4,1,2514,7387,0,13.23795784264803,0.6292180623859167,0.6751429755240679,0.6196699105203152,15.161988791078329
1086,200.723734514,227,4,2,2516,7391,4,13.16369790583849,0.5428059957921505,0.7007019594311714,0.6490952800959349,15.056301141157746
1087,201.113622928,233,4,1,2517,7393,2,12.696885038167238,0.5659190937876701,0.6463190075010061,0.6546459626406431,14.563769102096558
1088,201.211098021,220,6,2,2519,7399,6,12.380353175103664,2.1320199593901634,0.6863139569759369,0.7501549553126097,15.948842046782374
1089,201.308571739,224,3,1,2520,7401,2,13.708399143069983,1.1639478616416454,0.8046759758144617,0.7243361324071884,16.401359112933278
1090,201.406055332,224,3,1,2521,7404,3,13.503574999049306,0.5675619468092918,0.7439418695867062,0.6627412512898445,15.477820066735148
1091,201.795995163,223,5,1,2522,7409,5,11.683327844366431,1.1769630946218967,0.935371033847332,0.7485311944037676,14.544193167239428
1092,201.893478256,224,4,1,2523,7413,4,12.575096916407347,0.7261889986693859,0.7440431509166956,0.7213798817247152,14.766708947718143
1093,201.990950974,227,3,0,2523,7414,1,14.113807119429111,1.434254925698042,0.7168420124799013,0.9059037547558546,17.17080781236291
1094,202.185919827,219,3,0,2523,7414,0,12.16534012928605,0.7176531944423914,1.2099051382392645,0.6416505202651024,14.734548982232809
1095,202.575851117,200,3,2,2525,7415,1,11.163644958287477,1.1886248830705881,0.83489203825593,0.641081016510725,13.82824289612472
1096,202.673333043,191,6,1,2526,7420,5,10.655214078724384,0.561930937692523,0.6412200164049864,0.6118959281593561,12.47026096098125
1097,202.770804928,184,4,0,2526,7420,0,11.26502500846982,0.48523792065680027,0.6732707843184471,0.6396961398422718,13.06322985328734
1098,202.868290813,190,5,3,2529,7428,8,11.085849953815341,0.8009099401533604,0.6739217787981033,0.6492731627076864,13.209954835474491
1099,203.258206768,203,3,1,2530,7431,3,11.334324954077601,0.5598179996013641,0.671926885843277,0.7007413078099489,13.266811147332191
1100,203.355691903,204,5,2,2532,7433,2,11.320958845317364,0.8794059976935387,2.653747098520398,0.6416309624910355,15.495742904022336
1101,203.453176496,215,3,0,2532,7433,0,11.473443824797869,0.4966000560671091,0.6588730029761791,0.6448270287364721,13.273743912577629
1102,203.550649464,232,4,0,2532,7434,1,12.101660016924143,0.501709058880806,0.6576008163392544,0.6267242133617401,13.887694105505943
1103,203.940575379,227,3,3,2535,7436,2,15.416334150359035,0.9668499696999788,0.6988781969994307,0.7323906756937504,17.814452992752194
1104,204.135545357,207,7,0,2535,7442,6,14.800251927226782,0.5269960965961218,0.6811348721385002,0.6363820284605026,16.644764924421906
1105,204.233029658,203,7,1,2536,7446,4,11.666877195239067,1.0019650217145681,0.7157290820032358,0.6608178373426199,14.045389136299491
1106,204.330513585,206,1,1,2537,7446,0,11.443378170952201,1.3730900827795267,0.0022640451788902283,0.6601256318390369,13.478857930749655
1107,204.72041929,190,4,2,2539,7452,6,11.519782012328506,0.5675319116562605,0.6324839778244495,0.6330949254333973,13.352892827242613
1108,204.817937842,202,4,1,2540,7454,2,11.21602300554514,0.5789429415017366,0.6359601393342018,0.6125879008322954,13.043513987213373
1109,204.91536706,209,3,1,2541,7456,2,13.276849873363972,0.5531550850719213,0.7125940173864365,0.6482540629804134,15.190853038802743
1110,205.01284032,211,4,0,2541,7456,0,13.49292416125536,0.5192919634282589,1.0449360124766827,0.6685219705104828,15.725674107670784
1111,205.402735609,197,5,3,2544,7462,6,14.230375876650214,1.063960837200284,0.9442169684916735,0.9043123573064804,17.142866039648652
1112,205.597683795,202,3,1,2545,7465,3,12.25318480283022,0.7107499986886978,0.6436549592763186,0.6245381664484739,14.23212792724371
1113,205.695158138,204,3,0,2545,7466,1,12.16308493167162,0.4814518615603447,0.6545048672705889,0.6542953196913004,13.953336980193853
1114,205.792631773,207,5,0,2545,7468,2,13.43651907518506,0.8228099904954433,0.68868906237185,1.0404677595943213,15.988485887646675
1115,206.182527104,190,5,2,2547,7473,5,11.594590963795781,0.6149208638817072,2.513525076210499,0.7166622672230005,15.439699171110988
1116,206.280000572,193,6,3,2550,7481,8,11.788154020905495,0.5603190511465073,0.6496261339634657,0.6436237599700689,13.641722965985537
1117,206.377475582,189,6,1,2551,7486,5,11.810746043920517,0.5744260270148516,0.6813050713390112,0.6721469108015299,13.73862405307591
1118,206.474954925,200,10,2,2553,7493,7,12.185357045382261,0.5900149699300528,0.7070330902934074,0.6479229778051376,14.130328083410859
1119,206.864844256,225,6,2,2555,7497,4,14.290496939793229,0.5455210339277983,0.6379538681358099,0.6444973405450583,16.118469182401896
1120,206.962334432,224,4,0,2555,7499,2,14.089581090956926,1.0305088944733143,0.7254781667143106,0.7909608539193869,16.636529006063938
1121,207.059791442,226,6,2,2557,7501,2,15.4257130343467,1.0715760290622711,1.1430291924625635,0.6358688697218895,18.276187125593424
1122,207.25473692,243,6,3,2560,7506,5,13.687429018318653,0.5550289060920477,0.654315110296011,0.6197700276970863,15.516543062403798
1123,207.547160449,282,11,6,2566,7516,10,15.554924961179495,0.6020970176905394,0.7301368750631809,0.6396961398422718,17.526854993775487
1124,207.742107136,292,10,5,2571,7526,10,15.18035284243524,0.5813278257846832,0.679671997204423,0.6587742827832699,17.100126948207617
1125,207.83958052,320,12,3,2574,7530,4,16.313834814354777,0.5951940547674894,0.6622900255024433,0.6681401282548904,18.2394590228796
1126,207.937064572,353,15,3,2577,7546,16,17.110425978899002,0.7445241790264845,0.6537740118801594,0.6494647823274136,19.15818895213306
1127,208.326951319,414,24,15,2592,7575,29,19.530114950612187,0.5476051010191441,0.6767569575458765,0.6662670057266951,21.420744014903903
1128,208.424423704,453,28,11,2603,7599,24,20.872307009994984,0.5878310184925795,0.756777124479413,0.6663857493549585,22.883300902321935
1129,208.619371432,502,31,9,2612,7622,23,22.339313058182597,0.564065994694829,0.7511558942496777,0.6628900300711393,24.317424977198243
1130,208.716845192,496,25,8,2620,7645,23,22.488311165943742,0.5906061269342899,0.6961028557270765,0.6907328497618437,24.465752998366952
1131,209.106751189,545,28,6,2626,7657,12,22.234174888581038,0.6990279071033001,0.7241549901664257,0.6422542501240969,24.29961203597486
1132,209.204280074,539,33,11,2637,7674,17,23.466472048312426,0.5918480455875397,0.7580888923257589,0.7068431004881859,25.52325208671391
1133,209.301709292,545,26,5,2642,7696,22,23.018674924969673,0.6726591382175684,0.8510129991918802,1.281757839024067,25.82410490140319
1134,209.399183469,550,34,12,2654,7725,29,22.991593927145004,0.6459290161728859,0.746607081964612,0.6859838031232357,25.070113828405738
1135,209.886572976,541,21,7,2661,7745,20,23.611624026671052,0.5731219425797462,0.6691820453852415,0.6457099225372076,25.499637937173247
1136,209.984053778,531,28,6,2667,7764,19,22.54710183478892,0.6674900650978088,0.7590409368276596,0.6406381726264954,24.614271009340882
1137,210.081520621,525,25,2,2669,7779,15,25.68243001587689,1.2879110872745514,1.0851009283214808,0.8599490392953157,28.915391070768237
1138,210.568900086,541,30,11,2680,7821,42,23.52270786650479,0.5589569918811321,0.7684680167585611,0.6444263271987438,25.494559202343225
1139,210.666375596,549,27,7,2687,7834,13,22.623854922130704,0.5855758208781481,1.2555290013551712,0.6501281168311834,25.115087861195207
1140,210.763849439,537,27,4,2691,7852,18,22.816356038674712,0.58147800154984,0.7369599770754576,0.709526939317584,24.844320956617594
1141,210.861320991,551,28,1,2692,7856,4,23.205062840133905,0.6266129203140736,0.7355769630521536,0.6242482922971249,25.191501015797257
1142,211.348690665,559,30,14,2706,7888,32,22.64575706794858,0.5742951761931181,1.2118089944124222,0.6482908502221107,25.08015208877623
1143,211.446210591,554,30,6,2712,7906,18,23.340445943176746,0.5616310518234968,0.7352759130299091,0.6419022101908922,25.279255118221045
1144,211.543639559,565,32,4,2716,7927,21,25.218892842531204,0.5696259904652834,1.1066710576415062,0.6281451787799597,27.523335069417953
1145,211.641157069,559,28,5,2721,7937,10,23.33505591377616,0.5597569979727268,0.8828719146549702,0.6306420546025038,25.40832688100636
1146,212.128482285,558,26,10,2731,7953,16,22.92520902119577,0.565048074349761,0.7177728693932295,0.6176969036459923,24.825726868584752
1147,212.225999003,558,31,11,2742,7982,29,23.936090990900993,0.5945931188762188,0.7960100192576647,0.6856829859316349,26.01237711496651
1148,212.323428221,548,31,3,2745,8002,20,22.98277709633112,0.6623100489377975,0.7829959504306316,0.7175118662416935,25.145594961941242
1150,212.810798937,537,29,9,2754,8026,24,23.012752877548337,0.9182689245790243,0.7412179838865995,0.9471322409808636,25.619372026994824
1151,212.908272238,539,35,12,2766,8071,45,23.263041162863374,0.5593460518866777,0.7575878407806158,0.6489858496934175,25.228960905224085
1152,213.005745831,545,30,3,2769,8082,11,22.639835020527244,0.5730132106691599,1.092204125598073,0.7056805770844221,25.0107329338789
1153,213.103209758,526,32,5,2774,8100,18,24.925462901592255,0.6068260408937931,0.8724329527467489,0.6699240766465664,27.074645971879363
1154,213.59057739,545,27,8,2782,8120,20,22.55656896159053,0.5655689164996147,0.7494031451642513,0.6527109071612358,24.52425193041563
1155,213.688051941,547,24,7,2789,8136,16,24.451215052977204,1.3662769924849272,0.9488959331065416,1.0398670565336943,27.806255035102367
1156,213.78556316,558,33,6,2795,8160,24,23.29616411589086,0.7459460757672787,0.7822839543223381,0.6511376705020666,25.475531816482544
1158,214.272895833,556,24,9,2804,8178,18,22.88622595369816,2.5284329894930124,0.7152690086513758,0.615882920101285,26.74581087194383
1159,214.370369093,564,22,7,2811,8194,16,24.728283984586596,0.5931009072810411,0.700491014868021,0.6399869453161955,26.661862852051854
1160,214.467842103,563,24,5,2816,8210,16,23.01539806649089,0.5733529105782509,0.6805041339248419,0.6517597939819098,24.92101490497589
1161,214.565315821,560,24,3,2819,8226,16,24.604592937976122,0.7865419611334801,0.8375479374080896,0.9874270763248205,27.216109912842512
1162,215.05268437,551,22,6,2825,8239,13,22.04208611510694,0.5628028884530067,0.7176029030233622,0.640499172732234,23.962991079315543
1163,215.150160838,529,22,7,2832,8258,19,22.95308094471693,0.5853858310729265,0.6963340565562248,0.6743213161826134,24.909122148528695
1164,215.24767639,530,22,7,2839,8274,16,22.193519864231348,0.5570929497480392,0.676486873999238,0.6302183028310537,24.05731799080968
1165,215.345106191,546,25,3,2842,8295,21,23.79770204424858,0.9444272145628929,1.0967631824314594,0.6921056192368269,26.53099806047976
1166,215.832475407,533,27,7,2849,8321,26,22.834370145574212,0.5944729782640934,0.7848991081118584,0.6437136325985193,24.857455864548683
1167,215.929938625,544,28,5,2854,8340,19,22.399466019123793,0.6543549243360758,0.7624670397490263,0.6502659525722265,24.46655393578112
1168,216.02741276,542,23,3,2857,8349,9,22.82616402953863,0.5751668941229582,0.6824380252510309,0.706070102751255,24.789839051663876
1170,216.514759809,530,26,10,2867,8385,36,22.47161022387445,0.5516621749848127,0.7424990180879831,0.6193905137479305,24.385161930695176
1171,216.612235194,526,17,1,2868,8390,5,22.010177141055465,1.6355710104107857,0.7285638712346554,0.6645931862294674,25.038905208930373
1172,216.709698912,530,25,2,2870,8392,2,24.17268417775631,0.5668310914188623,0.6711969617754221,0.6428626365959644,26.05357486754656
1173,216.807171755,533,24,3,2873,8396,4,22.993116173893213,1.0025470983237028,0.6823770236223936,0.7195358630269766,25.397576158866286
1174,217.294510012,517,19,8,2881,8411,15,23.195995949208736,2.2708000615239143,0.8221592288464308,0.6450668442994356,26.934022083878517
1175,217.392025439,544,22,5,2886,8424,13,24.174817837774754,0.5707379896193743,0.6610271520912647,0.6554271094501019,26.062010088935494
1176,217.489435282,544,22,5,2891,8443,19,23.897900013253093,1.217427896335721,1.2339300010353327,0.7709329947829247,27.12019090540707
1177,217.976762414,504,15,4,2895,8453,10,21.630356088280678,2.5334118399769068,0.7056400645524263,0.6642730440944433,25.533681036904454
1178,218.074234674,534,17,2,2897,8463,10,22.215831791982055,0.9864058811217546,0.9015470277518034,0.8943942375481129,24.998178938403726
1179,218.171709392,527,18,3,2900,8471,8,22.802510065957904,0.7165209390223026,0.7498529739677906,0.775892985984683,25.04477696493268
1183,218.659056441,500,17,8,2908,8486,15,20.802896935492754,0.5755070596933365,0.6706758867949247,0.6357200909405947,22.68479997292161
1184,218.756532617,504,20,4,2912,8500,14,21.6455040499568,0.5852959584444761,2.3297308944165707,0.7834949064999819,25.344025809317827
1185,218.854006752,488,19,3,2915,8517,17,21.54143899679184,0.6174559239298105,0.7910111453384161,0.7138261571526527,23.66373222321272
1186,219.048954813,483,20,6,2921,8535,18,20.59220289811492,0.5807369016110897,0.8232309482991695,0.6365312729030848,22.632702020928264
1187,219.438848394,474,19,8,2929,8554,19,21.080365870147943,0.7022940553724766,0.6783900316804647,0.6542850751429796,23.115335032343864
1188,219.536320612,466,16,2,2931,8558,4,21.988817024976015,0.710800988599658,0.7858201861381531,0.9837707038968801,24.469208903610706
1189,219.731308799,469,14,6,2937,8565,7,20.324973156675696,0.5688350647687912,0.6743720732629299,0.6447357591241598,22.212916053831577
1190,220.121165338,433,12,5,2942,8575,10,19.565970869734883,1.0033780708909035,0.669403001666069,0.7921040523797274,22.030855994671583
1191,220.218638223,441,14,3,2945,8592,17,19.20545706525445,0.6122658960521221,0.672399066388607,0.6954320706427097,21.18555409833789
1192,220.316166441,439,15,0,2945,8599,7,20.051551051437855,0.5124590825289488,0.6831290666013956,2.950982889160514,24.198122089728713
1196,220.803480656,440,14,6,2951,8617,18,19.237076165154576,0.5534060765057802,0.6577710155397654,0.6590236444026232,21.107276901602745
1197,220.900956166,448,15,2,2953,8625,8,22.512407042086124,1.0098800994455814,0.7741290610283613,1.1702596675604582,25.466675870120525
1198,220.998428551,437,13,2,2955,8630,5,22.37735386006534,0.5742339417338371,0.6812950596213341,0.6908739451318979,24.32375680655241
1199,221.193376904,416,10,2,2957,8633,3,19.612659001722932,0.6089899688959122,0.6902609020471573,0.8500420954078436,21.761951968073845
1200,221.583270276,421,16,8,2965,8648,15,18.93590297549963,0.5605390761047602,0.6653049495071173,0.6573500577360392,20.819097058847547
1201,221.680754786,426,13,6,2882,8660,12,20.479129860177636,0.5947831086814404,0.662779901176691,0.693820184096694,22.43051305413246
1202,221.778235421,439,12,2,2884,8667,7,23.88702007010579,0.6428631022572517,1.1982729192823172,0.7418980821967125,26.470054173842072
1203,222.265629137,427,18,7,2891,8689,22,19.813404884189367,0.580355990678072,0.6854529492557049,0.6430740468204021,21.722287870943546
1204,222.363115355,413,18,7,2898,8706,17,22.773345932364464,0.7311380468308926,0.9700949303805828,1.9127102568745613,26.3872891664505
1205,222.460588531,415,18,3,2901,8714,8,19.677449949085712,0.5795049946755171,0.6894699763506651,0.6791921332478523,21.625617053359747
1209,222.94797033,442,26,13,2914,8747,33,20.128725096583366,0.5587860941886902,0.7661140989512205,0.6522305775433779,22.105855867266655
1210,223.045452673,430,18,3,2917,8756,9,19.303040113300085,0.6665680557489395,0.7077851332724094,0.9035395924001932,21.580932894721627
1211,223.142937308,448,24,3,2920,8765,9,20.967935910448432,0.6534429267048836,0.7745199836790562,0.7325911428779364,23.128489963710308
1212,223.337885828,448,24,7,2927,8781,16,20.64023190177977,0.5620319861918688,2.9177910182625055,0.645108986645937,24.765163892880082
1213,223.7278017,434,23,5,2932,8802,21,19.734116969630122,0.5591060034930706,0.71868603117764,0.7280819118022919,21.739990916103125
1214,223.825285293,429,25,7,2939,8827,25,19.91189899854362,0.6759660318493843,0.7135060150176287,0.7105388212949038,22.011909866705537
1215,223.92276172,434,22,2,2941,8837,10,20.617218920961022,0.6581121124327183,1.071305014193058,3.0349609442055225,25.38159699179232
1216,224.117707281,463,26,12,2953,8863,26,20.424257963895798,0.5823499523103237,0.7643599528819323,0.6815071683377028,22.452475037425756
1217,224.507604612,463,21,8,2961,8885,22,20.911701023578644,0.5947931203991175,0.7185752037912607,0.6372327916324139,22.862302139401436
1218,224.605086872,467,20,5,2966,8899,14,21.327319089323282,0.5722709465771914,0.6707760039716959,0.6582909263670444,23.228656966239214
1219,224.800035225,479,28,9,2975,8942,43,21.130980923771858,0.567553099244833,0.7290649227797985,0.656808027997613,23.084406973794103
1220,225.189944805,505,25,7,2982,8961,19,26.413918938487768,0.6041110027581453,0.9119361639022827,0.6483439356088638,28.57831004075706
1221,225.384899408,503,26,6,2988,8974,13,22.316680988296866,1.213952898979187,1.2624820228666067,0.6429231725633144,25.436039082705975
1222,225.482372376,496,19,5,2993,8982,8,25.122041115537286,0.9405899327248335,0.8467249572277069,0.8430280722677708,27.752384077757597
1223,225.969797425,483,18,7,3000,9001,19,23.650246206671,0.598380109295249,0.6914839614182711,0.8684757631272078,25.808586040511727
1224,226.067226852,495,20,6,3006,9016,15,22.290180902928114,5.485907895490527,0.7070540450513363,0.6772961933165789,29.160439036786556
1225,226.164699278,497,20,2,3008,9023,7,27.873019920662045,0.8109880145639181,0.7074140012264252,1.6073391307145357,30.998761067166924
1229,226.652111536,487,22,12,3020,9064,41,30.34780197776854,0.7708629127591848,1.3980360236018896,0.6699350196868181,33.18663593381643
1230,226.749545504,497,21,6,3026,9083,19,22.987626027315855,0.9957030415534973,0.6572401616722345,0.6416919641196728,25.28226119466126
1231,226.944492148,455,19,11,3037,9106,23,22.18741807155311,1.964727183803916,0.6894799880683422,0.6442267913371325,25.4858520347625
1232,227.041964533,490,19,4,3041,9119,13,22.35065307468176,0.5740351043641567,0.6645428948104382,0.6612588185817003,24.250489892438054
1233,227.431858906,478,19,5,3046,9131,12,23.083614883944392,0.5811068695038557,0.6854529492557049,0.6840911228209734,25.034265825524926
1234,227.626806925,496,15,4,3050,9139,8,24.38309811986983,0.571118900552392,0.6643040105700493,0.6672078743577003,26.28572890534997
1235,227.72428181,497,15,4,3054,9152,13,23.62722298130393,0.5878510419279337,0.6973959971219301,0.8300929330289364,25.74256295338273
1236,228.114176516,489,18,11,3065,9175,23,23.865669034421444,0.6500068120658398,1.147247850894928,0.8110583294183016,26.473982026800513
1237,228.30916891,488,26,10,3075,9208,33,22.848826134577394,3.187426133081317,0.7846290245652199,0.6527816876769066,27.473662979900837
1238,228.406644712,442,17,6,3081,9221,13,21.59099094569683,0.6126770749688148,0.7066919934004545,0.6703659892082214,23.58072600327432
1239,228.893968219,435,21,10,3091,9255,34,21.05842507444322,1.4395439065992832,1.7683699261397123,0.8543902076780796,25.120729114860296
1240,228.991441646,465,16,3,3094,9263,8,23.448649095371366,0.5701570771634579,0.6679499056190252,0.6562687922269106,25.34302487038076
1241,229.08891428,508,13,6,3100,9270,7,24.81089881621301,0.6654360331594944,0.7951778825372458,0.770442420616746,27.041955152526498
1242,229.576284538,483,15,9,3109,9287,17,22.835440933704376,0.7985548581928015,1.0716849938035011,3.9510452188551426,28.65672600455582
1243,229.673757756,508,19,7,3116,9312,25,23.43118586577475,0.5717098247259855,0.6735711358487606,0.6459702271968126,25.32243705354631
1244,229.868704942,516,10,0,3116,9316,4,23.243185132741928,0.8652100805193186,0.785039970651269,0.856851926073432,25.750287109985948
1245,230.258602273,535,16,4,3120,9333,17,23.474948015064,0.5752870347350836,0.678960932418704,0.6800019182264805,25.40919790044427
1246,230.356072991,521,14,5,3125,9344,11,24.635941023007035,0.592568889260292,0.6692931056022644,0.7639899849891663,26.661793002858758
1247,230.551021636,504,17,7,3132,9359,15,22.416596999391913,0.576268881559372,0.673521077260375,0.622154213488102,24.288541171699762
1248,230.9409173,535,20,12,3144,9382,23,27.001237962394953,0.564156100153923,0.6751639302819967,0.6360309198498726,28.876588912680745
1249,231.038392685,545,18,4,3148,9398,16,25.591049110516906,0.614300137385726,0.8272191043943167,0.6589915137737989,27.691559866070747
1250,231.233327204,589,22,15,3163,9426,28,30.525726033374667,0.6243691314011812,0.9099929593503475,3.4879869781434536,35.54807510226965
1251,231.623212702,507,17,7,3170,9444,18,25.676788995042443,0.5714287981390953,0.6635920144617558,0.6345391739159822,27.546348981559277
1252,231.818149263,554,21,9,3179,9471,27,30.005220789462328,0.8535080123692751,1.4739988837391138,6.300071254372597,38.632798939943314
1253,231.915660356,532,22,4,3183,9486,15,24.757168954238296,0.6628811825066805,0.7374400738626719,0.7606528233736753,26.918143033981323
1254,232.402972363,520,14,7,3190,9500,14,25.293150916695595,0.5852750036865473,0.6916748825460672,0.6668590940535069,27.236959896981716
1255,232.500448165,507,14,4,3194,9508,8,25.030639953911304,0.5650969687849283,0.6713971961289644,0.6488848011940718,26.91601892001927
1256,232.695392935,505,14,4,3198,9516,8,23.18354300223291,1.43385399132967,0.6717380601912737,0.6349869072437286,25.92412196099758
1260,233.085266349,514,18,9,3207,9538,22,25.687308982014656,0.6377340760082006,0.7114710751920938,0.7390838582068682,27.77559799142182
1261,233.182729108,521,18,7,3214,9555,17,25.250391103327274,0.8020808454602957,0.7845989894121885,0.9176279418170452,27.754698880016804
1262,233.377710545,533,18,1,3215,9566,11,23.672347888350487,0.5951139610260725,0.6753141060471535,0.7593410555273294,25.702117010951042
1264,233.864930219,547,27,11,3226,9601,35,29.360224027186632,0.5813080351799726,0.7342940662056208,0.6499467417597771,31.325772870332003
1265,233.962373479,556,22,5,3231,9617,16,27.65616402029991,0.6195199675858021,0.8660710882395506,0.7281317375600338,29.869886813685298
1266,234.05982378,549,27,7,3238,9641,24,24.807041976600885,2.6349718682467937,1.2043439783155918,4.490755032747984,33.137112855911255
1267,234.449660694,568,21,11,3249,9661,20,27.444928884506226,0.5897039081901312,0.9931190870702267,0.6280350498855114,29.655786929652095
1268,234.644603589,567,22,8,3257,9680,19,25.08679497987032,0.5806460976600647,0.6632520817220211,0.6415508687496185,26.972244028002024
1269,234.839550692,578,23,2,3259,9691,11,25.299072032794356,0.6313719786703587,0.7113111205399036,0.6563488859683275,27.298104017972946
1273,235.229447564,547,21,9,3268,9711,20,23.96604814566672,0.5927090533077717,0.6780191324651241,0.6480826996266842,25.8848590310663
1274,235.326919991,539,21,9,3277,9735,24,24.646050995215774,0.568644842132926,0.6909528747200966,0.65454444848001,26.560193160548806
1275,235.52191201,526,13,3,3280,9740,5,27.400584891438484,1.4200280420482159,0.9806351736187935,1.0167749132961035,30.818023020401597
1277,236.009281476,552,14,8,3288,9756,16,24.744844995439053,0.5853150505572557,0.6752130575478077,0.6664691027253866,26.671842206269503
1278,236.106776944,545,11,3,3291,9762,6,24.417491862550378,0.572812044993043,0.6516901776194572,0.6239379290491343,26.265932014212012
1279,236.204270662,550,15,8,3299,9779,17,25.04567801952362,0.6424018647521734,0.6981771439313889,0.8315870072692633,27.217844035476446
1280,236.691762961,539,21,14,3313,9806,27,24.08152399584651,0.558365136384964,0.6720069795846939,0.6549058016389608,25.96680191345513
1281,236.789208679,572,21,9,3322,9830,24,26.56380902044475,0.5973679944872856,1.7901009414345026,0.7031969726085663,29.654474928975105
1282,236.984178032,579,27,8,3330,9862,32,24.55610199831426,0.5790139548480511,0.7546120323240757,0.6803239230066538,26.570051908493042
1283,237.374104155,590,35,12,3342,9905,43,25.54364991374314,0.6031589582562447,0.8228800725191832,0.6596951279789209,27.629384072497487
1284,237.569062549,572,31,8,3350,9925,20,24.378289002925158,0.558916013687849,0.7360279560089111,0.6363410502672195,26.309574022889137
1285,237.666547392,590,28,8,3358,9957,32,24.330979911610484,0.5673419218510389,0.7480299100279808,0.6409201305359602,26.287271874025464
1286,238.153936941,578,28,16,3374,9983,26,23.141012992709875,0.5651179235428572,0.7488219998776913,0.6450270302593708,25.099979946389794
1287,238.251421701,530,25,20,3394,10011,28,21.43093291670084,0.6886390037834644,0.7972419261932373,0.7646910380572081,23.68150488473475
1288,238.446370929,557,29,6,3400,10041,30,22.830201080068946,0.6666269619017839,0.7656628731638193,0.6722700782120228,24.934760993346572
1289,238.83627901,569,20,10,3410,10052,11,23.10570701956749,1.1774038430303335,2.952605951577425,0.6975161377340555,27.933232951909304
1290,238.933753145,568,29,5,3415,10074,22,23.205383913591504,0.5841830279678106,0.7445530500262976,0.6422430742532015,25.176363065838814
1291,239.128700289,582,28,5,3420,10087,13,24.8321988619864,0.6154419388622046,0.7618460804224014,0.7098792120814323,26.919366093352437
1292,239.616071255,590,23,9,3429,10105,18,23.45342794433236,0.5837131757289171,0.6642029620707035,0.6196089088916779,25.32095299102366
1293,239.71354414,586,23,11,3440,10135,30,25.75290179811418,0.6018360145390034,0.7081250660121441,0.692758010700345,27.755620889365673
1294,239.908491034,588,23,3,3443,10149,14,24.066645186394453,0.6536829750984907,0.7118119392544031,0.7484019733965397,26.180542074143887
1295,240.29838549,572,21,8,3451,10170,21,23.56260293163359,0.6101320032030344,0.7005620282143354,0.6807229947298765,25.554019957780838
1296,240.493332885,547,27,9,3460,10201,31,23.946250090375543,0.5854950286448002,0.782824819907546,0.678531127050519,25.993101065978408
1298,240.980702434,559,20,12,3472,10233,32,22.97388995066285,1.387347001582384,1.0597030632197857,0.9889509528875351,26.409890968352556
1299,241.078175902,552,19,3,3475,10243,10,22.950717015191913,0.5829408764839172,0.6714172195643187,0.6433138623833656,24.848388973623514
1300,241.175650203,570,23,6,3481,10258,15,24.14513286203146,0.5750968120992184,0.676455907523632,0.7934554014354944,26.190140983089805
1301,241.663020252,549,23,10,3491,10276,18,24.615534115582705,0.5819788202643394,0.6729289889335632,0.698016956448555,26.568458881229162
1302,241.760495179,565,24,7,3498,10291,15,24.2399200797081,0.6821469869464636,0.7819239981472492,0.8661597967147827,26.570150861516595
1303,241.95544099,600,19,4,3502,10308,17,24.631321895867586,0.5606189370155334,0.6712868344038725,0.6475623231381178,26.51078999042511
1304,242.345335196,615,26,14,3516,10345,37,26.30631811916828,0.5777520127594471,0.745255034416914,0.6676677148789167,28.29699288122356
1305,242.54028384,618,21,6,3522,10361,16,25.26147197932005,0.6026069168001413,0.894955126568675,0.7222830317914486,27.481317054480314
1306,242.637756225,614,29,5,3527,10393,32,25.828794110566378,0.6130470428615808,0.7662649732083082,0.7033559959381819,27.91146212257445
1307,243.125125816,620,26,13,3540,10422,29,24.728894932195544,0.5926401354372501,0.733652850612998,0.6506668869405985,26.70585480518639
1308,243.222600367,620,32,15,3555,10455,33,26.181583991274238,1.2913569808006287,0.8731938432902098,0.837177038192749,29.183311853557825
1309,243.41754797,612,22,3,3558,10461,6,24.699741043150425,0.5874801427125931,0.687215942889452,0.6440549623221159,26.618492091074586
1310,243.807449468,601,25,15,3573,10488,27,24.31715512648225,0.574254896491766,0.6798019167035818,0.6516689900308847,26.22288092970848
1311,244.002391904,589,23,10,3583,10529,41,23.838719120249152,0.5695859435945749,0.693317037075758,0.6345889996737242,25.73621110059321
1312,244.099863997,591,28,5,3588,10549,20,25.290166027843952,0.9812971111387014,0.7593110203742981,0.6781488191336393,27.70892297849059
1313,244.587234213,591,23,8,3596,10566,17,24.744173977524042,0.5694860592484474,0.6778889801353216,0.6612569559365511,26.652805972844362
1314,244.684706973,612,22,4,3600,10581,15,26.01527306251228,0.5869979504495859,0.6990579422563314,0.6527029909193516,27.954031946137547
1316,245.269551573,590,21,7,3607,10595,14,23.50103692151606,0.5661400500684977,0.6696030031889677,0.6322339177131653,25.36901389248669
1317,245.367026749,575,16,8,3615,10612,17,23.924168897792697,0.596947968006134,0.6961128674447536,0.6791003979742527,25.896330131217837
1318,245.464498843,580,19,1,3616,10620,8,23.74735800549388,0.5634441040456295,0.6662069354206324,0.647412845864892,25.624421890825033
1319,245.951869516,569,22,16,3632,10656,36,24.13741801865399,0.6317130755633116,0.7244560401886702,0.6557868327945471,26.149373967200518
1320,246.049384776,583,17,4,3636,10669,13,25.601558154448867,0.6149408873170614,0.7540511433035135,0.6578618194907904,27.628412004560232
1321,246.244330879,580,19,7,3643,10680,11,23.91495113261044,0.5722411442548037,0.6677100900560617,0.6431445945054293,25.798046961426735
1322,246.634223627,568,25,12,3655,10709,29,23.81852106191218,0.5910070613026619,0.7542420644313097,0.6665568798780441,25.830327067524195
1323,246.829131938,573,21,6,3661,10732,23,23.414013907313347,0.5792649462819099,0.6823970470577478,0.6949100643396378,25.370585964992642
1325,247.316502029,591,16,11,3672,10745,13,24.09073105081916,0.7213698700070381,1.459561986848712,0.6945999339222908,26.9662628415972
1326,247.41397433,585,17,3,3675,10754,9,24.109185207635164,0.6618190091103315,0.7263890001922846,0.7274018134921789,26.22479503042996
1327,247.608923558,589,16,5,3680,10772,18,24.091281928122044,0.6506480276584625,0.6822370924055576,0.9749550372362137,26.399122085422277
1328,247.998827639,606,26,13,3693,10805,33,24.898132076486945,0.5919779650866985,0.7640398107469082,0.745836179703474,26.999986032024026
1329,248.19377645,615,26,14,3707,10827,22,24.460582993924618,0.5815480835735798,0.7619459647685289,0.6492347456514835,26.45331178791821
1330,248.29125096,615,25,8,3715,10840,13,25.193904992192984,1.2562109623104334,0.7175630889832973,0.8136138785630465,27.98129292204976
1331,248.778620009,594,24,11,3726,10869,29,23.659823928028345,0.657019903883338,0.779859023168683,0.6874471437186003,25.784149998798966
1332,248.876095227,591,27,11,3737,10898,29,24.093325017020106,0.8689770475029945,0.7482911460101604,0.8705088403075933,26.581102050840855
1334,249.460935702,579,15,7,3744,10910,12,24.46761610917747,0.5843739490956068,0.6605370435863733,0.6225248798727989,26.33505198173225
1335,249.558454004,571,27,10,3754,10948,38,23.152985842898488,0.5802658852189779,0.7634388748556376,0.6984672509133816,25.195157853886485
1336,249.655883639,556,14,3,3757,10953,5,23.05794693529606,0.5776809994131327,0.6827979814261198,0.6550771649926901,24.973503081128
1337,250.143253438,575,24,12,3769,10985,32,23.388966917991638,0.8038650266826153,0.8741659112274647,0.7841172628104687,25.851115118712187
1338,250.338199999,587,18,7,3776,11001,16,23.62722298130393,0.6813250947743654,0.7253780495375395,0.7618458475917578,25.795771973207593
1339,250.435715509,576,23,5,3781,11006,5,23.96919298917055,0.5729719996452332,0.6673990283161402,0.6740819662809372,25.883645983412862
1340,250.923066141,582,19,8,3789,11016,10,23.941060062497854,0.5623321048915386,0.6477618589997292,0.6476240232586861,25.798778049647808
1341,251.020576484,602,23,5,3794,11035,19,25.263746036216617,0.6591940764337778,0.7046791724860668,0.7146678399294615,27.342287125065923
1343,251.605388751,590,20,8,3802,11059,24,23.842555936425924,0.5778721533715725,0.6751539185643196,0.6763159763067961,25.771897984668612
1344,251.702864469,583,22,9,3811,11071,12,23.83006294257939,0.5786130204796791,0.6926259957253933,0.6432840600609779,25.74458601884544
1345,251.800337271,589,18,2,3813,11078,7,25.00660507939756,0.580446096137166,0.6798019167035818,0.632645096629858,26.899498188868165
1346,252.287698695,584,17,7,3820,11096,18,24.18637997470796,0.5755380261689425,0.6956020370125771,0.7602518890053034,26.217771926894784
1347,252.385172246,600,17,2,3822,11099,3,25.449113920331,0.7364989724010229,1.544079976156354,0.7691581267863512,28.49885099567473
1349,252.970016263,553,19,6,3828,11111,12,25.18936712294817,0.9532340336591005,0.7039878983050585,0.9163047652691603,27.76289382018149
1350,253.06749844,523,24,3,3831,11123,12,23.25080893933773,0.6640029605478048,0.7306081242859364,0.6702740211039782,25.31569404527545
1351,253.165011283,517,16,3,3834,11128,5,22.90483098477125,0.7334230467677116,0.6887998897582293,0.7024540100246668,25.02950793132186
1352,253.652331624,422,19,10,3844,11146,18,18.612558022141457,0.5845839623361826,0.6804938893765211,0.6298182997852564,20.507454173639417
1353,253.847279893,426,17,2,3846,11156,10,19.413806963711977,0.5656590219587088,0.6817160174250603,0.6308199372142553,21.29200194031
1355,254.334649609,306,5,4,3850,11165,9,14.514096081256866,0.6058639846742153,0.7290039211511612,0.654635950922966,16.50359993800521
1356,254.432126702,299,8,1,3851,11165,0,14.120338950306177,0.6044611800462008,0.6557179149240255,0.6298189982771873,16.01033704355359
1357,254.529597003,302,7,1,3852,11165,0,16.11758815124631,0.7782659959048033,0.7189449388533831,1.4292558189481497,19.044054904952645
1358,255.016965677,296,10,6,3858,11168,3,14.06270102597773,0.5564810708165169,0.6357799284160137,0.6170559208840132,15.872017946094275
1359,255.114440062,318,14,2,3860,11174,6,15.207363991066813,0.8996240794658661,0.8669029921293259,0.8377870544791222,17.811678117141128
1361,255.699283079,272,7,3,3863,11179,5,14.333148021250963,0.5483769346028566,0.6389960180968046,0.6474209949374199,16.167941968888044
1362,255.796756256,271,6,0,3863,11180,1,14.397467020899057,0.5227490328252316,0.7359178271144629,0.8437179494649172,16.49985183030367
1363,255.894231307,262,4,1,3864,11182,2,13.54633504524827,0.5888720043003559,0.7256080862134695,0.7648719474673271,15.625687083229423
1364,256.28412593,274,3,2,3866,11185,3,13.864910928532481,1.4872329775243998,1.1775740422308445,0.7360491435974836,17.26576709188521
1365,256.479074699,265,6,1,3867,11190,5,12.961970875039697,0.5641861353069544,0.6597151514142752,0.6752538029104471,14.861125964671373
1367,256.966452707,238,4,2,3869,11193,3,13.382889097556472,0.6307801231741905,0.6721280515193939,0.646490603685379,15.332287875935435
1368,257.063916925,238,7,3,3872,11197,4,12.543258024379611,0.654545146971941,0.7953178137540817,0.6342469714581966,14.62736795656383
1369,257.161432809,243,6,1,3873,11197,0,12.772787129506469,0.7629080209881067,1.2009870260953903,0.9100739844143391,15.646756161004305
1370,257.648759358,223,3,2,3875,11200,3,11.78769301623106,0.5802060477435589,0.6539039313793182,0.6479830481112003,13.669786043465137
1371,257.746232952,225,3,1,3876,11202,2,13.197472086176276,0.7423299830406904,0.660426914691925,0.7694188971072435,15.369647881016135
1373,258.331076969,247,4,2,3878,11204,2,12.646059971302748,0.6138489115983248,0.6793220527470112,0.7038470357656479,14.643077971413732
1374,258.428550312,247,2,0,3878,11204,0,13.686696998775005,0.5365638062357903,0.6900308653712273,0.7120941299945116,15.625385800376534
1375,258.526075197,247,4,2,3880,11207,3,13.178677065297961,0.6185369566082954,0.753199914470315,0.6987180095165968,15.249131945893168
1376,258.915959027,234,3,3,3883,11210,3,12.075151083990932,0.5216659046709538,0.6785099394619465,0.7086070254445076,13.98393395356834
1377,259.110867464,223,2,0,3883,11210,0,12.394709046930075,1.2357328087091446,0.6596341263502836,0.6519521120935678,14.94202809408307
1378,259.208391015,243,5,2,3885,11215,5,12.33019889332354,0.5778218619525433,0.6355999503284693,0.6313503254204988,14.174971031025052
1379,259.695699522,230,4,1,3886,11218,3,11.782363057136536,0.5758979823440313,0.641640042886138,0.6685629487037659,13.66846403107047
1380,259.793173199,218,3,1,3887,11220,2,13.346922118216753,0.6043410394340754,1.0921137873083353,0.6921349558979273,15.735511900857091
1382,260.378009966,252,2,1,3888,11221,1,17.596275079995394,0.6274441257119179,0.9273658506572247,0.64899493008852,19.800079986453056
1383,260.475478976,228,3,1,3889,11222,1,12.67438312061131,0.5785429384559393,0.6464899051934481,0.6665270775556564,14.565943041816354
1384,260.572954527,235,3,1,3890,11224,2,12.161683989688754,1.0536620393395424,0.6710859015583992,0.9380551055073738,14.82448703609407
1385,260.962850233,197,2,0,3890,11224,0,11.339343851432204,0.48490683548152447,0.7292150985449553,0.6192591972649097,13.172724982723594
1386,261.157797211,231,6,3,3893,11232,8,12.806759914383292,0.5771098658442497,0.8299939800053835,0.7669362239539623,14.980799984186888
1388,261.64520876,227,4,2,3895,11237,5,13.176953885704279,1.1944659054279327,1.4248071238398552,0.8397200144827366,16.635946929454803
1389,261.742640561,238,2,0,3895,11237,0,13.019167818129063,0.9344490244984627,0.6814049556851387,0.6715382914990187,15.306560089811683
1391,262.230009444,239,3,1,3896,11238,1,14.480854151770473,0.6007140036672354,0.6691829767078161,0.6961128674447536,16.446863999590278
1392,262.327482912,231,2,1,3897,11239,1,12.101589934900403,0.5598580464720726,0.6253710016608238,0.6202009972184896,13.907019980251789
1393,262.424956672,237,3,1,3898,11240,1,12.514081783592701,1.305202953517437,0.6923850160092115,0.6539563182741404,15.16562607139349
1394,262.814853252,272,7,3,3901,11248,8,13.715189881622791,0.6215539760887623,0.7415181025862694,0.7214308716356754,15.799692831933498
1395,263.009845772,231,4,1,3902,11248,0,12.528679799288511,1.4270611573010683,0.6339058745652437,0.7044891826808453,15.294136013835669
1398,263.594643373,242,4,3,3905,11254,6,12.389348819851875,0.6511991377919912,0.7012018468230963,0.6802941206842661,14.422043925151229
1399,263.692162966,242,3,1,3906,11256,2,12.458248063921928,1.2080010492354631,0.9618510957807302,0.6699326913803816,15.298032900318503
1400,263.789591809,236,2,0,3906,11256,0,12.50540604814887,0.5585050676018,0.6732798647135496,0.7309189531952143,14.468109933659434
1401,264.179490223,257,4,2,3908,11260,4,12.989641865715384,0.569365918636322,0.6230559665709734,0.6382351275533438,14.820298878476024
1402,264.276959774,268,4,0,3908,11260,0,13.434635009616613,0.5117878317832947,0.7266600150614977,0.8142553269863129,15.487338183447719
1404,264.861804041,223,8,3,3911,11269,9,12.690684059634805,0.5856459029018879,0.6653349846601486,0.6456880364567041,14.587352983653545
1405,264.959277051,233,4,0,3911,11270,1,12.854309054091573,0.5188819486647844,0.6908541545271873,0.6715648341923952,14.73560999147594
1406,265.056756061,243,4,0,3911,11270,0,12.482983991503716,0.4691279027611017,0.6485139019787312,0.6544962525367737,14.255122048780322
1407,265.446636684,241,6,1,3912,11273,3,13.398397946730256,0.600544037297368,0.6744428537786007,0.6533621344715357,15.32674697227776
1408,265.641583287,262,7,1,3913,11276,3,13.474059058353305,0.600314000621438,0.643464969471097,0.6590329576283693,15.37687098607421
1411,266.226427304,235,6,0,3913,11276,0,13.218511128798127,0.5809268914163113,0.736959045752883,0.669433968141675,15.205831034108996
1412,266.323902563,233,5,2,3915,11281,5,12.354583945125341,0.5676629953086376,0.6616488099098206,0.7106093689799309,14.29450511932373
1413,266.421375198,245,4,0,3915,11281,0,13.476533815264702,0.5110460333526134,0.7052798755466938,0.706222141161561,15.39908186532557
1414,266.811269946,277,4,1,3916,11283,2,14.013740001246333,0.5536670796573162,0.638134079053998,0.6143988575786352,15.819940017536283
1415,266.908744664,256,5,0,3916,11284,1,13.936645118519664,0.5653179250657558,0.8007290307432413,0.6828377954661846,15.985529869794846
1417,267.493589556,229,6,4,3920,11297,13,12.423042207956314,0.5407920107245445,0.6408088374882936,0.6094521377235651,14.214095193892717
1418,267.591060482,217,5,0,3920,11297,0,12.23944895900786,0.5247420631349087,0.8967481553554535,0.9362527634948492,14.59719194099307
1419,267.688533451,241,5,0,3920,11297,0,12.435294920578599,0.8029630407691002,1.007345039397478,0.6637531332671642,14.909356134012341
1420,268.078429906,253,6,3,3923,11308,11,13.712055049836636,2.0015770569443703,1.5422760043293238,1.0425420477986336,18.298450158908963
1421,268.273383009,260,6,2,3925,11311,3,13.11406516470015,0.5883108824491501,0.667158979922533,0.6277349311858416,14.997269958257675
1423,268.760746892,247,4,1,3926,11313,2,15.647387132048607,1.1537089012563229,1.1851380113512278,0.7860218174755573,18.772255862131715
1424,268.858221985,216,4,1,3927,11315,2,12.020268943160772,0.5649670492857695,0.6634818855673075,0.6312010809779167,13.879918958991766
1425,268.95569387,223,6,2,3929,11321,6,12.883184012025595,0.7824939675629139,0.7591908797621727,0.814325176179409,15.23919403553009
1426,269.44310946,272,5,2,3931,11327,6,13.760515954345465,0.6934578996151686,1.0972039308398962,0.7151782047003508,16.26635598950088
1427,269.540577595,274,6,1,3932,11331,4,15.311738941818476,0.7387129589915276,0.7230241317301989,0.7317790295928717,17.505255062133074
1429,270.12544282,233,6,4,3936,11342,11,12.5241510104388,0.978752039372921,0.6584429647773504,0.6578408647328615,14.819186879321933
1430,270.222853955,221,7,1,3937,11345,3,13.014169177040458,0.8332200814038515,0.9364031720906496,0.7283925078809261,15.512184938415885
1432,270.710223379,254,6,3,3940,11354,9,13.040177058428526,0.5690448451787233,1.087134936824441,0.8873310871422291,15.58368792757392
1433,270.807699139,246,6,2,3942,11358,4,13.152056839317083,0.6986069492995739,0.7521980442106724,0.8290121331810951,15.431873966008425
1434,270.905172149,247,6,1,3943,11362,4,13.578213984146714,0.5899439565837383,0.6865249015390873,0.6597263272851706,15.51440916955471
1435,271.392541198,252,4,1,3944,11364,2,13.70094413869083,0.5917178932577372,0.6953210104256868,0.8834439795464277,15.871427021920681
1436,271.490014832,246,7,3,3947,11373,9,12.280035065487027,0.6960229948163033,0.9987291414290667,1.0324418544769287,15.007229056209326
1438,272.074907891,227,7,3,3950,11382,9,12.275545857846737,0.5606790073215961,0.6902019958943129,0.6218941416591406,14.148321002721786
1439,272.172330734,242,5,1,3951,11384,2,13.55259702540934,0.5930401384830475,0.6658360362052917,0.6475918926298618,15.459065092727542
1440,272.269805411,232,6,1,3952,11386,2,12.563464930281043,0.6277549546211958,0.8598489221185446,0.9456411935389042,14.996710000559688
1441,272.659700575,230,4,1,3953,11387,1,12.479708064347506,0.5926890298724174,0.6774479988962412,0.6421518046408892,14.391996897757053
1442,272.854691095,250,5,0,3953,11387,0,14.405403053388,0.6642630323767662,0.6999010220170021,0.7388417143374681,16.508408822119236
1444,273.342011185,205,6,4,3957,11393,6,12.27397401817143,0.5921381525695324,0.9813371580094099,0.6966926157474518,14.544141944497824
1445,273.439492945,202,7,1,3958,11400,7,11.63881504908204,0.564696965739131,0.6394670344889164,0.6479818839579821,13.49096093326807
1446,273.536945788,191,4,0,3958,11400,0,11.526683811098337,0.5645169876515865,0.7350160740315914,0.7875941228121519,13.613810995593667
1447,274.024302879,256,5,2,3960,11406,6,12.76928000152111,0.6243789102882147,1.6114460304379463,0.6465110927820206,15.651616035029292
1448,274.121766514,225,6,0,3960,11406,0,12.600403977558017,0.5196318961679935,0.7795391138643026,0.802983995527029,14.702558983117342
1450,274.706599781,231,3,1,3961,11406,0,12.9458699375391,0.5663707852363586,0.7128738798201084,0.6593053694814444,14.884419972077012
1451,274.804068874,210,4,0,3961,11407,1,12.20371201634407,0.5018999800086021,1.2402411084622145,0.7390528917312622,14.68490599654615
1453,275.291422464,222,8,5,3966,11421,14,11.965506011620164,0.5397298373281956,0.6430530920624733,0.5954459775239229,13.743734918534756
1454,275.388896891,220,6,1,3967,11421,0,11.93054998293519,0.5616010166704655,0.6317428778856993,0.6338362582027912,13.757730135694146
1455,275.486368651,218,7,1,3968,11428,7,12.121407082304358,0.5876498762518167,0.6404779851436615,0.6492959801107645,13.998830923810601
1456,275.876232565,220,5,2,3970,11432,4,13.591449009254575,1.3166950084269047,0.8114490192383528,0.8636759594082832,16.583268996328115
1457,276.071158626,228,7,1,3971,11437,5,12.603671057149768,0.6027380004525185,0.6895710248500109,0.7106189150363207,14.606598997488618
1459,276.558456967,214,7,4,3975,11449,12,12.188343098387122,0.5594270769506693,1.499657053500414,0.7358267903327942,14.983254019171
1460,276.655895518,206,8,0,3975,11452,3,11.535030091181397,0.5072490312159061,0.6781290285289288,0.6465909536927938,13.366999104619026
1461,276.850768788,213,8,2,3977,11459,7,12.512278975918889,0.6621689535677433,0.7386030629277229,0.6603060755878687,14.573357068002224
1462,277.240528452,233,8,5,3982,11472,13,13.152958825230598,0.9502589236944914,0.7089870050549507,0.8695472497493029,15.681752003729343
1463,277.337948753,236,9,2,3984,11475,3,12.294191168621182,0.54926797747612,0.6560080219060183,0.6173357833176851,14.116802951321006
1465,277.922547437,251,7,5,3989,11485,10,12.802042067050934,0.5680641625076532,0.6707659922540188,0.6205197423696518,14.661391964182258
1466,278.01998853,241,3,0,3989,11485,0,14.453924028202891,0.514291925355792,0.7458759937435389,0.8932119235396385,16.60730387084186
1468,278.507208038,210,5,3,3992,11490,5,11.893169954419136,3.008130006492138,0.794706866145134,0.7651941850781441,16.461201012134552
1469,278.604662256,230,12,6,3998,11500,10,12.661848915740848,0.5780819337815046,0.6868161726742983,0.6359301041811705,14.562677126377821
1470,278.702113724,228,7,0,3998,11501,1,11.969844810664654,0.48276293091475964,0.6753841880708933,0.6472012028098106,13.775193132460117
1471,279.09195518,222,11,6,4004,11504,3,13.234380865469575,0.6496061105281115,0.6886690389364958,0.7427399978041649,15.315396012738347
1472,279.286882616,210,9,3,4007,11504,0,12.890147045254707,0.5526950117200613,1.1496120132505894,0.6395659875124693,15.232020057737827
1475,279.871725258,238,17,13,4020,11511,7,13.497463194653392,0.6266930140554905,0.7619659882038832,0.684571685269475,15.57069388218224
1476,279.969198518,215,21,6,4026,11528,17,11.727861128747463,0.556581886485219,0.6471509113907814,0.6235882174223661,13.55518214404583
1477,280.066713569,203,22,3,4029,11545,17,12.330368859693408,0.6063550245016813,0.9146819356828928,0.8027921430766582,14.65419796295464
1478,280.456568942,214,10,3,4032,11559,14,11.972728883847594,0.5875700153410435,0.8392110466957092,0.6610369309782982,14.060546876862645
1479,280.554042243,175,7,2,4034,11563,4,10.803861077874899,0.6004238966852427,0.7303270976990461,0.7511659059673548,12.885777978226542
1481,281.138949052,185,4,2,4036,11566,3,11.023141909390688,0.5771701689809561,0.6882878951728344,0.6727192085236311,12.96131918206811
1482,281.236444729,191,3,1,4037,11568,2,11.351647088304162,0.6133578717708588,0.6500359158962965,0.6721892859786749,13.287230161949992
1484,281.724048027,203,8,6,4043,11575,7,12.707154033705592,0.72815315797925,0.70230383425951,0.713706947863102,14.851317973807454
1485,281.821563829,231,3,0,4043,11577,2,12.161693070083857,0.8554910309612751,3.0993209220469,0.6935389246791601,16.81004394777119
1486,282.01657389,220,2,0,4043,11578,1,12.074038852006197,0.4673341754823923,0.6469408981502056,0.6126579828560352,13.80097190849483
1487,282.406640429,200,3,3,4046,11581,3,11.316942051053047,0.4932330921292305,0.6339459214359522,0.6185378879308701,13.0626589525491
1488,282.601587574,202,3,1,4047,11584,3,11.527396040037274,0.5717999301850796,1.0150100570172071,0.6355990190058947,13.749805046245456
1490,283.089064706,203,4,2,4049,11588,4,12.124183122068644,0.5553090013563633,0.6424719467759132,0.656037824228406,13.978001894429326
1491,283.186558091,204,2,1,4050,11589,1,11.496117105707526,0.7624770514667034,1.14460289478302,0.8736457675695419,14.276842819526792
1492,283.284053101,195,4,1,4051,11591,2,12.221014127135277,0.7923441007733345,0.7635690271854401,0.800958601757884,14.577885856851935
1493,283.771487441,193,6,3,4054,11602,11,13.191449921578169,0.5846749991178513,0.6677599158138037,0.6483832839876413,15.092268120497465
1494,283.868970868,189,4,1,4055,11603,1,11.691974010318518,0.615652883425355,0.6828377954661846,0.6649941205978394,13.655458809807897
1496,284.453813885,222,5,4,4059,11613,10,11.992014944553375,0.644064974039793,0.7887869141995907,0.6561081390827894,14.080974971875548
1497,284.551318937,208,6,0,4059,11615,2,11.85453892685473,0.48923585563898087,0.663120998069644,0.6288161966949701,13.635711977258325
1499,285.038657027,239,1,1,4060,11615,0,13.863117899745703,1.4049890451133251,0.002955785021185875,0.6853023078292608,15.956365037709475
1500,285.136132329,228,3,2,4062,11616,1,13.127231039106846,0.5952341016381979,0.6478228606283665,0.6258899811655283,14.996177982538939
1501,285.233606172,243,5,3,3982,11622,6,13.670968124642968,0.5897239316254854,0.6857442203909159,0.6721168756484985,15.618553152307868
1502,285.720977137,213,5,1,3983,11622,0,12.117580976337194,0.5638259463012218,0.6581321358680725,0.6193178705871105,13.9588569290936
1503,285.81844898,226,3,1,3984,11624,2,13.785331975668669,0.591878080740571,0.6620690692216158,0.6680507212877274,15.707329846918583
1505,286.403291581,232,4,3,3987,11630,6,12.729024980217218,0.5637449212372303,0.638454919680953,0.6183471996337175,14.54957202076912
1506,286.500803132,235,2,0,3987,11630,0,12.610694160684943,0.4926819819957018,0.6567188538610935,0.6179071497172117,14.37800214625895
1507,286.598280892,257,2,0,3987,11630,0,13.667210936546326,0.5012389738112688,0.6750340107828379,0.9321740362793207,15.775657957419753
1508,286.988136223,228,6,5,3992,11637,7,12.407133122906089,0.5645470228046179,0.6741110701113939,0.6355587393045425,14.281349955126643
1509,287.183082826,244,6,1,3993,11637,0,13.061898062005639,0.562191940844059,0.6455280818045139,0.641711987555027,14.911330072209239
1511,287.670460875,241,6,3,3996,11645,8,13.13353213481605,0.560118118301034,0.7689390331506729,0.6115657743066549,15.074155060574412
1512,287.767929176,228,4,0,3996,11645,0,12.517408933490515,0.619478989392519,1.3863949570804834,0.9245611727237701,15.447844052687287
1513,287.865399311,226,5,3,3999,11651,6,12.574085034430027,0.5870091263204813,0.6695140618830919,0.6381736602634192,14.46878188289702
1514,288.352768152,238,6,3,4002,11661,10,12.816187925636768,0.5676629953086376,0.6709159351885319,0.6250690203160048,14.679835876449943
1515,288.547716796,231,4,0,4002,11662,1,12.769110035151243,0.5110260099172592,0.6405790336430073,0.6357608363032341,14.556475915014744
1517,289.03508747,255,4,3,4005,11668,6,14.190731104463339,0.5721000488847494,0.6570587866008282,0.6485551130026579,16.068445052951574
1518,289.132558688,261,4,1,4006,11672,4,15.939794946461916,0.9331258479505777,0.7058919873088598,0.7145174313336611,18.293330213055015
1519,289.23003249,259,7,1,4007,11676,4,13.82316299714148,0.6208820268511772,1.0451560374349356,0.6779388058930635,16.167139867320657
1520,289.717401664,249,5,3,4010,11683,7,13.40735494159162,0.6501069292426109,0.677518080919981,0.7005110383033752,15.435490990057588
1521,289.814875424,230,4,0,4010,11683,0,12.728023109957576,0.5595569964498281,0.6717671640217304,0.6713178008794785,14.630665071308613
1523,290.399718816,239,7,7,4017,11696,13,12.97034602612257,1.0698719415813684,1.126118004322052,0.7443041540682316,15.910640126094222
1524,290.497193826,231,5,1,4018,11699,3,12.33593886718154,0.5753969307988882,0.6413199007511139,0.6353002972900867,14.187955996021628
1525,290.594666669,212,5,0,4018,11699,0,12.3821459710598,0.6262219976633787,0.7989860605448484,0.7486909162253141,14.55604494549334
1526,291.082038426,209,6,3,4021,11707,8,12.121267849579453,0.5491978954523802,0.6551169790327549,0.6468191277235746,13.972401851788163
1527,291.179511686,216,5,0,4021,11707,0,11.98728708550334,0.9252419695258141,1.015491085126996,0.629466725513339,14.557486865669489
1529,291.764354495,168,5,5,4026,11715,8,10.695949895307422,0.5427259020507336,0.6570001132786274,0.6352490745484829,12.530924985185266
1530,291.861826129,204,5,0,4026,11721,6,11.844790074974298,0.6466901395469904,0.7252378854900599,0.7005208171904087,13.917238917201757
1531,291.959302639,191,4,0,4026,11721,0,11.69747393578291,0.6288771983236074,0.8026720024645329,0.8008098229765892,13.929832959547639
1532,292.349197928,232,3,3,4029,11724,3,12.60389992967248,0.6061538588255644,0.6980360485613346,0.6314939819276333,14.539583818987012
1533,292.544145865,235,7,1,4030,11729,5,12.81010708771646,0.5809969734400511,0.7076340261846781,0.677608884871006,14.776346972212195
1535,293.12898709,236,6,4,4034,11736,7,13.091983972117305,0.5784928798675537,0.6823169533163309,0.6729001179337502,15.02569392323494
1536,293.226460891,252,9,4,4038,11743,7,14.150495873764157,0.5750260315835476,0.6527609657496214,0.6395070813596249,16.01778995245695
1538,293.71383981500003,286,8,3,4041,11752,9,14.67543886974454,0.5542179569602013,0.6859640125185251,0.6456770934164524,16.561297932639718
1539,293.81132895,285,9,4,4045,11764,12,14.856887981295586,0.5739950574934483,0.6689720321446657,0.665654893964529,16.76550996489823
1540,293.908810668,295,7,1,4046,11767,3,15.112124849110842,0.6490740925073624,0.6808640900999308,0.6776899099349976,17.119752941653132
1541,294.298736124,342,14,10,4056,11794,27,17.32510793954134,0.604251166805625,0.6676288321614265,0.656158197671175,19.253146136179566
1542,294.493696602,363,12,4,4060,11806,12,17.704117111861706,0.5962362047284842,0.6761248223483562,0.6615580059587955,19.63803614489734
1543,294.981097609,379,12,8,4068,11820,14,17.574976198375225,0.5751070566475391,0.656789168715477,0.6534415297210217,19.460313953459263
1544,295.078570869,377,14,3,4071,11827,7,19.01253592222929,0.8921900298446417,0.6572899874299765,0.6293891929090023,21.19140513241291
1545,295.273530222,377,9,0,4071,11829,2,18.902539974078536,0.8185619954019785,1.032763160765171,0.7857109885662794,21.539576118811965
1546,295.760931021,448,8,5,4076,11836,7,21.637529134750366,0.5762989167124033,0.6438151467591524,0.6422318983823061,23.499875096604228
1547,295.858414614,494,8,4,4080,11841,5,22.82034303061664,1.2326869182288647,0.9232279844582081,1.067938981577754,26.044196914881468
1549,296.443289715,615,32,32,4112,11910,69,24.08828609623015,0.535622937604785,0.8038149680942297,0.6987170781940222,26.126441080123186
1550,296.540778349,621,25,9,4121,11923,13,24.13686690852046,0.9357109665870667,0.704208156093955,0.6668888963758945,26.443674927577376
1552,297.02818594,558,10,8,4129,11925,2,22.451663156971335,1.0031471028923988,1.0285149328410625,0.6642637308686972,25.147588923573494
1553,297.125671533,511,18,7,4136,11931,6,21.464023971930146,0.6274138577282429,0.6885589100420475,0.7420892361551523,23.52208597585559
1554,297.22314371,496,14,6,4142,11936,5,21.61810197867453,0.5593569949269295,0.6536140572279692,0.6765970028936863,23.507670033723116
1555,297.710514092,509,8,5,4147,11940,4,21.315595833584666,0.5768188275396824,0.6690819282084703,0.6340884137898684,23.195585003122687
1556,297.905461778,477,7,0,4147,11942,2,19.91342194378376,0.4988929722458124,0.7325110491365194,0.6398078985512257,21.784633863717318
1558,298.392832536,402,5,2,4149,11942,0,18.282850040122867,0.5762588698416948,0.4737160634249449,0.6550161633640528,19.98784113675356
1559,298.490306962,408,3,0,4149,11942,0,17.895315075293183,0.6764258723706007,0.5843830294907093,0.7025860249996185,19.858710002154112
1560,298.977673178,289,11,10,4159,11961,19,14.233571011573076,0.5936820525676012,0.6974460557103157,0.6097098812460899,16.134409001097083
1561,299.075146979,262,4,0,4159,11961,0,13.232546858489513,0.4754699766635895,0.6529029924422503,0.6089392118155956,14.969859039410949
1562,299.270094957,179,5,2,4161,11965,4,11.034073075279593,0.57984609156847,0.6631419528275728,0.6563968490809202,12.933457968756557
1563,299.659989205,117,7,4,4165,11977,12,9.612531866878271,0.5642659962177277,0.6875870749354362,0.6146901287138462,11.479075066745281
1564,299.854938682,127,4,0,4165,11978,1,9.313802933320403,0.4954780451953411,0.6480820011347532,0.6422619335353374,11.099624913185835
1566,300.342307315,123,4,1,4166,11980,2,10.177389020100236,0.589652918279171,0.6688919384032488,0.6603372748941183,12.096271151676774
1567,300.439782783,108,5,2,4168,11986,6,10.125812143087387,0.5990609060972929,0.6905021145939827,0.6526526995003223,12.068027863278985
1569,300.927150957,100,6,3,4171,11995,9,9.585911873728037,1.3942799996584654,0.8144739549607038,0.7758222054690123,12.570488033816218
1570,301.024613883,118,4,0,4171,11995,0,9.085095021873713,0.7388128433376551,1.2260850053280592,2.7842011768370867,13.834194047376513
1571,301.21956107,139,4,0,4171,11996,1,9.674528148025274,0.6040108855813742,1.0499150957912207,0.9513199329376221,12.279774062335491
1572,301.609424859,116,6,2,4173,12001,5,9.344420162960887,2.675106981769204,1.0448060929775238,0.8713207207620144,13.93565395846963
1573,301.804353503,132,6,1,4174,12003,2,9.189429925754666,0.5739340558648109,0.6739119999110699,0.7045881357043982,11.141864117234945
1575,302.291625844,108,5,2,4176,12007,4,8.431521011516452,0.5594971589744091,0.6808850448578596,0.6445557810366154,10.316458996385336
1576,302.389077437,137,5,0,4176,12007,0,9.255334036424756,0.4872418940067291,0.6492049433290958,0.6135080475360155,11.005288921296597
1577,302.876331653,128,4,3,4179,12013,6,9.430139791220427,0.6527621299028397,1.1773130390793085,0.6617489270865917,11.921963887289166
1578,302.973793996,119,5,0,4179,12016,3,9.067080914974213,0.49490598030388355,1.042461022734642,0.828772084787488,11.433220002800226
1579,303.461078628,127,3,1,4180,12018,2,9.615707909688354,0.7554041221737862,0.6436249241232872,0.639256089925766,11.653993045911193
1580,303.558585596,125,7,3,4183,12029,11,9.51344589702785,0.5864070262759924,0.6700940430164337,0.6470519583672285,11.416998924687505
1581,303.753467408,148,6,2,4185,12032,3,9.937088936567307,0.9771690238267183,0.6935179699212313,0.7079360075294971,12.315711937844753
1582,304.143363405,162,6,1,4186,12035,3,10.906464187428355,0.5833110772073269,0.6904720794409513,0.7328728679567575,12.913120212033391
1583,304.338310758,175,4,1,4187,12038,3,11.085849022492766,0.5724118091166019,0.6468810606747866,0.6201909855008125,12.925332877784967
1584,304.825797599,161,4,2,4189,12041,3,9.767352137714624,0.5833120085299015,0.636841868981719,0.6609871052205563,11.648493120446801
1585,304.923324733,158,3,0,4189,12042,1,10.315969120711088,0.6524710915982723,0.6710558664053679,0.6427930202335119,12.28228909894824
1587,305.508083167,143,4,1,4190,12044,2,10.778754018247128,0.6215840112417936,0.9215951431542635,0.6972949486225843,13.019228121265769
1588,305.605586385,146,4,1,4191,12046,2,9.813858894631267,0.7251668721437454,0.6547148805111647,0.7057522889226675,11.899492936208844
1589,305.703041937,133,4,0,4191,12046,0,9.165043942630291,0.47900713980197906,0.6542049814015627,0.6140978075563908,10.912353871390224
1590,306.190345527,138,3,1,4192,12047,1,9.442714042961597,0.6045817863196135,0.657249940559268,0.6750831380486488,11.379628907889128
1591,306.287824621,124,4,0,4192,12048,1,9.48959100060165,0.57236198335886,0.7413879502564669,0.7567261345684528,11.560067068785429
1593,306.872675221,143,6,3,4195,12053,5,10.120663093402982,0.648583984002471,0.7087970152497292,0.6356688681989908,12.113712960854173
1594,306.970136981,138,4,2,4197,12058,5,9.419540176168084,0.8796760812401772,0.636611133813858,0.60498365201056,11.54081104323268
1596,307.457495946,169,3,1,4198,12061,3,10.7360549736768,0.5812579765915871,1.177523983642459,0.638444209471345,13.133281143382192
1597,307.554974456,158,2,0,4198,12061,0,10.197054827585816,0.8676641155034304,0.7127239368855953,0.9259742219001055,12.703417101874948
1599,308.04238188,193,3,2,4200,12063,2,14.7536750882864,1.0014241561293602,0.7440419867634773,0.7617867086082697,17.260927939787507
1600,308.139910098,192,4,1,4201,12066,3,12.195636983960867,1.2717400677502155,0.6864750757813454,1.0378218721598387,15.191673999652267
1601,308.334909785,183,2,0,4201,12066,0,11.149989906698465,0.4861499182879925,0.6341070402413607,0.6627603434026241,12.933007208630443
1602,308.724920907,137,2,0,4201,12067,1,9.22396406531334,0.511005986481905,0.6524310447275639,0.6264038383960724,11.01380493491888
1603,308.919911343,134,2,1,4202,12068,1,8.897722931578755,0.6147010717540979,0.693087000399828,0.6391371134668589,10.84464811719954
1605,309.407355226,145,2,1,4203,12069,1,9.513086173683405,0.5689649842679501,0.6322332192212343,0.6093105766922235,11.323594953864813
1606,309.504830735,152,2,0,4203,12069,0,9.984378004446626,0.5053561180830002,0.6380239501595497,0.6249400321394205,11.752698104828596
1608,309.992210659,153,3,1,4204,12071,2,11.200594017282128,0.7845389191061258,0.6946499925106764,0.7050789427012205,13.384861871600151
1609,310.089682461,148,4,1,4205,12073,2,10.970934992656112,0.6846520118415356,0.6940988823771477,0.6293770857155323,12.979062972590327
1610,310.284631647,150,3,0,4205,12073,0,10.012619895860553,0.482792966067791,0.6471511442214251,0.6252420134842396,11.767806019634008
1611,310.674526853,133,4,1,4206,12076,3,9.899088181555271,0.6630208808928728,0.6809539627283812,0.6911337841302156,11.93419680930674
1612,310.869474039,142,3,0,4206,12076,0,9.281732840463519,0.50144805572927,0.6677601486444473,0.672187888994813,11.12312893383205
1614,311.356888671,80,4,2,4208,12076,0,7.643847027793527,0.5501189734786749,0.48284302465617657,0.6344588473439217,9.3112678732723
1615,311.454318015,4,1,0,4208,12076,0,5.629797000437975,0.7089870050549507,0.002043088898062706,0.913440715521574,7.254267809912562
1616,311.941634522,0,0,0,4208,12076,0,5.8007268235087395,0.01498800702393055,0.0016530975699424744,0.6141802296042442,6.431548157706857
1617,312.039097198,82,11,6,4214,12088,12,9.568850044161081,1.0680388659238815,0.8880419190973043,0.8470360189676285,12.371966848149896
1618,312.23402801,156,7,2,4216,12094,6,10.210882173851132,0.5672720726579428,0.6539030000567436,0.7525286637246609,12.18458591029048
1619,312.623801715,132,3,1,4217,12094,0,10.638742009177804,0.5928899627178907,1.0923549998551607,0.6936788558959961,13.017665827646852
1620,312.818697527,97,5,0,4217,12094,0,8.125960128381848,0.507008982822299,0.6598648615181446,0.6606958340853453,9.953529806807637
1622,313.305949534,113,3,1,4218,12095,1,9.011677000671625,0.5686338990926743,0.7469879928976297,0.7585410494357347,11.085839942097664
1623,313.403444294,138,3,0,4218,12096,1,9.130279067903757,0.6118251476436853,0.7536299526691437,0.6114358548074961,11.107170023024082
1624,313.890654759,119,4,1,4219,12096,0,10.414001997560263,0.6467809434980154,0.688257860019803,0.6736409850418568,12.422681786119938
1625,313.988111519,108,5,0,4219,12099,3,10.223536053672433,0.5085710436105728,0.6770668551325798,0.6529421079903841,12.06211606040597
1626,314.183023331,115,2,0,4219,12099,0,9.288284927606583,0.5392301827669144,0.8561930153518915,0.6904208566993475,11.374128982424736
1627,314.572918411,115,3,1,4220,12100,1,8.999143028631806,0.5922280251979828,0.6566690281033516,0.6511497776955366,10.899189859628677
1628,314.767872931,132,2,0,4220,12100,0,9.757544146850705,0.5010669119656086,0.6458288989961147,0.6392970681190491,11.543737025931478
1630,315.255277605,139,2,2,4222,12100,0,11.190474964678288,0.537835992872715,0.09955605491995811,0.6438270211219788,12.47169403359294
1631,315.352783323,151,2,1,4223,12101,1,9.684956865385175,0.5978390108793974,0.6490049418061972,0.6381850689649582,11.569985887035728
1633,315.840236622,178,2,0,4223,12101,0,11.877360986545682,0.502570066601038,0.08429796434938908,0.7013031281530857,13.165532145649195
1634,315.937711757,182,3,1,4224,12104,3,11.938344920054078,0.71762315928936,0.6608469411730766,0.6338160019367933,13.950631022453308
1635,316.425137806,158,3,1,4225,12105,1,11.805866844952106,0.6575698498636484,0.6313018966466188,0.6573013961315155,13.75203998759389
1636,316.522617899,158,5,2,4227,12111,6,10.769397020339966,0.6016159895807505,0.6796419620513916,0.6328050512820482,12.683460023254156
1637,316.717615918,151,2,1,4228,12112,1,9.681771975010633,0.8932522032409906,1.7050409223884344,0.6619486957788467,12.942013796418905
1638,317.107514708,149,3,2,4230,12115,3,10.459406999871135,0.567121896892786,0.6670691072940826,0.7592898327857256,12.452887836843729
1639,317.302472936,154,3,0,4230,12115,0,10.069937910884619,0.49812300130724907,0.7453551515936852,0.6397769320756197,11.953192995861173
1641,317.789843151,122,3,1,4231,12116,1,8.702729130163789,0.5690250545740128,0.7573971524834633,0.651699723675847,10.680851060897112
1642,317.887305786,134,4,1,4232,12118,2,9.76206106133759,0.7269300986081362,0.6731899920850992,0.7114429026842117,11.873624054715037
1643,318.374642502,167,3,1,4233,12120,2,10.247840778902173,0.5586759652942419,0.6551758851855993,0.6463304162025452,12.10802304558456
1644,318.47211897,165,5,1,4234,12124,4,11.263692984357476,0.6105329375714064,0.6864748429507017,0.7037161849439144,13.264416949823499
1645,318.667064698,154,4,0,4234,12124,0,9.809690993279219,0.529611948877573,0.6921961903572083,0.6702728569507599,11.70177198946476
1646,319.056960112,129,4,0,4234,12125,1,10.0789749994874,0.9555290453135967,0.9320140816271305,0.8053267374634743,12.771844863891602
1647,319.251907548,101,4,1,4235,12127,2,8.671661140397191,0.5724120419472456,0.6644639652222395,0.6263209506869316,10.534858098253608
1649,319.73934043,127,4,3,4238,12132,5,10.108560090884566,0.6082889158278704,0.7566059939563274,0.758409034460783,12.231864035129547
1650,319.836835524,133,4,2,4240,12134,2,11.004106141626835,0.9043030440807343,0.6333149503916502,0.632953830063343,13.174677966162562
1651,320.324314656,142,5,2,4242,12140,6,9.844525950029492,0.5664699710905552,0.6678500212728977,0.6805139128118753,11.75935985520482
1652,320.421807166,152,4,2,4244,12142,2,11.936201946809888,0.7648910395801067,1.1116510722786188,0.8217969443649054,14.634541003033519
1653,320.616798227,167,3,1,4245,12145,3,10.281984927132726,1.702066045254469,1.4491020701825619,0.6032290402799845,14.036382082849741
1654,321.006744808,176,6,3,4248,12153,8,11.101598851382732,0.6638718768954277,0.8524248842149973,0.6890315562486649,13.306927168741822
1655,321.201704161,195,5,1,4249,12154,1,11.51068415492773,0.567982904613018,0.6467800121754408,0.6274760235100985,13.352923095226288
1657,321.689083001,226,5,0,4249,12155,1,13.159350026398897,0.49550714902579784,0.6856031250208616,0.6329657044261694,14.973426004871726
1658,321.786558344,245,10,0,4249,12155,0,15.200269874185324,0.49750087782740593,0.6767159793525934,0.6490661762654781,17.0235529076308
1659,322.273926102,329,10,2,4251,12160,5,17.178693087771535,0.5960161797702312,1.0300579015165567,0.6610366981476545,19.465803867205977
1660,322.371401112,394,8,0,4251,12161,1,19.908321788534522,0.9701959788799286,1.1301359627395868,0.6381843704730272,22.646838100627065
1661,322.566348298,433,14,0,4251,12168,7,19.461796851828694,0.781642971560359,0.7900090422481298,0.7818331941962242,21.815282059833407
1662,323.053720847,490,10,1,4252,12172,4,21.971855079755187,0.6633619777858257,0.7266500033438206,0.6908529903739691,24.052720051258802
1663,323.15119069,476,7,0,4252,12174,2,21.233101841062307,1.2675928883254528,1.008267980068922,1.07877841219306,24.587741121649742
1664,323.638561947,484,6,2,4254,12180,6,21.94005507044494,0.574714969843626,0.6606059614568949,0.6666590925306082,23.84203509427607
1665,323.8335088,477,9,4,4258,12186,6,21.45333494991064,0.5796549376100302,0.6624700035899878,0.66711800172925,23.36257789283991
1666,324.320881182,467,7,4,4262,12191,5,20.768082002177835,0.5711689591407776,0.6544850766658783,0.6405690219253302,22.63430505990982
1667,324.418357401,440,6,2,4264,12193,2,21.405013976618648,0.5880910903215408,0.6674090400338173,1.0929158888757229,23.75342999584973
1669,325.003195751,239,11,11,4275,12193,0,14.110260177403688,0.8977199904620647,0.5629940424114466,0.7557747885584831,16.326748998835683
1670,325.100669136,223,6,4,4279,12193,0,13.031210983172059,0.7693199440836906,0.6477818824350834,0.8103272411972284,15.258640050888062
1671,325.198141937,209,10,3,4282,12193,0,12.400929816067219,0.6782000418752432,0.5375458858907223,0.6883793976157904,14.305055141448975
1672,325.685512445,227,9,5,4287,12193,0,13.465414056554437,0.9274459443986416,1.7586308531463146,0.6962530314922333,16.847743885591626
1673,325.782987579,246,8,1,4288,12193,0,14.110441086813807,0.7068829145282507,0.49354415386915207,0.7161498069763184,16.02701796218753
1675,326.36782893,255,12,6,4294,12193,0,14.83981590718031,0.639698002487421,0.5237401928752661,0.7080638315528631,16.71131793409586
1676,326.46534319,260,13,6,4300,12193,0,14.219394186511636,0.5652280524373055,0.49405498430132866,0.6572597194463015,15.935936942696571
1678,326.952672239,245,10,3,4303,12193,0,14.047523029148579,0.8956058882176876,0.6700640078634024,0.6815260276198387,16.294718952849507
1679,327.05014904,228,12,2,4305,12193,0,13.128172140568495,0.9249809663742781,0.4809198435395956,0.6346181035041809,15.16869105398655
1681,327.537516797,178,8,6,4311,12193,0,11.952931992709637,0.5793939344584942,0.6223649252206087,0.7385830394923687,13.893273891881108
1682,327.634988599,163,11,2,4313,12193,0,10.80906088463962,0.580707099288702,0.47968700528144836,0.6541360635310411,12.523591052740812
1683,327.829937702,172,14,4,4317,12193,0,10.700979037210345,0.5677228327840567,0.4818208981305361,0.6337570957839489,12.384279863908887
1684,328.219831574,235,9,8,4325,12193,0,11.94122084416449,0.9247709531337023,0.7631680928170681,0.9762770496308804,14.605436939746141
1685,328.414817135,221,11,2,4327,12193,0,11.63869397714734,0.9245809633284807,0.4985639825463295,0.6200899370014668,13.681928860023618
1686,328.902129684,137,5,0,4327,12193,0,9.510871954262257,0.4769728984683752,0.4684270825237036,0.6169441621750593,11.073216097429395
1687,328.999604528,170,7,0,4327,12193,0,10.802669916301966,0.5178488790988922,0.48175198026001453,0.7177321240305901,12.520002899691463
1689,329.584415378,203,10,7,4334,12193,0,11.125202989205718,0.560790067538619,0.46534091234207153,0.6199500057846308,12.77128397487104
1690,329.681888221,212,8,5,4339,12193,0,12.128210160881281,0.5790640134364367,0.6235979963093996,0.7242849096655846,14.055157080292702
1692,330.169286853,199,11,6,4345,12193,0,10.940989013761282,0.5643570329993963,0.48283394426107407,0.6148589309304953,12.603038921952248
1693,330.266709113,201,8,0,4345,12193,0,11.319697136059403,0.48748194240033627,0.4843459464609623,0.6314730271697044,12.922998052090406
1695,330.754059245,238,11,5,4350,12193,0,12.576568871736526,0.5615209229290485,0.5000359378755093,0.6348192691802979,14.272945001721382
1696,330.851468339,222,17,5,4355,12193,0,12.118781916797161,0.5845548585057259,0.511497026309371,0.6378842517733574,13.852718053385615
1697,330.948921223,181,17,7,4362,12193,0,11.595694115385413,0.7398349698632956,1.0691809002310038,1.0986560955643654,14.503366081044078
1698,331.436196689,162,9,4,4366,12193,0,10.308403987437487,0.5737240426242352,0.4724138416349888,0.648583984002471,12.003125855699182
1699,331.631100167,176,7,4,4370,12193,0,10.924377012997866,0.6262720562517643,0.7796189747750759,0.6499569863080978,12.980225030332804
1700,331.72856376,187,9,4,4374,12193,0,11.580334976315498,1.9835829734802246,0.4854991566389799,0.6497858557850122,14.699202962219715
1704,332.118351883,140,9,2,4376,12193,0,9.176105028018355,1.8118720036000013,0.5136509425938129,0.7891058921813965,12.290733866393566
1705,332.215667517,146,13,1,4377,12193,0,9.37966606579721,0.5673021078109741,0.46750507317483425,0.6232056766748428,11.037678923457861
1706,332.31304436,126,5,0,4377,12193,0,9.042334975674748,0.5696061998605728,0.48360484652221203,0.6338360253721476,10.72938204742968
1707,332.410349954,105,3,0,4377,12193,0,7.90176005102694,0.46674301847815514,0.06996095180511475,0.6237069610506296,9.06217098236084
1708,332.507664172,78,5,0,4377,12193,0,7.345288060605526,0.4727751947939396,0.46999985352158546,0.622214050963521,8.910277159884572
