frame_index,frame_timestamp_sec,num_input_points,num_valid_cells,num_nodes,num_edges,num_frontiers,t_parse_ms,t_emap_ms,t_local_ms,t_merge_ms,t_other_ms,t_graph_total_ms,t_frame_total_ms
2,61.140880498,42507,2859,48,403,15,2.990995068103075,143.2476348709315,103.1525731086731,45.08592700585723,60.9106479678303,209.14914808236063,356.10975697636604
3,61.238354383,42504,3332,62,526,18,2.345107030123472,1.6375230625271797,6.302780006080866,1.9340470898896456,6.770605919882655,15.007433015853167,19.534881925210357
4,61.335826851,42546,3629,77,735,16,2.301145112141967,2.693918999284506,5.0736600533127785,1.8123900517821312,9.250554721802473,16.136604826897383,21.78784506395459
5,61.433302527,42503,3764,84,830,18,2.3469501174986362,1.619839807972312,8.869219804182649,2.126276958733797,5.101243266835809,16.096740029752254,20.645549055188894
6,61.530774329,42565,3910,88,878,19,2.3677689023315907,1.8287510611116886,5.067218095064163,1.8417949322611094,8.908704854547977,15.81771788187325,20.590165862813592
7,61.62824963,42582,3995,92,525,30,2.491380088031292,4.163047065958381,6.320503074675798,12.043138034641743,6.964345928281546,25.327987037599087,32.582046929746866
8,61.725721598,42537,4066,96,957,19,2.339996863156557,1.63925695233047,8.581452071666718,5.261471960693598,5.266600986942649,19.109525019302964,23.663343861699104
9,61.8231964,42551,4110,99,1008,18,2.3883581161499023,2.724908059462905,8.857409004122019,1.926724100485444,11.274247895926237,22.0583810005337,27.768272906541824
10,61.920670243,42624,4175,101,1037,18,2.366376109421253,2.8804379981011152,5.164440954104066,5.126588977873325,8.68670898489654,18.977738916873932,24.82709987089038
11,62.018143169,42566,4229,106,1116,16,2.3665970657020807,1.723513938486576,5.714179016649723,2.7149291709065437,8.518172893673182,16.94728108122945,21.789268124848604
12,62.115617887,42578,4280,107,1139,14,2.4015631061047316,1.8271578010171652,6.158760981634259,1.8595990259200335,7.692848797887564,15.711208805441856,20.521807949990034
13,62.213090272,42586,4320,111,693,31,2.396572846919298,1.7990749329328537,5.377799971029162,2.495038090273738,9.195178980007768,17.068017041310668,21.847185911610723
14,62.310565865,42577,4328,111,1146,21,2.3295478895306587,1.9538539927452803,5.083619151264429,1.9208830781280994,11.36577082797885,18.370273057371378,23.287721909582615
15,62.408037958,42560,4332,111,1181,14,2.359783975407481,1.901696901768446,6.262014154344797,1.9272449426352978,8.693290874361992,16.882549971342087,21.763318916782737
16,62.505512218,42582,4359,112,1205,14,2.4390420876443386,2.4008508771657944,5.384932970628142,1.8460929859429598,7.238921010866761,14.469946967437863,19.99911991879344
17,62.602986061,42586,4397,113,1230,14,2.351188100874424,2.002506051212549,6.986558903008699,2.9653869569301605,7.3335980996489525,17.285543959587812,22.228389978408813
18,62.700459821,42590,4411,115,1263,13,2.3317120503634214,1.7702309414744377,9.487706935033202,1.9570598378777504,5.077679175883532,16.522445948794484,21.22589503414929
19,62.797932998,42577,4435,116,737,32,2.329927869141102,1.6918950714170933,5.8150270488113165,3.4955989103764296,8.149484172463417,17.460110131651163,22.180891130119562
20,62.895407674,42643,4451,116,1245,17,2.3292768746614456,1.8879310227930546,5.14467409811914,1.915282104164362,5.573625676333904,12.633581878617406,17.428111052140594
21,62.992880642,42603,4469,118,1286,15,2.369633177295327,1.6962129157036543,8.621166925877333,3.078297944739461,5.617107264697552,17.316572135314345,21.987399086356163
22,63.090354819,42588,4506,119,1322,14,3.1615139450877905,3.4791179932653904,6.170663051307201,1.8450310453772545,7.0861647836863995,15.101858880370855,22.31127512641251
23,63.187830245,42526,4556,120,1326,15,2.3153710644692183,3.3263929653912783,7.2167101316154,2.5518739130347967,6.755965994670987,16.524550039321184,22.768409922719
24,63.285303047,42499,4605,121,1340,15,2.3126560263335705,1.9884398207068443,9.379785042256117,2.408835105597973,5.321344826370478,17.109964974224567,21.978060947731137
25,63.382778056,42495,4646,122,831,28,2.2724810987710953,6.025961833074689,5.4322718642652035,2.5055771693587303,6.939950864762068,14.877799898386002,23.773991037160158
26,63.480249233,42436,4673,122,1333,18,2.3152409121394157,1.6528719570487738,9.403380099684,4.235683009028435,4.929921822622418,18.568984931334853,23.10168300755322
27,63.577722993,42438,4719,123,1383,14,2.4143860209733248,4.550863057374954,6.037433864548802,2.0916019566357136,6.427092244848609,14.556128066033125,22.259867982938886
28,63.675197502,42381,4718,125,1423,14,2.3301190230995417,1.7017628997564316,5.6988399010151625,2.76830792427063,9.511582320556045,17.978730145841837,22.77200692333281
29,63.772671637,42371,4779,126,1443,15,3.153969068080187,4.174318863078952,8.539383998140693,2.544068032875657,5.694852909073234,16.778304940089583,24.803957203403115
30,63.870144272,42386,4827,126,1444,15,2.353271935135126,2.837277017533779,12.529166880995035,3.00004193559289,7.352823158726096,22.88203197531402,28.677012072876096
31,63.967624657,42369,4892,128,879,29,2.3589220363646746,2.763147931545973,6.039276951923966,2.7517969720065594,8.649500086903572,17.440574010834098,23.150975117459893
32,64.065137417,42450,4953,132,1487,18,2.343742875382304,2.687326865270734,6.796703906729817,2.264786045998335,8.450447116047144,17.511937068775296,23.23800791054964
33,64.162565968,42412,5038,133,1545,15,2.3527108132839203,2.982048084959388,6.982701830565929,5.676568951457739,7.992219179868698,20.651489961892366,26.56143601052463
34,64.260040228,42447,5115,137,1586,17,2.778077032417059,6.027274066582322,5.347251892089844,2.2233391646295786,9.526179870590568,17.09677092730999,26.498216902837157
35,64.357513071,42542,5187,139,1609,18,2.49146088026464,3.006895072758198,7.022906793281436,2.1461439318954945,8.45740013755858,17.62645086273551,23.70542217977345
36,64.454988331,42595,5247,141,1633,18,2.4051088839769363,1.7081950791180134,7.289034081622958,2.8478470630943775,5.481774918735027,15.618656063452363,20.306644961237907
37,64.552461799,42534,5333,143,1004,29,2.333014039322734,4.171353066340089,7.5153380166739225,5.755777005106211,6.933178985491395,20.20429400727153,27.329432079568505
38,64.649934392,42545,5433,148,1697,19,2.337411977350712,3.5232610534876585,6.3887599390000105,1.966017996892333,12.069416930899024,20.424194866791368,26.931578060612082
39,64.747408027,42475,5549,151,1798,17,3.1404648907482624,3.074882086366415,9.469584096223116,2.112722024321556,7.069954881444573,18.652261001989245,25.48020309768617
40,64.84488687,42624,5660,154,1845,19,2.7378119993954897,1.9859338644891977,8.760527940467,1.964715076610446,8.12716200016439,18.852405017241836,24.4251589756459
41,64.942355213,42651,5779,157,1915,19,2.6006149128079414,6.139714969322085,10.250824969261885,1.9424238707870245,8.840266149491072,21.03351498953998,30.445991083979607
42,65.039829348,42732,5882,160,1955,21,2.3453370667994022,3.4032659605145454,10.034138802438974,1.8716200720518827,5.249281181022525,17.155040055513382,23.461176082491875
43,65.137349691,42691,5951,163,1278,29,2.837968058884144,4.828892881050706,6.739526987075806,2.8292720671743155,9.404381038621068,18.97318009287119,27.21392479725182
44,65.234778659,42797,6018,165,2003,16,2.4965598713606596,1.7608839552849531,6.990195019170642,2.083728089928627,8.702489081770182,17.77641219086945,22.639327915385365
45,65.332253044,42701,6077,165,2048,13,2.3067148867994547,4.530354868620634,6.595246959477663,1.7833560705184937,9.850386064499617,18.228989094495773,25.81995795480907
46,65.429725512,42661,6169,169,2109,13,2.3288170341402292,2.723134122788906,6.757359951734543,6.147428881376982,5.274998024106026,18.17978685721755,23.816189961507916
47,65.527239605,42743,6247,172,2164,13,2.3193578235805035,1.8293021712452173,6.334648933261633,1.907808007672429,5.242567975074053,13.485024916008115,18.234689021483064
48,65.624709865,42773,6328,173,2184,11,2.404127037152648,3.003037068992853,12.78288196772337,2.015219070017338,6.585367955267429,21.383468993008137,27.384585002437234
49,65.722145541,42742,6407,173,1269,27,2.2981390357017517,3.623097203671932,9.53394384123385,6.768111139535904,6.5438998863101006,22.845954867079854,29.333950951695442
50,65.819619968,42966,6459,173,2067,14,2.4011610075831413,2.917648060247302,6.256653927266598,1.8786841537803411,6.258696783334017,14.394034864380956,20.293750101700425
51,65.917093228,42962,6529,179,2211,13,3.1718132086098194,3.8223101291805506,10.289658093824983,2.4370988830924034,7.204897003248334,19.93165398016572,27.634050929918885
52,66.014567946,42910,6568,183,2286,13,2.3480320814996958,1.657902030274272,11.806213995441794,1.8645168747752905,6.597853032872081,20.268583903089166,24.840105092152953
53,66.112041206,42943,6635,184,2304,14,2.3302589543163776,2.834171988070011,10.069055017083883,2.124735154211521,5.91690675355494,18.110696924850345,23.972571827471256
54,66.209514424,42971,6710,185,2325,14,2.4142868351191282,3.820176003500819,9.633239125832915,1.946700969710946,5.660048918798566,17.239989014342427,24.041231023147702
55,66.306989017,43010,6817,187,1345,29,2.3302589543163776,3.9042129646986723,10.097458027303219,3.205306129530072,6.202592048794031,19.505356205627322,26.320273987948895
56,66.404462652,43089,6891,188,2304,19,2.5852760300040245,2.904013032093644,7.779852952808142,4.058761987835169,7.394952001050115,19.233566941693425,25.435267947614193
57,66.501978786,43152,6943,189,2365,18,2.7038471307605505,3.4085060469806194,7.218101993203163,2.024698071181774,5.580687895417213,14.82348795980215,21.53299911879003
58,66.599410046,43097,6992,191,2406,17,2.464619930833578,4.561553010717034,6.19914592243731,4.056026926264167,9.433757048100233,19.68892989680171,27.283335803076625
59,66.696883348,43079,7019,193,2419,18,2.3569788318127394,3.3849519677460194,6.126760970801115,1.8551999237388372,11.68689108453691,19.668851979076862,26.06652886606753
60,66.794394274,43101,7050,195,2480,19,2.6879780925810337,1.7617358826100826,7.143972907215357,1.847095089033246,9.041293058544397,18.032361054793,23.1362481135875
61,66.891829992,43141,7146,198,1566,30,2.3657449055463076,3.2456310000270605,6.852688966318965,2.9450389556586742,9.778501000255346,19.576228922232985,25.85613587871194
62,66.98930396,43250,7250,200,2520,21,2.3795608431100845,2.9237689450383186,7.082418072968721,2.0247979555279016,6.245452910661697,15.35266893915832,21.50117000564933
63,67.086778095,43227,7321,202,2588,20,2.3835680913180113,2.940230071544647,10.11018198914826,2.046448178589344,6.61649601534009,18.773126183077693,24.82343395240605
64,67.184251938,43306,7395,205,2651,18,2.6778089813888073,4.210315877571702,8.107925998046994,2.247523982077837,10.602002032101154,20.957452012225986,28.477560030296445
65,67.281724656,43306,7418,209,2716,19,2.3066538851708174,1.6264719888567924,9.538793005049229,1.950749196112156,13.197396881878376,24.68693908303976,29.199909884482622
66,67.379200333,43310,7456,210,2737,17,2.3347269743680954,4.690372850745916,8.113377029076219,2.153859008103609,9.483188856393099,19.750424893572927,27.538673020899296
67,67.476672343,43479,7499,213,1591,33,2.302877837792039,2.971579087898135,16.784236067906022,12.122706044465303,5.754374898970127,34.66131701134145,40.55872792378068
68,67.574153394,43481,7603,216,2682,21,2.3895101621747017,4.124104045331478,10.319803841412067,2.2030610125511885,10.904297232627869,23.427162086591125,30.70167009718716
69,67.671621404,43779,7707,220,2845,18,2.3172448854893446,1.765511929988861,5.985246039927006,2.893683034926653,5.210595903918147,14.089524978771806,18.76045297831297
70,67.769095414,43906,7797,225,2923,16,2.3286561481654644,2.8837749268859625,9.920247131958604,1.9587038550525904,5.327073857188225,17.20602484419942,23.02924799732864
71,67.866568257,43860,7843,226,2925,17,2.542325062677264,2.971458015963435,9.989905869588256,2.077826065942645,5.417265230789781,17.48499716632068,23.603070992976427
72,67.964042267,44002,7774,226,2930,17,3.3631708938628435,3.1484400387853384,9.04580089263618,1.8794459756463766,7.470714161172509,18.395961029455066,25.79344785772264
73,68.061515693,44018,7641,227,1765,32,2.342041116207838,5.445405840873718,8.749687112867832,3.70191503316164,5.566982785239816,18.018584931269288,26.37321292422712
74,68.158988828,44054,7624,228,2775,24,2.7745298575609922,3.922227071598172,9.042504942044616,2.163587138056755,5.551144015043974,16.757236095145345,24.042021948844194
75,68.256463879,44048,7694,228,2903,18,2.413553884252906,5.236815894022584,6.5055591985583305,2.128410851582885,9.447071934118867,18.081041984260082,26.34775498881936
76,68.353937431,44184,7801,232,3002,17,2.301926026120782,2.6692331302911043,5.820487858727574,1.968631986528635,5.560011137276888,13.349130982533097,18.868515035137534
77,68.451410649,44184,7905,233,3019,18,2.484397031366825,5.951432045549154,6.146055879071355,1.94633100181818,9.84906405210495,17.941450932994485,26.9574960693717
78,68.54888445,44319,7955,236,3062,19,2.3652941454201937,2.7911411598324776,6.739587057381868,1.8437891267240047,7.67844170331955,16.261817887425423,22.35851320438087
79,68.646359169,44369,7936,237,1857,30,2.4710430298000574,5.772797856479883,6.732923910021782,5.338757066056132,6.17420906201005,18.245890038087964,27.066158829256892
80,68.743841637,44507,7874,240,2964,21,2.3516889195889235,2.090008929371834,6.9358740001916885,1.991785829886794,9.594397153705359,18.52205698378384,23.521619150415063
82,68.938817448,44870,7683,241,3075,19,2.36483383923769,5.061608040705323,5.749535048380494,3.0409079045057297,8.121572202071548,16.91201515495777,24.903163081035018
83,69.036252458,45130,7938,245,3153,19,2.393979113548994,2.75812903419137,9.963837917894125,2.4168910458683968,5.662010982632637,18.04273994639516,23.778490023687482
84,69.133727759,45434,8151,247,3206,18,2.3498949594795704,5.270739085972309,6.1843490693718195,3.7014340050518513,7.550413021817803,17.436196096241474,25.641284184530377
85,69.231200769,45696,8165,251,3279,18,2.684451872482896,3.9603877812623978,7.001657038927078,2.58539617061615,8.050489006564021,17.63754221610725,24.882364086806774
86,69.328674362,45942,7996,252,2069,28,3.202830906957388,4.5937830582261086,10.16027620062232,2.8835239354521036,7.986908778548241,21.030708914622664,29.467149870470166
87,69.42616908,46091,7892,256,3044,21,2.793324878439307,2.98681715503335,6.670759059488773,3.7609850987792015,11.338818818330765,21.77056297659874,28.176074847579002
88,69.523621173,46296,7964,257,3223,20,2.39224499091506,3.0084680765867233,7.028236985206604,4.925484070554376,7.309231907129288,19.262952962890267,25.559531059116125
89,69.621136433,46465,8181,259,3318,19,2.871481003239751,3.089098958298564,7.375746965408325,1.892340136691928,7.586550898849964,16.854638000950217,23.529083002358675
90,69.718568901,46503,8431,260,3358,18,2.413555048406124,5.593693116679788,6.488227052614093,2.0145189482718706,6.0226949863135815,14.525440987199545,23.26093101873994
91,69.816044786,46581,8388,264,3431,17,3.454191843047738,3.3172648400068283,7.183837937191129,2.4663328658789396,6.602361099794507,16.252531902864575,23.736310889944434
92,69.913523588,46630,8121,268,2131,30,2.809875877574086,3.4374799579381943,6.578847067430615,4.987029125913978,6.196209928020835,17.762086121365428,24.644589982926846
93,70.011034931,46600,7812,272,3173,26,2.503122203052044,4.342583008110523,7.124125957489014,4.767579026520252,7.262455066666007,19.154160050675273,26.628911029547453
94,70.108464065,46729,7689,275,3363,25,2.374251140281558,3.055174835026264,7.530126022174954,1.9392180256545544,9.350869804620743,18.82021385245025,24.849392008036375
95,70.205941617,46845,7910,275,3391,23,3.102994989603758,1.8487181514501572,6.503534968942404,2.146855928003788,8.870203047990799,17.52059394493699,23.20698997937143
96,70.303459335,46949,8215,280,3496,23,2.3608270566910505,2.871049800887704,7.702187169343233,1.9518909975886345,6.485651945695281,16.13973011262715,22.096612956374884
97,70.400886553,47080,8561,282,3587,22,2.370384056121111,3.2883109524846077,8.983805077150464,2.34384392388165,8.511350955814123,19.838999956846237,26.14713995717466
98,70.498358896,47250,8701,284,2012,32,2.3560968693345785,3.48687288351357,8.564911084249616,2.712444169446826,8.400102611631155,19.677457865327597,26.076638139784336
99,70.595832781,47265,8499,287,3278,25,2.384369960054755,2.8655899222940207,6.293983198702335,1.8585659563541412,6.979446858167648,15.131996013224125,20.99075517617166
100,70.693306833,47300,8265,291,3465,27,2.391092013567686,3.7184248212724924,9.27291577681899,2.4795590434223413,7.771837059408426,19.52431187964976,26.25906909815967
101,70.790779676,47320,8175,293,3527,24,2.3397370241582394,4.100761143490672,5.98293193615973,2.873505000025034,7.87112326361239,16.727560199797153,23.755747126415372
102,70.888253935,47329,8375,294,3599,25,2.54738493822515,2.864898880943656,8.377561112865806,1.9944710657000542,5.890337750315666,16.262369928881526,22.271730937063694
103,70.985729987,47308,8773,299,3701,26,3.186621004715562,3.4742290154099464,9.509118041023612,1.8991620745509863,6.272824015468359,17.681104131042957,25.004572933539748
104,71.083202288,47267,8759,300,2190,35,2.340467879548669,3.2784820068627596,7.232199190184474,3.059652866795659,6.418877048417926,16.71072910539806,23.084891960024834
105,71.180675381,47317,8467,303,3468,27,2.620481187477708,2.8778540436178446,7.842198945581913,2.7303670067340136,9.273768169805408,19.846334122121334,26.108617894351482
106,71.278195266,47392,8188,308,3650,25,2.4231020361185074,5.716664018109441,6.056690122932196,3.0454369261860847,11.29227178171277,20.39439883083105,29.15250207297504
107,71.375623693,47412,8067,310,3712,25,2.356066834181547,3.335509914904833,7.811953080818057,2.001684159040451,8.639210602268577,18.452847842127085,24.75802111439407
108,71.473097578,47450,8129,313,3773,25,2.3456679191440344,3.0496439430862665,8.378713158890605,2.0561760757118464,8.902823785319924,19.337713019922376,25.34117316827178
109,71.570584171,47520,8349,317,3863,24,2.37605394795537,2.8600902296602726,6.001366069540381,3.7781069986522198,9.381068870425224,19.160541938617826,25.000785943120718
110,71.668046347,47595,8526,321,2324,29,2.3758849129080772,3.253566101193428,6.172857014462352,3.3384549897164106,7.408508099615574,16.919820103794336,23.14380183815956
111,71.765517815,47662,8394,322,3452,28,2.3394960444420576,4.224242176860571,5.444313865154982,1.8551808316260576,5.8858494739979506,13.18534417077899,20.344706950709224
112,71.8629912,47714,8159,325,3699,25,2.3623791057616472,3.184797940775752,5.2659399807453156,1.8473961390554905,9.69897280447185,16.812308924272656,22.98501506447792
113,71.960465668,47818,8097,329,3795,29,2.5416251737624407,3.1033859122544527,8.719641016796231,2.064402215182781,5.735978716984391,16.520021948963404,22.794879972934723
114,72.057938636,47930,8207,333,3884,31,2.346118912100792,3.7293259520083666,5.903854034841061,3.020219039171934,6.345328874886036,15.26940194889903,21.96576911956072
115,72.155412188,47932,8392,335,3927,30,2.396893920376897,2.8228810988366604,10.752012021839619,1.9374438561499119,5.907511105760932,18.596966983750463,24.421713082119823
116,72.252897989,47954,8581,338,2408,34,3.170400857925415,4.0007540956139565,6.648637121543288,2.444793004542589,6.3238798175007105,15.417309943586588,23.16934010013938
117,72.350361457,47971,8514,340,3517,31,2.3593329824507236,3.035397967323661,8.348626084625721,2.9426650144159794,8.327668067067862,19.618959166109562,25.59165214188397
118,72.447834217,47900,8354,342,3729,29,2.4286629632115364,3.1773841474205256,6.218882976099849,3.4411170054227114,7.339908974245191,16.99990895576775,23.165913065895438
119,72.545349227,47891,8368,344,3831,31,2.3150299675762653,3.3873559441417456,7.599405013024807,2.3803929798305035,9.304123930633068,19.28392192348838,25.61274985782802
120,72.64278982,47865,8395,344,3853,32,2.348983893170953,2.625060034915805,9.107836987823248,2.0229739602655172,5.528041161596775,16.65885210968554,22.18379615806043
121,72.740255455,47870,8494,347,3896,34,2.4705920368433,2.751376945525408,5.868026986718178,4.598079947754741,6.1636201571673155,16.629727091640234,22.452959790825844
122,72.837730256,47846,8635,348,2293,36,2.384420018643141,1.8022218719124794,10.865024058148265,3.311173990368843,9.249761933460832,23.42595998197794,28.195582097396255
123,72.935202766,47889,8762,352,3425,38,2.383158076554537,2.737219911068678,6.27561891451478,2.0353680010885,6.835465086624026,15.146452002227306,20.859188865870237
124,73.032678734,47944,8804,357,3605,38,2.4001901037991047,3.154850797727704,7.851426023989916,2.0781869534403086,6.672892952337861,16.602505929768085,23.00183684565127
125,73.130150244,47998,8742,361,3728,39,2.3691710084676743,2.9744438361376524,10.499099036678672,1.892720116302371,7.193025900050998,19.58484505303204,25.508995866402984
127,73.325098514,48178,8702,364,3803,37,2.7941770385950804,4.087596898898482,9.323309874162078,2.300222869962454,6.011525401845574,17.635058145970106,25.15111700631678
128,73.422572982,48265,8878,371,3951,35,2.345006912946701,3.425968112424016,6.368814036250114,2.1659708581864834,8.884369162842631,17.41915405727923,23.802684852853417
129,73.520046408,48223,8983,379,2528,44,2.3678899742662907,2.9005459509789944,12.04019202850759,2.683360129594803,6.400521611794829,21.124073769897223,27.064666850492358
130,73.617520043,48259,8929,382,3585,40,2.3327828384935856,3.4005308989435434,6.5244638826698065,4.563155816867948,6.279998226091266,17.36761792562902,23.755115922540426
131,73.714993386,48198,8780,386,3771,39,2.3665870539844036,2.9757970478385687,7.251533912494779,1.969694858416915,7.0796231739223,16.300851944833994,22.36435515806079
132,73.812467104,48058,8782,391,3875,38,3.146365052089095,3.7400659639388323,6.934500997886062,2.3989479523152113,7.493176963180304,16.826625913381577,24.449235061183572
133,73.909940072,47995,8885,394,3928,35,2.4137250147759914,3.3797319047152996,8.270591031759977,1.9536539912223816,6.312517914921045,16.536762937903404,22.894175024703145
134,74.007412916,48048,9060,396,3964,35,2.391753951087594,2.858567051589489,6.779009941965342,2.390241017565131,9.251877199858427,18.4211281593889,24.30109679698944
135,74.1048878,48005,9196,400,2630,37,2.5989110581576824,3.3867249730974436,7.438995875418186,5.17856702208519,7.626074133440852,20.243637030944228,26.98159101419151
136,74.202362102,48041,9291,403,3611,33,2.776543842628598,4.050045972689986,7.76862190105021,3.4737379755824804,6.228179205209017,17.470539081841707,24.991628946736455
137,74.299836112,47995,9258,411,3776,34,3.083649091422558,3.5447811242192984,7.128925062716007,2.295002806931734,5.952615290880203,15.376543160527945,22.757970029488206
138,74.397308496,47943,9136,415,3927,33,2.3671980015933514,4.751086933538318,5.988601827993989,1.9336170516908169,7.524596061557531,15.446814941242337,23.17613293416798
139,74.494782923,47899,8994,417,4014,33,2.7572980616241693,3.25221405364573,6.138822995126247,4.7562269028276205,6.232889136299491,17.12793903425336,23.697327822446823
140,74.592256183,47885,9093,424,4126,33,2.339836908504367,3.344245022162795,5.593904061242938,4.505418008193374,6.860812893137336,16.960134962573647,23.267914075404406
141,74.689733234,47852,9520,427,2675,36,2.3659560829401016,3.2722309697419405,6.5322089940309525,5.07351104170084,7.588684093207121,19.194404128938913,25.43057012371719
142,74.787204161,47875,9733,432,3818,33,2.383388113230467,3.4068019594997168,7.294134935364127,4.385834094136953,7.068651961162686,18.748620990663767,25.126822059974074
143,74.884677712,47816,9671,433,4033,34,2.4385121650993824,4.075744189321995,7.153121056035161,5.0049819983541965,9.58620198071003,21.744305035099387,28.841329971328378
144,74.982152388,47773,9475,436,4115,32,2.3730089887976646,5.035548936575651,6.96296407841146,3.1151471193879843,8.801664924249053,18.879776122048497,26.883176993578672
145,75.07962619,47744,9282,438,4171,30,3.199394792318344,3.817921970039606,8.57867719605565,2.3189669009298086,8.342806715518236,19.240450812503695,26.824085973203182
146,75.177098991,47743,9126,447,4322,32,2.376074204221368,2.99862795509398,9.677391964942217,2.074490999802947,5.9496990870684385,17.701582051813602,23.673824034631252
147,75.274611876,47707,9300,449,2699,39,2.4820021353662014,2.8964581433683634,5.824174964800477,2.942022867500782,10.561856208369136,19.328054040670395,25.520477909594774
148,75.372047594,47725,9648,451,3882,33,2.5746659375727177,3.2477849163115025,9.073412977159023,2.2091218270361423,6.982060149312019,18.264594953507185,24.651673156768084
149,75.469520271,47613,9734,453,4090,31,2.3577099200338125,3.3314120955765247,9.197644889354706,4.044645931571722,6.066708127036691,19.30899894796312,25.579668814316392
150,75.567032322,47587,9374,455,4225,33,2.328905975446105,2.7196770533919334,6.242777919396758,2.119624987244606,9.587444132193923,17.949847038835287,23.87218503281474
151,75.664506165,47539,8750,460,4293,36,2.8708099853247404,2.978280885145068,9.575290838256478,1.94082991220057,5.662493407726288,17.178614158183336,23.632567143067718
152,75.761941633,47490,8706,461,4302,36,2.6516099460422993,7.5739368330687284,6.217912072315812,3.010511165484786,9.397327899932861,18.62575113773346,29.473953181877732
153,75.85941606,47467,8895,464,3035,40,2.373819937929511,1.6819760203361511,11.756791966035962,2.678279997780919,7.055226946249604,21.490298910066485,26.11579094082117
154,75.956889028,47479,9216,468,3975,35,2.3795010056346655,2.760913921520114,10.066400049254298,1.9488059915602207,6.412435090169311,18.42764113098383,24.14935384877026
155,76.054362955,47595,9538,472,4180,35,2.3767559323459864,5.6661388371139765,7.573266047984362,5.167907103896141,6.084091030061245,18.825264181941748,27.469433844089508
156,76.151839964,47643,9688,475,4304,33,2.5890630204230547,3.0112529639154673,9.824256878346205,2.357741119340062,6.943737855181098,19.125735852867365,25.359096005558968
157,76.249320016,47607,9235,478,4368,37,2.445915946736932,5.798767087981105,6.04852382093668,2.9545570723712444,9.467760100960732,18.470840994268656,27.349420124664903
158,76.346783359,47709,8797,482,4390,37,2.414246089756489,3.1865499913692474,6.574306869879365,2.6633820962160826,7.002219092100859,16.239908058196306,22.457078099250793
159,76.444279369,47746,8820,489,2933,41,2.386213978752494,4.971550079062581,6.55380985699594,5.5395320523530245,6.879438180476427,18.97278008982539,26.91596793010831
160,76.541731378,47775,9024,492,3928,38,2.3804628290235996,6.504778051748872,6.153190042823553,1.8299529328942299,9.550135117024183,17.533278092741966,27.12720399722457
161,76.639205888,47773,9202,498,4191,42,2.4820531252771616,4.157738061621785,8.10220604762435,4.489657934755087,5.6237701792269945,18.21563416160643,25.424078106880188
162,76.73667844,47781,9237,503,4285,41,3.233799012377858,2.9874490574002266,8.845356060191989,1.8767209257930517,9.059605887159705,19.781682873144746,26.60133014433086
163,76.8341532,47859,9093,505,4323,38,3.1337521504610777,4.333646036684513,6.913892924785614,2.1215190645307302,5.721241235733032,14.756653225049376,22.82293187454343
164,76.931625959,47822,8899,511,4396,39,2.38787685520947,2.831587102264166,6.643747910857201,2.689831890165806,8.813956286758184,18.14753608778119,23.973514093086123
165,77.029100094,47766,8871,518,2898,44,2.389419823884964,3.433132078498602,6.238139001652598,3.049223916605115,7.364094955846667,16.65145787410438,23.29580602236092
166,77.126574729,47803,9017,521,3997,38,3.1669640447944403,3.1565348617732525,9.594897972419858,4.571831785142422,6.206350168213248,20.373079925775528,27.43654209189117
167,77.224048447,47691,9201,525,4211,39,2.4007109459489584,2.8889640234410763,8.883357048034668,3.370915073901415,5.596378818154335,17.850650940090418,23.77099613659084
168,77.321521582,47740,9375,526,4266,39,2.503371797502041,2.9683730099350214,6.44673896022141,1.9526018295437098,6.0040021780878305,14.40334296785295,20.49967716448009
169,77.418996592,47722,9259,526,4293,40,2.376585965976119,3.9515220560133457,6.269447039812803,1.7743699718266726,5.769792012870312,13.813609024509788,20.73599793948233
170,77.516470226,47671,8930,530,4391,39,2.366035943850875,3.3668281976133585,6.398268043994904,1.905964920297265,8.946005022153258,17.250237986445427,23.750897962599993
171,77.613943528,47747,8745,533,2979,44,2.3549848701804876,2.9324558563530445,9.125430136919022,2.677598036825657,5.682258866727352,17.48528704047203,23.36766105145216
172,77.711417121,47755,8740,535,3889,41,2.4634681176394224,2.826998010277748,6.1073340475559235,1.9434948917478323,9.405374061316252,17.456203000620008,23.35734199732542
173,77.808890464,47774,8919,539,4106,41,2.3916340433061123,2.9779199976474047,6.031492026522756,1.9069670233875513,9.391057072207332,17.32951612211764,23.441219003871083
174,77.906365349,47830,9107,541,4193,40,2.4096269626170397,3.6277049221098423,8.745959959924221,2.0321421325206757,8.719499921426177,19.497602013871074,26.151478057727218
175,78.003837692,47850,9245,544,4274,41,2.390481997281313,6.640231003984809,6.413727067410946,2.3564379662275314,9.429699974134564,18.19986500777304,27.86939195357263
176,78.10132391,47959,9047,545,4352,36,2.476463094353676,3.284163074567914,9.4809141010046,2.032943069934845,6.050989031791687,17.564846202731133,23.919673869386315
177,78.198784962,47954,8775,547,3065,40,2.6900009252130985,3.33196297287941,7.779953069984913,6.699431920424104,6.250352133065462,20.72973712347448,27.3561819922179
178,78.296259638,48045,8549,553,3985,35,3.456735983490944,3.34955588914454,6.786553887650371,5.215286044403911,6.425469182431698,18.42730911448598,25.93414206057787
179,78.39378569,48066,8610,558,4184,37,2.739093964919448,3.6171460524201393,6.570430938154459,4.734496120363474,9.052432840690017,20.35735989920795,27.48754690401256
180,78.491207324,48112,8976,560,4265,38,2.410939894616604,2.911446150392294,9.937678929418325,2.0456360653042793,6.248809862881899,18.232124857604504,24.15742794983089
181,78.588680417,48214,9227,562,4365,40,3.106130054220557,3.769792150706053,6.669406080618501,1.916895853355527,6.555761909112334,15.142063843086362,22.580357966944575
182,78.686153594,48236,9065,565,4417,38,2.3946398869156837,6.7284260876476765,8.118846919387579,4.707104992121458,7.079062284901738,19.905014196410775,29.60791392251849
183,78.783628479,48226,8548,566,3043,42,3.1266589649021626,3.2721799798309803,10.008511831983924,2.74335197173059,8.028498152270913,20.780361955985427,27.80527202412486
184,78.881100947,48299,8316,569,4008,41,2.5561919901520014,2.9576229862868786,6.05616788379848,1.8785640131682158,10.165276005864143,18.10000790283084,24.478589883074164
185,78.978575748,48354,8334,572,4184,41,2.439793897792697,4.388028057292104,6.1930641531944275,2.5147038977593184,8.670449955388904,17.37821800634265,25.103157153353095
186,79.076050841,48345,8560,577,4307,41,2.4099780712276697,2.7965009212493896,7.840676931664348,4.57556894980371,6.264878204092383,18.68112408556044,24.499377934262156
187,79.17352231,48349,8904,583,4435,43,2.765943994745612,3.1611339654773474,6.186231970787048,2.027632901445031,10.567687219008803,18.781552091240883,25.289056124165654
188,79.270996069,48329,9064,588,4570,42,2.4810009635984898,3.345167962834239,7.085392950102687,2.051296876743436,6.173289148136973,15.309978974983096,21.69643505476415
189,79.368470538,48346,8612,590,3217,43,2.399417804554105,2.8431580867618322,9.092268068343401,2.4202170316129923,5.562755977734923,17.075241077691317,22.857225965708494
190,79.465944381,48329,8011,592,4115,41,2.560489811003208,3.1017321161925793,9.25631495192647,2.3361300118267536,10.135337943211198,21.72778290696442,27.954851975664496
191,79.563420849,48345,7882,594,4251,41,2.402513986453414,2.974953968077898,6.463490892201662,2.032542135566473,13.718941947445273,22.21497497521341,28.206512099131942
192,79.660891484,48362,7964,597,4334,43,2.437048126012087,2.876940881833434,5.871684057638049,1.8178110476583242,7.344717858359218,15.034212963655591,21.00073406472802
193,79.758365618,48413,8247,597,4411,41,2.614891156554222,3.8859990891069174,6.528993137180805,2.6923969853669405,6.068540969863534,15.28993109241128,22.370335878804326
194,79.855840878,48408,8408,598,4454,40,2.410558983683586,2.838720101863146,6.076926831156015,1.893431879580021,7.382490206509829,15.352848917245865,21.197931841015816
195,79.953313555,48471,8345,603,3121,45,2.4226419627666473,3.5591269843280315,9.049969026818871,2.7912009973078966,6.083500105887651,17.92467013001442,24.513443931937218
196,80.050787273,48459,7320,605,4054,43,2.43502389639616,3.0373120680451393,8.385736029595137,2.6131977792829275,5.950542399659753,16.949476208537817,23.083420004695654
197,80.148260783,48477,7121,608,4270,41,2.394858980551362,3.1692481134086847,9.616859024390578,1.891918946057558,5.7864440605044365,17.295222030952573,23.419097065925598
198,80.245733876,48538,7168,608,4328,40,2.3782888893038034,2.891508862376213,9.390135062858462,2.1099471487104893,5.871952744200826,17.372034955769777,23.312177043408155
199,80.343246219,48525,7342,611,4429,39,3.124444978311658,4.071956966072321,7.053554058074951,2.8237721417099237,8.504768600687385,18.38209480047226,26.177957886829972
200,80.440681979,48561,7562,614,4490,39,2.3991880007088184,2.8764400631189346,9.54937213100493,2.0431210286915302,12.04502279870212,23.63751595839858,29.580692993476987
201,80.53815578,48596,7495,615,3158,46,2.4938860442489386,4.079620819538832,5.766347050666809,2.7812831103801727,12.224986916407943,20.772617077454925,27.961894869804382
202,80.63563004,48587,7318,616,4083,39,2.8326590545475483,3.0061330180615187,6.4858328551054,2.093647141009569,7.559899939224124,16.139379935339093,22.63996982946992
203,80.733103216,48628,7187,618,4203,41,2.812179969623685,4.174228059127927,6.080453982576728,4.21370193362236,5.991467973217368,16.285623889416456,24.028046056628227
204,80.830580268,48646,7264,621,4327,39,2.6100920513272285,3.2948839943856,5.918231094256043,2.1011398639529943,6.7844209261238575,14.803791884332895,21.32089203223586
205,80.928053694,48659,7437,621,4368,40,2.3091700859367847,6.799258990213275,9.895339841023088,1.9634619820863008,5.779061233624816,17.637863056734204,27.31897193007171
206,81.025526912,48576,7543,624,4439,41,2.402635058388114,3.5915279295295477,5.339298164471984,1.9519408233463764,9.789212141185999,17.08045112900436,23.74249300919473
207,81.122998755,48464,7412,628,3142,47,2.339194994419813,2.8993228916078806,6.639630068093538,4.7853810247033834,6.310243858024478,17.7352549508214,23.539853980764747
208,81.22047089,48424,7143,629,4050,41,2.4357859510928392,3.370424034073949,5.397446919232607,4.91653592325747,5.657724104821682,15.971706947311759,22.387878969311714
209,81.317945233,48381,6758,630,4186,43,2.347431145608425,5.0619489047676325,6.9677638821303844,2.638115081936121,6.450875895097852,16.056754859164357,24.085354059934616
210,81.415419035,48391,6628,633,4269,42,2.3860828951001167,3.1370779033750296,5.598682910203934,1.8744468688964844,6.998270284384489,14.471400063484907,20.796572091057897
211,81.512893711,48459,6699,635,4313,43,2.8482680208981037,4.6296501532197,6.538050016388297,2.9862760566174984,8.23901197873056,17.763338051736355,25.839153910055757
212,81.610366388,48502,6789,636,4348,43,2.4313279427587986,4.72438707947731,6.774903042241931,1.9497871398925781,5.798146827146411,14.52283700928092,22.291308036074042
213,81.707840523,48414,6650,639,3289,51,2.3959618993103504,3.1923819333314896,9.661902906373143,2.5931501295417547,5.6307639461010695,17.885816982015967,24.05278291553259
214,81.805314491,48439,6275,640,3958,47,2.430886961519718,2.888633171096444,5.6921979412436485,2.3036389611661434,7.6777220238000154,15.673558926209807,21.67666796594858
215,81.902787125,48399,6012,641,4058,46,2.5275179650634527,3.266549902036786,6.096745142713189,2.016151789575815,7.7320130076259375,15.844909939914942,22.22595503553748
216,82.000263677,48427,6127,641,4084,44,2.372638089582324,3.497122088447213,5.762099055573344,1.8859370611608028,5.424627102911472,13.07266321964562,19.504716154187918
217,82.097744103,48450,6397,642,4170,43,2.3572701029479504,2.768348902463913,6.151576992124319,2.3858328349888325,8.392369141802192,16.929778968915343,22.658474976196885
218,82.195208905,48497,6682,646,4241,43,2.550901845097542,4.0430419612675905,5.878386087715626,1.898542046546936,6.288873730227351,14.065801864489913,21.238467888906598
219,82.292694373,48447,6652,646,3200,51,2.380753867328167,3.0411689076572657,9.121793089434505,2.5191521272063255,5.816850811243057,17.457796027883887,23.448723135516047
220,82.390156258,48419,6211,647,3878,47,2.6793719734996557,3.0472599901258945,6.281239911913872,1.8919289577752352,8.950453018769622,17.12362188845873,23.601498920470476
221,82.487630268,48477,5849,648,3989,47,2.4054888635873795,3.013557055965066,11.584609979763627,2.1646390669047832,7.819206919521093,21.568455966189504,27.668956900015473
222,82.585148277,48520,5705,650,4032,45,2.441556891426444,5.023927893489599,6.828864105045795,2.3034189362078905,9.817864978685975,18.95014801993966,27.227370999753475
223,82.682578787,48575,5807,652,4053,43,2.573253819718957,2.9306618962436914,10.369486873969436,1.9941800273954868,7.720211986452341,20.083878887817264,26.142721995711327
224,82.78005138,48597,6022,654,4105,46,2.3229459766298532,5.723897134885192,5.339558003470302,2.0335239823907614,6.195279071107507,13.56836105696857,22.540823789313436
225,82.877571265,48498,6162,657,3065,49,2.385272178798914,3.5406029783189297,6.09002192504704,2.5473751593381166,7.827390916645527,16.464788001030684,23.061237996444106
226,82.9749994,48520,5871,659,3752,44,2.5053368881344795,4.142036894336343,6.358945043757558,1.8923000898212194,10.487527819350362,18.73877295292914,25.954300072044134
227,83.072472785,48512,5737,660,3921,44,2.567883115261793,3.358813002705574,6.438462994992733,2.9846630059182644,6.509276805445552,15.93240280635655,22.55788608454168
228,83.169946044,48538,5742,663,4027,41,2.4394330102950335,4.4286539778113365,4.769020015373826,1.8571838736534119,5.57145313359797,12.197657022625208,19.66451504267752
229,83.267421304,48589,5896,664,4044,43,2.3814449086785316,4.369973903521895,5.144533002749085,1.8942728638648987,11.195793049409986,18.23459891602397,25.554833002388477
230,83.364895189,48535,5982,667,4098,45,3.135065082460642,3.0225738883018494,7.168479030951858,2.7895981911569834,6.200067698955536,16.158144921064377,23.077156860381365
231,83.462367282,48514,5782,669,3169,48,3.1232519540935755,3.0262309592217207,8.91943508759141,3.307536942884326,6.467717932537198,18.694689963012934,25.67690098658204
232,83.559842,48393,5469,673,3739,44,2.3511380422860384,2.9292500112205744,10.361212072893977,2.045184839516878,5.461847176775336,17.86824408918619,23.738574935123324
233,83.657316093,48369,5278,674,3872,44,2.9640449211001396,4.184287041425705,5.870742024853826,2.029546070843935,6.988984066992998,14.889272162690759,22.652373183518648
234,83.754796937,48415,5313,674,3922,44,2.402534009888768,3.1306359451264143,5.734205944463611,1.7818929627537727,7.323830155655742,14.839929062873125,20.98846109583974
235,83.852263446,48463,5495,676,3969,43,3.084279829636216,3.1159380450844765,6.856194930151105,2.2821989841759205,7.6453411020338535,16.78373501636088,23.773581022396684
236,83.949736456,48423,5569,679,3997,43,2.3771170526742935,4.391184076666832,5.7531120255589485,1.9682219717651606,6.173077039420605,13.894411036744714,21.32570114918053
237,84.047210216,48395,5346,681,3019,50,2.4249160196632147,3.374452004209161,8.742894046008587,2.7745701372623444,5.790311843156815,17.307776026427746,23.702237056568265
238,84.144684976,48332,5150,684,3577,50,2.403226215392351,3.3282760996371508,5.493755917996168,1.9047530367970467,7.083340082317591,14.481849037110806,20.813063019886613
239,84.242157861,48358,5062,686,3731,52,2.6573410723358393,3.1102478969842196,5.438562948256731,5.573405185714364,5.722214002162218,16.734182136133313,23.098668083548546
240,84.339631995,48401,5169,687,3766,49,2.338034100830555,2.959486097097397,6.179027957841754,2.176752081140876,6.5090658608824015,14.864845899865031,20.76968108303845
241,84.437105422,48490,5344,688,3854,49,3.0116839334368706,3.135845996439457,7.748094154521823,3.4071430563926697,5.324689904227853,16.479927115142345,23.411141941323876
242,84.53462489,48487,5350,689,3889,50,2.4900268763303757,5.831327987834811,5.416952772065997,1.9580430816859007,6.413957104086876,13.788952957838774,22.69154693931341
243,84.6320524,48418,5147,693,2997,56,2.870500087738037,3.2792738638818264,6.8573581520468,3.3758049830794334,7.296687923371792,17.529851058498025,24.297740776091814
244,84.729525951,48349,4891,694,3520,53,3.191150026395917,4.042342072352767,6.362061016261578,2.4115811102092266,11.357083916664124,20.130726043134928,27.993864845484495
245,84.827054628,48372,4829,695,3598,52,2.3921749088913202,2.834741957485676,7.502102991566062,2.023374894633889,9.273085976019502,18.798563862219453,24.60314193740487
246,84.924474804,48418,5000,696,3686,52,2.372938906773925,3.3620288595557213,5.576941883191466,2.608770038932562,6.117834011092782,14.30354593321681,20.653663901612163
247,85.021948189,48384,5319,699,3772,51,3.360255155712366,5.300013814121485,7.461716886609793,2.4546519853174686,8.541117189452052,18.457486061379313,27.735040057450533
248,85.119422324,48367,5378,700,3787,49,2.357250079512596,2.840253058820963,8.604556089267135,2.07688519731164,5.2660496439784765,15.947490930557251,21.722513949498534
249,85.2169355,48312,5126,701,3079,55,2.342261141166091,5.107934819534421,5.410350160673261,2.4834058713167906,6.460784934461117,14.354540966451168,22.388008888810873
250,85.31437051,48241,4956,704,3559,50,2.3432529997080564,3.5482170060276985,7.667914032936096,2.68657598644495,5.891178967431188,16.245668986812234,22.74243114516139
251,85.411843478,48248,5079,708,3713,49,2.5571039877831936,3.1336620450019836,7.198565173894167,2.119544893503189,6.638788850978017,15.956898918375373,22.235203068703413
252,85.509315821,48335,5388,714,3799,53,2.3709950037300587,6.244311109185219,6.479090079665184,1.9283071160316467,6.030570715665817,14.437967911362648,23.81812408566475
253,85.606789039,48304,5481,716,3833,54,2.3523899726569653,4.440045217052102,5.351630039513111,2.490509068593383,9.287383873015642,17.129522981122136,24.669626960530877
254,85.704265216,48301,5373,718,3871,50,2.4353459011763334,2.88160121999681,4.982250044122338,3.0564668122678995,8.232099236920476,16.270816093310714,22.14541519060731
255,85.801738642,48286,5180,721,3031,58,2.4305270053446293,4.083096981048584,5.644118180498481,3.3065350726246834,11.537972604855895,20.48862585797906,27.60145114734769
256,85.899210402,48234,5004,722,3573,55,2.519513014703989,2.727351849898696,10.43309597298503,1.8525649793446064,5.333426874130964,17.6190878264606,23.442230885848403
257,85.996684328,48263,5045,723,3640,55,2.384620951488614,3.6172871477901936,5.293823080137372,2.528188982978463,7.647254969924688,15.469267033040524,22.055075969547033
258,86.094159172,48282,5181,725,3726,55,2.6978058740496635,3.3140392042696476,6.241875933483243,2.1890548523515463,7.473850389942527,15.904781175777316,22.516408935189247
260,86.289106525,48165,5094,728,3794,54,2.463648095726967,3.825535997748375,10.062593035399914,1.9233080092817545,5.549049936234951,17.53495098091662,24.632898159325123
261,86.386581076,48068,4843,729,3810,53,3.2763690687716007,3.7888779770582914,7.711094105616212,1.961638918146491,9.235758101567626,18.90849112533033,26.7261432018131
262,86.484053336,48060,5026,733,3065,55,2.4023328442126513,5.724778864532709,5.811129929497838,4.532587947323918,5.747092189267278,16.090810066089034,24.801473133265972
263,86.581528262,48167,5361,736,3590,57,2.3484230041503906,5.2973588462919,5.062208976596594,1.8853170331567526,6.411263020709157,13.358789030462503,21.58397505991161
264,86.679043314,48140,5477,739,3692,56,2.374251140281558,2.9784010257571936,5.389411933720112,2.0400360226631165,10.164062026888132,17.59350998327136,23.764693876728415
265,86.776474657,48151,5304,741,3744,56,2.4437210522592068,2.830465091392398,6.194256013259292,4.9226980190724134,5.423836875706911,16.540790908038616,22.393568884581327
266,86.873989958,48088,4835,745,3795,55,2.382997889071703,2.850552089512348,7.7936488669365644,2.9425739776343107,8.387349313125014,19.12357215769589,25.350018870085478
267,86.971422968,48090,4650,746,3813,55,2.5062381755560637,2.9388470575213432,8.583786897361279,1.9998110365122557,6.146135972812772,16.729733906686306,22.81131991185248
268,87.068895728,48059,4772,746,3150,56,2.4209681432694197,3.0262910295277834,5.625453079119325,2.429033862426877,6.267183227464557,14.321670169010758,20.337773952633142
269,87.166370571,48101,4970,746,3606,54,2.3779680486768484,4.069934133440256,8.714871946722269,2.1156170405447483,8.49811709485948,19.328606082126498,26.434909086674452
270,87.263844622,48108,4990,750,3708,52,2.3208209313452244,2.844671020284295,6.037663901224732,2.0803820807486773,8.234472945332527,16.352518927305937,22.1192161552608
271,87.361317882,48018,4618,753,3731,52,2.6436559855937958,3.9211148396134377,5.539942998439074,5.406011827290058,5.828844150528312,16.774798976257443,23.925705114379525
272,87.458792225,47945,4271,756,3764,49,2.419976983219385,2.8857479337602854,5.740657914429903,2.474738983437419,8.335553109645844,16.550950007513165,22.519104182720184
273,87.556304194,47983,4388,760,3825,49,2.385833067819476,5.239119986072183,6.76820008084178,2.937976038083434,6.181853823363781,15.888029942288995,24.14288092404604
274,87.653739828,48124,4743,762,3054,54,3.10436706058681,3.040216863155365,6.28186110407114,5.897131050005555,8.501472882926464,20.68046503700316,27.50992006622255
275,87.75121413,48155,4812,764,3521,53,2.424434991553426,4.092765972018242,5.41198393329978,3.559658071026206,6.20588893070817,15.177530935034156,22.31735596433282
276,87.848687181,48063,4477,764,3600,53,2.3371619172394276,3.3350891899317503,8.02827812731266,2.0540119148790836,5.990654928609729,16.072944970801473,22.304100915789604
277,87.946163649,47995,4221,765,3635,52,2.396502997726202,3.493174910545349,7.850355003029108,2.4251460563391447,9.192215045914054,19.467716105282307,26.015864918008447
278,88.043667826,47925,4152,767,3680,52,2.463117940351367,4.147438099607825,5.673652980476618,2.119404962286353,10.32044505700469,18.11350299976766,25.700275087729096
279,88.141108919,47913,4314,771,3724,54,3.2566110603511333,5.288732936605811,6.721753161400557,2.0091880578547716,8.108868962153792,16.83981018140912,26.010954985395074
280,88.238582387,47906,4585,773,3072,57,3.133301855996251,4.64592082425952,5.798656027764082,3.016612958163023,7.867917884141207,16.68318687006831,25.070105912163854
281,88.33605798,47790,4641,777,3591,53,2.4482589215040207,3.0445761512964964,5.376897985115647,2.416991163045168,5.753000965341926,13.54689011350274,19.720659824088216
282,88.43352924,47797,4394,777,3644,54,2.4068220518529415,3.050626954063773,5.762177985161543,2.1364069543778896,5.839512916281819,13.738097855821252,19.83118592761457
283,88.5310025,47758,4193,778,3670,56,2.3149000480771065,3.1967000104486942,5.596628878265619,2.0594228990375996,8.444716222584248,16.100767999887466,22.210546070709825
284,88.628475843,47771,4288,780,3696,56,2.406642073765397,5.279274890199304,5.972020793706179,1.9105540122836828,6.73998799175024,14.622562797740102,22.89048908278346
285,88.725951519,47765,4590,781,3724,57,2.3920750245451927,2.841155044734478,7.6638259924948215,4.357019905000925,5.374463275074959,17.395309172570705,23.33139395341277
286,88.823429238,47745,4680,782,3090,57,2.3338650353252888,2.831727033481002,9.064295794814825,2.7771650347858667,5.5992032866925,17.440664116293192,23.169420892372727
287,88.920897539,47732,4610,785,3530,55,2.4603819474577904,5.6033809669315815,6.651983130723238,4.717645002529025,6.304302951321006,17.67393108457327,26.339330011978745
288,89.018372715,47721,4339,790,3609,56,2.396642928943038,3.8371479604393244,8.889629039913416,2.055986085906625,5.459191743284464,16.404806869104505,23.253947962075472
289,89.115845517,47669,4194,791,3631,56,3.0943078454583883,6.49007991887629,5.705963121727109,2.173876157030463,9.579219622537494,17.459058901295066,27.637829072773457
290,89.213320027,47703,4397,793,3732,55,2.350396942347288,2.7027560863643885,6.228049984201789,2.3070850875228643,7.73325702175498,16.268392093479633,21.88031910918653
291,89.310792411,47749,4628,794,3763,56,2.463066950440407,3.2435469329357147,5.5650100111961365,2.1655100863426924,5.956752924248576,13.687273021787405,20.044555887579918
292,89.408266255,47702,4681,797,3245,59,2.5247030425816774,2.9258730355650187,5.765764974057674,6.070595933124423,7.54116615280509,19.377527059987187,25.435860035941005
293,89.505740556,47624,4512,800,3696,55,2.382335951551795,3.6705059465020895,5.409900099039078,2.733313012868166,10.059676831588149,18.202889943495393,24.81082105077803
294,89.603213774,47495,4359,800,3728,55,2.3866540286689997,3.716752864420414,7.18377809971571,4.488727077841759,5.353232845664024,17.025738023221493,23.688901914283633
295,89.700689826,47595,4303,802,3771,55,2.4220000486820936,3.182773943990469,6.336693186312914,1.9115549512207508,10.292433900758624,18.54068203829229,24.74392601288855
297,89.895636345,47708,4918,803,3826,56,2.941882936283946,3.4003809560090303,6.436819909140468,4.871041048318148,6.048345007002354,17.35620596446097,24.289787048473954
298,89.993109438,47598,4787,806,3864,56,3.188383998349309,3.8835140876471996,5.402595968917012,1.8899459391832352,8.033236023038626,15.325777931138873,23.11466820538044
299,90.090582781,47529,4428,809,3236,59,3.286709077656269,3.4185638651251793,5.808364832773805,2.676385920494795,8.355020312592387,16.839771065860987,24.367451900616288
300,90.188058291,47526,4266,811,3649,58,2.3580212146043777,3.1659419182688,10.31372300349176,2.20794091001153,6.007377058267593,18.529040971770883,25.00240900553763
301,90.285531301,47676,4423,812,3702,58,2.353993011638522,2.747009042650461,9.02923010289669,2.0624278113245964,5.230254027992487,16.321911942213774,21.998760057613254
302,90.383003519,47754,4649,814,3769,59,2.408405067399144,5.2433679811656475,8.175994036719203,2.0458269864320755,5.619640927761793,15.841461950913072,24.043755838647485
303,90.480476904,47601,4732,820,3859,56,2.355847042053938,2.8793460223823786,5.710201105102897,2.586177084594965,6.281500915065408,14.57787910476327,20.42534714564681
304,90.577951539,47512,4536,821,3874,55,2.9346190858632326,8.028669049963355,6.018888903781772,5.00767701305449,6.141449091956019,17.16801500879228,28.736774809658527
305,90.675463424,47565,4351,821,3256,59,2.374491887167096,4.2320669163018465,6.307127885520458,3.1802591402083635,5.590257002040744,15.077644027769566,22.271330934017897
306,90.7728976,47580,4371,822,3633,61,3.0531110242009163,3.0997078865766525,8.495992980897427,2.0443040411919355,7.093178108334541,17.633475130423903,24.39487283118069
307,90.870372985,47632,4662,822,3726,59,2.3752630222588778,3.153379075229168,5.196150159463286,2.142047043889761,12.390236835926771,19.72843403927982,26.05623099952936
308,90.967846995,47613,4798,822,3763,57,2.3968128953129053,3.121329005807638,8.218924049288034,2.014818135648966,6.911750882863998,17.145493067801,23.254559841006994
309,91.065318879,47613,4726,826,3809,57,2.344446023926139,3.1942250207066536,5.071535939350724,5.696835927665234,5.711254198104143,16.4796260651201,22.601387929171324
310,91.162793431,47656,4445,828,3855,57,2.3576910607516766,4.2240910697728395,5.402705864980817,3.0744909308850765,9.616910247132182,18.094107042998075,25.289817014709115
311,91.260276149,47748,4261,829,3247,60,2.444932935759425,2.860571024939418,6.391275906935334,2.8717920649796724,5.613730056211352,14.876798028126359,20.75801999308169
312,91.357741617,47859,4408,831,3636,63,2.524081850424409,3.0826469883322716,8.383302018046379,1.8745060078799725,5.365195916965604,15.623003942891955,21.805329015478492
313,91.455216752,47912,4734,834,3747,59,2.4288641288876534,3.1693591736257076,6.002919049933553,2.153168199583888,7.119617657735944,15.275704907253385,21.42408606596291
314,91.552689095,47726,4941,834,3805,59,2.3701342288404703,6.036721868440509,5.237276898697019,1.9015870057046413,8.26543103903532,15.40429494343698,24.42800416611135
315,91.650161355,47656,4781,836,3819,60,2.3753440473228693,2.83277896232903,5.717634921893477,2.0311889238655567,9.172589285299182,16.921413131058216,22.758842911571264
316,91.747635948,47677,4397,836,3826,56,2.366757020354271,3.530485089868307,5.031500943005085,2.1601810585707426,8.786576800048351,15.978258801624179,22.649097023531795
317,91.845110124,47687,4303,837,3205,60,2.503433031961322,2.8023121412843466,5.015410948544741,5.520496983081102,5.923811113461852,16.459719045087695,22.482374915853143
318,91.942583093,47769,4638,840,3648,61,2.453529043123126,4.347801906988025,6.099289981648326,2.8611819725483656,9.566204156726599,18.52667611092329,26.08033618889749
319,92.040057977,47803,4975,841,3711,60,2.394367940723896,4.983182065188885,8.16611503250897,2.9636239632964134,7.941805990412831,19.071544986218214,27.095544850453734
320,92.137571654,47946,4833,843,3739,61,2.373941009864211,3.516176948323846,7.042483892291784,2.218139125034213,5.609573097899556,14.870196115225554,21.341942017897964
321,92.23500533,47935,4383,845,3775,61,3.155121114104986,3.225754015147686,9.13332519121468,2.418213989585638,5.965477786958218,17.517016967758536,24.668403901159763
322,92.332480382,48035,4157,845,3784,62,2.437510062009096,3.096221946179867,5.19472686573863,5.190710071474314,5.979856010526419,16.365292947739363,22.457708837464452
323,92.429952475,48083,4370,848,3240,63,2.3771568667143583,4.144772887229919,5.053031956776977,9.325583931058645,6.031934171915054,20.410550059750676,27.538602938875556
324,92.527425485,48109,4624,848,3654,62,2.370875095948577,6.059654988348484,6.062239874154329,1.8818301614373922,7.947335951030254,15.891405986621976,24.888996966183186
325,92.624905869,47980,4745,851,3728,62,2.4022329598665237,2.7415179647505283,8.332836907356977,1.8534378614276648,5.335620371624827,15.52189514040947,21.238768938928843
326,92.722374088,47830,4704,854,3796,58,2.4443520233035088,5.601758835837245,6.7129279486835,6.19402714073658,6.048683077096939,18.95563816651702,27.830139035359025
327,92.819846681,47877,4516,856,3827,58,2.513101091608405,2.262221882119775,5.9849361423403025,2.024647081270814,8.699742844328284,16.7093260679394,22.080102935433388
328,92.917371732,47991,4260,857,3844,58,2.3702329490333796,2.6816469617187977,7.825107779353857,1.8441202118992805,5.61547395773232,15.284701948985457,20.88644984178245
329,93.014795909,48056,4419,859,3296,63,2.4117811117321253,2.819112967699766,6.163208978250623,3.1441119499504566,7.714018924161792,17.02133985236287,22.823182865977287
330,93.112269293,48061,4786,859,3709,58,3.1508738175034523,3.9575828704982996,4.790169885382056,1.8731539603322744,8.938942104578018,15.602265950292349,23.30833999440074
331,93.209741303,48045,4946,860,3793,58,2.336961915716529,3.8501920644193888,5.106582073494792,2.2263540886342525,8.768522646278143,16.101458808407187,22.85987208597362
332,93.307217188,47968,4498,862,3816,59,2.447437960654497,4.7787390649318695,5.247316090390086,2.2518921177834272,11.116834823042154,18.616043031215668,26.55518287792802
333,93.404690156,47894,4241,863,3829,58,2.35523609444499,3.680384950712323,6.122082006186247,2.1473669912666082,5.99223910830915,14.261688105762005,20.908401114866138
334,93.502220708,47883,4215,863,3829,60,2.4646511301398277,3.3640421461313963,6.575139006599784,1.7781469505280256,7.712256163358688,16.065542120486498,22.4746810272336
335,93.599638467,47878,4442,864,3289,62,2.447828883305192,3.3970039803534746,5.729716969653964,2.627905923873186,8.2763631362468,16.63398602977395,23.40809698216617
336,93.697110311,47819,4659,867,3673,63,2.425688086077571,5.4010930471122265,6.362902000546455,2.053622156381607,6.762639852240682,15.179164009168744,23.66755297407508
337,93.794603195,47785,4461,867,3723,60,2.3875159677118063,2.7144569903612137,7.650992134585977,1.7839970532804728,5.073439795523882,14.508428983390331,20.163167035207152
338,93.892058622,47724,4132,868,3742,61,2.3888489231467247,3.545622806996107,6.32628402672708,2.1006299648433924,8.791875094175339,17.21878908574581,23.77239800989628
339,93.989541465,47807,4044,870,3754,61,2.4661829229444265,3.4109309781342745,5.4315500892698765,1.859036972746253,10.181075893342495,17.471662955358624,23.95960781723261
340,94.087006058,47840,4261,873,3783,62,2.3461889941245317,3.4037670120596886,6.697598844766617,2.504875184968114,9.532802039757371,18.7352760694921,25.152791058644652
341,94.184481068,47874,4585,873,3324,61,2.4196160957217216,3.059031907469034,9.361942065879703,3.465822897851467,6.7566391080617905,19.58440407179296,25.779263116419315
342,94.281954119,47823,4638,873,3640,61,2.375432988628745,4.164349986240268,5.28870290145278,3.242586040869355,8.814458036795259,17.345746979117393,24.569349829107523
343,94.379426837,47769,4378,875,3698,62,2.408115193247795,4.991136025637388,5.366078112274408,2.823761897161603,9.161727037280798,17.35156704671681,25.494069093838334
344,94.476940431,47724,4190,878,3736,59,2.3341160267591476,3.170090029016137,5.443662870675325,2.0350669510662556,10.14752103947103,17.62625086121261,23.73537910170853
345,94.574375482,47722,4169,878,3770,61,2.362048951908946,4.7128458973020315,6.035018945112824,2.0476009231060743,8.013159269466996,16.095779137685895,23.87838694266975
346,94.671848825,47742,4412,880,3792,60,2.63344612903893,2.892981981858611,7.148121017962694,2.084700157865882,6.091894814744592,15.324715990573168,21.60952310077846
347,94.769322127,47634,4696,883,3340,62,3.219001926481724,7.568116998299956,7.338857976719737,3.7297671660780907,8.244792930781841,19.31341807357967,31.174495117738843
348,94.866795678,47699,4737,888,3727,59,2.415579045191407,2.859598957002163,6.130858091637492,1.9236791413277388,10.301388800144196,18.355926033109426,24.241326143965125
349,94.964268938,47618,4552,889,3794,63,2.336240140721202,3.2357429154217243,6.767108105123043,2.029807073995471,8.187996689230204,16.984911868348718,23.147029103711247
350,95.061744531,47637,4393,892,3840,59,2.399638993665576,3.324769902974367,8.036843035370111,1.942383823916316,5.709791090339422,15.68901794962585,22.012517089024186
351,95.159219874,47685,4535,892,3845,59,2.420197008177638,6.120579084381461,5.820657825097442,2.1098169963806868,8.377871243283153,16.30834606476128,25.5251070484519
352,95.256692717,47657,4725,892,3848,59,2.3661961313337088,3.732592100277543,6.300927139818668,2.2331979125738144,8.652054006233811,17.186179058626294,23.8621870521456
353,95.35416581,47654,4700,893,3381,60,3.161693923175335,6.269247038289905,6.330952979624271,3.7861319724470377,6.174590205773711,16.29167515784502,26.30129922181368
354,95.451638945,47584,4448,895,3714,59,2.399367978796363,3.4798099659383297,6.863629911094904,5.071165971457958,6.041620159521699,17.97641604207456,24.49725498445332
355,95.54911383,47534,4182,899,3794,61,2.39143380895257,3.0972629319876432,6.343987071886659,1.7945568542927504,9.674798231571913,17.813342157751322,24.043565848842263
356,95.646585048,47538,4098,900,3821,61,2.349826041609049,2.869487041607499,8.43147188425064,1.8893938977271318,5.757951410487294,16.078817192465067,21.90677891485393
357,95.744058808,47639,4304,902,3851,58,2.3626689799129963,2.7844880241900682,4.886100068688393,1.8890940118581057,6.342794746160507,13.117988826707006,18.894443986937404
358,95.841532943,47658,4510,904,3884,61,2.3672180250287056,6.269998848438263,5.00381994061172,1.8620730843394995,6.235993932932615,13.101886957883835,22.321734111756086
359,95.939007452,47632,4548,905,3373,63,2.4100879672914743,2.9617901891469955,5.626325029879808,2.9542159754782915,5.832349881529808,14.412890886887908,20.472927019000053
360,96.036482462,47515,4372,906,3744,58,2.9428149573504925,5.268774926662445,5.891640903428197,2.190598053857684,5.743693094700575,13.825932051986456,22.67317194491625
361,96.133953847,47506,4206,908,3809,58,2.335780067369342,2.656990895047784,4.871502984315157,1.8178611062467098,9.537850972265005,16.227215062826872,21.79543091915548
362,96.231427398,47607,4376,909,3830,57,2.410057932138443,3.791402094066143,5.355577915906906,2.779830014333129,8.402408100664616,16.53781603090465,23.35152099840343
363,96.328902283,47639,4623,913,3875,60,2.8770919889211655,3.1785350292921066,4.637764999642968,2.434574067592621,12.51515094190836,19.58749000914395,26.423257077112794
364,96.426375543,47704,4745,914,3911,60,2.3985968437045813,2.9059958178550005,5.352812819182873,1.8324980046600103,5.829244153574109,13.014554977416992,18.881779862567782
365,96.523849011,47629,4720,915,3427,64,2.6759461034089327,5.839242832735181,5.546725820749998,3.2567218877375126,5.606497172266245,14.409944880753756,23.52596796117723
366,96.621362771,47568,4532,916,3750,60,2.3699330631643534,3.083817893639207,7.832632167264819,1.9322449807077646,5.793205928057432,15.558083076030016,21.752058994024992
367,96.718835739,47545,4111,917,3791,61,2.392154885455966,3.04867303930223,8.483609883114696,2.0767247769981623,6.655839271843433,17.21617393195629,23.366288049146533
369,96.913744384,47667,4298,919,3842,63,2.3746618535369635,3.620533039793372,7.564009167253971,1.959474990144372,6.50123180821538,16.024715965613723,22.580068092793226
370,97.011218644,47614,4452,922,3904,63,2.3709950037300587,2.894585020840168,8.238631067797542,2.9501488897949457,5.579827120527625,16.768607078120112,22.60674792341888
371,97.108692445,47537,4305,926,4005,61,2.4603628553450108,3.8879229687154293,8.046722039580345,2.8914089780300856,9.660621173679829,20.59875219129026,27.6022229809314
372,97.20616658,47535,4101,926,3482,67,2.548567019402981,4.537136992439628,5.292920861393213,2.6387160178273916,9.183027083054185,17.11466396227479,24.80083191767335
373,97.303640423,47626,4113,927,3805,63,2.519652945920825,3.102783812209964,4.564498085528612,6.381978048011661,5.656772060319781,16.603248193860054,22.794208023697138
374,97.401151266,47609,4306,930,3925,63,2.436458133161068,3.659856040030718,6.665468914434314,1.9248411990702152,7.406132761389017,15.996442874893546,22.833743132650852
375,97.498588734,47683,4636,933,3987,65,2.5091441348195076,4.017614992335439,6.585298106074333,2.1306960843503475,6.526498822495341,15.242493012920022,22.36975496634841
376,97.596062244,47619,4548,935,4026,63,2.3853019811213017,2.817270113155246,8.209146093577147,3.4281129483133554,5.295624956488609,16.93288399837911,22.71379786543548
377,97.693534129,47627,4203,936,4031,64,2.3866540286689997,2.8895249124616385,4.532248014584184,7.412295090034604,6.015452789142728,17.959995893761516,23.850425146520138
378,97.791049514,47633,3896,937,3595,65,2.4006208404898643,5.231186049059033,6.752209970727563,3.6138801369816065,5.482556764036417,15.848646871745586,24.064163910225034
379,97.888482607,47693,3918,938,3825,64,2.369541907683015,2.9135900549590588,8.908062940463424,2.031451091170311,5.218480946496129,16.157994978129864,22.03666209243238
380,97.985994366,47704,4137,940,3873,64,2.3612570948898792,6.715693045407534,5.035558948293328,2.020830987021327,10.415123077109456,17.47151301242411,27.23893290385604
381,98.08342921,47595,4295,941,3902,64,2.4464160669595003,4.040919942781329,5.178686929866672,3.072656923905015,7.535336073487997,15.786679927259684,23.023077053949237
382,98.180945261,47562,4145,943,3920,66,2.4119310546666384,4.300924949347973,4.578816005960107,1.9467419479042292,5.168557167053223,11.694115120917559,18.971988931298256
383,98.278377521,47574,3969,944,3941,65,2.3774271830916405,3.416420891880989,4.657021025195718,1.9195608329027891,7.210278185084462,13.786860043182969,20.201988983899355
384,98.375849614,47667,3991,946,3549,65,2.3311511613428593,2.6698040310293436,6.189106963574886,2.6708259247243404,6.811582250520587,15.671515138819814,21.243127062916756
385,98.473325249,47723,4220,950,3802,66,2.3589821066707373,5.798156140372157,6.083058891817927,2.1290620788931847,7.763172034174204,15.975293004885316,24.757441133260727
386,98.5708028,47772,4471,952,3895,66,2.379792043939233,5.353274056687951,10.028138989582658,1.864858902990818,7.252546027302742,19.145543919876218,27.496004011482
387,98.668272477,47672,4440,952,3915,67,2.350826980546117,3.357980865985155,7.445045979693532,2.473776927217841,10.96134609542787,20.880169002339244,27.225587982684374
388,98.765747986,47605,4186,952,3925,67,2.509764861315489,3.422793000936508,6.464824080467224,4.895627964287996,6.990505149587989,18.35095719434321,25.31564491800964
389,98.86322033,47610,3939,953,3945,67,2.570037031546235,5.809316877275705,5.388288991525769,2.44707684032619,6.199738243594766,14.035104075446725,23.16723600961268
390,98.960692548,47628,3941,956,3549,69,2.4221509229391813,2.9933589976280928,5.133513128384948,3.125046147033572,5.76123665086925,14.01979592628777,20.033383974805474
391,99.058166849,47761,4145,956,3835,67,3.141385968774557,6.179638905450702,4.765965044498444,2.592730103060603,9.462129790335894,16.82082493789494,26.7372140660882
392,99.155641442,47684,4299,958,3912,66,2.43128789588809,3.135284874588251,4.288441967219114,2.5915680453181267,5.8841470163315535,12.764157028868794,18.892139894887805
393,99.25311366,47658,4327,958,3941,65,2.377356868237257,3.749322844669223,8.83411499671638,1.9113749731332064,5.623029079288244,16.36851904913783,23.059675935655832
394,99.350588962,47541,4222,958,3987,67,2.3629709612578154,2.6988680474460125,4.920534091070294,1.6840100288391113,5.844332743436098,12.448876863345504,18.04448408074677
395,99.448062722,47503,4127,958,3989,67,2.3623788729310036,2.8088737744838,4.848028998821974,5.258968099951744,5.376685876399279,15.483682975172997,21.225713891908526
397,99.643010866,47678,4176,958,3551,69,2.3535320069640875,4.828511970117688,6.257554981857538,2.344595966860652,8.49388912320137,17.09604007191956,24.888485902920365
398,99.740484043,47793,4234,959,3868,67,2.389460103586316,6.429737899452448,6.159562151879072,4.704359918832779,6.053324090316892,16.917246161028743,26.355851907283068
399,99.837956636,47882,4173,960,3947,67,2.4124120827764273,3.1844170298427343,7.705203024670482,1.9030789844691753,7.116422988474369,16.724704997614026,22.946444107219577
400,99.935430354,47965,4004,965,4020,65,2.44625611230731,3.2368251122534275,5.419388180598617,2.3263609036803246,5.528039997443557,13.273789081722498,19.600274972617626
401,100.032904155,47891,3861,965,4021,65,2.3490239400416613,2.7823138516396284,6.9372570142149925,3.2485960982739925,5.778689868748188,15.964542981237173,21.69677591882646
402,100.130378832,47996,3967,967,4042,65,2.782314084470272,3.224171930924058,5.031772190704942,5.282430909574032,9.793920908123255,20.10812400840223,26.718448847532272
403,100.227852675,48020,4199,968,3606,65,2.57042795419693,6.068032002076507,4.6245011035352945,2.525123069062829,9.218754712492228,16.36837888509035,25.647535920143127
404,100.325326102,47912,4278,969,3891,65,3.114075167104602,3.2233300153166056,6.649828981608152,4.677690099924803,7.250381866469979,18.577900948002934,25.61639784835279
405,100.422801611,47845,4039,971,3956,67,2.42487620562315,3.588202176615596,5.559268873184919,2.0922040566802025,8.083922090008855,15.735395019873977,22.50781306065619
406,100.520272829,47724,3814,974,4002,69,2.4442619178444147,3.4509659744799137,7.65084195882082,1.8938630819320679,6.016293074935675,15.560998115688562,22.05904317088425
407,100.617754006,47689,3776,976,4028,66,2.3737698793411255,3.3118650317192078,5.206600064411759,2.1764510311186314,10.09034481830895,17.47339591383934,24.922310141846538
408,100.715256932,47793,3924,979,4042,67,2.3446250706911087,7.367861922830343,4.7143681440502405,1.8323881085962057,9.669177699834108,16.215933952480555,26.701989118009806
409,100.812693525,47892,4128,981,3649,69,2.5467639788985252,5.465062102302909,5.335530964657664,6.49834587238729,6.862055044621229,18.695931881666183,27.522543910890818
410,100.91017191,47952,4134,982,3904,65,2.3356289602816105,2.8765108436346054,7.797687081620097,1.9579927902668715,5.826969165354967,15.582649037241936,21.40998002141714
411,101.007642045,47947,3916,985,3972,66,2.410359214991331,2.8010800015181303,8.99288197979331,1.8538879230618477,6.148371146991849,16.995141049847007,22.86130399443209
412,101.105135138,47921,3764,988,4006,68,2.386664040386677,2.856713021174073,5.564408842474222,1.9313930533826351,11.20572118088603,18.701523076742887,24.60937388241291
413,101.202590315,47909,3820,989,4025,68,2.3900000378489494,3.9878999814391136,5.525024840608239,3.195857862010598,6.309012416750193,15.02989511936903,22.164219990372658
414,101.300064116,47996,3993,989,4032,67,3.4241750836372375,3.8143349811434746,10.09973301552236,1.8976188730448484,6.999413250014186,18.996765138581395,26.84786100871861
415,101.397536709,47926,4184,994,3684,70,2.395852003246546,6.051118951290846,5.478186998516321,2.5873298291116953,6.6977390088140965,14.763255836442113,23.80491909570992
416,101.495010969,47778,4191,999,4004,68,2.3622990120202303,5.168557865545154,6.638647988438606,3.3755949698388577,7.872415008023381,17.886657966300845,26.08501515351236
417,101.592484145,47774,4068,1002,4056,71,2.603590954095125,5.883245030418038,5.476013058796525,1.912448089569807,9.57797677256167,16.966437920928,26.077860966324806
418,101.689963364,47788,4090,1005,4106,70,2.442720113322139,5.826920038089156,7.127573015168309,1.9693041685968637,5.9318458661437035,15.028723049908876,24.006386986002326
419,101.787433415,47862,4309,1010,4191,68,2.380633959546685,3.3012661151587963,5.896068876609206,1.9609180744737387,14.27851989865303,22.135506849735975,28.511393116787076
420,101.884905758,47805,4558,1014,4241,67,2.360795857384801,2.898240927606821,5.901670083403587,2.1471669897437096,5.535462871193886,13.584299944341183,19.427911145612597
421,101.982380643,47750,4615,1018,3736,75,3.0275729950517416,2.9385171364992857,5.439163884148002,2.582490909844637,10.72279829531908,18.74445308931172,25.345442118123174
422,102.079855861,47734,4506,1021,4144,70,2.3649840150028467,3.4743191208690405,6.574639119207859,5.5678850039839745,6.004521856084466,18.1470459792763,24.648047052323818
423,102.177326788,47703,4457,1024,4244,72,2.3625991307199,3.540291916579008,6.152329035103321,1.85923813842237,6.462667835876346,14.474235009402037,20.957503002136946
424,102.274800381,47732,4544,1028,4344,72,2.4492708034813404,3.344645956531167,5.944770993664861,3.2958260271698236,9.929923107847571,19.170520128682256,25.59559908695519
425,102.372308391,47758,4802,1033,4423,71,2.365955850109458,3.242295002564788,5.281659075990319,1.8892139196395874,8.875072002410889,16.045944998040795,22.214003140106797
426,102.469748692,47574,5023,1040,4512,73,2.4253269657492638,3.347621997818351,6.897131912410259,5.769361974671483,6.880812114104629,19.54730600118637,26.02839795872569
427,102.567222827,47472,5178,1043,3927,83,2.3141088895499706,4.013677826151252,8.021875051781535,3.110869089141488,6.647425936535001,17.780170077458024,24.73352593369782
428,102.664697212,47376,5331,1047,4444,76,2.3994590155780315,5.146377021446824,5.866132909432054,2.5869288947433233,5.749376257881522,14.202438062056899,22.330952109768987
429,102.762169763,47433,5460,1053,4630,72,3.6233081482350826,3.9515818934887648,7.1869539096951485,2.549109049141407,8.283193921670318,18.019256880506873,26.196803897619247
430,102.859643439,47595,5657,1060,4746,73,2.3576708044856787,1.7635789699852467,8.978293975815177,1.9180679228156805,5.97020797431469,16.866569872945547,21.55882795341313
431,102.957158574,47491,6026,1067,4838,73,2.5232401676476,6.444304948672652,10.047886054962873,2.7242759242653847,5.913741886615753,18.68590386584401,28.223234927281737
433,103.152075261,47503,6281,1072,4904,74,2.3226349148899317,2.9491360764950514,9.54512506723404,2.0152288489043713,5.862187128514051,17.422541044652462,23.287681862711906
434,103.249536854,47357,6407,1077,4237,84,2.4089061189442873,4.107373999431729,6.195378955453634,2.528029028326273,11.782429879531264,20.50583786331117,27.714361902326345
435,103.347053488,46937,6546,1082,4870,75,3.1292340718209743,3.5567330196499825,8.020662935450673,2.0404469687491655,5.771517287939787,15.832627192139626,23.28895404934883
436,103.444484665,46896,6727,1088,5041,75,2.3966331500560045,2.8645179700106382,6.28032791428268,2.047369023784995,7.5278920121490955,15.85558895021677,21.707276115193963
437,103.54195805,46779,7059,1097,5189,74,2.431598026305437,3.7948579993098974,7.807224057614803,4.964827094227076,8.028788957744837,20.800840109586716,27.608545031398535
438,103.639433268,46391,7276,1100,5219,76,2.399980090558529,2.754983026534319,6.390132941305637,5.645781056955457,6.6165069583803415,18.652420956641436,24.467358831316233
439,103.736906069,46193,7056,1106,5305,78,2.3695318959653378,3.036641050130129,7.094992091879249,2.412843983620405,7.009250810369849,16.517086885869503,22.5222900044173
440,103.834398371,45963,6904,1110,4383,94,2.353401854634285,3.6345289554446936,6.487736012786627,5.253547104075551,5.818293895572424,17.559577012434602,24.2223609238863
441,103.931897797,45821,6843,1111,5113,81,2.9221458826214075,3.2056060153990984,8.769294014200568,2.0238261204212904,6.353363860398531,17.14648399502039,24.165924871340394
442,104.029327974,45745,7206,1116,5340,74,2.6161838322877884,7.010263158008456,6.27620005980134,4.598130937665701,8.364026201888919,19.23835719935596,29.482861049473286
443,104.126801317,45512,7750,1126,5520,77,2.3685109335929155,6.521149072796106,6.595217855647206,2.177734160795808,9.03847604058683,17.811428057029843,27.322149137035012
444,104.224275743,45352,7930,1133,5651,75,2.4376099463552237,4.987919935956597,8.134928066283464,5.699401022866368,7.249650778248906,21.08397986739874,29.36158305965364
445,104.321748836,44922,7928,1140,5761,74,2.3275939747691154,3.048382932320237,6.334579084068537,1.884113997220993,9.391288971528411,17.60998205281794,23.675336968153715
446,104.419222388,44775,7749,1142,4669,94,2.340278122574091,2.892219927161932,11.896925047039986,5.7916040532290936,7.700994843617082,25.38952394388616,31.223166035488248
447,104.516696231,44542,7819,1144,5654,78,2.6817768812179565,3.3307811245322227,10.675250086933374,2.2201130632311106,6.216717883944511,19.112081034108996,25.799350114539266
448,104.614169949,44566,7888,1148,5766,72,2.329536946490407,5.2723519038408995,6.510989973321557,2.9577629175037146,8.643148001283407,18.11190089210868,26.293214177712798
449,104.711643417,44153,8204,1153,5913,72,2.2972580045461655,5.7524999137967825,7.562876911833882,2.588863018900156,5.9683851432055235,16.120125073939562,24.729720083996654
450,104.80911826,43918,8403,1159,6034,72,2.3587020114064217,3.179077059030533,7.075445959344506,2.2954728920012712,6.274928105995059,15.645846957340837,21.76902093924582
451,104.90659177,43648,8285,1163,6111,73,2.3574798833578825,2.8956669848412275,9.3312649987638,2.5175500195473433,8.42570117674768,20.274516195058823,26.149754878133535
452,105.004065572,43511,8217,1167,4852,92,2.371415961533785,3.015712136402726,7.7317929826676846,2.6972258929163218,8.093059295788407,18.522078171372414,24.605117039754987
453,105.101583248,43425,8202,1170,6011,74,2.3224549368023872,4.21136780641973,6.2839139718562365,4.125967854633927,6.186273181810975,16.59615500830114,23.737272946164012
454,105.199052341,43338,8365,1172,6189,72,2.3675989359617233,3.5743361804634333,7.211690070107579,6.25292700715363,5.927077727392316,19.391694804653525,25.92961397022009
455,105.296487018,43373,8748,1173,6228,71,2.39383801817894,4.105309024453163,6.756389047950506,5.112302955240011,5.999862914904952,17.86855491809547,24.942588061094284
456,105.393960819,43198,8957,1180,6306,72,2.3467799182981253,6.045819027349353,11.02605601772666,2.2720000706613064,6.4367500599473715,19.734806148335338,28.72564410790801
457,105.491433787,43107,8804,1188,6417,73,2.353491960093379,5.987500073388219,6.538830930367112,2.30450090020895,7.260332349687815,16.103664180263877,25.02982085570693
458,105.588945255,43104,7991,1191,5016,94,2.365965861827135,3.1763510778546333,8.582193171605468,2.5415150448679924,10.494690854102373,21.618399070575833,27.795954840257764
459,105.686383057,43142,8101,1196,6338,73,2.470992039889097,5.549541208893061,11.524638161063194,1.9308619666844606,5.778628867119551,19.234128994867206,27.960193110629916
460,105.7838559,43153,8467,1196,6458,72,2.352331066504121,4.031321033835411,10.450389003381133,2.500637900084257,8.969017071649432,21.920043975114822,28.94821995869279
461,105.881328785,42898,8844,1199,6530,74,2.3847909178584814,2.8488689567893744,7.344798883423209,5.147288087755442,8.746311999857426,21.238398971036077,27.167530031874776
462,105.978854003,42894,8825,1205,6646,72,2.3194889072328806,7.534222910180688,10.580341098830104,1.998507883399725,5.697158165276051,18.27600714750588,28.713562060147524
463,106.076277304,42950,8489,1206,6676,72,2.328044967725873,2.8290022164583206,6.808385020121932,1.919239992275834,8.550736121833324,17.27836113423109,23.020190885290504
464,106.173750106,42780,8109,1213,5250,87,2.3618480190634727,3.494245931506157,10.74620196595788,2.8367768973112106,5.777727114036679,19.36070597730577,25.80035198479891
465,106.271223657,42811,8300,1215,6544,75,2.3431931622326374,5.0342269241809845,9.083661949262023,2.0211110822856426,5.942144896835089,17.046917928382754,25.015344144776464
466,106.368698959,42787,8603,1221,6738,70,2.343372907489538,1.8626938108354807,7.63200712390244,4.843059927225113,9.20546893030405,21.680535981431603,26.47162787616253
467,106.46617126,42894,9132,1224,6874,70,2.371276030316949,2.927095163613558,13.244986068457365,2.907318063080311,7.679474772885442,23.831778904423118,29.831733088940382
468,106.563644937,42681,8754,1227,6943,70,3.221436170861125,3.1817620620131493,12.234436115249991,2.06418102607131,7.611988810822368,21.91060595214367,28.899379074573517
469,106.661119238,42697,7824,1228,6968,68,2.4412861093878746,3.020759904757142,7.162198191508651,2.52085505053401,5.808495683595538,15.491548925638199,21.520446054637432
470,106.758593206,42573,6471,1231,5304,83,2.4704609531909227,2.9053951147943735,11.90544106066227,2.557214116677642,9.862807812169194,24.325462989509106,30.26328980922699
471,106.856066299,42613,6313,1233,6343,72,2.419455908238888,5.035760113969445,6.598133128136396,2.221314935013652,6.224001990631223,15.043450053781271,23.09073298238218
472,106.953540142,42635,6645,1238,6594,72,2.3384741507470608,1.826185965910554,8.798819035291672,1.8426571041345596,6.7084189504384995,17.34989508986473,24.386577075347304
473,107.051014277,42444,7452,1242,6752,70,2.370784990489483,2.9120168182998896,7.089812075719237,2.4726460687816143,10.578888701274991,20.141346845775843,26.024922961369157
474,107.14849587,42652,8015,1244,6863,71,2.3609257768839598,3.5966180730611086,9.853641968220472,1.933707157149911,5.910787032917142,17.698136158287525,24.219003971666098
475,107.245962464,42686,7647,1249,6942,74,2.3382941726595163,5.183015018701553,6.227619014680386,5.541655933484435,6.876653991639614,18.645928939804435,26.758314110338688
476,107.343474015,42847,7652,1256,5519,83,2.4672849103808403,1.7726058140397072,7.649660110473633,5.3307421039789915,7.7852916438132524,20.765693858265877,25.652075186371803
477,107.440909733,43039,8026,1261,6819,75,2.325260080397129,2.855912782251835,7.131430087611079,1.928868005052209,8.761829929426312,17.8221280220896,23.603683104738593
478,107.538428035,43083,8751,1266,7078,71,2.345087006688118,3.1151671428233385,8.09877016581595,2.9136301018297672,8.428295841440558,19.440696109086275,25.486985919997096
479,107.635857419,43245,8668,1270,7215,71,2.3756339214742184,5.616385955363512,8.061700034886599,5.302367964759469,5.744515918195248,19.108583917841315,27.679086895659566
480,107.733334971,43265,7992,1271,7242,70,2.4137950967997313,3.7157400511205196,7.010043133050203,1.9363220781087875,8.36261291988194,17.30897813104093,24.053584085777402
481,107.830803564,43314,7567,1274,7296,69,2.396021969616413,1.77294691093266,7.646412821486592,2.6008349377661943,9.244343265891075,19.49159102514386,24.253058014437556
482,107.928277865,43370,7511,1278,5614,85,2.335849916562438,3.0536919366568327,9.100954048335552,3.209443064406514,12.429851805791259,24.740248918533325,30.783383874222636
483,108.025751709,43455,7752,1282,6990,71,2.3424008395522833,2.9285280033946037,9.972965111956,2.0067039877176285,5.750016076490283,17.729685176163912,23.58054998330772
485,108.220699103,43382,8779,1285,7276,71,2.285664901137352,3.28633701428771,10.236267931759357,1.8855670932680368,6.499126786366105,18.6209618113935,24.83576792292297
486,108.318172821,43377,8346,1289,7379,70,2.3453570902347565,3.058771137148142,10.398081038147211,2.157064853236079,6.459373282268643,19.014519173651934,25.28102113865316
487,108.415646873,43573,8099,1295,7506,70,2.395530929788947,2.7737191412597895,7.255041040480137,2.184815937653184,9.481035871431231,18.920892849564552,24.699022062122822
488,108.513120091,43709,8109,1299,7568,71,2.8747578617185354,4.017935832962394,8.99364403448999,4.4383518397808075,5.942346062511206,19.374341936782002,26.909947860985994
489,108.610593684,43812,8708,1306,5842,87,2.353452146053314,2.9126780573278666,9.995897999033332,2.6766371447592974,5.581781966611743,18.254317110404372,24.08721810206771
490,108.708066985,43885,9325,1312,7539,72,2.340699080377817,2.7421489357948303,10.639812797307968,2.9751150868833065,5.772168282419443,19.387096166610718,25.071117794141173
491,108.805542245,43868,9044,1315,7753,71,2.383868908509612,2.8563328087329865,7.090322906151414,1.8992729019373655,6.7132581025362015,15.702853910624981,21.534411935135722
492,108.903053255,43917,8132,1317,7844,71,2.5534459855407476,6.614081794396043,8.91161011531949,2.713144989684224,6.05628895573318,17.681044060736895,27.437305077910423
493,109.000488598,43961,7286,1321,7915,71,2.3726788349449635,4.988552071154118,6.352262804284692,5.204356042668223,9.61793027818203,21.174549125134945,29.38395505771041
494,109.098008358,44193,7379,1325,7965,71,2.3191680666059256,3.4858209546655416,6.345029920339584,5.627196980640292,5.608751205727458,17.580978106707335,23.94221699796617
495,109.195436951,44308,8040,1329,6054,86,2.5198340881615877,4.246823955327272,7.507002912461758,2.9624318704009056,12.04594224691391,22.515377029776573,29.8842319753021
496,109.292909961,44670,8681,1333,7626,72,2.3578607942909002,2.941182116046548,10.085174813866615,2.264335984364152,10.785375256091356,23.134886054322124,29.031856916844845
497,109.390385096,44722,8655,1337,7888,70,2.3822770453989506,6.984155159443617,7.2450218722224236,1.9284070003777742,11.261196108534932,20.43462498113513,30.56173911318183
498,109.487859147,44700,8234,1337,7928,70,2.393478062003851,2.723515033721924,14.954053098335862,1.9162849057465792,11.217693798244,28.08803180232644,34.04414304532111
499,109.58533149,44854,7798,1342,8052,71,2.5259850081056356,10.405553970485926,10.632510064169765,9.29753202944994,11.181845795363188,31.111887888982892,44.623943977057934
500,109.682805417,44942,8021,1342,8067,71,2.45135510340333,3.054763888940215,6.223130971193314,5.702007096260786,10.301288915798068,22.226426983252168,28.333259979262948
501,109.780279802,45113,8839,1348,6267,89,2.3479419760406017,10.326786898076534,10.239063063636422,3.498705103993416,9.274127660319209,23.011895827949047,36.291256779804826
502,109.877752603,45207,8884,1351,7805,75,2.4391328915953636,9.86934220418334,10.436892975121737,2.106189029291272,10.931740049272776,23.474822053685784,36.469069076702
503,109.975227321,45243,8889,1358,8088,69,2.505056094378233,2.5366449262946844,10.70408383384347,2.5160470977425575,6.898191990330815,20.118322921916842,25.800443021580577
504,110.072701331,45234,7790,1363,8200,72,2.6865650434046984,7.428075186908245,10.09748806245625,2.191660227254033,7.027194602414966,19.31634289212525,30.024162959307432
505,110.170173007,45200,7746,1365,8239,72,2.362268976867199,1.7245861236006021,7.133964914828539,5.153890931978822,8.735671173781157,21.023527020588517,25.700986851006746
506,110.2676486,45267,7891,1365,8239,72,2.3502458352595568,2.9915859922766685,6.598333129659295,2.0618669223040342,6.584647111594677,15.244847163558006,21.187653997913003
507,110.365121569,45341,8224,1367,6165,93,2.3466090206056833,2.830354031175375,9.372512111440301,2.529642079025507,5.461766850203276,17.363921040669084,23.112734081223607
508,110.462595578,45186,8711,1371,7907,73,2.3881779052317142,3.249078057706356,9.19226510450244,1.9075078889727592,6.880591157823801,17.980364151299,24.366971105337143
509,110.560079588,45489,9043,1373,8155,73,2.3675989359617233,2.8478670865297318,10.053446050733328,3.108555218204856,5.9262956492602825,19.088296918198466,24.987332057207823
510,110.657543431,45766,8780,1378,8266,73,2.324288012459874,2.922806888818741,7.7123569790273905,2.037270925939083,6.442661164328456,16.19228906929493,22.078990936279297
511,110.755016941,46031,8611,1382,8332,72,2.418534131720662,2.9234979301691055,10.339230066165328,1.9551971927285194,9.006357751786709,21.300785010680556,27.252337895333767
512,110.852490493,46193,9098,1387,8409,72,3.1255369540303946,2.978852018713951,10.346414055675268,1.9388869404792786,5.592792062088847,17.878093058243394,24.704031879082322
513,110.949965669,46234,9394,1392,6451,93,2.578323008492589,3.1711820047348738,7.592201931402087,7.803957909345627,5.613952176645398,21.010112017393112,27.306440053507686
514,111.04743797,46312,9403,1393,8166,76,2.5249430909752846,1.7530901823192835,11.333851143717766,2.9151630587875843,7.164561888203025,21.413576090708375,26.517994003370404
516,111.242387073,46341,8325,1396,8292,76,2.5714498478919268,7.613972062245011,6.228320067748427,5.351260071620345,6.67286291718483,18.252443056553602,29.03316984884441
517,111.339860042,46325,8139,1400,8364,76,2.367739100009203,2.9032710008323193,8.449996123090386,1.9713069777935743,7.289626868441701,17.71092996932566,24.022196186706424
518,111.437332885,46413,8465,1404,8419,77,2.4610329419374466,3.2056369818747044,10.192214976996183,4.7951501328498125,8.605276932939887,23.592642042785883,29.854014981538057
519,111.534806519,46284,8780,1409,8509,75,2.376165008172393,3.922036848962307,6.864089984446764,2.0667361095547676,9.496834827587008,18.42766092158854,25.4230760037899
520,111.632280946,46235,8872,1414,6720,90,2.461825031787157,2.9377550818026066,10.697790887206793,3.2995420042425394,5.8840070851147175,19.88133997656405,25.91129019856453
521,111.729754622,46113,8547,1418,8038,78,2.380101941525936,2.852695994079113,8.142110891640186,2.307856921106577,9.228082373738289,19.678050186485052,25.522832991555333
522,111.827228216,46109,8203,1418,8194,77,2.352920826524496,3.500778926536441,6.878877989947796,2.124934922903776,9.446490090340376,18.450303003191948,25.16150684095919
523,111.924702892,46132,8493,1423,8336,77,2.337211975827813,6.191692082211375,7.419057888910174,2.4155580904334784,7.320044096559286,17.15466007590294,26.244654087349772
524,112.022174985,46149,8915,1426,8412,75,2.346449065953493,2.9975969810038805,8.849052945151925,3.124465001747012,7.970348931849003,19.94386687874794,25.86623514071107
525,112.11964887,46196,9200,1434,8615,74,2.5278779212385416,2.979754004627466,7.643728982657194,2.6044819969683886,5.417693173512816,15.6659041531384,24.69372213818133
526,112.217164213,46286,8999,1438,6491,98,2.318045822903514,5.505598848685622,6.417564116418362,6.530967075377703,6.100311875343323,19.048843067139387,27.431444032117724
527,112.314599598,46550,8413,1440,8128,79,2.4163699708878994,3.113494021818042,8.467891020700336,2.1124009508639574,5.623088916763663,16.203380888327956,22.37169910222292
529,112.509583117,46905,8466,1442,8359,77,2.5193030014634132,2.8545500244945288,6.176193943247199,5.502182058990002,6.73471693880856,18.41309294104576,24.344169069081545
530,112.607017336,47031,9111,1443,8511,75,2.5316958781331778,2.8952050488442183,11.375318979844451,1.964004011824727,5.630411906167865,18.969734897837043,24.96948791667819
531,112.704511804,47073,9136,1445,8578,76,2.394018927589059,4.659867146983743,7.44825298897922,3.6110351793468,5.981477675959468,17.040765844285488,24.729920085519552
532,112.80196598,46924,8581,1448,8638,77,2.331892028450966,2.9003259260207415,7.82256294041872,2.3128059692680836,11.324043152853847,21.45941206254065,27.30633900500834
533,112.899439532,46962,8149,1448,6495,90,2.4385720025748014,5.407535936683416,9.175904095172882,3.726411145180464,5.637495778501034,18.53981101885438,27.012899983674288
534,112.996913333,47138,7990,1449,8097,78,2.4228321854025126,5.317547125741839,7.030711974948645,1.9009460229426622,8.421813137829304,17.35347113572061,25.652466109022498
535,113.094426843,47346,8493,1451,8311,78,2.375965006649494,4.472175845876336,7.9280000645667315,2.4244750384241343,11.695247841998935,22.0477229449898,29.485977021977305
536,113.191861019,47490,9095,1456,8527,77,2.409528009593487,2.959485864266753,9.68886399641633,2.2025101352483034,5.764733767136931,17.656107898801565,23.612199118360877
537,113.289336321,47485,8856,1457,8580,78,2.447407925501466,3.12429410405457,6.525205913931131,2.0752421114593744,8.443283848464489,17.043731873854995,23.32108491100371
538,113.386853664,47566,8325,1460,8624,78,2.3714760318398476,2.844200935214758,12.154236203059554,1.9600670784711838,6.283964728936553,20.39826801046729,26.191934943199158
539,113.48428334,47657,7521,1461,6651,91,2.3716259747743607,4.535424057394266,6.153380963951349,5.762109067291021,5.532338051125407,17.447828082367778,24.918833980336785
541,113.67923036,47688,7840,1463,8058,79,2.414196031168103,3.0676680617034435,11.84576889500022,1.9508188124746084,5.606207298114896,19.402795005589724,25.47564497217536
542,113.776704495,47623,7724,1463,8249,76,2.463598968461156,1.733632991090417,6.935663986951113,1.7867230344563723,8.505729958415031,17.228116979822516,22.033646004274487
543,113.874224046,47668,7972,1465,8304,78,2.3922950495034456,2.9307720251381397,6.844163173809648,2.0342550706118345,8.928821654990315,17.807239899411798,23.773831082507968
544,113.971691931,47669,7522,1465,8315,78,2.4085850454866886,2.962141064926982,7.008669897913933,3.7277841474860907,5.679463734850287,16.41591778025031,22.36276213079691
545,114.069124899,47626,6739,1467,8362,80,2.3502171970903873,2.8189229778945446,10.667284950613976,2.3544849827885628,5.530874943360686,18.552644876763225,24.288654094561934
546,114.166597201,47647,6415,1468,6615,88,2.416050061583519,5.251894937828183,5.828903988003731,3.5258361604064703,9.139875648543239,18.49461579695344,26.764495996758342
547,114.264072502,47676,7190,1469,7934,81,2.8324380982667208,6.020812084898353,8.80056293681264,1.8994829151779413,10.574831161648035,21.274877013638616,30.94565705396235
548,114.361546137,47597,6962,1471,8061,80,2.394709037616849,4.8033250495791435,9.137341985478997,2.3576398380100727,8.601911133155227,20.096892956644297,27.893597958609462
549,114.459018522,47648,6412,1472,8124,81,2.7948380447924137,7.349216844886541,5.908221937716007,5.578595912083983,5.993110127747059,17.47992797754705,28.207845985889435
550,114.653966791,47787,5492,1473,8144,81,2.572182100266218,2.955538919195533,6.3790930435061455,7.357793860137463,6.149993976578116,19.886880880221725,26.037255069240928
551,114.751441634,47797,5357,1474,8151,81,2.3652040399610996,1.8506620544940233,9.644130943343043,1.9761370494961739,8.423084858804941,20.04335285164416,25.00234986655414
552,114.848914436,47736,6356,1476,6473,88,2.3632911033928394,2.934498945251107,5.907841958105564,8.061348926275969,5.716653075069189,19.68584395945072,25.559861911460757
553,114.946389029,47761,6576,1478,7743,82,2.343143103644252,1.726680202409625,8.419600082561374,1.8645180389285088,9.14597767405212,19.430095795542,24.098519003018737
554,115.043861705,47787,6068,1479,7867,82,2.378969918936491,6.487003993242979,5.818883888423443,5.811540875583887,5.907632177695632,17.538056941702962,26.987273013219237
555,115.141337298,47755,5597,1483,7916,82,2.3872461169958115,2.8722728602588177,9.583947015926242,1.983750844374299,6.410482106730342,17.978179967030883,23.885962087661028
556,115.238810517,47721,5128,1484,7940,82,2.3894100449979305,2.8053070418536663,9.310988010838628,1.9594947807490826,5.403778050094843,16.674260841682553,22.454533958807588
557,115.33628286,47725,5638,1484,7949,82,2.368700923398137,2.8894650749862194,10.077290935441852,1.8589880783110857,5.991857964545488,17.928136978298426,23.887143936008215
558,115.43375687,47625,6131,1484,6363,92,2.3851420264691114,3.758060047402978,5.910174921154976,3.40255512855947,11.646026046946645,20.95875609666109,27.656965190544724
559,115.531231254,47563,6144,1486,7510,83,2.4329209700226784,5.241225007921457,8.193095913156867,1.9618801306933165,5.559791112318635,15.714767156168818,23.971220012754202
560,115.628706222,47499,5211,1487,7630,82,2.450222847983241,4.246182972565293,6.410761969164014,4.9172379076480865,5.687539000064135,17.015538876876235,24.301267927512527
561,115.726178982,47430,4709,1488,7653,83,2.6961329858750105,3.091593971475959,4.949758993461728,1.9504581578075886,11.375449830666184,18.2756669819355,24.651002138853073
562,115.823652242,47317,4849,1490,7705,83,2.8507031966000795,4.953176015987992,5.316545022651553,2.7232440188527107,5.809537833556533,13.849326875060797,22.3268149420619
563,115.921126377,47350,5157,1495,7807,84,2.560029039159417,1.7041570972651243,6.002508103847504,5.464392015710473,9.807035094127059,21.273935213685036,26.21300402097404
564,116.018639845,47251,6626,1503,6367,96,2.372276969254017,5.136308027431369,6.056810030713677,2.85247596912086,6.479751085862517,15.389037085697055,23.464313009753823
565,116.116074605,47205,6934,1509,7750,81,2.366377040743828,1.8787039443850517,6.183496909216046,2.5054269935935736,8.570833131670952,17.25975703448057,22.067740093916655
566,116.213547323,47163,6725,1510,7926,81,2.3721070028841496,2.939848927780986,8.915186859667301,1.9814569968730211,7.253809133544564,18.150452990084887,24.1112329531461
567,116.311021708,47171,6261,1513,7971,82,2.403015037998557,3.114075865596533,6.052311044186354,6.975647993385792,5.437301937490702,18.465260975062847,24.534414056688547
568,116.408495967,47099,5915,1516,8069,83,2.4350350722670555,2.9420030768960714,8.70501296594739,1.9236488733440638,6.047483067959547,16.676144907251,22.731160977855325
569,116.505968561,46963,6554,1517,8080,82,2.43526604026556,3.032773034647107,9.581343038007617,2.7452660724520683,5.787224974483252,18.113834084942937,24.12776299752295
570,116.603443112,46894,6502,1518,6495,98,2.3668580688536167,6.50742300786078,7.432273123413324,3.0133570544421673,9.406264871358871,19.851895049214363,29.310818994417787
571,116.700917455,46804,6448,1523,7716,81,2.370052970945835,3.175739897415042,10.922722052782774,2.0123140420764685,5.393048981204629,18.32808507606387,24.45248095318675
572,116.798389632,46714,6236,1525,7879,83,2.3648240603506565,3.2557910308241844,5.288152024149895,1.8857182003557682,8.945412700995803,16.119282925501466,22.343375952914357
573,116.993381068,46603,6108,1525,7916,83,2.4004101287573576,3.0086380429565907,5.528551992028952,5.513814045116305,5.530935944989324,16.57330198213458,22.650460014119744
574,117.090852286,46512,6363,1528,7976,80,2.3761249613016844,3.5477972123771906,9.375478141009808,2.5382591411471367,5.922987591475248,17.836724873632193,24.409310892224312
576,117.285758306,46392,6681,1532,8083,82,3.010181011632085,3.373310901224613,10.660290950909257,3.903311910107732,7.33372918330133,21.89733204431832,29.062384041026235
577,117.383232149,46398,6411,1533,6490,96,2.4282929953187704,2.748602069914341,6.119437050074339,3.0087281484156847,11.345753679051995,20.47391887754202,26.283025974407792
578,117.480705825,46370,6564,1536,7741,82,2.49227206222713,3.37877101264894,6.4873360097408295,1.9886100199073553,6.2149150762706995,14.690861105918884,21.161114796996117
579,117.578179793,46394,6569,1539,7945,80,2.4391929619014263,1.969784963876009,8.906290167942643,2.3507468868047,6.013328908011317,17.27036596275866,22.300445940345526
580,117.675656845,46380,7007,1545,8085,80,2.499265130609274,5.5251349695026875,7.4443749617785215,3.711021039634943,8.254803018644452,19.410199020057917,28.026357060298324
581,117.773126938,46474,6751,1546,8105,79,2.4589200038462877,3.1812710221856833,9.896622970700264,2.631332026794553,5.294353002682328,17.822308000177145,24.021474877372384
582,117.870637864,46549,6404,1549,8161,78,2.4104479234665632,4.228660836815834,6.318419007584453,5.121130030602217,6.784731987863779,18.22428102605045,25.434046983718872
583,117.968075541,46522,5889,1549,6523,95,2.566440962255001,3.27010708861053,9.956283960491419,3.6991590168327093,5.7279949542135,19.383437931537628,25.947758927941322
584,118.065548801,46621,6072,1552,7654,82,2.576218917965889,3.681957023218274,6.301536923274398,2.1963389590382576,7.9094162210822105,16.407292103394866,23.220215924084187
585,118.16302256,46763,5949,1553,7799,80,2.37465207464993,1.8610921688377857,7.199717918410897,2.426859922707081,9.773292113095522,19.3998699542135,24.20308394357562
586,118.260538195,46779,6663,1555,7905,81,2.478596055880189,3.112092148512602,6.458141142502427,2.1152060944586992,5.551333772018552,14.124681008979678,20.282410085201263
588,118.455486756,46849,6130,1558,7952,81,2.4287530686706305,5.460463929921389,9.088399820029736,2.0043300464749336,5.837939912453294,16.930669778957963,25.503566954284906
589,118.5529181,46856,6224,1561,8001,81,2.4517360143363476,1.733733108267188,6.526148179545999,2.000401960685849,9.254141012206674,17.78069115243852,22.55742601118982
590,118.650391401,46967,6824,1564,6474,100,2.5081008207052946,6.648547016084194,5.82633912563324,3.8720129523426294,9.53505584038794,19.23340791836381,28.96319911815226
591,118.747865286,46978,6823,1567,7723,82,2.3933369666337967,1.823450904339552,6.442672107368708,4.8759509809315205,7.547758985310793,18.86638207361102,23.645831970497966
592,118.845338546,46934,7262,1574,7956,80,2.597699873149395,2.919711172580719,10.564983123913407,2.183926058933139,9.770765900611877,22.519675083458424,28.68015901185572
593,118.942812347,46963,6797,1574,7977,80,2.4324997793883085,2.881961176171899,9.310094872489572,1.834972994402051,5.807584151625633,16.952652018517256,22.82463596202433
594,119.040287565,46931,6477,1578,8036,78,2.406882122159004,5.154331913217902,5.546394968405366,5.535345058888197,5.740548018366098,16.82228804565966,24.95375811122358
595,119.13776045,46996,6546,1580,8067,79,3.1861099414527416,3.2995122019201517,9.625475853681564,2.438270952552557,7.729067234322429,19.79281404055655,26.914205867797136
596,119.235234085,47120,6887,1582,6723,98,2.384109888225794,3.9156649727374315,9.04404791072011,3.3487039618194103,5.892974324524403,18.285726197063923,25.177977979183197
597,119.332708803,47084,7062,1585,7821,84,2.427761908620596,3.2961959950625896,8.877386106178164,3.9603780023753643,9.434127947315574,22.271892055869102,28.587877051904798
598,119.430181479,47010,7165,1588,7982,85,3.0492038931697607,3.157376078888774,6.472657900303602,2.7410881593823433,8.676008088514209,17.889754148200154,24.73451802507043
600,119.625149041,47051,6792,1592,8078,84,2.4291840381920338,7.604945916682482,6.3335769809782505,2.685945015400648,11.768554104492068,20.788076100870967,31.41508507542312
601,119.722602509,47273,6767,1594,8127,83,2.443179953843355,3.78493987955153,6.765445927157998,2.0765550434589386,10.68298309110105,19.524984061717987,26.389464968815446
602,119.820075769,47298,7235,1594,8159,84,2.4021631106734276,2.964294981211424,5.959036992862821,1.9298000261187553,5.80687215551734,13.695709174498916,19.64823412708938
603,119.917557862,47211,7796,1597,6667,108,2.39224499091506,2.987148007377982,6.759213982149959,2.665095031261444,10.100855026394129,19.52516403980553,25.550536112859845
604,120.015025122,47165,7455,1600,7943,87,2.473897999152541,3.567073028534651,10.353667894378304,2.0639311987906694,6.5255858935415745,18.94318498671055,25.63858008943498
605,120.112497715,47166,7253,1602,8047,85,2.378057921305299,3.339206101372838,5.763470893725753,2.0597230177372694,5.703819915652275,13.527013827115297,19.85461008735001
606,120.209970933,47015,7252,1604,8090,85,2.3741309996694326,4.114106064662337,6.613080156967044,1.95148098282516,5.840105004608631,14.404666144400835,21.45714801736176
607,120.307493276,47014,7378,1605,8113,85,2.3855019826442003,2.840473083779216,9.222963126376271,4.116880940273404,5.87892672047019,19.218770787119865,25.05707205273211
608,120.502392837,46809,8337,1617,8282,83,2.4360569659620523,3.030870109796524,9.669688995927572,2.0312501583248377,8.582493755966425,20.283432910218835,26.541829109191895
609,120.599866222,46725,8064,1624,6644,99,2.551642945036292,4.188955994322896,6.726924097165465,6.816792069002986,8.916868828237057,22.460584994405508,29.792220098897815
611,120.794814533,46611,7329,1625,7986,88,2.344094915315509,3.6826590076088905,8.903404930606484,2.060794038698077,6.449486128985882,17.413685098290443,24.036763003095984
612,120.89232646,46623,7948,1629,8198,81,2.3244679905474186,1.6468109097331762,10.38650912232697,2.2815780248492956,5.759864812716842,18.427951959893107,22.954028099775314
613,120.989761261,46680,8464,1635,8315,80,2.348602982237935,3.054453060030937,8.779714116826653,1.903170021250844,6.156515795737505,16.839399933815002,22.79764600098133
614,121.087235104,46596,8437,1639,8384,80,2.4177830200642347,2.9914460610598326,8.597522042691708,1.9535049796104431,6.920034997165203,17.471062019467354,23.47805816680193
615,121.184709781,46485,8046,1641,8406,79,2.3459079675376415,3.005080856382847,9.537079837173223,5.394641077145934,8.73084319755435,23.662564111873507,29.758707154542208
616,121.282182457,46500,7726,1644,6993,95,2.3845999967306852,2.8751289937645197,6.737823830917478,8.41621309518814,6.614113226532936,21.768150152638555,27.65413001179695
617,121.379657467,46522,7620,1645,8097,85,2.382186008617282,2.8611619491130114,8.606048999354243,2.085341140627861,8.65492969751358,19.346319837495685,25.159694021567702
618,121.477131018,46566,7905,1646,8240,81,2.401411999017,5.953476997092366,6.789351115003228,5.015452159568667,10.07039682008326,21.875200094655156,30.925630126148462
619,121.574613528,46354,8258,1649,8338,81,2.385122003033757,3.8432490546256304,9.48371086269617,2.0270920358598232,5.967924138531089,17.478727037087083,24.251434952020645
620,121.672077455,46358,8501,1651,8370,83,2.378669800236821,4.017584957182407,7.973775966092944,2.8896050062030554,6.1571679543703794,17.02054892666638,24.011075031012297
622,121.867051391,45968,7716,1656,8464,85,2.386603970080614,6.023498019203544,6.837490014731884,5.2958771120756865,10.666201822459698,22.799568949267268,31.83310804888606
623,121.964498984,45895,7742,1660,6860,99,2.5977501645684242,2.3604759480804205,5.609402898699045,2.483014017343521,8.883309084922075,16.97572600096464,22.517221048474312
624,122.061974327,45757,7972,1661,8147,87,2.3737000301480293,3.2422449439764023,8.160133846104145,1.965286210179329,11.751613114029169,21.877033170312643,28.052776120603085
625,122.159448004,45675,8411,1665,8341,83,2.4657531175762415,2.9005759861320257,9.71215683966875,3.3055241219699383,5.721492925658822,18.73917388729751,24.677300825715065
626,122.256920263,45542,8310,1668,8436,82,2.408204833045602,3.010672051459551,7.54767912440002,2.668502042070031,10.282574919983745,20.498756086453795,26.488729985430837
627,122.354395523,45495,7546,1669,8454,83,2.474779961630702,3.400140907615423,9.715884923934937,2.2828299552202225,5.924553144723177,17.923268023878336,24.39513406716287
628,122.451868991,45299,7613,1670,8473,82,2.3649639915674925,4.9246521666646,5.854791961610317,6.137280026450753,5.82037796266377,17.81244995072484,25.67939693108201
629,122.646815594,45003,8500,1675,6993,104,2.3437640629708767,3.6282679066061974,7.2109089232981205,2.6014968752861023,13.518667314201593,23.331073112785816,29.91445898078382
630,122.744290312,44999,8665,1677,8301,83,2.4753299076110125,1.6660860273987055,6.7877271212637424,2.3558768443763256,9.395305067300797,18.538909032940865,23.26559112407267
632,122.939277874,44751,8176,1679,8403,82,2.3733999114483595,3.230552887544036,7.609563879668713,4.280767170712352,5.770835792645812,17.661166843026876,23.831008933484554
633,123.036710467,44630,8032,1679,8436,83,2.4024141021072865,3.8313160184770823,7.461767876520753,3.503484185785055,10.690206894651055,21.655458956956863,28.487419011071324
634,123.134183935,44552,8539,1684,8520,82,2.5257652159780264,2.958704950287938,9.576363954693079,2.5414039846509695,8.933211211115122,21.05097915045917,28.108029160648584
635,123.231657903,44409,8712,1688,8580,83,2.335198922082782,2.826357027515769,10.05611103028059,2.7666050009429455,6.839805049821734,19.66252108104527,25.440859841182828
636,123.329132829,44373,8393,1690,6928,100,2.3456779308617115,4.154701950028539,5.975738866254687,6.327586015686393,6.0123063158243895,18.31563119776547,25.523554999381304
637,123.426606298,44391,7931,1691,8268,89,2.362780040130019,2.835433930158615,6.8134351167827845,1.9700850825756788,7.028207881376147,15.81172808073461,21.72375679947436
638,123.524079932,44312,7531,1692,8382,87,2.7072748634964228,4.019018029794097,7.054957095533609,1.967310206964612,11.516553815454245,20.538821117952466,28.01078697666526
639,123.621552901,44302,7811,1695,8460,81,2.4362271651625633,3.162815934047103,7.278244011104107,1.9144711550325155,7.054907735437155,16.247622901573777,22.59704004973173
640,123.71902641,44287,8285,1700,8561,82,2.437378978356719,2.967200009152293,7.892393972724676,2.4943759199231863,11.535177938640118,21.92194783128798,28.043969999998808
641,123.816501212,44128,8510,1703,8614,83,2.3541939444839954,3.6087611224502325,8.518245071172714,2.0508270245045424,8.737022988498211,19.306095084175467,25.9610740467906
642,123.913974263,44114,8807,1707,7077,97,2.341139130294323,1.8892539665102959,11.526560876518488,4.175971960648894,8.414411218836904,24.116944056004286,28.92010915093124
643,124.011448565,44016,7885,1709,8376,90,2.4743080139160156,3.0615869909524918,7.349648047238588,2.302898094058037,8.415482006967068,18.068028148263693,24.180122185498476
644,124.108922241,44037,7733,1710,8508,86,2.4148868396878242,3.7025059573352337,7.434536935761571,2.011573174968362,10.233682813122869,19.6797929238528,26.594367809593678
645,124.206396751,44192,7920,1710,8536,87,2.350426046177745,3.1474968418478966,6.377669982612133,1.8097951542586088,9.680608985945582,17.868074122816324,24.074485059827566
646,124.303870011,44274,8436,1715,8592,87,2.3538728710263968,2.9006050899624825,8.906240109354258,1.8759591039270163,9.141499875113368,19.923699088394642,25.84839193150401
647,124.401380479,44224,8855,1720,8661,87,2.345105865970254,2.8861891478300095,6.743383826687932,1.9321839790791273,9.060700191184878,17.736267996951938,23.72200507670641
648,124.498855322,44187,8757,1722,7021,103,2.665536943823099,3.1237429939210415,7.133794948458672,2.8500810731202364,10.867969831451774,20.85184585303068,27.246518060564995
649,124.791242143,44254,8366,1725,8392,87,2.4664541706442833,3.1066611409187317,12.936248909682035,2.8596590273082256,6.391346221789718,22.18725415877998,28.3784749917686
650,124.888752695,44150,9081,1737,8636,87,2.4363980628550053,2.894455101341009,9.645111858844757,2.677238080650568,6.088529014959931,18.410878954455256,24.362492142245173
652,125.083660381,44124,9078,1742,8716,84,2.330089220777154,2.8650599997490644,10.888749035075307,1.9598668441176414,5.781915271654725,18.630531150847673,24.420049972832203
653,125.181134224,44120,8814,1745,8752,90,2.542635891586542,2.8836941346526146,7.157148094847798,2.3277841974049807,9.104650700464845,18.589582992717624,24.81447788886726
654,125.2786069,44017,9042,1751,8819,86,2.3226849734783173,3.025260055437684,6.292771082371473,1.8680139910429716,9.83034004457295,17.991125117987394,23.977912962436676
655,125.37607991,44033,9087,1757,7297,99,2.354825148358941,1.6898009926080704,7.062711054459214,5.205999128520489,5.909112980589271,18.177823163568974,22.8952681645751
656,125.473594128,44023,9700,1765,8711,86,2.4640699848532677,3.008838975802064,10.396757861599326,1.9637129735201597,6.262114038690925,18.62258487381041,24.682231014594436
657,125.57102768,43912,9725,1768,8838,83,2.725097117945552,3.4971318673342466,6.754525005817413,2.01684283092618,5.90468617156148,14.676054008305073,21.53168711811304
658,125.668501523,43819,9094,1770,8873,82,2.636571880429983,6.512913154438138,6.359727121889591,1.9612989854067564,6.249770987778902,14.57079709507525,24.296608986333013
659,125.765976116,43742,8883,1772,8902,82,2.864417852833867,6.870240904390812,8.926077978685498,3.103284863755107,6.278905319049954,18.30826816149056,28.628012165427208
660,125.960923302,43716,9515,1783,9037,85,2.3708760272711515,3.338614944368601,9.184841997921467,2.2055748850107193,12.142424006015062,23.53284088894725,29.848034027963877
661,126.058398145,43568,9546,1790,7436,96,2.371355891227722,1.684029819443822,12.522264150902629,2.6683418545871973,9.733117185533047,24.923723191022873,29.545468045398593
663,126.25334404,43507,8390,1791,8784,91,2.366325818002224,2.8402030002325773,6.278173997998238,1.9017879385501146,9.825709974393249,18.0056719109416,23.75508681870997
664,126.350818633,43489,8848,1793,9023,90,2.362780040130019,3.0404881108552217,9.670289931818843,1.9231268670409918,5.661260103806853,17.254676902666688,23.243410047143698
665,126.448292351,43585,9461,1801,9166,88,2.332864096388221,3.0680689960718155,10.235045803710818,2.548597054556012,6.868589203804731,19.652232062071562,25.648868875578046
666,126.545767319,43365,9612,1804,9212,85,2.372447866946459,1.8230399582535028,11.886054882779717,1.9308219198137522,8.383311098441482,22.20018790103495,26.934784138575196
667,126.643240287,43276,9267,1806,9231,86,3.2528338488191366,7.7142310328781605,7.699923822656274,2.044975059106946,10.83306409418583,20.57796297594905,32.11279003880918
668,126.740714422,43236,8898,1810,7556,93,2.443731063976884,5.4730381816625595,10.246757883578539,3.1920610927045345,6.454153917729855,19.892972894012928,28.41575490310788
669,126.838187849,43129,8838,1815,8972,86,2.4148570373654366,2.125676954165101,7.083771051838994,2.1774331107735634,6.666099885478616,15.927304048091173,21.054313983768225
670,126.935661817,43034,8870,1818,9143,85,2.423242898657918,3.005251055583358,6.9679440930485725,2.571270102635026,11.197927873581648,20.737142069265246,26.75494900904596
671,127.033134785,42844,9404,1821,9218,85,2.6716170832514763,5.506910849362612,6.921628024429083,2.838799962773919,8.8279340416193,18.588362028822303,27.346353977918625
673,127.228082221,42864,9473,1830,9355,84,2.372718881815672,3.7811428774148226,11.120212031528354,2.6048931758850813,6.831908831372857,20.557014038786292,27.55484520457685
674,127.325556231,42849,9629,1835,9440,84,2.3372420109808445,1.6961030196398497,7.669096114113927,5.524713778868318,9.049879154190421,22.243689047172666,26.899119140580297
675,127.423029824,42737,9359,1839,7840,99,2.340278122574091,5.076667061075568,10.435811942443252,3.3958018757402897,5.629340186715126,19.460954004898667,27.46437583118677
676,127.520503084,42690,9664,1842,9269,85,2.430336084216833,5.894796922802925,6.786665180698037,1.9759561400860548,7.897683652117848,16.66030497290194,25.67376592196524
677,127.617978094,42678,10027,1848,9432,85,2.397195203229785,3.6674109287559986,6.841869093477726,2.221255097538233,6.261872826144099,15.324997017160058,21.95778419263661
678,127.715451729,42521,10068,1850,9478,85,2.343002939596772,4.168257117271423,9.992552921175957,1.90693698823452,10.925526963546872,22.82501687295735,30.08361510001123
679,127.812925738,42438,9856,1854,9515,88,2.3828879930078983,4.833863116800785,10.476938914507627,2.4038569536060095,6.182484095916152,19.06327996402979,26.85879194177687
680,128.007873966,42251,8934,1859,9577,86,2.412914065644145,2.9715090058743954,9.405995020642877,2.101871883496642,6.323920097202063,17.83178700134158,23.858169093728065
681,128.105347518,42211,9025,1861,7881,98,2.332202158868313,2.897941041737795,6.462970050051808,2.5896839797496796,5.61910099349916,14.671755023300648,20.458651008084416
683,128.300293662,41947,9329,1867,9308,91,2.4872631765902042,3.0843489803373814,8.10834695585072,4.242717055603862,9.031404973939061,21.382468985393643,27.54892408847809
684,128.397766964,41756,9441,1875,9481,88,2.3468199651688337,2.025828929618001,10.821403004229069,2.5885719805955887,6.673323921859264,20.083298906683922,25.110041024163365
685,128.495278432,41607,9221,1878,9587,87,2.6332458946853876,3.6281771026551723,8.554261876270175,1.9397679716348648,10.809530038386583,21.303559886291623,28.26822898350656
686,128.592715525,41645,9271,1881,9634,88,2.3964529391378164,4.63830609805882,6.731261964887381,5.393749102950096,6.58419681712985,18.709207884967327,26.361071038991213
687,128.690188285,41657,9389,1884,9673,87,2.37212679348886,3.117050975561142,10.260845068842173,1.9332461524754763,11.78924273699522,23.98333395831287,30.1041838247329
688,128.787663503,41733,9564,1888,7953,101,2.3937581572681665,6.284015020355582,7.12716206908226,2.513130893930793,9.001900209113955,18.64219317212701,27.87495288066566
689,128.885136054,41750,9150,1891,9365,88,2.3407989647239447,3.931925166398287,9.47774900123477,3.2260650768876076,5.769042065367103,18.47285614348948,25.309554068371654
690,128.982609856,41683,8530,1895,9546,88,2.3521999828517437,6.144534097984433,7.152279140427709,4.713146947324276,8.729598950594664,20.595025038346648,29.656215105205774
691,129.177557709,41546,8787,1896,9599,87,2.357749966904521,2.83897016197443,7.749565877020359,1.952261896803975,7.847911212593317,17.54973898641765,23.339268984273076
692,129.275032469,41598,8784,1900,9684,84,2.4696700274944305,2.795589854940772,6.876853993162513,5.274235969409347,8.841969072818756,20.993059035390615,26.87474200502038
694,129.469979155,41670,8796,1901,9719,85,2.366055967286229,3.0452969949692488,6.769173080101609,1.8848148174583912,5.70907024666667,14.36305814422667,20.335851004347205
695,129.567453581,41751,8698,1904,7887,103,2.3316519800573587,2.722252858802676,9.177817963063717,2.6415311731398106,7.312248693779111,19.13159782998264,24.768522009253502
696,129.664926549,41787,8722,1907,9395,91,2.3688010405749083,2.9395390301942825,6.665979046374559,3.8645900785923004,9.715243009850383,20.245812134817243,26.162609923630953
697,129.762400976,41926,8687,1910,9554,90,2.422130899503827,2.914972836151719,9.27339680492878,1.9490160048007965,7.528904359787703,18.75131716951728,24.747614050284028
698,129.859873652,41811,8978,1914,9657,90,2.4737981148064137,3.335620043799281,6.931876996532083,1.893301960080862,8.553460240364075,17.37863919697702,23.766537895426154
699,129.957349037,41888,9052,1917,9703,90,2.405639970675111,3.3441048581153154,7.244872162118554,2.7021849527955055,9.536037687212229,19.48309480212629,25.946566136553884
700,130.05482138,41890,8758,1917,9707,90,2.4448928888887167,6.583214970305562,6.643787957727909,2.484536962583661,5.940022179856896,15.068347100168467,24.659780086949468
701,130.24976965,41888,8304,1917,8127,102,2.5697071105241776,6.166154984384775,6.2154068145900965,2.942505059763789,9.420491056516767,18.578402930870652,27.906181989237666
702,130.347281243,41967,8320,1918,9333,91,2.36897193826735,1.8292220775038004,9.745751041918993,2.789026824757457,6.22432422824204,18.75910209491849,23.564749862998724
704,130.542190763,42507,8439,1921,9477,90,2.3604449816048145,3.0556460842490196,10.058705927804112,2.2949231788516045,6.30616582930088,18.659794935956597,24.684033822268248
705,130.639664606,42529,8294,1924,9538,92,2.474247943609953,1.6869651153683662,11.970042018219829,1.9314331002533436,6.141978781670332,20.043453900143504,24.8077348805964
706,130.737139241,42460,8126,1925,9552,91,2.368871122598648,3.0707749538123608,6.220856914296746,2.271109027788043,6.258878158405423,14.750844100490212,20.75027604587376
707,130.834614917,42418,8199,1929,9585,93,2.337272046133876,2.8065701480954885,6.2606611754745245,1.8792848568409681,6.125177955254912,14.265123987570405,19.962582970038056
708,130.93212351,42191,8497,1932,7908,104,2.4337321519851685,3.5778130404651165,6.366770016029477,5.741420201957226,6.348986877128482,18.457177095115185,25.0334779266268
709,131.02955952,42142,8967,1938,9334,95,2.3393959272652864,2.970266155898571,11.757825035601854,2.010309835895896,6.321425084024668,20.089559955522418,26.00321196950972
710,131.127070571,41897,8895,1944,9536,96,2.367077860981226,6.63967989385128,6.579787936061621,1.9550570286810398,6.533761974424124,15.068606939166784,24.66251398436725
711,131.224506498,41782,8289,1945,9583,96,2.3901709355413914,3.0332538299262524,6.38306001201272,2.22599389962852,10.70991507731378,19.31896898895502,25.34236595965922
712,131.321981216,41621,7748,1945,9592,95,2.4021929129958153,4.315712954849005,7.176393875852227,5.75496512465179,9.382502175867558,22.313861176371574,29.635888058692217
713,131.419453892,41574,7734,1945,9595,95,2.3432429879903793,1.6646839212626219,11.486767092719674,3.004449885338545,10.385317960754037,24.876534938812256,29.46180198341608
714,131.614449412,41315,8386,1946,8064,104,2.66723008826375,2.9089211020618677,10.774194961413741,5.919804098084569,6.6721998155117035,23.366198875010014,29.51608318835497
715,131.711898463,41296,8752,1949,9302,96,2.4562750477343798,3.086454002186656,12.010136153548956,2.3038999643176794,12.4875798355788,26.801615953445435,33.07562181726098
716,131.809351015,41150,8540,1955,9440,94,2.435134956613183,3.9030108600854874,8.39349115267396,1.9774590618908405,10.518445866182446,20.889396080747247,27.8251098934561
717,131.906825108,41049,8176,1957,9467,94,2.3575997911393642,3.676807973533869,7.020272081717849,2.1660220809280872,8.070205803960562,17.256499966606498,23.85248919017613
718,132.004296284,40920,8295,1959,9488,96,2.396642928943038,4.40108310431242,11.761620873585343,1.981276087462902,6.9420961663126945,20.68499312736094,28.065379941836
719,132.101809419,40754,9001,1968,9587,97,2.5005079805850983,4.214784130454063,7.741370936855674,2.9767591040581465,10.281241964548826,20.999372005462646,28.3346741925925
720,132.296718564,40419,8431,1972,8078,106,2.337923040613532,3.923207987099886,12.177258962765336,2.7955190744251013,6.216208916157484,21.18898695334792,28.028902132064104
721,132.491667042,39973,7684,1973,9286,101,2.349355025216937,5.603432189673185,6.4981861505657434,3.007947001606226,10.191934881731868,19.698068033903837,28.437464963644743
722,132.589139427,39758,8058,1978,9519,94,2.3461480159312487,3.593701869249344,6.808025063946843,2.297566970810294,6.261303089559078,15.366895124316216,21.879497915506363
723,132.686613436,39264,8384,1985,9646,94,2.3212931118905544,2.7508458588272333,6.421251920983195,2.5688749738037586,8.295437088236213,17.285563983023167,22.93631504289806
724,132.78408728,39267,8366,1987,9698,94,2.3434339091181755,1.690892968326807,6.145926890894771,1.8799270037561655,11.42600318416953,19.451857078820467,24.281261023133993
725,132.881561164,38856,8199,1987,9703,94,2.376314951106906,3.859499003738165,8.02762690000236,5.219975020736456,6.530676037073135,19.77827795781195,26.572986971586943
726,132.979034882,38887,7892,1989,8048,108,2.365916036069393,7.67703983001411,10.51938789896667,3.5614820662885904,6.708149099722505,20.789019064977765,31.544317957013845
727,133.173983194,38894,8195,1992,9424,93,2.4070730432868004,2.816850086674094,6.3478038646280766,1.9115558825433254,9.034600341692567,17.29396008886397,23.210758110508323
728,133.27151062,38831,8645,1999,9634,93,2.3724581114947796,2.760213101282716,6.895729806274176,2.0928150042891502,5.461195250973105,14.449740061536431,20.11695201508701
730,133.466404973,38906,8287,2005,9733,93,2.3377840407192707,3.658123081550002,9.934002999216318,2.9777600429952145,9.299145080149174,22.210908122360706,28.797689825296402
731,133.563878025,38973,8235,2006,9768,93,2.360596088692546,1.6476218588650227,12.222793884575367,2.919310936704278,6.278355140239,21.420459961518645,26.103148935362697
732,133.661351409,39357,8189,2006,9772,93,2.3152511566877365,2.8689559549093246,11.565485037863255,2.251241123303771,10.886663803830743,24.70338996499777,30.449560144916177
733,133.758826877,39475,8259,2009,8157,106,2.4212291464209557,2.7828558813780546,6.0809149872511625,2.5621228851377964,9.877396048977971,18.52043392136693,24.300087010487914
734,133.856300637,39420,8414,2012,9490,98,2.425838029012084,4.485961049795151,6.369665032252669,2.1307149436324835,6.394453113898635,14.894833089783788,22.42732304148376
735,133.953772022,39508,8486,2016,9679,94,2.3398471530526876,2.9119669925421476,10.658147046342492,2.423423109576106,7.3318458162248135,20.41341597214341,26.21551905758679
736,134.051247824,39379,8288,2018,9736,92,2.2787731140851974,2.7135061100125313,9.615126997232437,1.9449579995125532,6.096012890338898,17.656097887083888,23.218533024191856
737,134.246194468,39562,8360,2020,9767,92,2.298709936439991,2.761004026979208,6.2967888079583645,6.00960198789835,5.726792151108384,18.0331829469651,23.656602017581463
738,134.343667436,39457,8317,2023,9805,90,2.323386026546359,1.7056509386748075,9.65270702727139,2.9190201312303543,5.626514786854386,18.19824194535613,22.815248928964138
740,134.538615372,39309,8569,2031,8249,102,3.431027987971902,3.888663835823536,10.659139137715101,2.7715149335563183,6.391254952177405,19.821909023448825,27.854195097461343
741,134.636151049,39425,8254,2033,9570,94,2.353613032028079,3.09454882517457,11.153655126690865,2.838720800355077,8.843261050060391,22.835636977106333,29.020446119830012
742,134.733562059,39683,8177,2034,9679,93,2.363882027566433,2.8491499833762646,7.813296047970653,3.927436890080571,9.161016205325723,20.901749143376946,26.728519005700946
743,134.831037319,39871,8096,2036,9718,94,2.499485854059458,5.296888994053006,5.707106087356806,1.8925000913441181,6.0942398849874735,13.693846063688397,22.087216842919588
744,134.928512828,39891,8058,2037,9736,95,2.3245278280228376,1.678540138527751,8.0788629129529,1.928166951984167,8.577705128118396,18.584734993055463,23.1716251000762
745,135.025984213,39876,8242,2040,9769,96,2.289853058755398,3.1818419229239225,10.138395009562373,2.6593650691211224,5.796712823212147,18.594472901895642,24.66495893895626
746,135.123458806,40177,8276,2045,8471,109,3.0360689852386713,3.339578164741397,5.729778902605176,2.5492177810519934,5.9569834265857935,14.235980110242963,21.193784894421697
747,135.220972316,40483,8117,2046,9567,99,2.366126049309969,5.035819951444864,5.652633961290121,2.7995670679956675,6.259969901293516,14.712170930579305,22.713237907737494
748,135.415879794,40626,8251,2050,9725,96,2.435124944895506,4.796853056177497,7.425790885463357,6.784612080082297,5.588955013081431,19.799357978627086,27.60606096126139
749,135.513352804,40787,8264,2050,9747,94,2.358592115342617,4.560481058433652,6.90164091065526,3.6658968310803175,5.995195126160979,16.562732867896557,25.481496937572956
750,135.610836272,40726,8267,2054,9823,92,2.3925460409373045,3.21445195004344,6.236937129870057,6.50220294483006,6.140978075563908,18.880118150264025,25.06438596174121
751,135.70833899,40913,8307,2056,9865,91,2.586298156529665,4.385743988677859,6.1126339714974165,2.651781076565385,9.740351000800729,18.50476604886353,26.06862410902977
752,135.805774458,41024,7939,2057,8316,103,2.3507680743932724,3.0500460416078568,9.247108129784465,3.3036801032721996,9.831099770963192,22.381888004019856,28.37134199216962
753,135.903248468,41081,7726,2062,9640,91,2.33191205188632,3.2875300385057926,9.224695852026343,1.9710070919245481,7.339310133829713,18.535013077780604,24.758324027061462
754,136.000722478,41100,7721,2064,9769,93,2.509133890271187,5.442630965262651,9.78211802430451,3.807131899520755,5.963395116850734,19.552645040675998,28.140599839389324
755,136.098195863,41177,7792,2067,9837,94,2.3265420459210873,2.8913589194417,6.048914976418018,6.8905099760740995,6.240885006263852,19.18030995875597,24.98477720655501
756,136.293145174,41540,7903,2069,9874,94,2.3827869445085526,5.738263949751854,6.829235004261136,2.3627588525414467,10.807647136971354,19.999640993773937,28.702320996671915
757,136.390617642,41833,8010,2076,9949,95,2.383878920227289,2.2635951172560453,8.39246017858386,2.004119101911783,12.736203614622355,23.132782895117998,28.46415597014129
758,136.585565328,42197,7835,2079,8384,106,2.3423011880367994,4.085262073203921,10.320114903151989,2.6652051601558924,7.730010896921158,20.71533096022904,27.70240092650056
759,136.683039755,42159,7967,2082,9717,99,2.3447060957551003,2.8634059708565474,10.323791997507215,2.384098945185542,11.391309089958668,24.099200032651424,29.92916596122086
760,136.780513014,42237,8035,2085,9826,94,2.347501926124096,2.315761987119913,11.518096085637808,5.1327811088413,6.655089790001512,23.30596698448062,28.552009956911206
761,136.877987441,42521,8198,2090,9953,97,2.5512620341032743,3.4138159826397896,6.474450929090381,6.660680053755641,7.50678195618093,20.641912939026952,27.24343305453658
762,136.975459659,42580,8148,2094,10001,96,2.407133113592863,1.720858970656991,10.42954996228218,2.989682136103511,5.794639931991696,19.213872030377388,23.912862176075578
763,137.072933377,42944,7987,2095,10038,96,2.3587928153574467,7.041332079097629,6.338127190247178,6.823333911597729,5.7643018662929535,18.92576296813786,28.88105600140989
764,137.267880855,43360,7751,2098,8417,112,2.3783589713275433,8.236717898398638,11.081509059295058,2.6315231807529926,5.670105805620551,19.383138045668602,30.579122016206384
766,137.560301884,44081,7941,2103,9783,100,2.3370319977402687,2.770954044535756,9.480956010520458,2.467114944010973,6.062981206923723,18.011052161455154,23.6807179171592
767,137.657776061,44366,8023,2106,9918,103,2.44960212148726,4.489889135584235,7.536659017205238,2.114505972713232,5.725539056584239,15.37670404650271,22.866795072332025
768,137.755249321,44614,7990,2111,10007,102,2.4337531067430973,5.858880002051592,6.792756961658597,2.792463870719075,5.993471015244722,15.578691847622395,24.477648083120584
769,137.852771122,44857,8221,2117,10122,100,2.3813750594854355,3.0237368773669004,6.035560043528676,2.9465118423104286,9.188688127323985,18.17076001316309,24.144795956090093
770,137.95019884,44952,8134,2117,10127,100,2.405318897217512,6.892022909596562,7.841398008167744,2.318828133866191,9.022637968882918,19.182864110916853,29.050081968307495
771,138.04767085,45030,7951,2117,8510,108,2.825545845553279,2.798275090754032,10.883928975090384,2.4760321248322725,5.919382907450199,19.279344007372856,25.468851905316114
772,138.145145568,45353,7869,2120,9865,104,2.4856901727616787,3.735958831384778,6.103816907852888,2.123963087797165,9.734330931678414,17.962110927328467,24.776688078418374
773,138.242618661,45441,7599,2121,9973,101,2.362909959629178,5.839483812451363,5.958847003057599,3.242995822802186,9.216721169650555,18.41856399551034,27.228433871641755
774,138.437565764,45347,7422,2124,10058,101,2.3847611155360937,3.2213961239904165,6.050057010725141,2.7230039704591036,12.933324091136456,21.7063850723207,28.02394307218492
775,138.535040857,45662,7490,2129,10187,100,2.3316519800573587,1.6119459178298712,10.51885704509914,2.213700907304883,8.561365073546767,21.29392302595079,25.836179964244366
777,138.729988627,45967,7394,2129,10189,100,2.3474409244954586,2.9109048191457987,12.21016002818942,2.3467098362743855,9.001329075545073,23.55819894000888,29.479424934834242
778,138.827462053,46119,7304,2130,8558,106,2.3742709308862686,6.113254930824041,6.958035985007882,6.684384075924754,6.71416986733675,20.356589928269386,29.45491881109774
779,138.924935313,45985,7441,2130,9847,102,2.471253043040633,1.7732868436723948,6.385355023667216,2.28340202011168,7.942415773868561,16.611172817647457,21.430748980492353
780,139.022417948,46042,7490,2133,10021,99,2.4573770351707935,5.662912968546152,6.464501842856407,3.820717101916671,11.159926885738969,21.445145830512047,30.23476805537939
781,139.119883791,46031,7506,2133,10051,99,2.4765830021351576,1.7604229506105185,5.958325928077102,1.890476094558835,5.461135879158974,13.30993790179491,18.200797028839588
782,139.314869019,46071,7273,2137,10130,98,2.408074913546443,3.358973888680339,6.141197867691517,2.18496797606349,12.357496190816164,20.68366203457117,27.030534110963345
783,139.412345445,46108,7148,2137,10137,98,2.3420911747962236,2.722532954066992,6.164059974253178,6.035740952938795,5.876183044165373,18.075983971357346,23.789751110598445
785,139.60725159,46288,7154,2138,8601,105,2.3631099611520767,2.8587880078703165,10.235507041215897,6.244641030207276,5.890558939427137,22.37070701085031,28.188099851831794
786,139.704726183,46276,7166,2139,9796,103,2.383938990533352,1.7960991244763136,14.174005016684532,2.815827028825879,5.709129152819514,22.698961198329926,27.45796414092183
787,139.802212401,46290,7179,2142,9979,100,2.3396469186991453,1.8103760667145252,9.152069920673966,3.0045199673622847,9.39745013602078,21.55404002405703,26.306899962946773
788,139.899673286,46262,7150,2143,10030,102,2.556171966716647,5.655599990859628,9.481616085395217,1.9701251294463873,5.944671807810664,17.39641302265227,26.208715979009867
789,139.997146463,46276,7195,2143,10049,102,2.39254510961473,1.8761898390948772,6.466927006840706,1.8480170983821154,6.126920925453305,14.441865030676126,19.30182590149343
790,140.192093441,46492,7209,2145,10095,102,2.3978648241609335,2.7010119520127773,11.819841107353568,3.7945678923279047,6.274346029385924,21.888755029067397,27.569812955334783
791,140.289568117,46586,7394,2147,8558,110,2.4060511495918036,1.8427269533276558,7.082418072968721,2.469009021297097,16.598670044913888,26.150097139179707,31.244397163391113
792,140.484518387,47022,7454,2149,9810,104,2.4596210569143295,3.1058290041983128,9.822814958170056,2.731860149651766,8.304354967549443,20.859030075371265,27.140620164573193
793,140.581989105,47020,7455,2152,9988,103,2.588933100923896,4.8397439531981945,6.767068989574909,5.278975004330277,5.870972061529756,17.917016055434942,25.98751289770007
794,140.679464114,47112,7290,2152,10011,102,2.4057498667389154,4.084761021658778,10.141652077436447,1.8980498425662518,5.495470017194748,17.535171937197447,24.565614061430097
795,140.776983083,47232,7158,2152,10015,102,2.4641400668770075,1.704788999632001,6.226416910067201,1.784327905625105,9.562979219481349,17.573724035173655,22.391796112060547
796,141.069357987,47111,7057,2152,10027,102,2.5201342068612576,3.2501500099897385,6.231947802007198,2.246262039989233,14.670763164758682,23.148973006755114,29.48318189010024
798,141.26430609,47484,6760,2152,8599,110,2.3787401150912046,3.189606824889779,6.319943116977811,3.3845410216599703,8.475192822515965,18.179676961153746,24.354849010705948
799,141.361778766,47546,6820,2152,9572,102,2.3653749376535416,1.807390945032239,10.810632957145572,2.230593003332615,6.2876909505575895,19.328916911035776,24.112034821882844
800,141.459252901,47558,6753,2155,9719,101,2.388527849689126,2.8068500105291605,5.893093068152666,7.181083085015416,10.647317860275507,23.72149401344359,29.5435250736773
801,141.556727036,47546,6878,2157,9747,103,2.408945932984352,2.6175358798354864,5.180200096219778,2.961921039968729,5.47820795327425,13.620329089462757,19.209583988413215
802,141.654257837,47442,6976,2158,9787,103,2.5352330412715673,2.857445040717721,8.81469901651144,1.9840109162032604,5.837971111759543,16.636681044474244,22.63728599064052
803,141.849148024,47299,6739,2162,9810,102,2.3642820306122303,2.631562063470483,13.051304034888744,1.9867559894919395,6.7476630210876465,21.78572304546833,27.3367571644485
804,141.946622075,47223,6886,2163,8484,109,2.396673895418644,1.6545348335057497,8.676740806549788,4.4322810135781765,5.610385211184621,18.719407031312585,23.341913940384984
806,142.14157047,46655,6710,2164,9372,105,2.3827680852264166,2.9266849160194397,5.778699880465865,5.526978988200426,7.241324987262487,18.54700385592878,24.424930103123188
807,142.239043646,46547,6858,2166,9559,106,2.3595839738845825,6.475863978266716,5.368191981688142,3.2457420602440834,10.859634028747678,19.473568070679903,28.916432056576014
808,142.336519031,46531,6877,2171,9672,105,2.365254098549485,2.6839401107281446,11.822686064988375,1.9946820102632046,5.970868049189448,19.788236124441028,25.714472867548466
809,142.434030207,46572,6833,2173,9702,106,2.607296919450164,5.040678894147277,7.363463984802365,1.9757659174501896,11.177289066836238,20.516518969088793,28.91812496818602
810,142.531466134,46398,6717,2173,9718,106,2.4568960070610046,2.8308548498898745,6.829946069046855,1.9464909564703703,5.810268921777606,14.586705947294831,20.457508973777294
811,142.726450278,46155,6713,2175,8559,116,2.3646738845854998,6.332335993647575,6.01928005926311,6.340370047837496,5.959528964012861,18.319179071113467,27.583036804571748
812,142.823886163,46074,6780,2179,9469,109,2.372568007558584,5.538220051676035,5.805901018902659,2.2737840190529823,6.469971965998411,14.549657003954053,23.037493927404284
814,143.018873766,46159,6590,2181,9529,109,2.971698995679617,3.656730055809021,5.740478169173002,2.130785956978798,6.897522835060954,14.768786961212754,22.074934095144272
815,143.116308026,46232,6556,2181,9562,110,2.3543741554021835,2.8838850557804108,9.525458794087172,1.9708969630300999,5.940813105553389,17.43716886267066,23.22820108383894
816,143.213785952,46264,6595,2186,9612,107,3.3922558650374413,3.960678819566965,5.8793178759515285,6.180992117151618,6.7964340560138226,18.85674404911697,26.806985959410667
817,143.311255129,46170,6682,2189,9684,103,2.4983028415590525,5.817381897941232,5.6697961408644915,2.01045093126595,9.528583846986294,17.208830919116735,26.331947883591056
818,143.408761139,46414,6956,2195,8547,115,2.415889874100685,2.7480910066515207,8.337104925885797,2.7486919425427914,5.72958798147738,16.815384849905968,22.616907954216003
819,143.50620269,46471,6864,2195,9370,107,2.442459110170603,8.247387828305364,6.318981060758233,6.241656141355634,6.257053930312395,18.817691132426262,30.253162141889334
820,143.701154043,46472,6653,2195,9426,106,2.6371630374342203,2.8708900790661573,5.370585946366191,4.904784960672259,8.771989028900862,19.047359935939312,25.12754499912262
821,143.798623595,46274,6676,2198,9496,105,2.343073021620512,2.682038117200136,6.4529909286648035,2.575779100880027,11.741704074665904,20.770474104210734,26.42250689677894
823,143.993571572,46053,6830,2205,9608,103,2.3672988172620535,2.604592125862837,8.034199010580778,3.0130259692668915,7.7425341587513685,18.789759138599038,24.3553901091218
824,144.091044666,46141,6912,2208,9654,103,2.408175030723214,1.8833230715245008,6.707587977871299,1.8874211236834526,7.4171938467770815,16.012202948331833,23.66201300173998
825,144.1885208,46077,6725,2210,8512,109,2.408175030723214,5.917038070037961,5.949208978563547,3.516357857733965,6.9650092627853155,16.430576099082828,25.358346989378333
826,144.285993685,46106,6603,2212,9260,102,2.613258082419634,5.333726992830634,5.6611900217831135,1.9477440509945154,11.199058964848518,18.807993037626147,27.351103024557233
827,144.383499528,45886,6747,2216,9434,102,2.391324145719409,6.255371030420065,10.23307186551392,2.139952965080738,6.005565170198679,18.378590000793338,27.58491109125316
828,144.578414423,45931,6817,2222,9543,101,2.3733300622552633,2.69507197663188,8.981721010059118,1.9205021671950817,7.401356706395745,18.303579883649945,24.050079053267837
829,144.675886933,46153,6695,2224,9609,100,2.368199871852994,3.150323173031211,7.694794097915292,1.9501680508255959,8.626456838101149,18.271418986842036,24.332707980647683
831,144.870835911,46322,6607,2231,9697,103,2.341009210795164,2.6180678978562355,10.497908107936382,2.1804780699312687,5.939430790022016,18.617816967889667,24.28108104504645
832,144.968310212,46248,6635,2234,8664,112,2.367990091443062,1.6801529563963413,5.899584852159023,4.372328985482454,8.708311012014747,18.980224849656224,23.594656959176064
833,145.06578668,46243,6786,2242,9479,106,2.3710851091891527,2.9994710348546505,8.790534222498536,2.941092010587454,6.2089646235108376,17.940590856596828,23.89979688450694
834,145.163255732,46486,6758,2243,9554,107,2.7104199398308992,4.370335023850203,5.907641025260091,3.0935669783502817,7.561955135315657,16.56316313892603,24.252207018435
835,145.260730575,46588,6440,2244,9576,107,2.392716007307172,2.795739099383354,5.507312016561627,8.10917909257114,5.915225949138403,19.53171705827117,25.27862717397511
836,145.358261751,46710,6483,2248,9652,108,2.4304059334099293,1.8475470133125782,8.650672156363726,2.02460796572268,6.258826935663819,16.934107057750225,21.946512861177325
837,145.650625864,46661,6527,2254,9708,109,2.3605860769748688,2.990975044667721,5.869228858500719,1.9827790092676878,5.618470022454858,13.470477890223265,19.37511400319636
838,145.74813879,46764,6625,2258,8598,113,2.3487540893256664,1.641490962356329,5.534041905775666,2.429473912343383,9.943792130798101,17.90730794891715,22.840806981548667
839,145.845573425,46701,6319,2259,9282,109,2.375784097239375,2.8292029164731503,6.52626808732748,2.0003521349281073,6.858148844912648,15.384769067168236,21.20502688921988
840,145.943047852,46803,6418,2262,9421,110,2.3594440426677465,1.7704418860375881,7.6237511821091175,1.9566600676625967,6.167236715555191,15.747647965326905,20.460824947804213
841,146.040520986,46585,6529,2265,9493,110,2.3614068049937487,2.646359847858548,5.70622505620122,1.9562190864235163,6.450085900723934,14.11253004334867,19.70141497440636
842,146.137994413,46535,6663,2268,9528,112,2.4129231460392475,2.648404100909829,5.128453020006418,1.8583971541374922,7.019870914518833,14.006721088662744,19.627996953204274
843,146.235512089,46487,6729,2276,9617,112,2.466814126819372,2.690493129193783,5.359055008739233,7.988642901182175,6.094370968639851,19.44206887856126,25.156338000670075
844,146.332944516,46620,6570,2276,8560,113,2.345167100429535,2.6564490981400013,10.310566984117031,2.7903588488698006,6.261653965339065,19.362579798325896,24.921088013798
845,146.527889369,46679,6316,2280,9232,111,2.631453098729253,2.6559578254818916,7.9783250112086535,4.54909005202353,6.781945005059242,19.309360068291426,25.163121055811644
846,146.625364379,46426,6447,2282,9367,111,2.350457012653351,2.626142930239439,9.006287902593613,1.8756890203803778,6.171553861349821,17.05353078432381,22.61434285901487
848,146.82031094,46650,6348,2288,9443,111,2.6381148491054773,4.017655970528722,11.479483917355537,2.7815739158540964,6.2423760537058115,20.503433886915445,27.83433790318668
849,146.917830408,46742,6185,2291,9458,111,2.387206070125103,4.038474056869745,5.885138874873519,6.681167986243963,5.812874296680093,18.379181157797575,25.349659845232964
850,147.015258334,46610,6223,2295,9504,112,2.3632808588445187,2.7693200390785933,5.132060032337904,2.5577950291335583,11.49510289542377,19.184957956895232,24.94065393693745
851,147.112734761,46562,6341,2300,8658,115,2.5911368429660797,4.188335034996271,5.117391934618354,3.8706709165126085,5.814257077872753,14.802319929003716,22.307459032163024
852,147.210206354,46427,6551,2307,9252,115,2.3750930558890104,2.7018850669264793,5.257294047623873,4.8645599745213985,6.178257986903191,16.300112009048462,21.990144858136773
853,147.307723072,46452,6536,2313,9396,116,2.422482008114457,2.7181049808859825,5.62448101118207,1.8501910381019115,6.595707964152098,14.070380013436079,19.92198685184121
854,147.502629925,46546,6381,2316,9424,116,2.391213085502386,2.889825962483883,8.889728924259543,2.5435579009354115,5.740098189562559,17.173385014757514,23.086776956915855
855,147.600101768,46444,6372,2320,9479,117,2.378548961132765,2.693298039957881,5.061598028987646,1.9209031015634537,6.523934891447425,13.506436021998525,19.1449630074203
857,147.795049788,46213,6547,2326,9531,115,2.4999259039759636,3.2073298934847116,5.984244868159294,7.32060382142663,7.319251308217645,20.62409999780357,27.254302985966206
858,147.892524923,46328,6648,2327,8706,116,2.407524036243558,2.1176820155233145,6.320383166894317,7.090433966368437,5.92767889611423,19.338496029376984,24.46051687002182
859,147.989999307,46374,6405,2329,9217,114,2.333525102585554,5.18083106726408,6.568636978045106,2.481752075254917,5.838061915710568,14.888450969010592,22.978916065767407
860,148.087477817,46303,6485,2333,9348,113,2.4124328047037125,4.555361112579703,6.245473166927695,1.9273359794169664,6.705672712996602,14.878481859341264,22.632337175309658
861,148.184944077,46153,6467,2337,9400,113,2.392716007307172,2.6717979926615953,9.685287019237876,2.9712780378758907,8.36781389079988,21.024378947913647,26.720284018665552
862,148.379892513,45784,6702,2344,9465,111,2.4632480926811695,2.910383976995945,6.056017940863967,1.9388068467378616,11.982014402747154,19.976839190348983,26.021366007626057
863,148.477402648,45732,6756,2350,9558,109,2.403366146609187,2.769390819594264,5.667021032422781,1.992085948586464,9.48652601800859,17.145632999017835,22.945611970499158
865,148.672313918,45463,6344,2353,8825,115,2.327052876353264,6.325181806460023,7.475873921066523,4.559759050607681,6.436261115595698,18.471894087269902,27.69695082679391
866,148.769786011,45125,6403,2355,9280,109,2.409006003290415,3.918600035831332,5.64621202647686,4.5221790205687284,6.328128045424819,16.496519092470407,23.486634949222207
867,148.867260729,45104,6480,2358,9420,108,2.3649740032851696,3.495088079944253,5.261691985651851,5.441308952867985,7.33585306443274,18.038854002952576,24.52057902701199
868,148.96473478,45167,6505,2362,9493,110,2.374903066083789,3.300543874502182,7.534353993833065,3.04786185733974,9.42722405306995,20.009439904242754,26.33161679841578
869,149.062208623,45346,6431,2364,9519,110,2.4614750873297453,4.969106055796146,5.210075993090868,2.065052976831794,6.67142984457314,13.946558814495802,22.22062600776553
870,149.159681592,45199,6303,2368,9571,110,2.557022962719202,3.081795061007142,7.984896888956428,5.701946094632149,6.345240166410804,20.03208314999938,26.30495699122548
871,149.257194893,45107,6285,2370,8868,113,2.4844270665198565,4.209103994071484,4.723375895991921,2.4637479800730944,5.7342571672052145,12.92138104327023,20.21490386687219
872,149.452102621,44633,6379,2373,9364,110,2.371496055275202,3.2227179035544395,6.721633020788431,2.0002219825983047,10.191825916990638,18.913680920377374,25.14362381771207
873,149.549576797,44592,6402,2378,9465,112,2.360706217586994,7.445336785167456,6.313130026683211,6.171213928610086,5.930113140493631,18.41445709578693,28.78765109926462
875,149.744567942,44524,6289,2382,9497,112,2.5290909688919783,3.615875029936433,4.501249874010682,1.8637559842318296,5.7118660770356655,12.076871935278177,18.795690033584833
876,149.842049285,44579,6320,2387,9547,113,2.374611794948578,4.712875932455063,5.746440030634403,5.08974096737802,7.219784893095493,18.055965891107917,25.75572906062007
877,149.939471795,44394,6431,2391,9611,112,2.4481690488755703,1.765713095664978,5.552286980673671,2.4608829990029335,6.7484029568731785,14.761572936549783,19.54615395516157
878,150.036945471,44431,6591,2396,8899,118,2.5020099710673094,3.055715933442116,6.3110459595918655,3.050787141546607,9.441680973395705,18.803514074534178,24.960962822660804
879,150.134419148,44513,6623,2400,9424,117,2.392716007307172,3.6526531912386417,4.782516043633223,1.8455330282449722,8.833403931930661,15.461453003808856,22.09163596853614
880,150.231954241,44540,6547,2404,9533,116,2.4447431787848473,3.3172150142490864,9.732726961374283,2.2020989563316107,6.277583073824644,18.212408991530538,24.58896697498858
881,150.426840719,44379,6638,2406,9576,114,2.3543238639831543,2.7525390032678843,4.798315931111574,2.0508370362222195,9.57022188231349,16.419374849647284,22.499428130686283
882,150.524314104,44108,6695,2409,9617,114,2.3305800277739763,2.743371995165944,5.366608966141939,2.1312169265002012,11.317842174321413,18.815668066963553,24.512603878974915
884,150.719270415,44024,6552,2420,9760,115,2.348502865061164,2.6626898907124996,8.590478915721178,2.492993138730526,6.452491972595453,17.535964027047157,23.16759806126356
885,150.816739175,43963,6714,2424,8999,122,2.5990919675678015,1.9544761162251234,5.053583066910505,3.633256070315838,12.718521757051349,21.405360894277692,26.561656966805458
886,150.914210393,43686,6674,2427,9586,115,2.333173993974924,3.8899669889360666,4.636632977053523,1.8579349853098392,6.392650073394179,12.887218035757542,19.84523283317685
887,151.011682528,43459,6651,2432,9701,112,2.55697313696146,2.6960731483995914,6.147800013422966,1.9371039234101772,8.600668981671333,16.685572918504477,22.73832494392991
888,151.109158246,43178,6711,2435,9753,112,2.341069048270583,3.0402771662920713,8.567186072468758,3.2974681816995144,5.972241749987006,17.836896004155278,23.81563000380993
889,151.206631422,43022,6645,2439,9799,111,2.3806241806596518,3.1500528566539288,5.293952999636531,1.9858148880302906,13.329393928870559,20.60916181653738,26.743949158117175
890,151.40157965,42657,6640,2443,9866,110,2.3373619187623262,6.30591600202024,5.2678140345960855,3.9291498251259327,11.003213236108422,20.20017709583044,29.579763067886233
891,151.499052493,42515,6679,2446,9296,122,2.525594085454941,5.259428173303604,5.2870099898427725,4.1245759930461645,11.215429985895753,20.62701596878469,29.015877982601523
892,151.694000388,42175,6619,2451,9772,113,2.4301561061292887,4.840394947677851,9.302921826019883,1.8975299317389727,6.468631327152252,17.669083084911108,25.557218119502068
893,151.791472939,42118,6659,2453,9845,112,2.5670421309769154,1.7264289781451225,6.656911922618747,2.092365175485611,16.878633992746472,25.62791109085083,30.54837486706674
894,151.888947449,42326,6638,2454,9864,111,2.5341100990772247,3.0397360678762197,9.126623161137104,2.061567036435008,6.41858484596014,17.606775043532252,23.777378955855966
895,151.986422167,42278,6582,2457,9931,109,2.3367709945887327,3.2414128072559834,11.370920110493898,2.5176689960062504,6.984426872804761,20.87301597930491,27.252328814938664
896,152.083895802,42290,6718,2459,9960,107,2.449932973831892,1.7796889878809452,5.680205067619681,1.9801140297204256,6.181984907016158,13.842304004356265,18.67146696895361
897,152.278844197,42220,6911,2463,9209,119,2.559057902544737,2.6901818346232176,8.582675131037831,2.876782091334462,5.795129807665944,17.254587030038238,23.068613139912486
898,152.376317873,42226,6874,2467,9838,112,2.342652063816786,2.9579130932688713,5.665298085659742,3.2961159013211727,9.918011957779527,18.879425944760442,24.857679847627878
900,152.571266393,42378,6748,2474,9964,114,2.334536984562874,3.308098064735532,5.251222988590598,1.8677939660847187,7.877536118030548,14.996553072705865,21.211158018559217
901,152.668738069,42248,6813,2475,9980,115,2.4419580586254597,2.4274210445582867,5.819166079163551,2.5516441091895103,12.213635724037886,20.584445912390947,26.029200991615653
902,152.766213496,42172,6799,2478,10020,114,2.664094092324376,5.277531920000911,4.734555957838893,3.3257908653467894,9.96963120996952,18.029978033155203,26.615448063239455
903,152.863684422,42243,6819,2483,10099,111,2.5606700219213963,3.06076486594975,6.298311986029148,2.0356280729174614,6.576421903446317,14.910361962392926,21.127110812813044
904,152.961160015,42380,6828,2486,9285,123,2.4039470590651035,2.97758006490767,9.977244073525071,3.5631859209388494,9.186754003167152,22.727183997631073,28.663218952715397
905,153.156105285,42549,6815,2489,9976,113,2.3362000938504934,2.95257312245667,5.680246045812964,1.9612889736890793,12.046043062582612,19.687578082084656,25.643689092248678
906,153.253580586,42329,6907,2492,10091,112,2.377777826040983,6.285227136686444,6.089109927415848,3.3169251400977373,10.057725012302399,19.463760079815984,28.730603866279125
907,153.448540856,42274,6913,2499,10202,114,2.39399797283113,3.438863204792142,6.357563193887472,2.1936530247330666,6.2605817802250385,14.811797998845577,24.280289886519313
908,153.546002157,42288,6901,2501,10240,115,2.304811030626297,4.565960960462689,10.029962053522468,2.2034619469195604,6.255091167986393,18.48851516842842,25.927650975063443
909,153.643475417,42393,6963,2504,10277,114,2.400179859250784,2.1002190187573433,9.093621047213674,1.859928946942091,5.548038054257631,16.501588048413396,21.571001037955284
910,153.740949844,42457,6913,2507,9497,126,2.360115060582757,3.466484136879444,8.078141137957573,3.4666049759835005,10.688484879210591,22.233230993151665,28.63101800903678
911,153.838422853,42375,6961,2510,10250,114,2.4410670157521963,2.7521089650690556,5.639208946377039,2.5642169639468193,12.091088108718395,20.294514019042253,26.112166000530124
912,153.93589728,42315,7007,2512,10303,114,2.3471410386264324,2.6930677704513073,9.442644193768501,3.938147099688649,6.548829842358828,19.929621135815978,25.556067004799843
913,154.228318184,42038,6898,2514,10342,113,2.5218180380761623,2.8220489621162415,5.60520519502461,2.359614009037614,11.847863672301173,19.812682876363397,25.809471029788256
914,154.325791736,41980,6978,2518,10400,114,2.3363700602203608,1.7250170931220055,9.916750947013497,4.956932971253991,7.7065760269761086,22.580259945243597,27.446091873571277
915,154.423267037,41947,7047,2521,10455,113,2.3155210074037313,4.3983468785882,6.064564920961857,1.9520511850714684,6.32662489078939,14.343240996822715,21.703458856791258
916,154.52074038,42125,7114,2522,9529,126,2.3517499212175608,1.8304139375686646,11.04161492548883,2.60989204980433,5.748473107814789,19.39998008310795,24.167509051039815
917,154.618212598,42108,7102,2528,10389,116,2.3461480159312487,2.959345933049917,9.761159075424075,2.680604113265872,6.897353800013661,19.33911698870361,25.25405096821487
918,154.715728941,42077,7044,2530,10469,117,2.3857031483203173,3.1856501009315252,5.375365959480405,1.975656021386385,15.772262820973992,23.123284801840782,29.390407958999276
919,154.813161035,42107,7025,2532,10522,118,2.3738110903650522,6.289855809882283,5.828683031722903,2.760404022410512,10.510881897062063,19.09996895119548,28.389555867761374
920,155.008109137,42151,7031,2535,10549,120,2.301865955814719,3.55397816747427,10.967866983264685,3.10706184245646,5.963115254417062,20.038044080138206,26.485153939574957
922,155.30053025,42094,6751,2535,10549,118,2.516136970371008,4.268394084647298,6.481394870206714,1.962750917300582,8.210218045860529,16.654363833367825,24.061128962785006
923,155.398003885,42124,6828,2536,9588,126,2.4203278589993715,1.6741021536290646,5.818434059619904,2.5371259544044733,9.447012096643448,17.802572110667825,23.793549044057727
924,155.495476978,42127,6827,2538,10400,117,2.32828501611948,4.721472039818764,7.405051961541176,2.4242550134658813,8.740349905565381,18.56965688057244,26.169504038989544
925,155.592952113,42352,6902,2542,10521,117,2.3822260554879904,1.7983040306717157,5.959867965430021,2.103435108438134,6.090412847697735,14.15371592156589,18.899614922702312
926,155.690425414,42573,6822,2543,10556,117,2.4440521374344826,3.501439932733774,10.028951102867723,2.0123848225921392,5.934000248089433,17.975336173549294,24.51002993620932
927,155.787899716,42814,6801,2545,10588,117,2.5273479986935854,2.827489050105214,9.593074908480048,2.4834449868649244,5.795783130452037,17.87230302579701,23.807083955034614
928,155.98284711,43068,6693,2547,10607,118,2.34063807874918,3.0686608515679836,5.330219864845276,2.5652579497545958,8.8543351739645,16.749812988564372,22.80793501995504
929,156.080319954,43235,6726,2549,9620,133,2.3289259988814592,1.6539129428565502,8.736382937058806,2.5810881052166224,6.881301989778876,18.198773032054305,23.092478048056364
931,156.275268556,43719,6639,2550,10409,122,2.3215929977595806,3.1845769844949245,7.742834044620395,5.2201650105416775,6.305444985628128,19.2684440407902,25.369677925482392
932,156.372743025,43822,6580,2552,10501,119,2.4304459802806377,2.9074191115796566,5.299052922055125,2.4442519061267376,12.147143250331283,19.890448078513145,25.84875305183232
933,156.470215076,43875,6491,2555,10542,121,2.3991880007088184,2.8096861205995083,7.863941136747599,1.932965824380517,6.8567858543246984,16.653692815452814,22.466767113655806
934,156.567689419,43961,6558,2557,10586,120,2.425306010991335,4.153339192271233,5.472988123074174,1.8740049563348293,5.737242754548788,13.084235833957791,20.254479022696614
935,156.665163471,44038,6615,2558,10588,119,2.3567688185721636,3.1342129223048687,5.610123975202441,2.5820599403232336,9.1099520213902,17.302135936915874,23.467018036171794
936,156.762683439,44210,6693,2561,9665,134,2.614470897242427,3.699439810588956,5.5484590120613575,2.6840409263968468,7.448713993653655,15.68121393211186,22.733816877007484
937,156.957623375,44575,6544,2562,10477,123,2.475801156833768,2.9206338804215193,7.7664179261773825,2.363993087783456,7.43926502764225,17.56967604160309,23.581882938742638
938,157.055057468,44539,6605,2566,10534,122,2.4876240640878677,1.814453862607479,6.736380979418755,1.8572041299194098,12.856700923293829,21.450286032631993,26.534507051110268
940,157.250050113,44321,6689,2569,10559,121,2.57352483458817,6.446358980610967,5.23328990675509,2.8970600105822086,9.480603039264679,17.610952956601977,27.223305078223348
941,157.347480789,44284,6750,2572,10610,122,2.443361096084118,1.7604329623281956,5.355257075279951,2.6399081107228994,10.776969837024808,18.77213502302766,23.5469879116863
942,157.444954507,44253,6643,2575,10640,122,2.488986123353243,3.054362954571843,8.217841852456331,3.6780701484531164,6.469112122431397,18.365024123340845,24.455167120322585
943,157.542428559,44118,6539,2577,9665,134,2.4107899516820908,2.7909199707210064,6.648877868428826,2.5360439904034138,10.468022199347615,19.652944058179855,25.421374011784792
944,157.639901735,43922,6507,2580,10503,125,2.4232740979641676,4.116660915315151,9.18656517751515,3.779500024393201,7.789179682731628,20.75524488463998,27.871778002008796
945,157.932359431,43603,6495,2583,10589,124,2.4015619419515133,4.812602186575532,6.818935973569751,2.063050167635083,6.150554865598679,15.032541006803513,22.836698917672038
948,158.224781461,43320,6313,2585,10601,125,2.3662270978093147,6.190599873661995,5.2841538563370705,2.8801080770790577,5.840336205437779,14.004598138853908,23.127823835238814
949,158.322218387,42961,6337,2591,10642,124,2.3675989359617233,2.7867741882801056,9.600238874554634,3.843480022624135,8.168690139427781,21.61240903660655,27.35198591835797
950,158.419690522,42593,6305,2596,10696,124,3.320000134408474,3.518962999805808,9.459524881094694,2.389949979260564,10.447394102811813,22.29686896316707,29.7295730561018
951,158.517165323,42649,6276,2598,9957,133,2.56170192733407,3.4637199714779854,5.559469806030393,2.7039279229938984,8.729449240490794,16.992846969515085,23.682401049882174
952,158.614639958,42486,6183,2603,10490,128,2.388627966865897,3.4057109151035547,5.6824900675565,1.9967551343142986,6.543600931763649,14.222846133634448,20.76385193504393
953,158.71211301,42275,6051,2606,10553,124,2.3486828431487083,2.709517953917384,7.580680074170232,3.453410230576992,7.631445536389947,18.66553584113717,24.317750008776784
954,158.809587353,41901,5994,2606,10571,125,2.346860012039542,2.729877131059766,6.790713174268603,2.8322581201791763,6.217269692569971,15.84024098701775,21.60526509396732
955,158.907060821,41921,6040,2608,10607,125,2.376996912062168,1.8134820275008678,9.84788197092712,4.669916117563844,7.498476887121797,22.01627497561276,26.797889033332467
957,159.102007299,42027,5780,2610,10635,124,2.364624058827758,3.2307030633091927,11.118267895653844,1.972861122339964,5.913321161642671,19.00445017963648,25.175214046612382
958,159.199491934,42265,5859,2612,9703,134,2.4129031226038933,2.0284049678593874,6.095062009990215,5.138270789757371,9.504179237410426,20.737512037158012,25.760920019820333
959,159.29695561,42195,5829,2612,10352,123,2.3820558562874794,5.316786002367735,5.5201861541718245,1.8926009070128202,10.974227916449308,18.387014977633953,26.68082993477583
960,159.394428953,42072,5718,2616,10439,123,2.4649009574204683,7.215808145701885,5.152008030563593,2.213010098785162,6.254979874938726,13.619998004287481,23.98300403729081
961,159.49190188,42001,5574,2618,10476,124,2.357759978622198,2.684621838852763,5.287210922688246,2.0712940022349358,9.332578163594007,16.69108308851719,22.30425411835313
962,159.589376848,42086,5530,2622,10535,123,2.3546249140053988,2.7609351091086864,6.692179013043642,1.970906974747777,6.743064150214195,15.406150138005614,21.39113494195044
963,159.784323701,41970,5396,2623,10538,124,2.3086080327630043,2.6793419383466244,5.354505963623524,1.8771609757095575,9.296582080423832,16.528249019756913,22.256023017689586
964,159.881799377,41783,5392,2627,9731,130,2.3710750974714756,2.834402024745941,9.246586821973324,3.8696180563420057,6.330834003165364,19.447038881480694,25.215279078111053
966,160.076745022,41926,5363,2633,10356,129,2.4424579460173845,3.756156889721751,4.576320992782712,4.757288843393326,9.941957192495465,19.275567028671503,26.046182960271835
967,160.174220157,41933,5446,2635,10440,127,2.336030127480626,4.407254047691822,5.8832361828535795,5.18983812071383,7.467468734830618,18.540543038398027,25.8452370762825
968,160.271694125,41901,5417,2637,10484,127,2.330379094928503,5.045989062637091,5.080954870209098,2.270447090268135,6.706234999001026,14.057636959478259,22.029638988897204
969,160.369165593,42260,5349,2640,10511,128,2.434082794934511,3.010460874065757,5.645992001518607,5.40311704389751,5.922058131545782,16.9711671769619,22.996137849986553
970,160.466641478,42777,5407,2645,10604,131,2.3349481634795666,3.0040089040994644,7.255451986566186,2.615913050249219,9.65647492557764,19.527839962393045,25.467290077358484
971,160.564114112,43003,5456,2646,9852,139,2.3891490418463945,3.106882097199559,7.856416050344706,3.4166420809924603,11.628041742369533,22.9010998737067,28.97638501599431
972,160.856535517,44023,5290,2647,10405,134,2.5696870870888233,2.885787980630994,6.004130933433771,3.102042945101857,10.012841084972024,19.119014963507652,25.15686908736825
973,160.95400936,43731,5384,2649,10442,134,2.5106361135840416,1.7000900115817785,7.10497098043561,3.3084191381931305,11.59274484962225,22.00613496825099,26.799923041835427
974,161.051483245,43292,5503,2654,10489,135,2.3551059421151876,3.387817181646824,6.3895119819790125,2.5175788905471563,6.178688956424594,15.085779828950763,21.450005006045103
975,161.148957171,43144,5555,2660,10579,133,2.364161890000105,1.8706191331148148,12.059258064255118,2.1841260604560375,6.044877925887704,20.28826205059886,25.117375887930393
976,161.246430556,43018,5575,2666,10643,134,2.3392559960484505,2.8394521214067936,11.824730085209012,1.990162068977952,6.10048184171319,19.915373995900154,25.720674078911543
977,161.343905566,42742,5475,2667,9782,145,2.351858885958791,5.638086004182696,6.3328358810395,2.5625131092965603,11.452595004811883,20.347943995147943,28.89380999840796
978,161.441378326,42460,5505,2669,10395,138,2.419015159830451,3.254647832363844,6.685585947707295,5.60862198472023,9.586413158103824,21.88062109053135,28.14904716797173
979,161.538852002,41847,5548,2671,10489,138,2.4127329234033823,3.124895039945841,6.330752978101373,2.3092201445251703,11.7666597943753,20.406632917001843,26.506043039262295
980,161.83127474,40929,5686,2676,10535,141,2.4752910248935223,4.022425040602684,7.052773144096136,4.668141948059201,7.246415829285979,18.967330921441317,26.070218067616224
981,161.928749166,40921,5856,2678,10551,139,2.3540430702269077,1.8204860389232635,8.826771983876824,4.459272138774395,12.028770754113793,25.314814876765013,30.275494093075395
982,162.026222718,40998,6161,2686,10632,136,2.3809641133993864,3.049846040084958,6.7805040162056684,4.557083826512098,9.307061322033405,20.644649164751172,26.635365094989538
983,162.123762477,40771,6158,2689,9875,145,2.3239771835505962,3.846264909952879,4.566251998767257,2.4147971998900175,13.199862791225314,20.18091198988259,27.124019106850028
984,162.221170446,41209,6379,2695,10461,141,2.3344471119344234,3.6594050470739603,5.788648035377264,6.162727950140834,8.313211845234036,20.264587830752134,26.883649174124002
985,162.318645497,41265,6403,2700,10582,139,2.3689819499850273,2.787224017083645,5.603042198345065,2.6337068993598223,12.346804840490222,20.58355393819511,26.30378515459597
986,162.416116632,41116,6264,2705,10665,138,2.3591131903231144,1.7387219704687595,6.828494137153029,1.8488778732717037,9.49613400734961,18.173506017774343,22.823655046522617
987,162.611064235,40548,6217,2707,10677,140,2.9527139849960804,6.42404705286026,6.252395920455456,2.0208710338920355,6.387779023498297,14.661045977845788,24.632998974993825
988,162.806058838,40270,6502,2709,10727,140,2.3171240463852882,3.2555898651480675,10.097939055413008,1.927616074681282,6.494950037449598,18.520505167543888,24.66463902965188
989,162.903485139,40436,6546,2710,10020,150,2.529391087591648,2.8958970215171576,5.438984138891101,3.5042448434978724,9.895863011479378,18.83909199386835,24.888806976377964
990,163.000959857,40858,6739,2715,10596,144,3.0040601268410683,1.87823292799294,8.852920960634947,2.7844689320772886,6.501051131635904,18.13844102434814,23.630865151062608
991,163.098432825,41240,6756,2718,10681,144,2.3804029915481806,3.6809060256928205,6.127341883257031,2.70068203099072,12.24994519725442,21.07796911150217,27.727869106456637
992,163.19590696,41582,6877,2722,10738,143,2.371386159211397,3.4652419853955507,6.4882871229201555,1.9509398844093084,9.724060073494911,18.163287080824375,24.574550101533532
993,163.293380345,41710,7012,2727,10802,143,2.4774440098553896,3.2093229237943888,6.784531055018306,2.7530810330063105,12.403181986883283,21.9407940749079,28.222814900800586
994,163.390856646,42236,7292,2734,10883,143,2.3246989585459232,3.5463739186525345,6.148230982944369,2.8150049038231373,13.25778104364872,22.221016930416226,28.716447995975614
995,163.683276801,42207,6861,2737,10010,154,2.3361900821328163,2.7978839352726936,6.685416214168072,5.796934012323618,7.773951860144734,20.256302086636424,25.996980955824256
996,163.780749311,42226,6864,2738,10704,147,2.350066090002656,1.7177439294755459,6.568758049979806,7.050378946587443,5.955510074272752,19.57464707084,24.200170068070292
997,163.878223654,42152,7029,2740,10810,140,2.349975984543562,3.1062299385666847,5.4639221634715796,2.391903894022107,11.983375996351242,19.83920205384493,25.864884024485946
998,163.975696872,42016,7032,2742,10862,141,2.387495944276452,1.658773049712181,10.008792858570814,1.8591780681163073,9.497596183791757,21.365567110478878,26.03683597408235
999,164.073172007,41988,6963,2745,10902,138,2.3753130808472633,6.283675087615848,5.386565811932087,5.230514099821448,7.924925070255995,18.54200498200953,27.777282055467367
1000,164.170645183,41988,6790,2745,10908,140,2.338164020329714,2.8763709124177694,8.898906875401735,1.938777044415474,6.368092028424144,17.205775948241353,23.06917402893305
1001,164.268158235,42087,6701,2745,10149,155,2.3108927998691797,2.7415291406214237,9.919395903125405,2.4271400179713964,5.766507005318999,18.1130429264158,23.714622016996145
1002,164.365592494,42065,6791,2746,10714,146,2.4312681052833796,2.726570935919881,5.717345047742128,6.658525904640555,5.857658106833696,18.23352905921638,23.967484943568707
1003,164.658015232,42955,6869,2749,10880,143,2.4479390121996403,3.15955001860857,9.077009977772832,2.447448903694749,6.211800035089254,17.736258916556835,23.943691048771143
1004,164.755487909,43184,6777,2753,10972,141,2.34435498714447,4.858779022470117,5.318608833476901,1.9545259419828653,11.254864279180765,18.52799905464053,26.495222933590412
1006,164.950460011,43748,6620,2755,10978,140,2.4320699740201235,3.059352980926633,7.7919859904795885,4.432932008057833,9.964300086721778,22.1892180852592,28.278018115088344
1007,165.047948896,44012,6845,2757,11004,138,2.3427929263561964,2.6121458504348993,11.385377962142229,2.366045955568552,6.407837150618434,20.159261068329215,25.911240139976144
1008,165.145383406,44234,6787,2761,10220,146,2.352640964090824,7.83671997487545,5.618259776383638,3.3653450664132833,10.958139086142182,19.941743928939104,30.813551042228937
1009,165.242856916,44138,6777,2761,10876,137,2.3220330476760864,1.648093108087778,9.098951006308198,2.3492041509598494,7.2366478852927685,18.684803042560816,23.267645156010985
1010,165.340330967,44223,6532,2762,10935,135,2.426298800855875,3.1728260219097137,4.733764799311757,2.043372020125389,6.225115153938532,13.002251973375678,19.196209032088518
1011,165.535278404,44469,6353,2762,10955,135,2.330849878489971,5.585978971794248,8.179199881851673,1.8198750913143158,6.214675027877092,16.21375000104308,24.69404391013086
1012,165.632752288,44570,6413,2763,10983,136,2.3772770073264837,2.7443128637969494,4.877624101936817,1.983140129595995,8.034880738705397,14.895644970238209,20.568767096847296
1014,165.827738475,44776,6404,2763,10990,135,2.7729670982807875,4.031602060422301,5.415339954197407,5.021132994443178,10.320185218006372,20.756658166646957,28.40491500683129
1015,165.925181693,44917,6427,2765,10200,145,2.330239163711667,2.8569940477609634,6.011364981532097,2.5228499434888363,6.439415039494634,14.973629964515567,20.716222934424877
1016,166.022647744,44934,6365,2767,10834,138,2.4127638898789883,5.705452989786863,5.19810407422483,1.9520921632647514,5.82680874504149,12.97700498253107,21.86256693676114
1017,166.120120004,44998,6437,2769,10915,135,2.4078439455479383,2.790499944239855,6.749405991286039,3.0644021462649107,10.87688677944243,20.69069491699338,26.48198907263577
1018,166.217631222,44913,6589,2771,10948,135,2.3624200839549303,3.497723024338484,6.787497084587812,3.4025751519948244,6.944681750610471,17.134753987193108,23.606018163263798
1019,166.412541908,44952,6580,2773,11005,135,2.370083937421441,3.1464961357414722,10.717828990891576,1.8965678755193949,5.797505145892501,18.41190201230347,24.50052206404507
1020,166.510017418,45035,6548,2776,11067,134,2.413053996860981,2.8308751061558723,8.613904006779194,2.0310389809310436,6.078711012378335,16.723654000088573,22.56437996402383
1022,166.704989688,44885,6508,2776,10229,144,2.8402230236679316,5.393980070948601,10.02956205047667,2.826897893100977,6.508525228127837,19.364985171705484,28.218126157298684
1023,166.802437698,44891,6542,2779,10914,136,2.344526117667556,4.651712020859122,5.565772065892816,1.8546690698713064,9.12901689298451,16.54945802874863,24.103648960590363
1024,166.899912207,44971,6523,2783,11034,137,2.4647600948810577,2.8987620025873184,6.453160895034671,1.939418027177453,5.940183065831661,14.332761988043785,20.278463838621974
1025,166.997385759,45261,6558,2786,11092,136,2.483164891600609,2.415528055280447,5.335611058399081,2.8578860219568014,5.906699923798442,14.100197004154325,19.61158704943955
1026,167.094859019,45331,6553,2786,11105,135,2.3292768746614456,2.63228383846581,7.096405141055584,3.9983498863875866,8.14360287040472,19.23835789784789,24.759036023169756
1027,167.289806413,45492,6555,2786,11123,135,2.4553730618208647,2.6128371246159077,5.585659062489867,1.812780974432826,11.55056688003242,18.949006916955113,24.59921594709158
1028,167.387281006,45551,6552,2789,10330,141,2.3335949517786503,2.6090298779308796,9.242509957402945,2.670174930244684,9.055860107764602,20.96854499541223,26.5998390968889
1030,167.582229109,46049,6366,2790,10944,134,2.350246999412775,3.001685021445155,7.251113886013627,2.742860931903124,12.675461126491427,22.66943594440818,28.655905975028872
1031,167.679702827,46231,6383,2791,11019,132,2.3381439968943596,1.6053630970418453,5.4302578791975975,2.3458381183445454,9.312650887295604,17.088746884837747,21.586089860647917
1032,167.777213337,46516,6362,2792,11070,133,2.373710973188281,5.240473197773099,8.317709900438786,1.8648789264261723,7.503194035962224,17.685782862827182,25.927390903234482
1033,167.874650139,46860,6266,2793,11108,132,2.583824098110199,3.507270012050867,5.42921619489789,1.9579119980335236,7.446971954777837,14.83410014770925,21.524373907595873
1034,167.972123898,46976,6286,2794,11147,133,2.438751980662346,1.9560689106583595,9.555986151099205,3.2233998645097017,5.7772069703787565,18.556592985987663,23.5198971349746
1035,168.264545303,47231,6119,2795,10386,140,2.3873161990195513,3.9012678898870945,8.612120058387518,2.603800967335701,5.747622111812234,16.963543137535453,23.8556161057204
1036,168.362018271,47377,6136,2797,11034,134,2.361718099564314,1.6518300399184227,6.709730951115489,2.6473230682313442,9.342476027086377,18.69953004643321,23.32433103583753
1037,168.459492322,47685,6083,2799,11133,134,2.3638219572603703,3.1458649318665266,11.227712966501713,1.882009906694293,5.681148264557123,18.79087113775313,24.872847832739353
1038,168.556975916,47875,6107,2800,11161,134,2.3906328715384007,1.8850660417228937,7.14678899385035,2.553025959059596,8.712787879630923,18.41260283254087,23.25113397091627
1039,168.654439634,47977,6057,2802,11192,134,2.46883905492723,3.3159430604428053,5.921636940911412,2.9286888893693686,8.063293062150478,16.91361889243126,23.254801984876394
1040,168.75191406,47832,6007,2803,11232,134,2.40242388099432,2.86658201366663,5.165984155610204,5.385794909670949,5.565250059589744,16.117029124870896,21.928670117631555
1041,168.849388612,47827,5936,2805,10454,137,2.370934933423996,2.569946926087141,4.9860968720167875,6.268927128985524,10.092529933899641,21.347553934901953,26.847262168303132
1042,168.946860621,47905,5949,2805,11040,134,2.3625600151717663,1.6903020441532135,7.528151851147413,3.5037740599364042,7.424790179356933,18.45671609044075,23.074324009940028
1043,169.239283276,47993,5797,2806,11136,134,2.3936680518090725,2.779840026050806,10.850006015971303,6.194808054715395,14.013645937666297,31.058460008352995,36.898995051160455
1044,169.336804994,47947,5802,2807,11154,131,2.3896300699561834,2.7753307949751616,10.309034958481789,6.025481037795544,9.419920854270458,25.75443685054779,31.600363086909056
1046,169.531703805,48098,5736,2807,11175,130,2.8205960988998413,8.095172932371497,7.3089629877358675,5.4214210249483585,6.560492096468806,19.290876109153032,30.762216076254845
1047,169.629177357,48100,5676,2807,11183,129,2.460742834955454,3.0870139598846436,5.490181036293507,1.9320249557495117,9.524995926767588,16.947201918810606,23.069594986736774
1048,169.726650325,48142,5680,2807,10383,131,2.4261679500341415,1.6570689622312784,10.336656821891665,3.1727959867566824,6.190268089994788,19.699720898643136,24.38802202232182
1049,169.824125668,48175,5744,2807,11009,131,2.7440639678388834,4.352713003754616,5.984585965052247,3.152016084641218,8.18777596578002,17.324378015473485,25.009393924847245
1050,170.116549114,48356,5695,2807,11131,130,2.5361040607094765,2.7513671666383743,7.041472010314465,1.823600847274065,11.501235188916326,20.366308046504855,26.223545195534825
1052,170.311493633,48466,5576,2809,11180,131,2.403705846518278,3.6441569682210684,6.232287967577577,2.7252479922026396,13.387023005634546,22.344558965414762,28.994198190048337
1053,170.40896831,48479,5582,2809,11194,131,2.8102979995310307,1.8354938365519047,5.957654910162091,1.763960113748908,6.779060931876302,14.500675955787301,19.746648846194148
1054,170.506442195,48426,5593,2810,11209,131,2.399910008534789,1.7201281152665615,8.61637806519866,1.87145103700459,6.135998060926795,16.623827163130045,21.294284146279097
1055,170.603956621,48168,5587,2810,10299,132,2.499375957995653,1.7897977959364653,5.933739943429828,2.3653549142181873,9.29645006544888,17.595544923096895,22.452441044151783
1056,170.701389881,47899,5509,2810,11043,130,2.521446906030178,5.756007041782141,5.277171963825822,1.8252439331263304,5.711073987185955,12.813489884138107,21.65577979758382
1057,170.798864557,47554,5452,2810,11126,129,2.455323003232479,6.267203949391842,5.88948791846633,5.674505140632391,6.379793863743544,17.943786922842264,27.269420912489295
1058,170.896337109,47487,5463,2810,11161,129,2.400329802185297,2.7454858645796776,5.942175164818764,2.1324988920241594,6.566184107214212,14.640858164057136,20.355366868898273
1059,171.091286587,47669,5339,2811,11166,130,2.667099004611373,6.94126496091485,9.140839101746678,2.0674478728324175,5.636624060571194,16.84491103515029,26.99253405444324
1060,171.188758222,47561,5347,2811,11169,130,2.412643050774932,1.8944530747830868,8.77583702094853,1.9830798264592886,10.117365047335625,20.876281894743443,25.775677990168333
1062,171.3837082,47546,5214,2812,10255,131,2.487513003870845,2.7226030360907316,7.634571986272931,2.62654316611588,5.6598978117108345,15.921012964099646,21.830977872014046
1063,171.481179793,47722,5159,2812,10964,132,2.367428969591856,2.7427610475569963,5.696356063708663,1.7785569652915,7.390154059976339,14.865067088976502,20.548849133774638
1064,171.578654094,47732,5103,2813,11010,133,2.383377868682146,3.3906828612089157,8.932359050959349,2.213160041719675,6.871204124763608,18.01672321744263,24.468292016535997
1065,171.676127854,47747,5126,2816,11049,135,2.3744620848447084,1.6606170684099197,6.299834931269288,7.540255086496472,6.626906106248498,20.46699612401426,25.105322944000363
1066,171.773603364,47839,5099,2817,11090,134,2.4555339477956295,2.8212680481374264,5.555992946028709,1.8181619234383106,5.474671022966504,12.848825892433524,18.69805809110403
1067,171.968549175,47824,4971,2818,11101,135,2.359934849664569,6.1783879064023495,7.5611150823533535,2.2258241660892963,7.4428715743124485,17.2298108227551,26.32458508014679
1068,172.066022768,47877,4913,2820,10401,138,2.4350350722670555,2.667841035872698,5.519445054233074,3.858818905428052,9.592433925718069,18.970697885379195,24.664578959345818
1070,172.260970329,47854,4795,2821,10902,136,2.38880910910666,2.9351399280130863,11.237781960517168,2.0114320795983076,5.851286929100752,19.100500969216228,24.962595896795392
1071,172.358444881,47867,4738,2822,11018,135,2.3555359803140163,2.6702049653977156,5.456256913021207,2.500307047739625,6.051961099728942,14.008525060489774,19.63888807222247
1072,172.455920391,48020,4744,2822,11029,135,2.382767153903842,1.8795449286699295,10.095305042341352,2.7084059547632933,6.154412869364023,18.958123866468668,23.82321492768824
1073,172.553399484,48111,4693,2825,11078,136,2.569036092609167,2.7552549727261066,8.053755154833198,2.3463100660592318,6.276220781728625,16.676286002621055,22.601298987865448
1074,172.650903077,48175,4634,2825,11105,135,2.3861939553171396,2.6825577951967716,7.253398187458515,2.0301679614931345,5.76311070472002,15.04667685367167,20.682921167463064
1075,172.845813388,48087,4578,2825,10380,136,2.3814449086785316,3.076214110478759,5.710482131689787,2.9029599390923977,10.860166978091002,19.473609048873186,25.68540908396244
1076,172.943286731,48117,4461,2827,10873,137,2.3948298767209053,2.7165119536221027,5.747821880504489,1.9128590356558561,5.8913701213896275,13.552051037549973,19.211909035220742
1077,173.040780783,48020,4471,2827,10931,137,2.3909329902380705,1.939138164743781,5.174660123884678,2.36003496684134,6.692347815260291,14.227042905986309,19.156094174832106
1078,173.138248543,47986,4409,2827,10943,136,2.363400999456644,2.7143280021846294,9.846979985013604,3.125416114926338,6.001476896926761,18.973872996866703,24.595079012215137
1079,173.235708052,47906,4426,2828,10997,136,2.398457145318389,1.6553569585084915,5.422433139756322,2.0320911426097155,5.994884762912989,13.449409045279026,18.125085858628154
1080,173.333181979,48080,4355,2831,11041,138,2.3878770880401134,3.430756973102689,5.145335104316473,2.1423769649118185,6.727294763550162,14.015006832778454,20.41355613619089
1081,173.430655739,48089,4292,2832,10312,139,2.37095495685935,2.616805024445057,8.203605888411403,2.8302250429987907,10.089423973113298,21.123254904523492,26.707420125603676
1082,173.52812879,48231,4236,2832,10848,139,2.4183939676731825,4.120738012716174,5.305394995957613,1.79271399974823,5.542296916246414,12.640405911952257,19.72138206474483
1083,173.820551486,48415,4142,2835,10936,142,2.4273409508168697,3.0736802145838737,5.078529939055443,1.928368117660284,6.286017829552293,13.29291588626802,19.36039701104164
1084,173.918025288,48359,4092,2835,10969,141,2.387155080214143,4.567464115098119,5.164802074432373,1.8537179566919804,5.536354845389724,12.554874876514077,20.095511805266142
1086,174.112972682,48423,3900,2837,10992,140,2.4161289911717176,2.8663920238614082,10.653509059920907,2.113332971930504,5.608371924608946,18.375213956460357,24.248510133475065
1087,174.21044565,48466,3911,2838,10999,141,2.376886084675789,4.883905872702599,8.704042062163353,3.270587883889675,6.0226961504668,17.997326096519828,25.810212129727006
1088,174.30792066,48414,3858,2838,10265,141,2.7156800497323275,2.7830060571432114,4.365114960819483,3.589634783565998,8.180884178727865,16.135633923113346,22.20928599126637
1089,174.405394545,48453,3799,2839,10671,140,2.40328605286777,2.6915851049125195,4.824755014851689,2.164068166166544,10.80722687765956,17.796050058677793,23.66922702640295
1090,174.502868596,48503,3737,2840,10753,140,2.4158889427781105,4.272331949323416,5.307178013026714,2.2035520523786545,8.289457065984607,15.800187131389976,23.11903820373118
1091,174.697815658,48427,3679,2841,10776,139,2.3500160314142704,2.6524418499320745,4.56866598688066,1.9814958795905113,6.20207330211997,12.752235168591142,18.311694031581283
1092,174.795330917,48421,3613,2842,10800,137,2.410799963399768,5.99551503546536,5.476744845509529,2.322124084457755,7.307860068976879,15.106728998944163,24.13910604082048
1094,174.990255104,48288,3478,2843,10812,137,2.8634369373321533,4.1263289749622345,6.001837085932493,5.749665899202228,5.8972821570932865,17.648785142228007,25.207273894920945
1095,175.087714822,48257,3496,2843,10219,138,2.3865438997745514,2.6025481056421995,6.025421898812056,2.6325539220124483,9.171497076749802,17.829472897574306,23.416214156895876
1096,175.185185332,48289,3423,2844,10554,137,2.501449082046747,3.2213148660957813,8.47702706232667,2.189205028116703,9.158032014966011,19.824264105409384,26.129239005967975
1097,175.282659341,48228,3348,2846,10636,136,2.432360081002116,2.873173914849758,4.305955022573471,1.8753879703581333,5.533662158995867,11.715005151927471,17.621654085814953
1098,175.380133059,48188,3277,2846,10654,134,2.368380781263113,2.637574216350913,4.4539920054376125,7.039329037070274,6.18623080663383,17.679551849141717,23.323940811678767
1099,175.575079954,48237,3232,2847,10676,137,2.406481886282563,2.8965589590370655,7.968266028910875,1.9063360523432493,6.14306190982461,16.017663991078734,21.884778048843145
1100,175.67255338,48162,3160,2848,10680,137,2.449341816827655,2.683660015463829,5.618890980258584,6.36212108656764,6.137631833553314,18.11864390037954,23.82964687421918
1102,175.86750165,48033,3011,2849,10197,139,2.394480165094137,4.793066065758467,3.900565905496478,3.1894659623503685,10.474275099113584,17.56430696696043,25.548561941832304
1103,175.965023702,47984,3036,2850,10428,139,2.3586919996887445,6.062760949134827,4.356540041044354,1.9072871655225754,7.405643817037344,13.669471023604274,22.663786076009274
1104,176.06244942,47938,2959,2850,10482,139,2.4833951611071825,2.66454485245049,4.213051171973348,2.54371901974082,10.06055879406631,16.817328985780478,22.554622031748295
1105,176.159922471,47929,2895,2851,10544,139,2.972991904243827,3.2780119217932224,4.132019123062491,1.8999739550054073,6.205327808856964,12.237320886924863,19.095550989732146
1106,176.257396648,47875,2831,2853,10577,138,2.373178955167532,2.688770182430744,4.336553160101175,5.306367063894868,6.09571160748601,15.738631831482053,21.392167080193758
1107,176.452344292,47884,2755,2853,10579,138,2.3716359864920378,6.14396296441555,4.071226110681891,2.251632045954466,6.360918749123812,12.683776905760169,21.865542978048325
1108,176.549818635,47864,2670,2854,10199,140,2.4014220107346773,2.6537540834397078,7.931557018309832,3.2831011340022087,6.461648736149073,17.676306888461113,23.3322661370039
1110,176.744765988,47876,2531,2854,10303,137,2.472285181283951,3.448439994826913,6.787046091631055,1.8451109062880278,5.633899942040443,14.266056939959526,20.738694816827774
1111,176.842239373,47802,2468,2855,10317,138,2.369282068684697,3.9620709139853716,4.43345308303833,2.144451951608062,16.62126206792891,23.199167102575302,30.215944163501263
1112,176.939712133,47741,2390,2855,10344,137,2.376715885475278,2.6698848232626915,3.736599115654826,1.7926429864019156,5.599976750090718,11.12921885214746,16.768927918747067
1113,177.037187101,47689,2401,2855,10357,136,2.488916041329503,1.803854014724493,2.949007088318467,1.7350250855088234,8.896010695025325,13.580042868852615,18.41415697708726
1114,177.134660194,47668,2328,2855,10366,136,2.3877169005572796,2.835985040292144,3.4941660705953836,1.7986339516937733,9.698333917185664,14.991133939474821,20.743915112689137
1115,177.232135037,47644,2274,2856,10091,137,2.3420818615704775,3.015301190316677,7.180422078818083,2.5022609625011683,6.219574948772788,15.902257990092039,21.99733885936439
1116,177.427082098,47625,2240,2856,10118,137,2.6306509971618652,5.249619949609041,2.8858690056949854,2.5433171540498734,5.900367861613631,11.32955402135849,19.99038504436612
1117,177.524556233,47615,2199,2856,10131,138,2.502129878848791,3.7210409063845873,6.452159956097603,1.9200220704078674,7.1663158014416695,15.53849782794714,22.597993025556207
1119,177.719504128,47467,2022,2858,10151,137,2.427431056275964,4.337043035775423,3.1758311670273542,2.6838500052690506,7.139966823160648,12.999647995457053,20.372559782117605
1120,177.816977096,47481,2048,2858,10155,138,2.5362339802086353,1.9269438926130533,2.863876987248659,1.7295361030846834,6.070285104215145,10.663698194548488,15.850091120228171
1121,177.914450897,47470,2064,2858,10163,135,2.4149371311068535,1.6749328933656216,3.483276115730405,1.7290839459747076,5.206950008869171,10.419310070574284,15.034603886306286
1122,178.011924907,47403,1958,2858,9962,137,2.4723249953240156,2.794818952679634,3.325370838865638,6.188516970723867,5.6676112581044436,15.181499067693949,21.041861968114972
1123,178.109398584,47357,1972,2859,9985,134,2.545260824263096,2.7571578975766897,2.8669030871242285,3.2185299787670374,9.703622898086905,15.789055963978171,21.725380094721913
1124,178.20687351,47290,1927,2859,9991,133,2.394830109551549,2.8734751977026463,2.987287938594818,1.913169166073203,8.001457899808884,12.901915004476905,18.739314982667565
1125,178.304346687,47235,1894,2861,10005,133,2.47250497341156,5.484970984980464,3.021933138370514,1.8473949749022722,6.079773884266615,10.949101997539401,19.550350960344076
1126,178.499294081,47091,1904,2862,10013,132,2.3925660643726587,5.156595958396792,3.7089779507368803,2.0283448975533247,9.3039539642632,15.041276812553406,23.175603011623025
1127,178.596767883,46992,1920,2862,10013,133,2.4137250147759914,1.840502955019474,7.019852055236697,3.221716033294797,5.885038990527391,16.126607079058886,20.962053211405873
1129,178.791715402,46866,1863,2862,9919,131,2.4335419293493032,5.011423956602812,3.0224837828427553,3.3680000342428684,5.790312308818102,12.180796125903726,20.22569510154426
1130,178.889189662,46840,1845,2863,9937,131,2.3456879425793886,3.3292078878730536,3.38052399456501,1.869287109002471,9.195361053571105,14.445172157138586,20.683360984548926
1131,178.986708297,46685,1855,2863,9942,131,2.3457081988453865,2.720458898693323,3.7995679304003716,1.80901400744915,9.158702101558447,14.767284039407969,20.488106179982424
1132,179.084137307,46712,1884,2863,9944,132,2.4669249542057514,2.5566830299794674,2.948514884337783,1.81228993460536,6.445769220590591,11.206574039533734,16.792913898825645
1133,179.18161165,46598,1914,2864,9946,131,2.484917873516679,2.261129906401038,3.245841944590211,2.8941738419234753,5.846797255799174,11.98681304231286,17.333545023575425
1134,179.279083743,46490,1906,2865,9954,131,2.360805869102478,2.795860171318054,4.805209115147591,2.00650398619473,8.98241181857884,15.79412491992116,21.74773206934333
1135,179.376559128,46408,1891,2865,9913,130,2.3890689481049776,2.750424901023507,4.245190881192684,3.754774108529091,12.097841128706932,20.097806118428707,25.831351056694984
1136,179.474033221,46333,1876,2868,9935,131,2.3585318122059107,2.7619272004812956,3.2291500829160213,7.461097091436386,6.4465797040611506,17.136826878413558,22.860753815621138
1137,179.571505439,46282,1878,2869,9946,131,2.3835990577936172,5.368602927774191,2.9580839909613132,1.8364149145781994,6.955541204661131,11.750040110200644,20.19256306812167
1138,179.669033199,46133,1930,2869,9950,131,2.3927961010485888,3.15218698233366,3.128180978819728,1.8261559307575226,5.497044185176492,10.451381094753742,16.64572791196406
1139,179.766454167,46138,1942,2870,9950,132,2.37289909273386,1.7431809101253748,3.0720760114490986,2.2160361986607313,5.418986780568957,10.707098990678787,15.372767113149166
1140,179.86392851,46013,1937,2871,9961,132,2.3615078534930944,2.79561011120677,3.202850930392742,2.558695850893855,11.371433269232512,17.13298005051911,22.874009096994996
1141,179.961400895,45900,1920,2872,9915,133,2.4332921020686626,5.735669052228332,2.9468119610100985,2.4948669597506523,6.65220501832664,12.093883939087391,20.826108986511827
1142,180.05887653,45712,1918,2872,9942,131,2.437360119074583,2.79974821023643,3.5290708765387535,7.544813910499215,6.127001019194722,17.20088580623269,23.024210007861257
1143,180.351344142,45341,1989,2874,9949,134,2.383979968726635,2.801500027999282,3.142058150842786,2.7489219792187214,9.530527982860804,15.42150811292231,21.170413121581078
1144,180.448770152,45207,2043,2874,9949,134,2.392746973782778,3.83100681938231,4.020140040665865,2.1818808745592833,6.720953155308962,12.92297407053411,19.7733489330858
1146,180.643766838,45097,2018,2874,9955,133,2.3574698716402054,4.562835209071636,3.161744913086295,2.0938569214195013,8.699013153091073,13.95461498759687,21.44947391934693
1147,180.741192015,45042,2022,2875,9960,134,3.17510892637074,3.843198996037245,3.5837439354509115,2.077216049656272,7.067010039463639,12.727970024570823,20.365406991913915
1148,180.838665858,45069,2060,2876,9928,134,2.381694968789816,2.716231858357787,3.4561147913336754,2.5559510104358196,10.363497072830796,16.37556287460029,22.233561147004366
1149,180.936140659,44977,2073,2878,9952,135,2.657460980117321,2.4951871018856764,3.2392798457294703,3.0001020058989525,6.852137157693505,13.091519009321928,18.890426959842443
1150,181.033613627,44905,2067,2879,9959,135,2.6209030766040087,6.071999203413725,2.8921000193804502,1.8838138785213232,8.793991291895509,13.569905189797282,22.840976947918534
1151,181.228560605,44960,2095,2879,9962,135,2.410619053989649,3.169919829815626,3.009660169482231,1.8021711148321629,10.146731743589044,14.958563027903438,21.07942197471857
1152,181.326034074,45328,2143,2879,9968,135,2.3731489200145006,1.6905530355870724,2.8703289572149515,5.359755828976631,7.318871328607202,15.548956114798784,20.160272950306535
1154,181.521031885,45398,2197,2879,9971,135,2.3955311626195908,3.2579039689153433,3.251102054491639,1.9101130310446024,5.838060984387994,10.999276069924235,17.24639185704291
1155,181.618501061,45444,2190,2881,9933,136,2.4202470667660236,2.9204830061644316,2.960026962682605,2.856883918866515,5.687800003215671,11.50471088476479,17.39146397449076
1156,181.715929446,45443,2217,2882,9965,136,2.3571690544486046,1.622295007109642,3.3364619594067335,2.4717929773032665,11.194051243364811,17.00230618007481,21.590668009594083
1157,181.813404456,45559,2234,2883,9981,136,2.343493979424238,6.779021117836237,4.182764096185565,1.8674139864742756,9.11639304831624,15.166571130976081,24.86344100907445
1158,181.910878466,45715,2261,2883,9987,136,2.495658118277788,3.0529401265084743,3.62804695032537,2.4981829337775707,9.349500061944127,15.475729946047068,21.602389868348837
1159,182.008350559,45838,2310,2884,9989,135,4.920225124806166,2.8946050442755222,6.02200604043901,3.7023460026830435,5.462737055495381,15.187089098617435,23.568268166854978
1160,182.10582511,45698,2300,2884,9991,135,2.451064996421337,4.72029997035861,3.2449900172650814,1.8788049928843975,9.829146787524223,14.952941797673702,22.841969039291143
1161,182.20330187,45635,2300,2884,9955,135,2.3914938792586327,3.1493708956986666,4.13713906891644,2.415968803688884,13.794145081192255,20.34725295379758,26.536209974437952
1162,182.300772296,45805,2306,2887,9991,137,2.3708650842309,3.273051930591464,7.253268035128713,1.9372429233044386,6.239674054086208,15.43018501251936,21.931756054982543
1163,182.398246723,45966,2338,2887,9995,137,2.522167982533574,1.8868399783968925,3.0816339422017336,2.7565560303628445,6.190791958943009,12.028981931507587,17.01751397922635
1164,182.495721733,46167,2353,2888,10013,136,2.4483799934387207,3.0781279783695936,3.059453098103404,1.8506417982280254,5.505168111994863,10.415263008326292,16.52655517682433
1165,182.593194617,46071,2331,2888,10015,136,2.4581789039075375,2.9857060872018337,3.0869750771671534,2.9345001094043255,5.711122881621122,11.732598068192601,17.77458004653454
1166,182.690670169,45771,2332,2888,10016,136,2.3343570064753294,1.7046891152858734,4.070203984156251,1.7862820532172918,8.081667125225067,13.93815316259861,18.5539280064404
1167,182.788141262,45650,2314,2889,9983,137,2.3815648164600134,2.7539811562746763,3.569636959582567,3.6844320129603148,7.990868994966149,15.244937967509031,20.93106508255005
1168,182.885615064,45593,2315,2889,10006,136,2.395791932940483,1.650918973609805,5.575560033321381,3.4995160531252623,6.533210864290595,15.608286950737238,20.24284703657031
1169,182.983090198,45811,2318,2890,10015,137,2.373600844293833,2.596838166937232,2.9299408197402954,5.919001996517181,6.108096102252603,14.95703891851008,20.510647911578417
1170,183.275549769,45638,2329,2890,10016,135,2.597898943349719,6.396986078470945,2.8951559215784073,1.8785139545798302,6.405352149158716,11.179022025316954,20.979425869882107
1171,183.372985988,45644,2297,2890,10022,135,2.349596004933119,2.758790971711278,3.490178845822811,1.7739778850227594,12.019545305520296,17.283702036365867,22.964498959481716
1173,183.567930965,45772,2277,2890,10024,135,2.3764148354530334,3.1165301334112883,2.9221870936453342,2.3933870252221823,5.727153969928622,11.042728088796139,17.088256077840924
1174,183.6654056,45872,2292,2890,9976,135,2.6020780205726624,2.952593145892024,2.9709681402891874,2.4424290750175714,5.909724626690149,11.323121841996908,17.46557210572064
1175,183.762880027,45905,2284,2890,10009,134,2.3989169858396053,2.955147996544838,3.2113781198859215,1.8647678662091494,5.765455076470971,10.841601062566042,16.774498857557774
1176,183.860353661,45627,2276,2890,10018,134,2.4052399676293135,2.716772025451064,3.477024147287011,5.1756619941443205,6.781675852835178,15.43436199426651,21.151446970179677
1177,183.957832005,45503,2277,2891,10024,134,2.8631160967051983,2.9342989437282085,3.962622955441475,1.9299301784485579,6.081555970013142,11.974109103903174,18.37727800011635
1178,184.055302098,45704,2311,2892,10033,134,2.347181085497141,5.381926894187927,3.564497921615839,5.756789119914174,5.759845022112131,15.081132063642144,23.426993982866406
1179,184.250248659,45432,2371,2892,10034,134,2.403676975518465,3.503865096718073,8.62159812822938,1.8566830549389124,5.598111776635051,16.076392959803343,22.532560862600803
1180,184.347722085,45212,2381,2895,9991,134,2.7558859437704086,1.9587439019232988,6.451679160818458,5.600847071036696,5.604744888842106,17.65727112069726,22.942587034776807
1182,184.542671397,45215,2336,2895,10025,134,2.4290638975799084,4.104768857359886,3.8517650682479143,2.0886471029371023,5.799539852887392,11.739952024072409,18.830165034160018
1183,184.640186073,45435,2377,2896,10041,134,2.466344041749835,3.2725618220865726,3.4478299785405397,2.075392985716462,9.346053004264832,14.869275968521833,21.440057083964348
1184,184.737616791,45449,2391,2896,10056,134,2.4509350769221783,2.670366084203124,3.3514199312776327,6.594266043975949,6.032013101503253,15.977699076756835,21.728074876591563
1185,184.835092884,45349,2392,2896,10065,134,2.3499061353504658,5.938258022069931,3.4896580036729574,1.7851488664746284,5.782407242804766,11.057214112952352,19.90558602847159
1186,184.932565853,45296,2396,2897,10067,134,2.4429899640381336,3.0609159730374813,3.9972171653062105,1.8780932296067476,9.226239752024412,15.10155014693737,21.179629024118185
1187,185.030038821,45238,2332,2899,10034,134,2.4213199503719807,2.9863868840038776,4.7850708942860365,5.758501822128892,9.838485391810536,20.382058108225465,26.40840085223317
1188,185.127513205,45236,2303,2900,10063,134,2.417873125523329,2.805327996611595,3.5836438182741404,2.372769173234701,5.849300883710384,11.805713875219226,17.58814207278192
1189,185.22498734,45398,2301,2900,10074,136,2.432471141219139,3.027923870831728,3.6495269741863012,2.116499003022909,6.757801864296198,12.523827841505408,18.624339951202273
1190,185.322459767,45361,2300,2900,10074,136,2.3923548869788647,1.8602500203996897,3.065885044634342,1.7925240099430084,7.146076997742057,12.004486052319407,16.835754038766026
1191,185.419933985,45072,2227,2900,10084,136,2.4376390501856804,2.9562399722635746,6.982753053307533,3.0984459444880486,8.83760116994381,18.91880016773939,24.897764902561903
1192,185.51740787,45025,2230,2900,10093,136,2.4487008340656757,1.6169052105396986,3.7582002114504576,1.9864148925989866,11.328491847962141,17.073106952011585,21.719811018556356
1193,185.614886129,44859,2172,2901,10032,136,2.3547650780528784,5.476485006511211,4.127891967073083,2.4666639510542154,5.966802127659321,12.56135804578662,20.965859992429614
1194,185.712405014,44972,2141,2901,10061,136,2.330560004338622,2.9335280414670706,3.7941881455481052,6.3766788225620985,5.829254165291786,16.00012113340199,21.91396290436387
1195,186.00477796,45162,2028,2901,10065,136,2.3873960599303246,3.9360527880489826,3.582832170650363,1.8590379040688276,9.121773997321725,14.563644072040915,21.45772986114025
1196,186.10225197,45084,1983,2903,10084,136,2.3540938273072243,3.10086109675467,2.8516638558357954,2.043754095211625,5.306826904416084,10.202244855463505,16.21522312052548
1198,186.29719949,44995,1912,2903,10086,136,2.3765459191054106,2.7916119433939457,5.716112907975912,1.922226045280695,6.980197038501501,14.618535991758108,20.35066019743681
1199,186.394672708,44971,1934,2903,10088,136,2.375482814386487,2.699869917705655,6.949510890990496,1.9795731641352177,5.702556809410453,14.631640864536166,20.306997001171112
1200,186.492147218,44947,1936,2903,10015,136,2.3734590504318476,2.684562001377344,2.8566138353198767,6.0281469486653805,6.666901288554072,15.55166207253933,21.17302711121738
1201,186.589620561,44882,1957,2903,10028,136,2.362278988584876,1.6881481278687716,3.062599105760455,1.7490820027887821,5.507211899384856,10.318893007934093,14.91756597533822
1202,186.687095154,44787,1955,2904,10038,136,2.5163169484585524,5.010894034057856,2.9957739170640707,2.87247309461236,5.581411998718977,11.449659010395408,19.565800903365016
1203,186.78456708,44688,1942,2906,10042,138,2.4396139197051525,3.161574015393853,4.009881056845188,7.050578948110342,5.860374076291919,16.92083408124745,23.112535942345858
1204,186.979516683,44903,2070,2908,10056,138,2.634278032928705,2.7809920720756054,3.693469800055027,2.24611209705472,11.841350235044956,17.780932132154703,23.913594894111156
1205,187.076989485,45019,2121,2909,10061,138,2.4016830138862133,2.015009056776762,3.0438241083174944,5.46054495498538,6.724769016727805,15.22913808003068,20.34610090777278
1206,187.174462328,44867,2035,2910,10025,139,2.3712459951639175,2.7732669841498137,3.359864931553602,2.8305049054324627,13.854938093572855,20.04530793055892,25.752143003046513
1207,187.271936421,44822,2065,2910,10047,139,2.423433121293783,2.6739120949059725,2.932955976575613,1.7602930311113596,5.44838304631412,10.141632054001093,15.792452963069081
1208,187.369410514,44737,2034,2910,10051,139,2.414517104625702,3.4259690437465906,3.1491508707404137,2.76538310572505,7.397047011181712,13.311580987647176,19.76030506193638
1209,187.466883566,44812,2067,2910,10051,139,2.9081101529300213,3.9370739832520485,4.547606920823455,1.957432134076953,7.065345998853445,13.570385053753853,21.018899977207184
1210,187.564358492,44754,2135,2912,10053,140,2.923198975622654,2.819053828716278,6.407627137377858,2.255890052765608,7.0174867287278175,15.681003918871284,22.470294032245874
1211,187.759304428,44466,2166,2913,10057,140,2.4733971804380417,2.9408519621938467,2.87013896740973,1.9561799708753824,6.502603879198432,11.328922817483544,17.32013002038002
1212,187.856778855,44614,2166,2914,10028,141,2.3392359726130962,2.8774228412657976,3.5457329358905554,2.4273500312119722,5.448612850159407,11.421695817261934,17.21451198682189
1214,188.051726999,44718,2239,2915,10046,141,2.6726298965513706,3.3179468009620905,3.1007109209895134,2.0023961551487446,6.861063884571195,11.964170960709453,21.849743090569973
1215,188.149200926,44740,2259,2916,10055,142,2.3967339657247066,2.3109030444175005,9.180082939565182,1.914822030812502,5.684102885425091,16.779007855802774,22.048254031687975
1216,188.246679144,44755,2290,2917,10072,142,2.4125229101628065,3.4393540117889643,3.047751961275935,1.92651292309165,5.44891320168972,10.423178086057305,16.824492951855063
1217,188.344152904,44651,2252,2917,10073,142,2.434313064441085,2.7852701023221016,2.925231819972396,1.7861418891698122,6.304222159087658,11.015595868229866,17.070882953703403
1218,188.441667872,44541,2234,2918,10075,142,2.4703610688447952,7.098639151081443,3.2328269444406033,4.430247936397791,5.989925237372518,13.653000118210912,23.85122701525688
1219,188.539096757,44601,2237,2919,10052,142,2.7629989199340343,2.88604898378253,3.913820954039693,2.8183020185679197,7.62829021550715,14.360413188114762,20.553278038278222
1220,188.734043651,44546,2384,2922,10076,143,2.4615738075226545,2.8101971838623285,6.391446106135845,3.2779420726001263,6.297510815784335,15.966898994520307,21.801092196255922
1221,188.831517578,44603,2673,2926,10097,146,2.5386889465153217,2.8266669251024723,3.2553288619965315,2.258694963529706,8.31735017709434,13.831374002620578,19.76401195861399
1223,189.026466722,44173,2526,2928,10115,147,2.3085889406502247,3.592822002246976,3.0525100883096457,2.7473389636725187,11.005688924342394,16.80553797632456,23.28087016940117
1224,189.123939107,44179,2701,2929,10119,148,2.4288140702992678,3.576560877263546,3.506259061396122,2.124133985489607,5.851264810189605,11.481657857075334,18.234419869259
1225,189.221414992,44125,3015,2934,10151,152,2.567754127085209,2.924251137301326,3.6702959332615137,2.230101963505149,5.691515980288386,11.591913877055049,17.65445596538484
1226,189.318888377,44038,3017,2936,10133,152,2.3296382278203964,1.6374839469790459,6.976770935580134,3.283783094957471,5.599443800747395,15.859997831285,20.574197871610522
1227,189.416361928,43948,3177,2938,10154,153,2.4272508453577757,2.8887339867651463,4.3394179083406925,1.8958861473947763,5.849581910297275,12.084885966032743,18.122229957953095
1228,189.611316114,43685,2918,2938,10159,153,2.3932470940053463,3.9965359028428793,6.265140138566494,2.1115699782967567,6.628359900787473,15.005070017650723,21.941574988886714
1229,189.708781249,43757,2919,2938,10159,152,2.4294150061905384,4.048753995448351,3.267101012170315,1.7974120564758778,5.908143008127809,10.972656076774001,18.018115079030395
1231,189.903731644,43762,3235,2943,10193,154,2.37224786542356,5.234191194176674,4.1729959193617105,2.606375841423869,9.538985090330243,16.318356851115823,24.61195015348494
1232,190.001204487,43776,3203,2944,10198,154,2.4182130582630634,2.7057810220867395,4.035769030451775,1.9142411183565855,8.464023936539888,14.414034085348248,20.19192185252905
1233,190.098676038,43616,3133,2946,10158,154,2.420047065243125,3.0768660362809896,3.4007809590548277,7.8080459497869015,6.214726017788053,17.42355292662978,23.506853030994534
1234,190.196152506,43442,3131,2946,10186,154,2.330539980903268,2.152256201952696,6.595168029889464,3.4990860149264336,9.111333871260285,19.205587916076183,24.33004300110042
1235,190.293625641,43555,3163,2947,10208,154,2.5409539230167866,3.153929952532053,4.109618021175265,2.083498053252697,9.2630370054394,15.456153079867363,21.796212997287512
1236,190.391097734,43341,3435,2950,10227,154,2.3452071473002434,2.7344750706106424,3.63915809430182,1.829642103984952,5.787576781585813,11.256376979872584,16.90081600099802
1237,190.586046171,43200,3513,2954,10235,157,2.3384441155940294,2.7157310396432877,4.111150978133082,2.71188304759562,11.323962826281786,18.14699685201049,23.82771298289299
1238,190.68351868,43204,3608,2954,10235,158,2.351579023525119,1.7012730240821838,7.14140897616744,4.355939105153084,6.055226782336831,17.552574863657355,22.15797989629209
1239,190.78099244,43167,3559,2956,10182,157,2.459079958498478,8.01553507335484,4.154170863330364,2.4266999680548906,9.748626267537475,16.32949709892273,27.513458859175444
1240,190.878467075,43145,3506,2957,10229,158,2.988190157338977,1.706962939351797,4.343996057286859,2.4770828895270824,9.136602049693465,15.957680996507406,21.37876278720796
1241,190.975940918,42959,3635,2959,10260,160,2.732893219217658,3.447317983955145,3.6613489501178265,1.8408338073641062,7.604566169902682,13.106748927384615,19.92788794450462
1242,191.07341447,42808,3740,2964,10296,163,2.486020792275667,2.8020418249070644,5.2780641708523035,2.0590319763869047,6.3431349117308855,13.680231058970094,19.86208511516452
1243,191.170937021,42465,3588,2965,10322,162,2.8041559271514416,2.944597974419594,4.334908910095692,2.323745982721448,12.522395933046937,19.181050825864077,25.544265052303672
1244,191.268362489,42427,3388,2965,10324,162,2.317514969035983,2.9470729641616344,6.872425088658929,1.8045359756797552,9.412858868017793,18.089819932356477,23.944922955706716
1245,191.463311675,42456,3518,2966,10273,161,2.3221441078931093,2.8811991214752197,4.305654903873801,2.647683024406433,6.118945078924298,13.072283007204533,18.87476909905672
1246,191.56078356,42363,3841,2969,10332,164,2.445274032652378,2.878574188798666,4.094299161806703,2.5752780493348837,10.874311672523618,17.543888883665204,23.49316794425249
1248,191.755731288,41914,3611,2969,10349,163,2.3343171924352646,2.8153371531516314,3.68896103464067,1.7352660652250051,12.412620009854436,17.83684710972011,23.545665899291635
1249,191.853204548,41935,3563,2969,10353,161,2.580828033387661,1.84614397585392,5.473509198054671,1.9221259281039238,8.888335898518562,16.283971024677157,21.269848104566336
1250,191.950680141,41751,3517,2970,10359,161,2.362980041652918,2.9894120525568724,9.912051958963275,1.8484380561858416,6.440387107431889,18.200877122581005,24.345882004126906
1251,192.048153901,41540,3639,2971,10373,161,2.4271400179713964,2.83137708902359,3.684351919218898,1.8060090951621532,5.6523228995501995,11.14268391393125,16.947161871939898
1252,192.145626869,41253,3980,2975,10300,164,2.4974318221211433,2.727932995185256,3.7864530459046364,2.407283987849951,5.72548876516521,11.919225798919797,17.729496117681265
1253,192.340574264,40934,4009,2977,10376,163,2.2985099349170923,4.070434952154756,7.133463863283396,2.272932091727853,6.320463959127665,15.726859914138913,22.768442053347826
1254,192.43804869,40632,4097,2980,10393,163,2.362891100347042,1.7527989111840725,4.085032036527991,1.8083229660987854,5.96383516676724,11.857190169394016,16.55969792045653
1256,192.632997335,40226,4449,2985,10432,165,2.385261934250593,2.997076138854027,4.4795500580221415,4.119626944884658,9.530407143756747,18.129584146663547,24.10864899866283
1257,192.730469928,40126,4538,2993,10511,166,2.3303499910980463,1.8664218951016665,6.807465106248856,2.3655148688703775,9.679245995357633,18.852225970476866,23.683594074100256
1258,192.827943771,39908,4634,2994,10522,166,2.479136921465397,3.538599004969001,8.570333011448383,2.033354016020894,7.183747133240104,17.78743416070938,24.419611087068915
1259,192.925416739,39755,4454,2999,10430,170,2.580417087301612,3.2861270010471344,4.57963696680963,2.42406502366066,5.769432056695223,12.773134047165513,19.33637191541493
1260,193.02289179,39602,4306,2999,10544,168,2.3927250877022743,2.9575121589004993,4.504294833168387,1.7681180033832788,6.068783113732934,12.3411959502846,18.246231833472848
1261,193.1204158,39345,4312,3000,10557,169,2.2983988747000694,3.105939831584692,3.765934146940708,5.932006984949112,5.903715034946799,15.60165616683662,21.60775102674961
1262,193.315312486,38903,4734,3002,10577,169,2.4612238630652428,3.0337751377373934,9.118237067013979,2.8276490047574043,6.547208875417709,18.493094947189093,24.65171506628394
1263,193.412785913,38711,4854,3004,10600,168,2.376285847276449,2.7621968183666468,8.578927954658866,2.555680926889181,7.235174998641014,18.36978388018906,24.025093065574765
1265,193.607733558,38696,4980,3009,10648,168,2.344985958188772,2.7514968533068895,7.023238111287355,1.8402128480374813,8.392008021473885,17.25545898079872,22.9515649843961
1266,193.705209067,38557,5372,3017,10516,171,2.2919978946447372,2.7851101476699114,6.354538025334477,3.2540070824325085,13.91484891064465,23.523394018411636,29.20847898349166
1267,193.80268116,38607,5577,3024,10758,167,2.3133677896112204,1.9836209248751402,5.744897061958909,6.980538833886385,7.088609039783478,19.814044935628772,24.697880959138274
1268,193.90019467,38190,5694,3026,10799,166,2.4419380351901054,2.896878868341446,5.062359850853682,1.8916879780590534,6.440509110689163,13.394556939601898,19.30435188114643
1269,193.997629555,37798,5837,3029,10831,167,2.4348851293325424,2.887922106310725,6.560322130098939,1.9627208821475506,6.110981805250049,14.634024817496538,20.509035093709826
1270,194.192577075,37390,6070,3031,10873,165,2.30320799164474,3.2310441602021456,9.601831901818514,2.4502931628376245,6.012116791680455,18.064241856336594,24.190593045204878
1271,194.290050084,37005,6125,3034,10925,163,2.3150499910116196,2.7424797881394625,5.045277997851372,1.8982009496539831,10.926730232313275,17.87020917981863,23.65193492732942
1273,194.485046229,36402,6384,3036,10642,169,2.374290954321623,2.9922272078692913,5.702878115698695,2.8033640701323748,11.874412652105093,20.380654837936163,26.311208959668875
1274,194.582471447,36376,6623,3040,10926,165,2.8468361124396324,1.874646870419383,9.788481052964926,3.0088089406490326,10.300508001819253,23.09779799543321,28.451703023165464
1275,194.679944415,36442,6919,3046,11003,164,2.3150909692049026,3.1122020445764065,6.251723971217871,2.0595628302544355,9.199459105730057,17.510745907202363,23.51279417052865
1276,194.777419258,36812,7403,3063,11231,163,2.367157954722643,3.323727985844016,5.461186170578003,4.7533821780234575,7.270750589668751,17.48531893827021,24.05561995692551
1277,194.874893227,37400,7625,3069,11286,161,2.3120350670069456,1.8253449816256762,11.359629919752479,2.1398530807346106,6.233360851183534,19.732843851670623,24.65634304098785
1278,195.167314464,38445,7635,3074,11358,160,2.3881769739091396,3.232036018744111,11.646926868706942,1.9159140065312386,6.63694622926414,20.19978710450232,26.377873960882425
1279,195.264787432,38808,7518,3075,10973,169,2.463598968461156,1.7687389627099037,6.292851874604821,8.40715691447258,6.140717305243015,20.840726094320416,25.639372877776623
1280,195.362263025,39049,7886,3080,11338,163,2.4469781201332808,3.083097981289029,8.501113159582019,3.994783153757453,7.708078715950251,20.203975029289722,26.371652958914638
1281,195.45973566,39457,8135,3082,11386,161,2.4087869096547365,1.6827879007905722,9.917601943016052,1.8509321380406618,6.38599693775177,18.154531018808484,22.80371799133718
1282,195.557209253,39601,8229,3087,11445,160,2.339606871828437,2.8235421050339937,9.811354102566838,2.594522899016738,10.347676929086447,22.753553930670023,28.490306111052632
1283,195.654682847,39249,8373,3090,11501,159,2.343833912163973,3.174418117851019,8.409610949456692,3.040267853066325,7.539353333413601,18.989232135936618,25.1164841465652
1284,195.752156981,38920,8453,3092,11545,158,2.351418836042285,3.4369099885225296,6.9972488563507795,1.9365029875189066,6.157389143481851,15.091140987351537,21.479800809174776
1285,196.044579011,39681,8658,3097,11064,163,2.311974996700883,5.966200027614832,9.711508173495531,3.2003368251025677,7.951713865622878,20.863558864220977,29.70848511904478
1286,196.142052812,39956,8743,3102,11564,160,2.329278038814664,3.018937073647976,5.428063916042447,1.9249410834163427,6.186181912198663,13.539186911657453,19.449874060228467
1288,196.33699904,40587,8732,3103,11632,159,2.378839999437332,2.8767408803105354,9.800683939829469,3.6983280442655087,6.228842074051499,19.727854058146477,25.54771094582975
1289,196.434475383,41145,8766,3108,11668,157,2.3972250055521727,3.908230923116207,5.807504057884216,1.9370629452168941,6.639671046286821,14.384238049387932,21.35625993832946
1290,196.531988643,41870,8746,3112,11760,159,2.3177259135991335,2.664864994585514,5.556955002248287,6.108095869421959,6.175553193315864,17.84060406498611,23.377341916784644
1291,196.629421069,42101,8756,3112,11773,157,2.5505521334707737,1.914400840178132,5.6498488411307335,1.8422759603708982,7.197063183411956,14.689187984913588,22.622358985245228
1292,196.726895454,42446,8647,3115,11160,165,2.3628200870007277,3.056447021663189,9.253520052880049,2.4779459927231073,6.4365798607468605,18.168045906350017,24.1509391926229
1293,197.019317192,43415,8485,3115,11716,161,2.394970040768385,2.7831268962472677,5.894355941563845,1.8020509742200375,11.324775172397494,19.021182088181376,24.777248967438936
1294,197.116790827,43710,8508,3115,11775,162,2.411621157079935,1.7435720656067133,9.330203058198094,2.992166904732585,5.986860021948814,18.309229984879494,23.041052045300603
1296,197.311738346,44924,8431,3118,11802,162,3.51451407186687,3.6830499302595854,7.050839951261878,2.3531720507889986,10.869812918826938,20.273824920877814,28.07873603887856
1297,197.409212481,44997,8359,3119,11821,161,2.379271201789379,2.930060960352421,6.143893115222454,3.456325037404895,8.549584774300456,18.149802926927805,24.049048079177737
1298,197.506685991,45356,8293,3122,11871,161,2.4181040935218334,2.970165805891156,5.224534077569842,7.3151541873812675,6.189877865836024,18.729566130787134,24.682532995939255
1299,197.799106812,45341,8220,3122,11155,165,2.3564582224935293,3.4832858946174383,10.799963027238846,2.3752839770168066,9.44235292263329,22.617599926888943,29.019314795732498
1302,198.091528841,45630,8137,3122,11741,158,2.3514479398727417,3.2888827845454216,8.99872393347323,2.0928150042891502,6.286388961598277,17.377927899360657,23.58841593377292
1303,198.189003976,45700,7985,3124,11819,158,2.4198570754379034,2.642363077029586,5.951273022219539,1.8826420418918133,9.8503059707582,17.68422103486955,23.326907074078918
1304,198.286475403,45724,8012,3126,11848,158,2.3728690575808287,1.7166510224342346,5.961972987279296,6.11302605830133,5.997547879815102,18.072546925395727,22.73550000973046
1305,198.383949662,45958,7989,3128,11909,155,2.4232729338109493,2.9881400987505913,9.226568974554539,2.041239058598876,6.660740124061704,17.92854815721512,23.954741191118956
1306,198.578895849,46344,7893,3130,11958,155,2.571260090917349,2.7613460551947355,6.724959937855601,1.9295101519674063,7.597993826493621,16.25246391631663,22.150486009195447
1307,198.676373483,46626,7922,3132,11316,160,2.3387440014630556,1.6751131042838097,6.144464015960693,5.913433153182268,7.27628986351192,19.33418703265488,23.91225192695856
1309,198.871317753,46700,7725,3133,11840,157,2.378540113568306,2.7444439474493265,5.839402787387371,1.9175468478351831,7.9479694832116365,15.70491911843419,21.390916081145406
1310,198.968792721,46615,7720,3136,11942,157,2.3544039577245712,2.697305055335164,5.285667954012752,1.8775418866425753,9.184751193970442,16.34796103462577,21.97195217013359
1311,199.066265981,46860,7743,3138,11964,156,2.4151878897100687,1.6668080352246761,6.086857058107853,1.866332022473216,7.874498842284083,15.827687922865152,20.45274991542101
1312,199.358687219,46835,7495,3140,11984,156,2.4701307993382215,2.6577021926641464,6.72188401222229,1.8731341697275639,9.290458867326379,17.885477049276233,23.604135029017925
1313,199.456163228,46415,7538,3142,12021,156,2.400039928033948,2.206027042120695,5.992921069264412,2.1314870100468397,6.902301916852593,15.026709996163845,20.2319270465523
1315,199.651114248,46177,7380,3145,11326,163,3.314260160550475,3.3088999334722757,4.71928808838129,2.4782458785921335,10.694875847548246,17.89240981452167,25.115263182669878
1316,199.748582716,46387,7406,3148,11873,161,2.3075470235198736,1.7512659542262554,5.547438049688935,1.857374096289277,10.89267572388053,18.29748786985874,22.937708999961615
1317,199.846056684,46634,7357,3149,11964,157,2.3739910684525967,2.8410740196704865,5.6534449104219675,2.0201290026307106,6.5452950075268745,14.218868920579553,20.0455489102751
1318,200.138516547,46918,7200,3151,12017,155,2.3693719413131475,2.6933089829981327,4.673802992329001,2.5181910023093224,10.024922899901867,17.21691689454019,22.838732926175
1319,200.23595189,47312,7245,3152,12046,153,2.464901190251112,1.675053033977747,9.345953818410635,2.000872977077961,5.742932204157114,17.08975899964571,21.80544100701809
1321,200.430899243,47535,7027,3155,12083,152,2.3832879960536957,4.18451800942421,5.181923042982817,2.9935098718851805,10.235177120193839,18.410610035061836,25.563630973920226
1322,200.528373378,47341,6939,3156,11421,155,2.4011910427361727,4.495118977501988,5.603571888059378,2.5056968443095684,11.849818285554647,19.959087017923594,27.51205605454743
1323,200.625846763,47179,6981,3158,11842,153,2.3819960188120604,1.7177239060401917,4.977951990440488,6.948077119886875,6.70346082188189,18.629489932209253,23.316949140280485
1324,200.918267375,47573,6699,3161,11937,151,2.3895599879324436,2.661930164322257,5.222799954935908,1.9605879206210375,6.107555003836751,13.290942879393697,18.90198909677565
1325,201.01574326,47631,6738,3161,11961,151,2.425026847049594,1.8434689845889807,6.030210060998797,1.8736750353127718,6.593364756554365,14.497249852865934,19.342212937772274
1327,201.210690238,47895,6581,3162,11981,150,2.4200868792831898,2.6757060550153255,8.112285053357482,1.9192199688404799,7.352233864367008,17.38373888656497,23.074334021657705
1328,201.308163956,48071,6623,3164,12032,150,2.3828980047255754,2.3378829937428236,4.538970999419689,2.661648904904723,9.53181111253798,16.732431016862392,22.024431033059955
1329,201.405636924,48160,6473,3166,11413,157,2.5137518532574177,3.0704739037901163,5.243909079581499,2.7137058787047863,6.195100024342537,14.152714982628822,20.315473899245262
1330,201.503110476,48213,6446,3166,11752,156,2.4871230125427246,2.7202090714126825,8.005765965208411,1.7706530634313822,6.389782996848226,16.16620202548802,21.96132205426693
1331,201.795534255,48316,6347,3168,11868,151,2.3901211097836494,3.2261849846690893,4.797373898327351,1.8722631502896547,11.281984858214855,17.95162190683186,24.268768960610032
1332,201.893006723,48451,6327,3168,11916,153,2.4335221387445927,2.7193070854991674,8.735902141779661,3.1988141126930714,5.817482713609934,17.752198968082666,23.44014891423285
1334,202.087954993,48509,6155,3170,11960,152,2.470661886036396,3.127249889075756,5.974716041237116,7.8864931128919125,6.173208821564913,20.03441797569394,26.19480201974511
1335,202.185427044,48484,6158,3171,12007,151,2.39196396432817,3.7936968728899956,5.820498103275895,2.034385921433568,6.460564909502864,14.315448934212327,21.07492391951382
1336,202.282901471,48598,6215,3172,11364,155,2.4045079480856657,1.7782868817448616,4.703518934547901,3.171302145346999,10.54155989550054,18.41638097539544,23.229694925248623
1337,202.575326459,48651,5899,3175,11649,154,2.3834279272705317,2.7000808622688055,7.917140144854784,2.653182949870825,7.766019087284803,18.336342182010412,24.019864154979587
1338,202.67279776,48601,5969,3177,11735,151,2.4522971361875534,1.6565679106861353,4.565631039440632,2.3917739745229483,5.717224907130003,12.674629921093583,17.369912937283516
1340,202.867744905,48588,5802,3179,11768,150,2.5388188660144806,2.8421268798410892,4.969055997207761,3.225683933123946,9.80673497542739,18.001474905759096,23.975630989298224
1341,202.965260956,48538,5816,3183,11795,149,2.427211031317711,1.6587628051638603,4.744666162878275,4.654987948015332,8.179421070963144,17.57907518185675,22.243911866098642
1342,203.062735383,48547,5694,3185,11836,147,2.442538971081376,2.821708796545863,8.477979805320501,2.503031864762306,5.836007418110967,16.817019088193774,22.65325700864196
1343,203.35511412,48593,5531,3187,11314,155,2.3579210974276066,5.783498985692859,4.499537171795964,2.5638961233198643,6.038875784724951,13.10230907984078,21.809148136526346
1344,203.452588088,48598,5560,3190,11641,153,2.357450081035495,1.8865889869630337,8.274639025330544,1.9737021066248417,6.486784899607301,16.735126031562686,21.588345058262348
1346,203.647534441,48597,5390,3191,11733,153,2.34599900431931,2.722633071243763,4.54624486155808,1.9260530825704336,5.6911560241132975,12.16345396824181,17.784329131245613
1347,203.745008868,48571,5344,3191,11760,154,2.427350962534547,3.146036062389612,4.794318927451968,2.4135950952768326,6.872334983199835,14.080249005928636,20.23872989229858
1348,203.842482419,48536,5225,3195,11843,155,2.3664769250899553,5.505239125341177,4.962784005329013,2.7537711430341005,6.53242995031178,14.248985098674893,22.70129695534706
1349,204.134903824,48383,5100,3200,11907,154,2.373710973188281,2.875650068745017,10.835861088708043,2.2100440692156553,5.958426045253873,19.00433120317757,24.814179865643382
1351,204.329850802,48411,4863,3201,11467,159,2.4325810372829437,6.57713389955461,5.274537019431591,2.62268609367311,6.040649954229593,13.937873067334294,23.54984381236136
1352,204.42732602,48467,4887,3202,11713,157,2.4294648319482803,1.8609820399433374,4.8042170237749815,1.984962960705161,5.84792997688055,12.637109961360693,17.518811859190464
1353,204.524848154,48383,4764,3203,11756,157,2.4761019740253687,2.942153951153159,4.880009219050407,2.0591621287167072,6.981609622016549,13.920780969783664,19.91743897087872
1354,204.622333081,48348,4777,3204,11783,157,2.365906024351716,1.6995090991258621,4.434595117345452,1.8168790265917778,6.452419795095921,12.70389393903315,17.379220109432936
1355,204.719745882,48366,4731,3205,11805,157,2.420227974653244,6.084121996536851,4.6796640381217,2.0123349968343973,6.30556489340961,12.997563928365707,22.166896844282746
1356,204.914693652,48341,4532,3206,11846,159,2.3613679222762585,2.5292818900197744,4.818975226953626,1.8139728344976902,11.3104279153049,17.943375976756215,23.423737846314907
1357,205.012166912,48292,4472,3207,11368,161,2.3991980124264956,2.684451872482896,4.91545582190156,3.100028960034251,8.97688209079206,16.99236687272787,22.663394920527935
1359,205.207115681,48171,4235,3209,11636,155,2.37437104806304,2.7003709692507982,6.560110952705145,1.920473063364625,8.17888998426497,16.65947400033474,22.282873978838325
1360,205.304588358,48174,4086,3209,11681,155,2.484937896952033,2.9851251747459173,7.739368127658963,1.8110470846295357,5.547227570787072,15.097642783075571,21.24464209191501
1361,205.402062201,48161,4048,3209,11699,155,2.348192036151886,2.6880281511694193,4.495539935305715,1.7763529904186726,8.126151049509645,14.398043975234032,19.987810868769884
1362,205.499536711,48163,3990,3210,11730,155,3.2337389420717955,4.344868008047342,4.876011051237583,1.9732408691197634,6.578166037797928,13.427417958155274,21.63465111516416
1363,205.791958365,47911,3788,3210,11735,154,2.384430030360818,3.430216806009412,8.439176948741078,2.6344279758632183,6.482495926320553,17.55610085092485,23.912402102723718
1364,205.889478167,47931,3808,3212,11340,155,2.3959020618349314,2.1811500191688538,9.096417110413313,2.5119490455836058,5.820066900923848,17.428433056920767,22.576222894713283
1366,206.084378686,47771,3626,3213,11548,154,2.484417986124754,2.86008114926517,3.817141056060791,1.8828720785677433,6.893535843119025,12.59354897774756,18.523871898651123
1367,206.181853696,47667,3463,3215,11594,155,2.54235602915287,2.770913066342473,4.42319386638701,2.0109619945287704,8.824548218399286,15.258704079315066,21.28441585227847
1368,206.279327164,47579,3398,3216,11612,156,2.3719570599496365,2.718093805015087,4.959427984431386,2.0923539996147156,12.8157630097121,19.8675449937582,25.541139068081975
1369,206.57174836,47434,3220,3216,11627,154,2.3717868607491255,2.7741901576519012,4.579687025398016,2.2778608836233616,11.37206400744617,18.229611916467547,24.114731000736356
1370,206.669221078,47288,3247,3217,11633,155,2.456445014104247,1.9356920383870602,3.911226987838745,1.7955789808183908,5.910376086831093,11.617182055488229,16.580997966229916
1371,206.766739338,47227,3050,3218,11303,155,2.4605030193924904,3.0059730634093285,3.80526902154088,3.6754459142684937,8.922539884224534,16.403254820033908,22.44850294664502
1372,206.864170848,47158,3086,3220,11441,156,2.421629847958684,1.8798760138452053,8.267986821010709,2.5943531654775143,6.455085007473826,17.31742499396205,22.175032179802656
1373,206.961661024,47153,3009,3220,11477,155,2.528188982978463,2.7977030258625746,3.154560923576355,1.76611403003335,12.362206121906638,17.282881075516343,23.21483800187707
1374,207.059118034,47050,2998,3221,11500,154,2.3726890794932842,2.9946521390229464,5.899937124922872,1.9503890071064234,5.972892744466662,13.823218876495957,19.758461974561214
1375,207.351539522,46522,2772,3223,11524,153,2.42452509701252,3.6644351202994585,4.043434048071504,3.533169161528349,7.896551862359047,15.4731550719589,22.1145988907665
1376,207.449012532,46509,2815,3225,11532,154,2.3094499483704567,4.348554881289601,5.270209163427353,1.9708559848368168,6.704371655359864,13.945436803624034,21.19601098820567
1378,207.644003801,46351,2879,3226,11295,155,2.3775380104780197,3.1559329945594072,4.1320601012557745,2.8103680815547705,6.895177997648716,13.837606180459261,19.94391903281212
1379,207.741433728,46189,2838,3227,11393,156,2.3744418285787106,2.618037164211273,5.08855888620019,1.9492460414767265,11.671133106574416,18.708938034251332,24.262737948447466
1380,207.838907112,46056,2860,3229,11428,157,2.351640025153756,3.176992991939187,4.49514901265502,2.0303181372582912,9.566966909915209,16.09243405982852,22.16617506928742
1381,207.936391164,45996,2904,3233,11459,158,2.488515106961131,2.900446066632867,7.404171163216233,2.0211709197610617,8.113316958770156,17.53865904174745,23.672442883253098
1382,208.228803985,45646,3323,3243,11486,163,2.4142570327967405,2.8195648919790983,4.3869661167263985,6.711134919896722,5.8691599406301975,16.967260977253318,22.760708117857575
1383,208.326277911,45427,3594,3252,11537,168,2.4024539161473513,1.7751401755958796,7.730882149189711,3.0708438716828823,6.412495858967304,17.214221879839897,21.97236311621964
1385,208.521271139,45264,3733,3254,11328,168,2.3702839389443398,2.7484409511089325,4.037703154608607,2.394850132986903,7.380226859822869,13.81278014741838,19.73553909920156
1386,208.618698024,45004,4200,3265,11516,163,2.327605150640011,2.601455897092819,5.611858097836375,1.8392109777778387,12.217964977025986,19.6690340526402,25.187817867845297
1387,208.716171784,44763,4537,3276,11618,164,2.3725389037281275,2.695011906325817,4.627316957339644,1.900204923003912,6.3060251995921135,12.83354707993567,18.477434990927577
1388,209.008593022,44664,4724,3288,11765,157,2.463198034092784,8.865664945915341,4.44391299970448,2.0125149749219418,6.069163093343377,12.525591067969799,24.431993952021003
1389,209.106067156,44356,4797,3292,11805,158,2.391965128481388,2.2292800713330507,4.445376107469201,2.6580030098557472,11.164313880726695,18.267692998051643,23.487347178161144
1390,209.203585416,44209,5465,3306,11990,155,2.378839999437332,2.6129779871553183,5.605685990303755,1.863555982708931,8.944242028519511,16.413484001532197,22.237550001591444
1391,209.301014634,43991,5568,3317,11676,160,2.3466101847589016,2.638665959239006,5.696847103536129,2.519774017855525,6.4091787207871675,14.625799842178822,20.210256101563573
1392,209.398488811,43910,5097,3320,11978,159,2.3474921472370625,6.5537497866898775,5.941705079749227,2.009009011089802,6.871223915368319,14.821938006207347,24.48642603121698
1393,209.495961821,43811,5362,3322,12071,159,2.3230649530887604,2.9640651773661375,5.181874148547649,4.402786027640104,6.492734886705875,16.07739506289363,21.935363998636603
1394,209.788388767,43531,6151,3339,12314,153,2.3263709153980017,3.175250021740794,11.263890890404582,1.9289779011160135,10.914789279922843,24.10765807144344,30.3502450697124
1396,210.080804713,43186,5274,3342,12365,153,2.3718171287328005,2.787764882668853,7.805051049217582,2.4604930076748133,9.072890970855951,19.338435027748346,25.059829000383615
1397,210.178278264,43063,5546,3345,12390,154,2.3702438920736313,1.7075140494853258,5.125398049131036,2.0351980347186327,6.009981967508793,13.170578051358461,17.828581854701042
1398,210.275751524,42758,5808,3351,11892,158,2.3097910452634096,2.7066529728472233,5.313098896294832,2.710751025006175,7.17110512778163,15.194955049082637,20.883145043626428
1399,210.373227617,42554,5322,3354,12359,151,2.3985770530998707,3.539772005751729,5.730340024456382,1.9565399270504713,13.255516067147255,20.942396018654108,27.452945010736585
1400,210.665649063,42018,4214,3355,12421,151,2.4156589061021805,2.607368165627122,10.185324121266603,1.9389980006963015,5.977179855108261,18.101501977071166,23.675319040194154
1403,210.958069967,41327,4101,3355,12433,152,2.498603891581297,2.7467079926282167,4.767487989738584,1.7474088817834854,5.669375183060765,12.184272054582834,18.00795691087842
1404,211.055542936,41013,3996,3358,12497,149,2.3461889941245317,3.2591859344393015,8.448984939604998,2.6788918767124414,5.675927270203829,16.803804086521268,22.966422839090228
1405,211.153016445,40754,4432,3359,12514,151,2.3382639046758413,3.2200030982494354,6.100301863625646,2.518581924960017,11.95635530166328,20.575239090248942,26.80935082025826
1406,211.250490289,40630,5134,3366,12006,157,2.4727960117161274,2.7091680094599724,8.508787024766207,4.329008050262928,5.695955129340291,18.533750204369426,24.28832510486245
1407,211.347964132,40396,5351,3370,12462,152,2.4050690699368715,4.125447012484074,5.284965969622135,1.9121670629829168,11.856409953907132,19.053542986512184,26.171587873250246
1408,211.542913026,39790,4599,3372,12512,155,2.750054933130741,5.140457069501281,5.750527139753103,1.9882791675627232,6.63293874822557,14.371745055541396,22.8485818952322
1409,211.640430536,39544,4543,3373,12543,154,2.3727179504930973,1.8280590884387493,5.547157023102045,2.7668760158121586,11.72552490606904,20.039557944983244,24.799873121082783
1411,211.835333806,39312,4860,3373,12546,152,2.58481502532959,2.9685429763048887,8.607090916484594,2.4108600337058306,6.349517963826656,17.36746891401708,23.511913139373064
1412,211.932807149,38917,5260,3382,12669,152,2.3603050503879786,2.629027934744954,5.277923075482249,1.8972689285874367,6.900609936565161,14.075801940634847,19.658094039186835
1413,212.030280742,38966,5107,3382,12071,155,2.305423142388463,2.853858983144164,7.562526036053896,2.8940639458596706,11.42699713818729,21.883587120100856,27.629545889794827
1414,212.127755752,38796,4877,3387,12522,150,2.3802428040653467,3.170840907841921,5.052682012319565,2.2137719206511974,11.582226026803255,18.848679959774017,25.095165008679032
1415,212.420176989,38356,5443,3391,12603,152,2.403185935690999,2.8577859047800303,7.143181981518865,1.8821009434759617,8.102847961708903,17.12813088670373,22.94646599330008
1416,212.517651083,38405,5524,3395,12676,152,2.4032059591263533,2.3537729866802692,7.395925931632519,1.80328288115561,6.738756317645311,15.93796513043344,21.273826947435737
1418,212.712597435,37912,4197,3395,12685,152,2.363631036132574,2.839531982317567,6.373071810230613,5.859249969944358,6.178900133818388,18.41122191399336,24.2136858869344
1419,212.810072404,37788,4361,3397,12713,152,2.3544139694422483,3.257883945479989,5.314420908689499,6.162288133054972,5.809366935864091,17.28607597760856,23.45947502180934
1420,213.005019298,37631,4983,3397,12150,154,2.2912160493433475,2.768048085272312,7.995696971192956,4.589054035022855,6.083752028644085,18.668503034859896,24.272456066682935
1422,213.297441744,36855,4785,3403,12616,152,2.315080026164651,2.8593691531568766,9.272616123780608,3.240412101149559,6.286749849095941,18.799778074026108,24.76109005510807
1423,213.394913837,36932,4814,3406,12705,151,2.351258182898164,2.595406025648117,6.0712171252816916,1.9829689990729094,6.314382888376713,14.368569012731314,19.91285989060998
1424,213.492388639,36790,5655,3422,12901,151,2.340909093618393,4.143502097576857,6.011835997924209,2.3106117732822895,6.484931102022529,14.807378873229027,21.863048896193504
1425,213.589861482,36654,5832,3429,12999,152,2.3291469551622868,2.819214016199112,6.084022112190723,1.963944174349308,5.722202826291323,13.770169112831354,19.513733917847276
1426,213.687336033,36265,5768,3433,13077,152,2.3925050627440214,4.344718065112829,5.569658940657973,2.472846070304513,6.818253779783845,14.860758790746331,22.192083997651935
1427,213.88228197,36138,5283,3436,12434,157,2.312254859134555,2.7588310185819864,5.8292848989367485,6.5921819768846035,5.764784058555961,18.186250934377313,23.80490116775036
1428,213.979758104,36237,5529,3439,13031,152,2.325270092114806,5.143793066963553,5.3428648971021175,1.9289480987936258,6.019150139763951,13.290963135659695,21.353835938498378
1430,214.174710499,36004,5954,3451,13232,155,2.277279971167445,2.595996018499136,7.373272906988859,1.9168858416378498,8.616699371486902,17.90685812011361,23.336966056376696
1431,214.272179925,35713,5950,3457,13344,156,2.264436101540923,1.670195022597909,5.264047998934984,1.811617985367775,10.104362852871418,17.180028837174177,21.71054412610829
1432,214.369653185,35698,5537,3461,13401,157,2.3125659208744764,2.76573421433568,5.7069959584623575,2.9297000728547573,9.730812860652804,18.36750889196992,24.04591185040772
1433,214.467126195,35653,5911,3465,13537,156,2.4390530306845903,2.9064479749649763,6.3103551510721445,1.926132943481207,6.58624991774559,14.822738012298942,20.735369995236397
1434,214.759546891,35418,6412,3482,12701,160,2.2829310037195683,2.6340980548411608,9.721386013552547,3.801952116191387,5.475912941619754,18.999251071363688,24.502536049112678
1435,214.857022651,35357,6125,3486,13542,157,2.264074981212616,2.649617148563266,6.336062913760543,1.9275960512459278,10.70475485175848,18.96841381676495,24.509388953447342
1437,215.051968462,35340,6363,3491,13698,155,2.2830709349364042,2.851153025403619,6.580450106412172,1.9689330365508795,12.30621081776917,20.85559396073222,26.560476049780846
1438,215.14944493,35224,6743,3501,13854,153,2.298448933288455,2.6116450317204,5.82315307110548,1.9941600039601326,10.969510767608881,18.786823842674494,24.27003113552928
1439,215.246960482,35387,6684,3507,13956,157,2.299761865288019,2.6335460133850574,5.720400949940085,2.125304890796542,10.845429264008999,18.691135104745626,24.263608967885375
1440,215.539338469,35903,6584,3514,14088,153,2.333696000277996,2.88066896609962,5.986338946968317,2.4175220169126987,6.098577985540032,14.502438949421048,20.284536061808467
1442,215.831759499,36550,6427,3521,13099,158,2.3287360090762377,6.66485819965601,6.914084078744054,6.406825967133045,6.373242009431124,19.694152055308223,29.287768062204123
1443,215.929233342,36705,6454,3528,13984,149,2.42937495931983,2.5138119235634804,6.012426922097802,2.2520229686051607,10.424221167340875,18.688671058043838,24.2302471306175
1444,216.026707477,36997,6347,3532,14149,148,2.35663796775043,2.595263998955488,9.14674112573266,2.0057018846273422,10.76049916446209,21.912942174822092,27.44091395288706
1445,216.124182237,37118,6429,3534,14174,148,2.3121051490306854,3.336311085149646,13.03293090313673,1.8795558717101812,6.661130115389824,21.573616890236735,27.81774802133441
1446,216.416603308,38445,6446,3547,14382,151,2.3856719490140676,6.167606916278601,7.1699731051921844,5.5128419771790504,8.14197096042335,20.824786042794585,29.96997395530343
1447,216.514075776,38916,6508,3549,14416,151,2.479278016835451,2.490759827196598,6.905547808855772,1.8856781534850597,6.232006940990686,15.023232903331518,20.72768402285874
1448,216.611551161,39322,6852,3561,13206,158,2.269214019179344,2.6877981144934893,5.825869040563703,2.6469319127500057,10.92025707475841,19.39305802807212,24.961776100099087
1449,216.709025504,39666,6880,3568,14281,152,2.341870917007327,1.6891499981284142,5.920435069128871,1.917427172884345,9.899799712002277,17.737661954015493,22.322086850181222
1450,217.001445283,40055,6331,3571,14409,148,2.2938610054552555,2.803203882649541,6.696115946397185,2.709758933633566,6.018419051542878,15.42429393157363,21.130918990820646
1452,217.293868479,39650,7177,3588,14639,151,2.6444769464433193,5.371016915887594,9.321928024291992,2.12253094650805,5.632787011563778,17.07724598236382,25.695878081023693
1453,217.391394531,39786,7183,3593,14706,151,2.3863441310822964,1.7677070572972298,7.277705008164048,2.155381953343749,7.692149141803384,17.12523610331118,21.884148009121418
1454,217.488814999,39927,6967,3599,14810,150,2.7489219792187214,3.2703380566090345,7.0548770017921925,2.18337494879961,6.619783118367195,15.858035068958998,22.52142014913261
1455,217.586288883,39761,6705,3600,13432,162,2.4117620196193457,2.890166826546192,6.337665021419525,8.835709188133478,6.2744279857724905,21.447802195325494,27.319906977936625
1456,217.878712746,39483,6972,3605,14393,153,2.3658359423279762,3.213551128283143,5.941584007814527,2.2226981818675995,12.516144663095474,20.6804268527776,26.845128973945975
1458,218.073656891,39818,6495,3605,14431,151,2.3306298535317183,3.2072600442916155,6.703380029648542,2.0240158773958683,6.547418190166354,15.274814097210765,21.378000965341926
1459,218.171131609,39902,6511,3609,14527,149,2.33667204156518,1.6800430603325367,6.935363868251443,3.3068559132516384,9.913205169141293,20.155424950644374,24.74105218425393
1460,218.268606035,39833,6881,3622,14675,148,2.6238178834319115,2.7622771449387074,6.044547073543072,1.982158049941063,7.4856330174952745,15.51233814097941,21.524254931136966
1461,218.561026856,40119,6798,3631,14830,149,2.296556020155549,7.270170142874122,6.4121149480342865,2.5529051199555397,6.082047941163182,15.047068009153008,25.290359975770116
1462,218.658499908,40326,6827,3632,13524,159,2.333766082301736,1.743272179737687,9.599137119948864,2.553357044234872,5.714138736948371,17.866632901132107,22.515208926051855
1464,218.853450219,40114,7262,3647,14580,149,2.302597975358367,2.7817038353532553,5.624772049486637,2.00333702377975,9.471469093114138,17.099578166380525,22.955301916226745
1465,218.950931562,40279,7197,3657,14755,148,2.372186863794923,2.8124109376221895,10.007821023464203,2.421530894935131,6.050006952136755,18.47935887053609,24.223594926297665
1466,219.04839828,40402,7234,3662,14869,147,2.2748359479010105,1.889956183731556,5.942607065662742,2.168236067518592,10.867247823625803,18.978090956807137,23.73593207448721
1467,219.340816976,41057,7022,3667,14949,151,2.3182271979749203,2.6158939581364393,5.969426827505231,6.024109199643135,6.3574418891221285,18.350977916270494,23.844334995374084
1468,219.438291861,40969,7343,3673,15042,152,2.3565979208797216,2.710820874199271,7.105051074177027,2.4780351668596268,7.642076816409826,17.22516305744648,22.941755829378963
1469,219.633239339,41621,6974,3681,13767,156,2.348111942410469,6.6085620783269405,7.100893184542656,5.506129935383797,7.903945865109563,20.510968985036016,30.04873194731772
1470,219.730752266,41856,6998,3686,14678,150,2.507369965314865,1.9645551219582558,9.537931997328997,1.9212041515856981,8.64133588038385,20.100472029298544,25.172420078888535
1471,219.828187317,41979,7053,3686,14743,149,2.5847048964351416,2.7994769625365734,6.7157631274312735,1.7917118966579437,9.16411285288632,17.671587876975536,23.64089502952993
1472,220.120608805,42402,6920,3696,14879,152,2.342992927879095,3.892631968483329,6.288823904469609,5.127492127940059,6.599324988201261,18.01564102061093,24.830539943650365
1473,220.21808169,42554,6926,3701,14945,150,2.391353016719222,1.8817500676959753,6.209465907886624,2.2722010035067797,11.582106119021773,20.063773030415177,24.980569956824183
1474,220.413028709,42729,7094,3712,15078,152,2.653473988175392,2.838399028405547,7.732725935056806,2.579635940492153,6.261983187869191,16.57434506341815,22.612301167100668
1475,220.510503427,43049,7126,3722,13873,155,2.353121992200613,1.6989379655569792,9.816874982789159,3.365816082805395,5.545613123103976,18.72830418869853,23.33419001661241
1476,220.607976979,43166,7296,3729,14954,154,2.322334097698331,3.602178068831563,6.483698962256312,1.9137300550937653,8.82945698685944,17.22688600420952,23.827543016523123
1477,220.900399633,43478,6911,3734,15045,156,2.332322997972369,2.7848498430103064,6.270300131291151,6.994755007326603,5.682159913703799,18.947215052321553,24.67092080041766
1478,220.997872018,43582,6915,3738,15132,155,2.3717971052974463,1.953053055331111,6.589997094124556,2.0215921103954315,5.9684456791728735,14.58003488369286,19.50925588607788
1480,221.192820371,43773,6539,3741,15186,155,2.3381139617413282,4.456205992028117,9.107587160542607,3.5884729586541653,8.348977891728282,21.045038010925055,28.43519300222397
1481,221.290292672,44107,6552,3742,15204,155,2.3612771183252335,1.8317759968340397,5.415079882368445,1.8799570389091969,6.159131182357669,13.454168103635311,18.212288850918412
1482,221.582713743,44419,6861,3759,14081,156,2.308769151568413,5.870891967788339,5.7732900604605675,2.6055139023810625,5.630012135952711,14.008816098794341,22.753124125301838
1483,221.680187628,44553,6874,3765,14975,154,2.3842300288379192,1.8065599724650383,6.201270967721939,1.8423758447170258,6.843833019956946,14.887479832395911,19.6578330360353
1484,221.875136064,44487,6513,3769,15049,154,2.387907123193145,3.0714559834450483,5.551043897867203,1.948055112734437,6.120599107816815,13.619698118418455,19.741770112887025
1485,221.972615449,44281,6549,3771,15080,155,2.3895101621747017,1.8348919693380594,6.091836141422391,2.0363188814371824,5.740498891100287,13.86865391395986,18.678732216358185
1486,222.070084334,44163,6649,3776,15148,155,2.363842213526368,2.708546118810773,6.3365541864186525,3.1363170128315687,5.996697815135121,15.469569014385343,21.163329016417265
1487,222.362516322,44287,6251,3781,15211,154,2.368380082771182,5.8927231002599,6.897822953760624,5.520366132259369,7.077530957758427,19.49572004377842,28.351045912131667
1488,222.459978873,44253,6266,3783,14073,158,2.3962620180100203,2.1564539056271315,5.939259892329574,6.391956936568022,6.105031352490187,18.436248181387782,23.584318812936544
1490,222.654928351,44239,6325,3791,14845,157,2.3377130273729563,5.349937826395035,6.749727064743638,2.5777919217944145,9.053986985236406,18.38150597177446,26.71113796532154
1491,222.752403111,44229,5999,3794,14933,156,2.408105181530118,2.6597362011671066,5.9016000013798475,2.064090920612216,6.215227069333196,14.18091799132526,19.823602866381407
1492,223.044821765,43971,5871,3799,15035,156,2.413965994492173,3.0355090275406837,6.3217871356755495,2.3398168850690126,6.157246883958578,14.81885090470314,20.85810899734497
1494,223.337244295,43989,5791,3805,15096,155,2.342721913009882,3.0025469604879618,10.978077072650194,2.024126937612891,5.957223009318113,18.9594270195812,24.909647880122066
1495,223.434716971,44102,5813,3812,15211,155,2.399568911641836,1.6842808108776808,5.1772750448435545,1.8094349652528763,6.698479875922203,13.685189886018634,18.338765017688274
1496,223.532191189,44034,5765,3817,14098,160,2.6147509925067425,2.702224999666214,11.441703885793686,2.703057136386633,7.609735010191798,21.754496032372117,27.689317939803004
1497,223.629665241,43867,5810,3820,14851,155,2.389460103586316,3.0108229257166386,6.379303988069296,1.9630230963230133,9.544272907078266,17.886599991470575,23.896723985671997
1498,223.922088312,44012,5438,3824,14926,155,2.415427938103676,2.9102039989084005,5.529813934117556,2.3759049363434315,6.4260209910571575,14.331739861518145,20.28675004839897
1501,224.214507674,43595,5607,3837,15083,155,2.397524891421199,2.653614152222872,12.313554994761944,4.596868995577097,7.422115188091993,24.332539178431034,30.08693386800587
1502,224.311980934,43410,5431,3839,15117,155,2.327023074030876,6.719470024108887,5.636543966829777,1.9136900082230568,5.513685056939721,13.063919031992555,22.68391498364508
1503,224.409455694,43622,5414,3843,15168,154,2.3301891051232815,2.839221153408289,6.232739193364978,2.0025460980832577,5.54070551879704,13.775990810245275,19.503944786265492
1504,224.506931204,43666,5262,3844,14027,157,2.455312991514802,3.091702936217189,5.794409895315766,2.4737678468227386,6.750778295099735,15.01895603723824,21.22280211187899
1505,224.701878432,43606,5295,3850,14707,158,2.3114539217203856,2.64034909196198,5.639830837026238,1.850911881774664,6.26971828751266,13.760461006313562,19.274385878816247
1506,224.799351192,43547,5425,3855,14820,159,2.3155121598392725,2.704099053516984,5.8722649700939655,2.1663419902324677,6.4323642291128635,14.470971189439297,20.049515878781676
1507,224.994299419,44057,5118,3860,14925,155,2.3660860024392605,2.9109660536050797,6.428536027669907,1.897389069199562,6.266813026741147,14.592738123610616,20.540405064821243
1508,225.091815138,44171,5171,3862,14949,158,2.425767946988344,1.8392200581729412,6.308492040261626,1.8685050308704376,6.270569982007146,14.44756705313921,19.30894097313285
1509,225.189250147,43918,5360,3867,15033,159,2.4088560603559017,2.794496947899461,5.507061956450343,7.134175160899758,5.884418031200767,18.525655148550868,24.287774926051497
1510,225.481667093,43724,5023,3872,14124,160,2.3463789839297533,3.10974707826972,10.93598804436624,4.564398899674416,5.4631701204925776,20.963557064533234,26.96804888546467
1511,225.579142728,43621,5055,3875,14785,159,2.4268501438200474,1.8574148416519165,5.467488197609782,1.9183489494025707,8.841438917443156,16.22727606445551,21.11205388791859
1513,225.774088289,43381,5343,3890,15037,161,2.355727134272456,2.699701115489006,7.036322960630059,2.4886049795895815,11.232753051444888,20.75768099166453,26.363858953118324
1514,225.871561466,43124,5391,3895,15132,159,2.347692148759961,1.715969992801547,5.657793954014778,1.8648789264261723,6.681517930701375,14.204190811142325,18.866813974455
1515,225.969081517,43293,5195,3898,15189,160,2.337121870368719,2.6919760275632143,5.179950036108494,2.9578329995274544,7.954329950734973,16.09211298637092,21.675598109140992
1516,226.261458088,42783,5246,3904,15270,158,2.463078126311302,2.775592030957341,10.960784973576665,2.0991568453609943,5.725580267608166,18.785522086545825,24.607822997495532
1517,226.358931432,42419,5258,3909,14305,163,2.3841699585318565,2.7219520416110754,5.281060002744198,3.7291659973561764,6.203083088621497,15.213309088721871,20.90467605739832
1518,226.55387916,41969,4898,3913,14919,160,2.3507769219577312,4.913961980491877,9.079184150323272,3.0957108829170465,6.223883014172316,18.398778047412634,26.21897798962891
1519,226.651395628,41921,4918,3916,15029,160,2.417402109131217,4.913541954010725,5.690185120329261,2.9080500826239586,5.7764858938753605,14.37472109682858,22.274208022281528
1520,226.748829596,42027,5066,3919,15119,158,2.264004899188876,6.677041063085198,5.723957903683186,1.92640395835042,5.683711264282465,13.33407312631607,22.843922954052687
1521,227.041248625,42305,4869,3925,15202,158,2.3276840802282095,3.001054050400853,8.968065958470106,3.3118261490017176,5.929872859269381,18.209764966741204,24.125471943989396
1522,227.138721718,41941,4903,3929,15261,160,2.345156855881214,1.7677771393209696,5.23758796043694,1.8938619177788496,6.375858327373862,13.507308205589652,18.209063913673162
1524,227.333669655,41728,5056,3934,14296,162,2.357369987294078,2.8622550889849663,9.700505994260311,3.230593865737319,7.764776004478335,20.695875864475965,26.490835938602686
1525,227.431142998,41579,4749,3936,15000,158,2.354104071855545,2.863876987248659,5.524845095351338,1.92488101311028,6.301847985014319,13.751574093475938,19.579746993258595
1526,227.528617382,41195,4773,3937,15043,156,2.381063997745514,1.643365016207099,5.174238933250308,2.6202320586889982,11.791028082370758,19.585499074310064,24.306338978931308
1527,227.821037953,40892,5250,3955,15291,159,2.365355147048831,2.6352200657129288,6.137371063232422,2.0868140272796154,8.559432113543153,16.78361720405519,22.385435877367854
1529,228.113460608,40748,4832,3959,15358,160,2.2951739374548197,2.774470020085573,5.419478053227067,5.187995033338666,7.819006917998195,18.426480004563928,24.213565979152918
1530,228.210934951,40406,4874,3961,15393,159,2.323014894500375,1.7749408725649118,5.3107349667698145,2.150612883269787,5.557586206123233,13.018934056162834,17.6912450697273
1531,228.308453002,40239,5070,3966,14564,164,2.27972399443388,2.739424118772149,9.89796593785286,2.7836270164698362,7.080616196617484,19.76220915094018,25.502908043563366
1532,228.405928804,39677,5054,3973,15294,155,2.3433039896190166,2.8217690996825695,5.8131038676947355,1.8983420450240374,5.916266934946179,13.627712847664952,19.366549095138907
1533,228.698304458,39704,4797,3975,15351,154,2.339386148378253,7.858139928430319,5.60315209440887,1.9956231117248535,5.674063693732023,13.272838899865746,24.032707093283534
1535,228.893252311,39668,5344,3987,15501,155,2.3291679099202156,5.297970026731491,6.774954032152891,1.85502995736897,5.760375875979662,14.390359865501523,22.885991958901286
1536,228.990725738,39467,5382,3994,15600,156,2.355696866288781,1.6612880863249302,5.475583020597696,2.345216926187277,5.902040982618928,13.722840929403901,18.295174930244684
1537,229.088198372,39566,5271,4000,15688,156,2.3770469706505537,2.990635111927986,6.369544891640544,1.9305609166622162,6.8082071375101805,15.10831294581294,21.081025945022702
1538,229.380620069,39140,5713,4009,14644,162,2.5691459886729717,2.8783241286873817,10.23404486477375,11.21336710639298,12.48405291698873,33.93146488815546,40.175555972382426
1539,229.478093995,38877,5720,4014,15432,160,2.339005935937166,2.2666400764137506,9.034299990162253,2.6453679893165827,14.419093960896134,26.09876194037497,31.400850974023342
1541,229.673041848,38593,5510,4019,15543,159,2.370924921706319,3.324659075587988,5.766416899859905,1.8930819351226091,7.237819256260991,14.897318091243505,21.15328097715974
1542,229.770523066,38649,5848,4030,15696,158,2.4211688432842493,4.12887311540544,5.312386900186539,1.7985349986702204,5.527330096811056,12.638251995667815,19.729377003386617
1543,229.867989034,38491,5848,4034,15778,158,2.2863878402858973,2.932304982095957,6.936907069757581,1.8589678220450878,6.065035238862038,14.860910130664706,20.649017998948693
1544,230.16041323,38528,6242,4042,15863,160,2.404488157480955,6.650722119957209,7.350340019911528,1.9955129828304052,9.861306985840201,19.207159988582134,28.834711061790586
1545,230.257886365,38517,6063,4048,14937,164,2.30644503608346,2.7134160045534372,10.562950046733022,4.53454302623868,5.625312915071845,20.722805988043547,26.39367408119142
1546,230.452831885,38057,6713,4062,15849,160,2.3232558742165565,2.807171083986759,7.1548440027982,2.2108759731054306,5.967343924567103,15.333063900470734,21.076017059385777
1547,230.550305728,37809,6714,4069,16023,161,2.3205808829516172,1.7517469823360443,6.302009103819728,1.808161847293377,10.398462181910872,18.508633133023977,23.26935902237892
1548,230.647780029,37806,6572,4073,16101,157,2.4306781124323606,2.706402912735939,6.295487051829696,1.8750079907476902,10.540707968175411,18.711203010752797,24.41157610155642
1549,230.940201392,38192,7323,4094,16381,158,2.3202509619295597,2.671416848897934,6.273115053772926,1.8447809852659702,10.100785875692964,18.21868191473186,23.85259116999805
1550,231.037676777,38549,7379,4098,16445,160,2.6311820838600397,1.7534298822283745,6.894097197800875,2.770042046904564,8.527741767466068,18.191881012171507,23.247357923537493
1551,231.232621921,38939,6815,4099,15142,168,2.340988954529166,2.8244839049875736,6.559190107509494,6.844534073024988,8.51162290200591,21.915347082540393,27.70709083415568
1552,231.330097139,38776,6982,4102,16131,159,2.5620129890739918,3.307107137516141,6.9357650354504585,1.9074680749326944,9.955653920769691,18.798887031152844,25.393091840669513
1553,231.622518044,38036,6949,4108,16304,156,2.3862840607762337,2.858977997675538,8.659478975459933,2.120405901223421,8.546458324417472,19.326343201100826,25.126734049990773
1554,231.719995512,37899,7049,4115,16429,156,2.4390520993620157,2.09463806822896,12.668899027630687,1.90472393296659,5.66242216154933,20.236045122146606,25.34957113675773
1555,231.81746523,37969,7037,4121,16515,155,2.30644503608346,3.245861968025565,10.863032191991806,1.946892123669386,7.075054803863168,19.88497911952436,25.985760847106576
1556,231.914976323,37985,7027,4126,16628,153,3.0512779485434294,3.7415700498968363,7.317940006032586,1.9414119888097048,5.894747097045183,15.154099091887474,22.52037893049419
1557,232.109886926,37995,7216,4136,15392,166,2.329779090359807,3.097154200077057,6.543179973959923,3.047240898013115,6.686438107863069,16.276858979836106,22.290307795628905
1558,232.304834987,38259,6674,4138,16437,157,2.2608190774917603,5.477176047861576,6.440988974645734,6.304654059931636,9.17490292340517,21.92054595798254,30.233066994696856
1560,232.597256892,38035,6763,4148,16637,154,2.32700421474874,5.3046029061079025,7.313831942155957,2.054462907835841,5.9454720467329025,15.313766896724701,23.526090197265148
1561,232.694730152,38320,6811,4151,16678,156,2.3867450654506683,1.9296698737889528,6.259047891944647,2.695102011784911,6.029049167409539,14.983199071139097,19.91212903521955
1562,232.792206745,38345,6565,4154,16733,156,2.390761859714985,3.1182027887552977,6.531548919156194,1.9803650211542845,6.9747071247547865,15.486621065065265,21.755337016656995
1563,232.889680004,38530,6485,4157,16774,157,2.3507080040872097,2.9714978300035,6.342574954032898,1.8603510688990355,9.666521800681949,17.869447823613882,23.909077048301697
1564,233.1820982,38094,7024,4171,15529,166,2.341599902138114,2.8409750666469336,6.649418966844678,2.448521088808775,5.8331110049039125,14.931051060557365,20.658836932852864
1565,233.279573544,38206,6963,4177,16544,160,2.4209690745919943,1.5914069954305887,11.503810063004494,2.667749999091029,5.751169053837657,19.92272911593318,24.498328799381852
1567,233.474520355,38274,7073,4188,16807,154,2.297037048265338,2.6245301123708487,10.55578701198101,3.7531410343945026,5.704250885173678,20.01317893154919,25.490865111351013
1568,233.571993365,38309,7362,4195,16897,157,2.328174887225032,2.6145821902900934,10.393653064966202,1.8762899562716484,5.5114710703492165,17.781414091587067,23.262315895408392
1569,233.864416186,38299,6486,4197,16941,155,2.3252100218087435,2.673541195690632,6.234473083168268,1.87800289131701,10.168091161176562,18.28056713566184,23.862198926508427
1570,233.961891321,38432,6453,4201,17026,154,2.347842091694474,1.6268629115074873,6.308601005002856,2.1999250166118145,5.5329210590571165,14.041447080671787,18.557023955509067
1571,234.156837298,38529,7040,4215,15736,159,2.3431838490068913,4.09393897280097,6.116412114351988,3.4256288781762123,6.563427159562707,16.105468152090907,23.177577881142497
1572,234.25431085,38371,7035,4221,16788,151,2.448521088808775,2.6495771016925573,6.143383216112852,1.823711907491088,8.188136853277683,16.155231976881623,21.841347916051745
1573,234.351785901,38541,6754,4224,16918,149,2.3092799820005894,3.8599600084125996,6.021615117788315,1.9813659600913525,5.743263987824321,13.746245065703988,20.506751956418157
1574,234.644206431,39016,9063,4269,17325,146,2.332092961296439,2.6199109852313995,7.082059048116207,1.985715003684163,11.344691971316934,20.412466023117304,25.941529078409076
1575,234.741680774,39294,9329,4298,17632,150,2.389369998127222,3.100140020251274,7.74990813806653,2.5569829158484936,6.983885075896978,17.290776129812002,23.487017024308443
1576,234.936628293,39862,7018,4302,17674,155,2.6768180541694164,3.2831020653247833,7.120600901544094,2.0026371348649263,6.332524819299579,15.455762855708599,21.980097983032465
1577,235.034101845,40030,6956,4307,16176,161,2.3124858271330595,1.7729871906340122,9.572627022862434,4.800159949809313,6.222449941560626,20.595236914232373,25.239344919100404
1578,235.131576563,40173,7917,4314,17332,152,2.6247601490467787,2.7023949660360813,7.156588137149811,5.418977001681924,10.384716792032123,22.960281930863857,29.213400091975927
1579,235.423996467,41382,7315,4317,17444,153,2.3560267873108387,3.252785187214613,10.64506289549172,3.144612070173025,8.264532079920173,22.054207045584917,28.683988843113184
1580,235.521514852,41581,7152,4321,17508,151,2.4627470411360264,5.4237868171185255,6.781796924769878,2.0866128616034985,8.12524021603167,16.993650002405047,25.491887936368585
1581,235.716418205,41581,9947,4350,17888,147,2.5911671109497547,5.641052965074778,7.053604815155268,2.5279889814555645,13.060893397778273,22.642487194389105,31.650047050789
1582,235.813892965,41791,10403,4367,18132,142,2.3717170115560293,1.9296598620712757,7.618020987138152,1.9229368772357702,6.474110996350646,16.01506886072457,20.872976863756776
1583,236.106316036,41872,11437,4399,16816,155,2.37014377489686,2.670916961506009,8.78634606488049,3.4417188726365566,8.46479507163167,20.692860009148717,26.55142010189593
1585,236.398736732,42359,9024,4410,18117,147,2.4225220549851656,5.1324511878192425,10.300379013642669,3.4346149768680334,6.558859953656793,20.293853944167495,28.418272035196424
1586,236.496208575,42444,9084,4417,18340,144,2.3792809806764126,1.6502970829606056,8.691990049555898,2.7450351044535637,9.897294919937849,21.33432007394731,25.961164850741625
1587,236.593682502,42460,9714,4424,18494,147,2.374422037974,5.795781966298819,7.344749988988042,1.882391981780529,6.2177099753171206,15.444851946085691,24.188930168747902
1588,236.886104156,41465,10731,4434,18663,149,2.4542708415538073,3.8879939820617437,7.212502183392644,6.015803897753358,7.527641020715237,20.75594710186124,27.673899894580245
1589,236.983578999,41118,10886,4443,18849,147,2.3354790173470974,1.637713983654976,6.95710489526391,6.259458838030696,6.446470273658633,19.66303400695324,24.207365000620484
1591,237.178526769,40793,10676,4452,17139,158,2.344365930184722,4.1924030520021915,7.280219113454223,2.4991650134325027,7.0207838434726,16.800167970359325,23.909447016194463
1592,237.276000112,40768,11486,4463,18485,147,2.4908389896154404,3.1074630096554756,6.462890189141035,2.3785498924553394,9.235886856913567,18.07732693850994,24.310025852173567
1593,237.568421016,40994,9061,4471,18663,143,2.362891100347042,2.9489060398191214,5.823363084346056,2.1758198272436857,6.344931200146675,14.344114111736417,20.228860899806023
1595,237.860845004,41021,10557,4484,18871,147,2.342803170904517,2.7194079011678696,6.723597878590226,7.104129064828157,6.61783991381526,20.445566857233644,26.105394819751382
1596,237.958316847,41029,10800,4495,19069,144,2.3056939244270325,1.6595551278442144,7.28060002438724,2.4308881256729364,11.755078798159957,21.466566948220134,26.034983107820153
1597,238.055828232,41170,8559,4506,19227,142,2.352760871872306,2.9504799749702215,6.74147205427289,6.3181989826262,8.456839947029948,21.516510983929038,27.46984804980457
1598,238.348212553,41455,9230,4512,17376,147,2.4727648124098778,2.9091821052134037,11.702050920575857,3.3184378407895565,6.195490248501301,21.215979009866714,27.178762946277857
1599,238.445686896,41483,9389,4520,18746,145,2.333906013518572,1.991464989259839,10.470496956259012,3.1482588965445757,7.001679157838225,20.620435010641813,25.544025003910065
1601,238.640635791,41633,6277,4528,18931,142,2.4438321124762297,2.662701066583395,6.84086699038744,8.814690168946981,6.090582814067602,21.746139973402023,27.432236820459366
1602,238.933058487,41973,7385,4537,19088,142,2.370354952290654,2.619881182909012,6.5509548876434565,5.452160025015473,8.10180394910276,20.10491886176169,25.661314139142632
1603,239.030580455,42133,7579,4543,19161,139,2.744985045865178,2.178444992750883,6.777708884328604,2.8210978489369154,7.487056311219931,17.08586304448545,22.647155914455652
1604,239.225537849,42670,6464,4552,19264,144,2.529412042349577,2.9258441645652056,12.042386922985315,3.041760064661503,6.265671923756599,21.349818911403418,27.415205957368016
1605,239.322951609,42752,6984,4559,17491,149,2.426920225843787,3.86204500682652,5.940834060311317,2.6789410039782524,6.901309825479984,15.521084889769554,22.40436105057597
1606,239.615376597,43500,6483,4569,18394,147,2.3258000146597624,2.6307508815079927,5.776284961029887,6.607169983908534,7.247860077768564,19.631315022706985,25.24025598540902
1607,239.712849482,43536,6623,4572,18474,146,2.5427460204809904,1.7749899998307228,5.917911184951663,2.017413964495063,7.632527966052294,15.56785311549902,20.45939303934574
1608,239.907796376,43789,7558,4580,18671,146,2.3750029504299164,2.650829032063484,6.133944960311055,1.8544800113886595,11.145719094201922,19.134144065901637,24.723200127482414
1609,240.005269886,43734,7724,4585,18775,145,2.3250889498740435,4.869478987529874,9.138706140220165,2.9523628763854504,8.00561485812068,20.096683874726295,27.897096937522292
1610,240.297690832,43672,6181,4587,18796,149,2.3516088258475065,2.7533399406820536,11.934434995055199,2.7495429385453463,5.954409018158913,20.638386951759458,26.29863703623414
1612,240.590116445,43437,6645,4594,17491,151,2.3797820322215557,2.6038510259240866,5.74231194332242,3.098837099969387,12.436935910955071,21.27808495424688,26.84438694268465
1613,240.687586163,43314,6864,4606,18249,146,2.3669179063290358,1.7596520483493805,6.684124004095793,1.8316360656172037,6.42176391556859,14.937523985281587,19.62447213009
1614,240.785061006,43302,6526,4611,18428,149,2.3401579819619656,3.6699450574815273,9.955183137208223,3.2016600016504526,8.651452837511897,21.808295976370573,28.387804981321096
1615,241.077481244,43200,7059,4617,18562,148,2.4177529849112034,5.590989021584392,6.003852002322674,6.709310924634337,6.4337048679590225,19.146867794916034,27.71162986755371
1616,241.174955545,43165,7230,4623,18683,147,2.349596004933119,2.252723788842559,11.885164072737098,2.2092019207775593,9.589760098606348,23.684126092121005,28.857494005933404
1617,241.36990294,43199,6376,4629,18760,149,2.396733034402132,2.6734911371022463,6.4929870422929525,1.9196008797734976,7.110000122338533,15.522588044404984,21.16931206546724
1618,241.4673832,43399,6869,4633,17369,155,2.4878329131752253,4.386295098811388,6.7860740236938,3.453540150076151,5.876724841073155,16.116339014843106,23.54766009375453
1619,241.759800521,43257,6592,4644,18149,146,2.367279026657343,3.1949072144925594,6.924984976649284,2.7167319785803556,9.147071046754718,18.788788001984358,24.945165030658245
1620,241.857271322,43250,6771,4649,18358,144,2.345738001167774,1.5811980701982975,9.487468050792813,4.28355298936367,6.762742064893246,20.53376310504973,24.985490133985877
1621,241.954746332,43379,7415,4656,18519,148,2.378930104896426,2.744985045865178,6.010683951899409,2.582702087238431,6.254569860175252,14.847955899313092,20.63384000211954
1622,242.052260925,43559,7566,4659,18585,145,2.4941060692071915,1.8824608996510506,6.899126106873155,2.0416900515556335,5.965228891000152,14.90604504942894,19.84560489654541
1623,242.442115214,43991,6951,4668,18744,147,2.3503671400249004,2.961500082165003,5.93074387870729,6.4739210065454245,6.4664173405617476,18.87108222581446,24.781117914244533
1625,242.637061567,43976,7951,4678,17409,153,2.348253969103098,2.7458069380372763,11.784143978729844,3.1036960426717997,6.8213611375540495,21.709201158955693,27.37622195854783
1626,242.734538202,44055,8207,4687,18561,147,2.53377016633749,1.9281171262264252,6.968755973502994,1.9855850841850042,6.1846689786762,15.139010036364198,20.17361903563142
1627,242.832009837,44028,7692,4696,18779,147,2.4112809915095568,2.6835408061742783,6.546396063640714,1.913309097290039,6.606217939406633,15.065923100337386,20.737623795866966
1628,242.929485638,44020,7575,4702,18898,149,2.418353920802474,6.778110051527619,6.010663928464055,1.86076108366251,11.028982000425458,18.900407012552023,28.874434996396303
1629,243.221905709,44080,7823,4705,18960,146,2.571820979937911,3.049815073609352,8.035983191803098,2.178845927119255,11.235517915338278,21.45034703426063,27.707852888852358
1630,243.319380011,44107,7979,4712,19022,147,2.3469210136681795,1.6811750829219818,7.071848958730698,2.0360888447612524,11.740604182705283,20.848541986197233,25.48200893215835
1631,243.514326822,44365,7173,4719,17563,154,2.393977949395776,3.3679900225251913,7.063613971695304,2.659754827618599,6.149114342406392,15.872483141720295,22.211791947484016
1632,243.80675481,44849,7870,4724,18613,149,2.474940149113536,6.679284851998091,6.888847099617124,1.889804843813181,10.605490067973733,19.384142011404037,29.10879417322576
1633,243.904224236,44918,8037,4735,18936,151,2.3530719336122274,1.6475520096719265,7.6774421613663435,2.18859501183033,8.844684809446335,18.71072198264301,23.316598031669855
1634,244.099169339,45140,7269,4742,19082,154,2.3779980838298798,2.834751969203353,6.232389016076922,2.052139025181532,6.694122916087508,14.978650957345963,20.802184008061886
1635,244.196643641,45434,7845,4744,19119,152,2.37079500220716,2.905725035816431,6.691857939586043,1.9397581927478313,11.353190056979656,19.98480618931353,25.899670086801052
1636,244.48906542,45676,7651,4751,19208,155,2.3660468868911266,6.946495035663247,11.11312909051776,2.78655206784606,6.862468784675002,20.76214994303882,30.685483012348413
1637,244.586539555,45708,7812,4755,17678,157,2.367028035223484,2.7704827953130007,7.306798128411174,2.756936941295862,6.882105953991413,16.94584102369845,22.71548379212618
1638,244.781531366,45907,7671,4757,18731,155,2.790069906041026,2.766525140032172,6.26030215062201,2.161984797567129,7.11672124452889,15.539008192718029,21.758052986115217
1639,244.878960459,45705,7796,4765,19034,154,2.346399938687682,3.078488865867257,13.298336882144213,1.9892910495400429,6.176755065098405,21.46438299678266,27.435624040663242
1640,245.171382113,45666,6905,4771,19142,155,2.398998010903597,6.743795005604625,5.795040866360068,1.9116159528493881,6.617950275540352,14.324607094749808,24.0433681756258
1641,245.268856915,45663,7032,4776,19217,156,2.4370988830924034,4.216187167912722,6.798769114539027,1.8549400847405195,6.769542815163732,15.423252014443278,22.649310063570738
1643,245.463804185,45577,7427,4782,19324,158,2.350756898522377,2.816550200805068,6.178308045491576,1.8485081382095814,10.763304773718119,18.790120957419276,24.535788921639323
1644,245.561277444,45845,6664,4785,17991,162,2.4964299518615007,2.618529135361314,5.692077102139592,3.1229620799422264,6.747222971171141,15.56226215325296,21.238700952380896
1645,245.853699057,45950,6648,4792,18821,158,2.356698038056493,2.6664379984140396,5.809878930449486,2.9460610821843147,6.5183930564671755,15.274333069100976,20.858550211414695
1647,246.146121128,46061,6343,4801,19018,157,2.328486181795597,5.211469018831849,5.308650899678469,2.347863046452403,6.934792036190629,14.5913059823215,22.722546942532063
1648,246.243636221,46092,6504,4808,19163,158,2.3518598172813654,1.599001931026578,11.417297879233956,2.0551239140331745,6.799601251259446,20.272023044526577,24.927380960434675
1649,246.341068773,46085,6627,4812,19228,156,2.4211090058088303,2.6668990030884743,5.818274104967713,2.814635168761015,13.182661728933454,21.815571002662182,27.480206917971373
1650,246.633528969,46007,6592,4817,19298,157,2.3650238290429115,2.8183721005916595,7.659669034183025,2.069741953164339,8.886113064363599,18.615524051710963,24.391659069806337
1651,246.730962854,46164,6769,4826,18093,165,2.3917849175632,2.042351057752967,10.602994821965694,3.1914799474179745,7.044940255582333,20.839415024966,26.003804989159107
1652,246.92591154,46544,7111,4832,18957,159,2.513271989300847,3.23216593824327,8.198928087949753,2.133921952918172,6.945944158360362,17.278794199228287,23.599738022312522
1653,247.023384216,46633,7297,4836,19132,158,2.6554071810096502,3.2296411227434874,8.362243883311749,1.9090310670435429,10.329884011298418,20.60115896165371,27.05709496513009
1654,247.315807371,46462,6877,4845,19279,156,2.4016129318624735,3.152368124574423,5.722315050661564,1.9608880393207073,6.935893790796399,14.61909688077867,20.745759131386876
1656,247.6082289,46634,7092,4855,19449,158,2.355345990508795,2.615752862766385,11.817277176305652,2.023525070399046,6.228761747479439,20.069563994184136,25.682754116132855
1657,247.705702035,46747,7319,4863,19552,158,2.3668669164180756,1.7386921681463718,6.164442049339414,1.9603869877755642,6.691757822409272,14.81658685952425,19.469731952995062
1658,247.803176961,46866,7071,4868,18239,169,2.3886789567768574,2.8204359114170074,5.912739783525467,2.4752099998295307,6.082209292799234,14.470159076154232,20.25368786416948
1659,248.095597616,47082,7416,4871,19042,158,2.6600160636007786,3.0845110304653645,6.5766628831624985,1.904061995446682,13.547263108193874,22.027987986803055,28.353129979223013
1660,248.193071167,47130,7631,4880,19262,159,2.3827869445085526,1.6488339751958847,11.847352841868997,2.0121349953114986,10.846770135685802,24.706257972866297,29.382505919784307
1661,248.388019353,47235,6804,4887,19380,155,2.4764430709183216,3.1253171619027853,5.887453211471438,1.9350801594555378,6.533953594043851,14.356486964970827,20.514244912192225
1662,248.485496405,47307,7236,4893,19451,155,2.373449970036745,2.715219045057893,6.415230920538306,8.684805827215314,6.13577920012176,21.23581594787538,26.869524037465453
1663,248.777914726,47459,6903,4898,19516,155,2.4474288802593946,2.68852012231946,6.546257063746452,7.5359169859439135,6.07032491825521,20.152498967945576,25.84492787718773
1664,248.875389944,47510,7066,4904,18324,162,2.3480320814996958,1.7679468728601933,5.86136500351131,2.4601819459348917,8.186595048755407,16.50814199820161,21.271954057738185
1666,249.070336422,47565,6954,4911,19206,154,2.387566026300192,2.689130837097764,6.010283017531037,1.9323150627315044,6.534604821354151,14.477202901616693,20.202993880957365
1667,249.362800618,47856,6504,4914,19317,155,2.385192085057497,2.667680848389864,6.148021901026368,2.3066650610417128,10.080116102471948,18.53480306454003,24.157581152394414
1668,249.460230419,47793,6659,4922,19404,154,2.411301014944911,1.5465328469872475,6.593344965949655,2.3309809621423483,6.227899109944701,15.152225038036704,19.707836909219623
1670,249.655178356,47926,7025,4924,19455,156,2.638516016304493,5.777938989922404,6.597151048481464,1.8731539603322744,8.596462197601795,17.066767206415534,26.46051999181509
1671,249.752652824,48012,7158,4932,19573,155,2.43912311270833,2.698177006095648,7.696898188441992,2.1024930756539106,7.157530635595322,16.956921899691224,22.68566796556115
1672,250.045073645,48350,6452,4935,18496,162,2.455874113366008,2.8895949944853783,6.546506891027093,2.583211986348033,6.306437077000737,15.436155954375863,21.37670898810029
1674,250.337494716,48543,6728,4942,19189,158,2.438622061163187,3.011473920196295,7.424999959766865,2.700312063097954,8.595589082688093,18.72090110555291,24.753687204793096
1675,250.435010226,48535,6927,4949,19361,155,2.5189118459820747,1.6699540428817272,6.722475169226527,2.0612759981304407,6.29157992079854,15.075331088155508,20.04406601190567
1676,250.532443402,48545,6665,4952,19404,156,2.4502240121364594,2.8132630977779627,5.955901928246021,1.8539680168032646,6.654208060353994,14.46407800540328,20.29002597555518
1677,250.824864348,48582,6958,4957,19498,157,2.4041568394750357,2.6637129485607147,8.166946936398745,1.9625609274953604,8.749078260734677,18.878586124628782,24.4969860650599
1678,250.922339608,48577,7073,4959,19527,155,2.3722180631011724,2.3027181159704924,5.681698909029365,1.83023395948112,12.631258927285671,20.143191795796156,25.404033018276095
1679,251.117286919,48576,6320,4966,18387,164,2.4325610138475895,2.6707861106842756,5.434426013380289,2.780240960419178,5.964227020740509,14.178893994539976,19.848369993269444
1680,251.214803804,48592,6421,4966,19049,157,2.4121119640767574,1.873545115813613,5.294795148074627,1.7865919508039951,10.634584119543433,17.715971218422055,22.54405291751027
1681,251.40970774,48602,6483,4971,19213,155,2.4307379499077797,3.106040880084038,5.856365896761417,1.8864688463509083,12.052035192027688,19.794869935140014,26.214599143713713
1682,251.604662218,48515,6235,4975,19291,157,2.3781380150467157,2.599012106657028,12.610399862751365,2.0107810851186514,6.326976930722594,20.94815787859261,26.526994071900845
1683,251.702137936,48503,6033,4978,19335,155,2.3742211051285267,3.115378087386489,11.2233548425138,1.970906974747777,5.9852872509509325,19.17954906821251,25.219267001375556
1684,251.799610738,48524,6111,4982,19387,157,2.419105963781476,2.6013560127466917,5.699151894077659,2.2282679565250874,6.845606258139014,14.77302610874176,20.393770886585116
1685,252.189497444,48615,5671,4984,18388,163,2.4279418867081404,3.2352921552956104,5.651943851262331,2.63985781930387,12.201325269415975,20.493126939982176,26.946268044412136
1688,252.481918681,48544,5706,4987,18992,160,2.4465869646519423,2.7332641184329987,5.835175979882479,1.8812089692801237,12.3648711014539,20.081256050616503,25.824439013376832
1689,252.579393441,48483,5627,4989,19069,159,2.4155089631676674,2.745145931839943,9.335404029116035,2.7670669369399548,6.3019380904734135,18.404409056529403,24.147313088178635
1690,252.676917201,48408,5611,4994,19148,157,2.454971894621849,3.1687868759036064,5.635963985696435,8.824908873066306,6.602630019187927,21.06350287795067,27.331247925758362
1691,252.96928973,48367,5467,4996,19185,157,2.4812109768390656,2.9042731039226055,6.07509515248239,7.641125004738569,6.720179924741387,20.436400081962347,26.385138975456357
1694,253.261711593,48184,5395,4998,19206,158,2.4346141144633293,9.601581143215299,5.113705992698669,3.1285930890589952,12.465077918022871,20.707376999780536,33.322716131806374
1695,253.359183353,48139,5154,5002,18321,163,2.400279976427555,3.009550040587783,5.965258926153183,3.4868731163442135,9.332207962870598,18.784340005367994,24.77113902568817
1696,253.456701654,48032,5376,5006,18911,158,2.5299829430878162,3.442821092903614,5.588714964687824,2.7660538908094168,8.867709198966622,17.222478054463863,23.824157193303108
1697,253.651605091,48008,5779,5009,19074,157,2.767988946288824,5.249831127002835,5.916627822443843,2.1471159998327494,5.9520951472222805,14.015838969498873,22.599055897444487
1699,253.944027495,48050,5527,5010,19127,158,2.492411993443966,2.7322510723024607,5.025030113756657,2.1175008732825518,12.222023913636804,19.364554900676012,25.21128300577402
1700,254.041501463,48089,5646,5013,19191,155,2.4855390656739473,1.6326741315424442,5.102916155010462,1.8959271255880594,6.613320671021938,13.61216395162046,18.534071976318955
1701,254.236449816,48142,6241,5015,19223,154,2.425277139991522,2.6927869766950607,5.661972099915147,2.0236449781805277,6.394922966137528,14.080540044233203,19.782998133450747
1702,254.333923076,48234,6356,5018,18318,162,2.527127042412758,2.5949240662157536,6.050038151443005,2.467866986989975,7.622007979080081,16.13991311751306,21.816542139276862
1703,254.52887047,48277,5587,5019,18978,156,3.0581809114664793,3.843470010906458,6.024980917572975,1.8999141175299883,12.745322892442346,20.67021792754531,28.15155405551195
1704,254.62638173,48229,5658,5022,19057,156,2.371095819398761,1.6579818911850452,9.155317209661007,2.080722013488412,6.053744815289974,17.289784038439393,21.896712016314268
1705,254.918767051,48334,6302,5025,19175,156,2.3697030264884233,2.6693730615079403,5.218532867729664,1.9605569541454315,6.3763081561774015,13.555397978052497,19.188807113096118
1706,255.016239144,48379,6407,5026,19206,157,2.6097830850631,2.2895829752087593,11.19965105317533,3.2588571775704622,6.530335871502757,20.98884410224855,26.508979965001345
1707,255.211191497,48428,6576,5029,19289,157,2.4320301599800587,2.766955876722932,5.6669809855520725,1.890877028927207,12.982818065211177,20.540676079690456,26.330916909500957
1708,255.30870934,48392,6669,5030,18359,163,2.3591029457747936,2.282229019328952,6.668384885415435,2.97875190153718,12.189102126285434,21.83623891323805,27.113200863823295
1709,255.601082995,48472,6774,5031,19135,158,2.3655248805880547,5.927208112552762,10.979840066283941,2.1333300974220037,6.829956779256463,19.943126942962408,28.82373984903097
1711,255.893504774,48593,7257,5038,19316,159,2.40118196234107,2.661297796294093,9.806243935599923,4.169810097664595,6.647385889664292,20.62343992292881,26.255215983837843
1712,255.990978784,48619,7401,5044,19432,158,2.3405489046126604,1.6583828255534172,6.088861031457782,1.847576117143035,6.654037861153483,14.5904750097543,19.174179062247276
1713,256.088451044,48643,7518,5049,19539,158,2.3757440503686666,2.5685850996524096,5.444875918328762,1.8359750974923372,7.583386031910777,14.864237047731876,20.55802708491683
1714,256.380872531,48491,7608,5055,19604,160,2.4633181747049093,3.9313840679824352,5.672381957992911,1.8510529771447182,12.195522896945477,19.718957832083106,26.85252297669649
1717,256.673294352,48219,7791,5057,18691,168,2.4025849997997284,2.782616065815091,11.36735500767827,2.598381135612726,5.751448916271329,19.717185059562325,25.44697397388518
1718,256.770769654,48147,7826,5060,19539,163,2.418593969196081,2.6320740580558777,10.19506179727614,2.580277156084776,6.748724030330777,19.524062983691692,25.15072003006935
1719,256.868243372,48079,7859,5061,19591,160,2.378979930654168,2.688670065253973,6.1502158641815186,2.0421098452061415,6.007528398185968,14.199854107573628,19.843320827931166
1720,257.160706276,47799,7740,5064,19645,160,2.700751880183816,2.7921630535274744,5.480141146108508,6.398218916729093,6.723388098180294,18.601748161017895,24.81044316664338
1721,257.25813737,47863,7839,5072,19761,160,2.453438937664032,1.6326250042766333,5.810098955407739,2.400491153821349,6.832150975242257,15.042741084471345,19.68525513075292
1722,257.355613588,47899,7745,5073,19777,158,2.4223721120506525,7.139775902032852,6.701125996187329,2.0718860905617476,6.72696391120553,15.499975997954607,25.834648869931698
1723,257.550562232,47915,7734,5077,18802,171,2.7255790773779154,2.800087910145521,6.176755065098405,2.7784479316323996,9.547549998387694,18.5027529951185,24.652366992086172
1724,257.842980012,47941,7574,5078,19510,159,2.4500831495970488,2.9806860256940126,5.358434049412608,3.0204399954527617,6.310075055807829,14.688949100673199,20.69045603275299
1727,258.135446666,48296,7409,5082,19611,161,2.3783789947628975,3.2700770534574986,11.805664049461484,2.035618992522359,6.065626861527562,19.906909903511405,26.109733851626515
1728,258.232921093,48181,7425,5087,19680,163,2.385874046012759,3.721881890669465,5.385484080761671,1.9402101170271635,6.1055917758494616,13.431285973638296,20.101383794099092
1729,258.330350436,47963,7452,5090,19733,162,2.418424002826214,2.7070140931755304,5.93886012211442,1.8367560114711523,10.858132038265467,18.63374817185104,24.34257697314024
1730,258.525348664,48029,7364,5091,19746,161,2.412924077361822,4.087375942617655,6.401274120435119,2.1099268924444914,8.312040939927101,16.82324195280671,23.96184508688748
1732,258.81772036,48117,7151,5096,18831,173,2.5859270244836807,2.6343378704041243,10.65287902019918,3.30353993922472,6.020011147484183,19.976430106908083,25.77504701912403
1733,258.915232494,48210,7224,5100,19482,160,2.44749803096056,1.6933581791818142,5.872446112334728,1.954536186531186,6.363433552905917,14.190415851771832,18.881922122091055
1734,259.012667546,48384,7125,5102,19569,158,2.4621461052447557,2.8631859458982944,5.607499973848462,9.279788937419653,6.291840225458145,21.17912913672626,27.066874084994197
1735,259.305089367,48476,7016,5106,19648,156,2.4025337770581245,2.969064051285386,5.709370132535696,7.604094920679927,6.088078953325748,19.40154400654137,25.331408018246293
1736,259.402566002,48319,7038,5107,19676,155,2.346289111301303,1.6252400819212198,6.011005025357008,6.67956518009305,7.271733833476901,19.96230403892696,24.518497055396438
1737,259.597547813,48340,6758,5110,19701,157,2.3570088669657707,2.9093720950186253,5.097775952890515,1.8134030979126692,7.6542680617421865,14.565447112545371,20.399431930854917
1738,259.889937301,48389,6717,5111,18632,169,2.462076023221016,2.866731956601143,5.88644202798605,2.6290779933333397,6.478288909420371,14.99380893073976,20.941915921866894
1740,260.084879737,48364,6566,5111,19260,160,2.5258250534534454,2.985605038702488,5.2340710535645485,1.8133821431547403,6.63723680190742,13.684689998626709,19.74667003378272
1741,260.182353705,48466,6617,5113,19344,159,2.3794209118932486,2.5193928740918636,6.496011978015304,1.9660780671983957,7.198886945843697,15.660976991057396,21.161918062716722
1742,260.279827132,48534,6560,5116,19422,158,2.3541341070085764,3.0333339236676693,6.838522851467133,3.338875947520137,10.322218993678689,20.49961779266596,26.577870128676295
1743,260.572249244,48378,6380,5117,19441,157,2.5091238785535097,3.3186280634254217,6.0480639804154634,2.99290893599391,7.5514360796660185,16.59240899607539,22.997020976617932
1746,260.864669524,48164,6117,5118,19451,157,2.375453943386674,2.664885949343443,5.478298058733344,1.8877710681408644,13.219821033999324,20.585890160873532,26.225168956443667
1747,260.96214495,48118,6048,5119,18494,167,2.3896098136901855,2.6593247894197702,11.1791230738163,2.6734210550785065,6.033656885847449,19.886201014742255,25.49084508791566
1748,261.059619585,48042,6096,5121,19032,158,2.568574855104089,1.68397999368608,4.618579987436533,1.9882898777723312,12.838526163250208,19.445396028459072,24.360160110518336
1749,261.352040156,47745,5939,5123,19102,158,2.4227320682257414,2.9608989134430885,5.037883995100856,1.8348621670156717,11.094114976003766,17.966861138120294,24.132123915478587
1752,261.644503477,47725,5651,5126,19134,158,2.423373982310295,2.7048499323427677,4.556633997708559,1.8000979907810688,6.539072142913938,12.895804131403565,18.6490670312196
1753,261.741935278,47693,5665,5127,19144,158,2.3844409734010696,5.181453190743923,4.724929109215736,7.605808088555932,6.245943950489163,18.576681148260832,26.736335828900337
1754,261.839453663,47744,5639,5129,19171,160,2.5799660943448544,2.8151560109108686,4.513653926551342,1.9395279232412577,6.24195602722466,12.69513787701726,18.703087931498885
1755,262.034355683,47825,5532,5130,18727,162,2.5831121020019054,2.7730469591915607,5.236244993284345,2.902519889175892,11.800085194408894,19.93885007686913,26.026658015325665
1757,262.326777629,48062,5177,5131,18929,157,2.558535896241665,7.941225077956915,4.409148124977946,1.8754489719867706,7.537479978054762,13.822077075019479,24.920589057728648
1758,262.424251389,48163,5249,5132,18986,157,2.3654948454350233,1.6861739568412304,5.0399580504745245,2.1194140426814556,14.337261905893683,21.496633999049664,26.117047062143683
1759,262.521726398,48231,5232,5134,19008,157,2.5094349402934313,2.8373480308800936,5.256604170426726,1.8469050992280245,9.735501604154706,16.839010873809457,22.774223936721683
1760,262.814147969,48477,4957,5135,19015,158,2.3862540256232023,2.745717065408826,10.513738030567765,2.0825450774282217,6.485994905233383,19.08227801322937,24.797439109534025
1761,262.911621771,48430,4984,5135,19021,158,2.5422258768230677,1.847977051511407,8.495090994983912,3.9091031067073345,6.2473369762301445,18.65153107792139,23.589137941598892
1762,263.106568457,48484,4724,5137,18424,167,2.4000590201467276,3.6822278052568436,4.527820041403174,3.605784848332405,6.915498059242964,15.049102948978543,21.75795310176909
1763,263.204042134,48518,4673,5140,18656,162,2.5045149959623814,4.0236571803689,4.817652050405741,2.553235972300172,8.344771107658744,15.715659130364656,22.798690013587475
1764,263.398992445,48559,4566,5140,18691,159,2.4524678010493517,2.849580952897668,8.86494293808937,1.9594659097492695,6.987602217122912,17.812011064961553,23.98106106556952
1765,263.59393809,48506,4567,5142,18700,159,2.4576480500400066,3.026260994374752,11.442344868555665,1.9082301296293736,6.104539148509502,19.45511414669454,25.49557387828827
1767,263.788886526,48520,4325,5144,18720,159,2.369011053815484,2.7069239877164364,5.219113081693649,8.299997076392174,7.563799852505326,21.08291001059115,26.77979809232056
1768,263.886360744,48567,4313,5148,18739,160,2.5009079836308956,4.195318091660738,4.73356619477272,1.8823810387402773,6.632185773923993,13.24813300743699,20.54337994195521
1769,264.17878494,48637,4207,5148,18421,164,2.437569899484515,4.333165939897299,4.38900082372129,2.48822383582592,8.229385362938046,15.106610022485256,22.43172307498753
1770,264.276254491,48645,4276,5151,18552,161,2.4053500965237617,1.7686591017991304,4.401162965223193,2.3078678641468287,6.162407109513879,12.8714379388839,17.619400983676314
1771,264.373728918,48616,4087,5153,18587,164,2.391132991760969,2.807562006637454,4.32767509482801,6.574169034138322,8.390976814553142,19.292820943519473,25.073564844205976
1772,264.471201594,48601,4112,5154,18595,164,2.4530699010938406,1.8713409081101418,4.136828938499093,1.8930910155177116,6.988894892856479,13.018814846873283,17.991205910220742
1773,264.76362404,48358,4056,5157,18600,163,2.4494619574397802,2.7715549804270267,4.546514945104718,1.8725218251347542,6.341004278510809,12.760041048750281,18.560501048341393
1775,265.056050778,48057,3812,5158,18606,163,2.3657858837395906,4.324990091845393,4.4593820348382,1.8731839954853058,6.317157996818423,12.649724027141929,19.9150659609586
1776,265.153557913,47893,3901,5159,18332,164,2.5029119569808245,1.7211688682436943,4.464552039280534,2.5300129782408476,6.0716180596500635,13.066183077171445,17.83272996544838
1777,265.250993756,47791,3920,5160,18414,162,2.4412970524281263,2.5853959377855062,4.555372055619955,2.462817123159766,6.868318887427449,13.88650806620717,19.705883925780654
1778,265.54341441,47770,3715,5163,18489,164,2.470962004736066,3.115427913144231,3.738934872671962,1.800839090719819,6.823124131187797,12.362898094579577,18.73808284290135
1779,265.640888629,47811,3771,5163,18502,166,2.4284832179546356,1.7387429252266884,4.079843172803521,3.0743610113859177,11.8013268802315,18.95553106442094,23.701437981799245
1781,265.835837565,47734,3671,5165,18514,167,2.686866093426943,3.0742809176445007,3.9257840253412724,1.9012570846825838,13.659532880410552,19.486573990434408,25.957219069823623
1782,265.933312741,47757,3623,5165,18518,166,2.3793510627001524,2.695883857086301,8.592914789915085,3.4313590731471777,7.006046129390597,19.03031999245286,24.654962122440338
1783,266.225732646,47754,3512,5168,18342,167,2.370143076404929,2.7865830343216658,3.8596701342612505,4.98723890632391,9.305348852649331,18.15225789323449,23.888167925179005
1784,266.323207905,47657,3547,5169,18404,166,2.4635889567434788,2.155622933059931,3.895306959748268,1.8674428574740887,6.113036070019007,11.875785887241364,17.063230043277144
1785,266.5181538,47880,3366,5169,18422,165,2.4193059653043747,3.3093811944127083,3.8762520998716354,2.1073820535093546,7.1569879073649645,13.140622060745955,19.47376993484795
1786,266.615628518,48057,3419,5172,18441,163,2.644387073814869,1.9624021369963884,3.8258470594882965,2.1945650223642588,10.531271807849407,16.551683889701962,21.76533592864871
1787,266.810575288,47897,3415,5172,18442,162,2.4530088994652033,3.3849619794636965,9.541298961266875,1.9794029649347067,7.120110094547272,18.640812020748854,25.073676137253642
1788,267.005522391,47993,3402,5173,18448,162,2.7202789206057787,2.8934332076460123,3.9172980468720198,2.5645981077104807,12.091228971257806,18.573125125840306,24.78512586094439
1789,267.1029974,47958,3311,5173,18260,161,2.387516899034381,2.6584730949252844,4.161834949627519,2.8429378289729357,11.871419148519635,18.87619192712009,24.67406797222793
1790,267.200511494,48057,3333,5173,18315,160,2.3589630145579576,1.695791957899928,4.8619459848850965,2.2087220568209887,7.116410881280899,14.187078922986984,19.0792519133538
1791,267.492894898,48005,3283,5177,18328,159,2.58283200673759,2.791161183267832,3.66737088188529,2.550280885770917,8.636125130578876,14.853776898235083,20.797887118533254
1793,267.785314927,48073,3090,5178,18337,160,2.3726080544292927,2.863577101379633,5.335902096703649,1.9568810239434242,10.996580822393298,18.28936394304037,24.121034191921353
1794,267.882788979,48006,3190,5180,18343,160,2.462978009134531,1.7665449995547533,3.8148569874465466,2.1697490010410547,5.909383995458484,11.893989983946085,16.687456984072924
1795,267.980261155,47974,3302,5183,18358,161,2.57644010707736,2.8130819555372,4.4490930158644915,2.000401960685849,6.41013216227293,12.85962713882327,18.889867002144456
1796,268.272688351,47716,3184,5184,18254,161,2.403366146609187,3.2826310489326715,4.647604888305068,3.5281998571008444,6.881272187456489,15.057076932862401,21.326285088434815
1797,268.370157444,47557,3246,5184,18283,161,2.363801933825016,2.212358172982931,4.988451953977346,1.7843281384557486,10.499290889129043,17.272070981562138,22.394834086298943
1798,268.467632079,47381,3430,5188,18297,164,2.419695956632495,4.991788184270263,4.086303990334272,1.9224269781261683,6.273495964705944,12.282226933166385,20.486394176259637
1799,268.565104506,47168,3444,5190,18301,166,2.4632280692458153,1.712112920358777,4.464913159608841,1.9786418415606022,6.049265852198005,12.492820853367448,17.225613817572594
1800,268.954999212,46667,3276,5190,18304,165,2.437260001897812,10.464346036314964,3.886790946125984,1.799285877496004,6.978074088692665,12.664150912314653,26.148665929213166
1802,269.149947314,46272,3529,5193,18312,166,2.3612179793417454,3.1296350061893463,4.951513139531016,2.6334370486438274,12.261917814612389,19.846868002787232,26.283748913556337
1803,269.247442616,46044,3626,5197,18253,165,2.4565160274505615,1.859639072790742,4.223620984703302,2.4597221054136753,6.321594817563891,13.004937907680869,17.894275952130556
1804,269.344936876,45992,3583,5200,18306,167,2.4200279731303453,2.739525167271495,3.772116033360362,2.4982430040836334,10.831604013219476,17.10196305066347,22.88210578262806
1805,269.637367072,45846,3871,5204,18336,168,2.3399482015520334,2.6664179749786854,3.6251109559088945,1.798473997041583,8.099131984636188,13.522716937586665,19.12181102670729
1806,269.734790498,45801,3884,5207,18348,170,2.4193960707634687,1.7285230569541454,4.834723891690373,1.858036033809185,10.572247905656695,17.265007831156254,22.008772008121014
1808,269.929738809,45736,3601,5209,18378,170,2.4092469830065966,2.8922909405082464,4.185779951512814,8.992922957986593,6.715774070471525,19.894476979970932,25.756162125617266
1809,270.222159297,45711,3979,5213,18398,168,2.530342899262905,3.180749947205186,4.463870078325272,1.8659199122339487,12.464468833059072,18.794258823618293,25.09951312094927
1810,270.319633432,45553,4258,5217,18292,170,2.3757440503686666,1.7332229763269424,3.6753062158823013,2.887912094593048,6.022305693477392,12.585524003952742,17.242656089365482
1812,270.514583868,45430,4057,5218,18389,171,2.542746951803565,2.69682495854795,3.8328298833221197,1.9889709074050188,5.995095241814852,11.81689603254199,17.648084089159966
1813,270.612093253,45369,4323,5225,18454,173,2.411631168797612,2.886699978262186,4.291757941246033,1.8059781286865473,6.024922011420131,12.12265808135271,18.011103849858046
1814,270.709528721,45262,4373,5230,18492,175,2.341620158404112,1.7251670360565186,3.6955031100660563,6.1409377958625555,8.512614062055945,18.349054967984557,23.030081996694207
1815,271.001950542,45226,4275,5232,18517,176,2.3512078914791346,2.7217718306928873,3.8058198988437653,1.8286008853465319,13.210252160206437,18.844672944396734,24.693022947758436
1816,271.09942551,45149,4287,5232,18530,175,2.37804907374084,1.7949678003787994,10.55264100432396,2.996455878019333,6.157238036394119,19.70633491873741,24.6454740408808
1817,271.294371697,45151,4453,5237,18425,174,2.4634681176394224,2.957732882350683,5.056448979303241,2.81858304515481,5.985987838357687,13.861019862815738,19.843230955302715
1818,271.39184654,45081,4442,5240,18532,171,2.390202134847641,2.6453889440745115,8.84213112294674,4.506250144913793,6.702618673443794,20.050999941304326,25.63617704436183
1819,271.684267486,45330,4371,5241,18560,170,2.3613080848008394,2.70954892039299,4.5501720160245895,1.9538451451808214,6.567936856299639,13.07195401750505,18.703909823670983
1820,271.781748537,45121,4377,5241,18562,170,2.3918349761515856,1.8083930481225252,3.8169301114976406,1.8642470240592957,5.951503990218043,11.63268112577498,16.39860705472529
1821,271.976689973,45073,4269,5242,18566,168,2.3828879930078983,3.072127001360059,3.810548922047019,2.1030029747635126,6.716544972732663,12.630096869543195,18.651632126420736
1822,272.269110753,44954,4165,5244,18579,168,2.3948599118739367,2.817461034283042,3.689482109621167,2.536203945055604,6.817102897912264,13.042788952589035,18.81026802584529
1825,272.561533574,44813,4131,5245,18433,170,3.448480973020196,8.587355026975274,3.82339209318161,2.464650198817253,6.984055740758777,13.27209803275764,25.895562954246998
1826,272.659005917,44759,4108,5246,18541,170,2.59555596858263,7.216038880869746,4.272561985999346,1.9217559602111578,6.286520045250654,12.480837991461158,22.88100402802229
1827,272.756479718,44698,4150,5246,18549,170,2.4026839528232813,1.7271209508180618,10.746903950348496,2.7482209261506796,6.858070148155093,20.35319502465427,25.109281996265054
1828,272.853996437,44656,4230,5250,18580,168,2.457456896081567,3.5957659129053354,4.698949865996838,1.8857880495488644,6.873509148135781,13.458247063681483,20.105690928176045
1829,273.048900998,44462,4159,5251,18590,169,2.4192461278289557,2.8797679115086794,4.283082904294133,1.881991047412157,6.045578978955746,12.210652930662036,18.093968043103814
1830,273.146391924,44492,4110,5252,18595,171,2.4091671220958233,2.790700178593397,3.7617969792336226,6.9483190309256315,7.529055001214147,18.2391710113734,24.062123149633408
1831,273.341327152,44469,3926,5252,18473,170,2.3918950464576483,2.860089996829629,5.008089123293757,2.538077998906374,6.124646868556738,13.67081399075687,19.481203984469175
1832,273.633745348,44446,3960,5253,18531,170,2.35523609444499,3.1389319337904453,4.102574195712805,9.189712116494775,7.652545813471079,20.94483212567866,27.0522169303149
1834,273.82869316,44685,3970,5254,18545,171,2.416078932583332,2.785641001537442,6.098899058997631,2.328034956008196,9.540316881611943,17.96725089661777,23.762471973896027
1835,273.926167503,44674,4018,5258,18569,173,2.3989579640328884,1.6149119473993778,3.671668004244566,1.7675368580967188,5.993472179397941,11.432677041739225,16.027973033487797
1836,274.023640096,44819,4056,5258,18573,172,2.3762951605021954,6.260100984945893,4.47907904163003,2.085059881210327,6.481355056166649,13.045493979007006,22.282473975792527
1837,274.316068667,45353,3883,5259,18573,170,2.3523198906332254,2.680203877389431,4.04061796143651,1.8278788775205612,13.178815133869648,19.04731197282672,24.65130598284304
1838,274.413537677,45468,3928,5259,18437,170,2.4315989576280117,1.677097985520959,3.6489858757704496,7.353856926783919,8.14818311482668,19.151025917381048,23.829347919672728
1840,274.60848378,45874,3974,5260,18519,170,2.412213012576103,3.0054720118641853,4.303420893847942,7.851588074117899,7.576041854918003,19.731050822883844,25.754017988219857
1841,274.705958248,46138,3944,5261,18524,170,2.5064179208129644,2.6506881695240736,3.968172939494252,1.8143139313906431,6.667874054983258,12.450360925868154,18.18880601786077
1842,274.998378777,46840,3908,5263,18527,170,2.4207590613514185,3.2548189628869295,3.964566858485341,7.34100304543972,8.428807137534022,19.734377041459084,26.230548974126577
1843,275.09585312,46917,3933,5263,18528,170,2.381545025855303,4.083529114723206,4.804386990144849,2.4547120556235313,7.629052037373185,14.888151083141565,21.96732396259904
1844,275.290802181,47149,3807,5263,18529,171,2.581358887255192,3.013947978615761,4.126108950003982,1.8214869778603315,6.132632959634066,12.080228887498379,18.318249145522714
1845,275.388276608,47370,3904,5264,18448,171,2.3628000635653734,1.6282061114907265,9.717068169265985,3.3663781359791756,6.571031641215086,19.654477946460247,24.21221393160522
1846,275.680695804,47836,3995,5268,18519,170,2.4094879627227783,2.668211003765464,3.6176780704408884,1.775190932676196,12.187178013846278,17.580047016963363,23.28755403868854
1848,275.973118,48121,3815,5269,18522,169,2.3944589775055647,3.535824129357934,10.393393924459815,1.865810016170144,6.464872974902391,18.72407691553235,25.24357382208109
1849,276.070591468,48197,3890,5269,18526,169,2.3685009218752384,6.303832866251469,3.9117271080613136,2.7639700565487146,6.579298758879304,13.254995923489332,22.577156079933047
1850,276.168068061,48212,3985,5272,18561,170,2.447067992761731,2.894805045798421,9.74638294428587,2.047640969976783,6.201090291142464,17.995114205405116,23.939374135807157
1851,276.460487841,48238,3943,5274,18566,171,2.436938928440213,3.746539121493697,4.348063841462135,2.3494551423937082,7.353305816650391,14.050824800506234,20.80541104078293
1854,276.752910328,48226,3909,5274,18451,170,2.3801529314368963,2.7133359108120203,3.503143787384033,2.513010986149311,6.449555279687047,12.465710053220391,18.10953812673688
1855,276.850382255,48234,4003,5276,18490,171,2.4255281314253807,2.8125520329922438,4.199496004730463,2.534171100705862,12.897416949272156,19.63108405470848,25.44617303647101
1856,276.947856265,48225,4081,5277,18494,171,2.407774096354842,3.039125818759203,4.209203878417611,2.6893909089267254,9.586885338649154,16.48548012599349,22.513105999678373
1857,277.240280044,48319,4135,5277,18494,171,2.4352860637009144,2.783537143841386,4.290375858545303,2.350166905671358,6.60519627854228,13.245739042758942,19.133324036374688
1859,277.43522623,48315,4080,5278,18509,170,2.3749531246721745,2.7336739003658295,3.4841978922486305,1.9097430631518364,12.17347290366888,17.567413859069347,23.31443503499031
1860,277.532700282,48315,4154,5279,18509,169,2.6399188209325075,1.906996825709939,3.162225941196084,9.127154015004635,6.9605209864676,19.24990094266832,24.392319843173027
1861,277.630225708,48333,4158,5281,18439,170,2.4381610564887524,3.828461980447173,3.4289041068404913,2.5234210770577192,6.9169397465884686,12.869264930486679,19.682559883221984
1862,277.922596529,48289,4141,5283,18471,172,2.418304095044732,2.6437249034643173,3.3467409666627645,1.9949120469391346,11.157362023368478,16.499015036970377,22.10462116636336
1863,278.020069497,48283,4188,5283,18478,171,2.3941791150718927,1.9932789728045464,8.07799189351499,2.672548871487379,8.297082036733627,19.047622801735997,24.00606800802052
1864,278.215065892,48267,4066,5285,18482,174,2.5492380373179913,5.412114085629582,3.66744096390903,1.914651831611991,10.468583088368177,16.0506758838892,24.670490995049477
1865,278.312491943,48286,4138,5286,18485,175,2.4378099478781223,1.9457798916846514,3.295524977147579,1.8932220991700888,6.403618957847357,11.592366034165025,16.539590898901224
1866,278.604913223,48225,4072,5288,18490,175,2.510426100343466,2.62741488404572,3.532768925651908,8.198217023164034,7.26904789917171,19.000033847987652,24.704003939405084
1867,278.702385941,48237,4164,5290,18459,177,2.3950510658323765,1.6780889127403498,3.162587061524391,2.4398639798164368,6.527731893584132,12.13018293492496,16.8325190898031
1869,278.897333627,48325,4085,5291,18474,175,2.4186349473893642,2.677819924429059,2.900725929066539,1.856833929196,6.580480141565204,11.338039999827743,17.053291900083423
1870,278.994808304,48332,4161,5295,18484,177,2.443751785904169,2.007115166634321,3.9579651784151793,1.893071923404932,8.39172676205635,14.242763863876462,19.430888816714287
1871,279.287229208,48321,4116,5296,18490,174,2.4059510324150324,2.7884370647370815,3.8096969947218895,1.862834906205535,6.584757240489125,12.25728914141655,18.000493990257382
1873,279.579698529,48144,4001,5298,18515,173,2.4118819274008274,6.078411126509309,3.7966831587255,2.2340789437294006,6.563597824424505,12.594359926879406,21.642877021804452
1874,279.677123955,48006,4171,5301,18530,175,2.4284839164465666,1.8698680214583874,3.218000056222081,1.9404590129852295,12.05066405236721,17.20912312157452,22.27797615341842
1875,279.774598257,47987,4143,5303,18500,175,2.405931008979678,2.7031160425394773,3.7051509134471416,2.6338568422943354,6.522562121972442,12.861569877713919,18.520395969972014
1876,279.87207185,47955,4178,5305,18531,175,2.4657519534230232,3.144963178783655,3.1091859564185143,1.815997064113617,6.04221411049366,10.967397131025791,17.21348101273179
1877,280.164506504,47654,4143,5305,18531,174,2.4867020547389984,2.6326850056648254,3.324659075587988,1.7837469931691885,6.233531748875976,11.341937817633152,17.017384059727192
1878,280.261967764,47620,4275,5307,18534,175,2.401802921667695,1.5514418482780457,3.013096982613206,1.790149137377739,5.767678841948509,10.570924961939454,15.046396991237998
1879,280.456915534,47457,4192,5311,18553,175,2.400510013103485,2.7041081339120865,3.228109097108245,1.8999441526830196,6.892212899401784,12.020266149193048,17.960046883672476
1880,280.554388835,47438,4227,5312,18556,176,2.4971510283648968,1.7236049752682447,3.10210301540792,2.2820679005235434,6.392449140548706,11.77662005648017,16.558316070586443
1881,280.749337272,47035,4173,5314,18520,176,2.431678818538785,3.135926090180874,10.159795871004462,4.628349095582962,6.200629053637385,20.98877402022481,27.127116918563843
1882,280.944285499,46880,4132,5315,18548,176,2.4034359958022833,2.7458169497549534,2.9451600275933743,2.0434020552784204,6.457729730755091,11.446291813626885,17.16545200906694
1883,281.041761259,46881,4079,5315,18560,175,2.3845210671424866,3.336491994559765,3.043564036488533,1.8545789644122124,7.084402954205871,11.982545955106616,18.27164087444544
1884,281.334179955,46367,4052,5317,18573,177,2.38031311891973,2.655638149008155,2.947394037619233,8.413448929786682,7.415192201733589,18.776035169139504,24.388483026996255
1885,281.431653132,46246,4093,5317,18574,177,2.363672014325857,1.7070339526981115,4.68444311991334,1.8790150061249733,12.077563907951117,18.64102203398943,23.373995907604694
1887,281.62664486,45952,4002,5320,18584,174,2.500818111002445,6.145495921373367,3.50918504409492,1.8894949462264776,5.938398884609342,11.33707887493074,20.63718601129949
1888,281.724075869,45702,4055,5323,18567,176,2.405809937044978,2.0588107872754335,8.444758132100105,4.711724119260907,6.287862779572606,19.44434503093362,24.54799204133451
1889,282.016495482,45490,3926,5323,18585,175,2.4138360749930143,3.4671761095523834,4.564998904243112,2.715690992772579,12.371104210615158,19.65179410763085,26.16812288761139
1891,282.308917803,45503,3985,5326,18629,176,2.3669879883527756,2.6064158882945776,4.046489018946886,2.0226738415658474,13.366255210712552,19.435418071225286,24.97884794138372
1892,282.406434521,45591,4054,5327,18641,176,2.404408063739538,1.6538540367037058,3.6099939607083797,1.9009658135473728,6.152870133519173,11.663829907774925,16.301755094900727
1893,282.503865781,45644,4079,5330,18661,177,2.36003496684134,3.2316658180207014,4.130698041990399,1.9998808857053518,7.245253073051572,13.375832000747323,19.555372186005116
1894,282.796288186,46054,4172,5330,18669,177,2.4537011049687862,3.210906870663166,4.837939981371164,1.9683130085468292,6.835686974227428,13.641939964145422,20.122614223510027
1897,283.088710048,46319,4198,5337,18634,177,2.365084830671549,2.7420399710536003,11.824709828943014,2.4249961134046316,7.552059134468436,21.801765076816082,27.46325614862144
1898,283.186182183,46509,4273,5341,18711,179,2.34759203158319,3.3328549470752478,4.353934898972511,1.8662610091269016,6.086386041715741,12.306581949815154,18.56990880332887
1899,283.283655943,46583,4335,5345,18766,180,2.5819200091063976,1.7341841012239456,4.052731208503246,1.8159979954361916,6.332805845886469,12.201535049825907,17.086484003812075
1900,283.576077181,46920,4422,5345,18799,178,2.4647910613566637,3.008597996085882,4.284115042537451,2.02607992105186,6.601197877898812,12.911392841488123,19.020001171156764
1902,283.771026533,47055,4401,5348,18818,180,2.38850899040699,2.6705660857260227,4.232377978041768,1.9763668533414602,6.634091259911656,12.842836091294885,18.680686131119728
1903,283.868499335,46889,4519,5349,18836,178,2.4358369410037994,1.7683578189462423,4.86630410887301,2.1524459589272738,6.7819771356880665,13.80072720348835,18.60239007510245
1904,283.965974303,46922,4543,5353,18760,183,2.443671924993396,2.8965589590370655,4.5761000365018845,8.45097005367279,7.510168943554163,20.537239033728838,26.442035101354122
1905,284.258398374,47563,4555,5355,18875,178,2.418213989585638,2.7027358300983906,4.359806189313531,1.8536678981035948,12.386571848765016,18.60004593618214,24.308033054694533
1906,284.355869759,47639,4661,5358,18914,177,2.4123929906636477,1.8378880340605974,4.63816593401134,1.9639239180833101,12.214060174301267,18.816150026395917,23.632840951904655
1907,284.550847404,47573,4586,5361,18980,178,2.4403950665146112,2.783878007903695,4.3042420875281096,1.8188829999417067,6.516319699585438,12.639444787055254,18.444012850522995
1908,284.648290622,47821,4628,5362,18998,178,2.578102983534336,1.8716920167207718,5.033866968005896,1.8216571770608425,6.150886882096529,13.006411027163267,18.051718827337027
1909,284.940711776,48050,4523,5364,19037,175,2.4701710790395737,5.247997120022774,5.2100070752203465,1.8556220456957817,7.272512884810567,14.338142005726695,22.623412078246474
1910,285.038185494,48114,4640,5367,18853,178,2.3841899819672108,2.0273220725357533,4.454993875697255,9.916470851749182,6.559200352057815,20.93066507950425,25.909529998898506
1912,285.233134639,48218,4582,5369,19026,175,2.4172221310436726,3.050626954063773,4.740498960018158,1.8027517944574356,7.40088545717299,13.944136211648583,20.015934016555548
1913,285.33060719,48251,4588,5372,19084,175,2.422151155769825,2.942153951153159,4.224182106554508,1.9335867837071419,6.470666034147143,12.628434924408793,18.591239117085934
1914,285.525556043,48247,4602,5373,19106,174,2.4665140081197023,4.019689979031682,9.521943051367998,2.0187359768897295,6.3083418644964695,17.849020892754197,24.939113995060325
1915,285.720505604,48111,4662,5373,19109,173,2.477975795045495,3.2923989929258823,12.425053864717484,1.7985040321946144,6.107134977355599,20.330692874267697,26.646077167242765
1916,285.817977447,48111,4622,5374,19113,174,2.3769468534737825,2.594783902168274,4.449333995580673,7.467770017683506,8.193257031962276,20.110361045226455,25.64004505984485
1917,286.012925175,48012,4638,5375,18902,179,2.539681037887931,2.915394026786089,4.857115913182497,3.2714800909161568,10.964842978864908,19.093438982963562,25.146802188828588
1918,286.305346121,47874,4568,5380,19115,177,2.407614141702652,3.19813285022974,7.646073820069432,1.8902160227298737,6.861506262794137,16.397796105593443,22.570293163880706
1919,286.402820048,47865,4663,5382,19136,176,2.346159191802144,4.6943118795752525,5.1060819532722235,1.830575056374073,6.6368249244987965,13.573481934145093,21.20071998797357
1921,286.597809359,47836,4548,5383,19173,175,2.4546419735997915,2.941373037174344,4.330690950155258,1.8677841871976852,6.312960758805275,12.511435896158218,18.5137540102005
1922,286.695241244,47813,4634,5386,19224,175,2.3645441979169846,2.6677909772843122,4.362701904028654,1.8296330235898495,12.29562028311193,18.487955210730433,24.217444006353617
1923,286.98766469,47817,4471,5388,19256,175,2.355466829612851,2.7827259618788958,4.891531076282263,8.468501968309283,6.283363793045282,19.64339683763683,25.355282006785274
1925,287.280084553,47853,4390,5390,18968,180,2.3666168563067913,3.305243095383048,10.189000982791185,5.689915036782622,6.163438782095909,22.042354801669717,28.275506105273962
1926,287.377559854,47791,4509,5392,19171,178,2.487373072654009,1.6628808807581663,4.453159868717194,1.8735951744019985,13.32354499027133,19.650300033390522,24.57874990068376
1927,287.475033739,47683,4481,5393,19220,177,2.3959921672940254,3.395872889086604,4.254487808793783,8.146519074216485,6.91435718908906,19.315364072099328,25.665001943707466
1928,287.767457643,47790,4387,5397,19249,177,2.436127047985792,2.7897281106561422,4.842889029532671,1.846594037488103,15.096741961315274,21.786225028336048,27.766672894358635
1931,288.059885256,47805,4318,5398,19283,175,2.415939001366496,2.6078580413013697,4.338925937190652,1.9771589431911707,5.95091306604445,12.266997946426272,17.943706829100847
1932,288.157349724,47840,4316,5400,19289,175,2.402273938059807,3.263935912400484,6.2019918113946915,2.313887933269143,6.270140176638961,14.786019921302795,21.039608865976334
1933,288.254823317,47812,4383,5402,19030,179,2.4100879672914743,1.7114710062742233,4.806912038475275,3.227317938581109,6.104680011048913,14.138909988105297,18.84886110201478
1934,288.449771254,47771,4352,5403,19219,179,2.3967139422893524,7.923862896859646,5.136318970471621,1.8373869825154543,7.140116998925805,14.11382295191288,25.020034983754158
1936,288.742193241,47721,4222,5405,19287,177,2.360624959692359,2.6122669223695993,10.918404906988144,2.1947750356048346,6.651995005086064,19.765174947679043,25.328421965241432
1937,288.839667168,47659,4300,5406,19295,178,2.591197146102786,1.902769086882472,4.775183042511344,2.861914224922657,7.544683758169413,15.181781025603414,20.29886399395764
1938,288.937139136,47571,4294,5407,19319,176,2.4096278939396143,3.2574839424341917,5.466286092996597,1.9727600738406181,6.526649696752429,13.965695863589644,20.19191300496459
1939,289.229560957,47392,4264,5409,19322,178,2.4441529531031847,4.148049978539348,5.040919873863459,3.0641930643469095,18.194636097177863,26.29974903538823,33.48610317334533
1940,289.327035383,47422,4336,5414,19051,183,2.4355859495699406,1.6676997765898705,7.5674159452319145,4.634069046005607,18.38145707733929,30.582942068576813,35.29507713392377
1941,289.521982778,47390,4238,5416,19181,182,2.4658229667693377,2.9524629935622215,4.381106002256274,1.8413141369819641,15.485398937016726,21.707819076254964,27.89842989295721
1942,289.814403891,47492,4206,5419,19210,181,2.3687609937042,5.315414164215326,4.260089015588164,1.8082228489220142,6.066028028726578,12.134339893236756,20.39848896674812
1943,289.911879942,47479,4289,5421,19221,181,2.407253021374345,3.229711903259158,6.298692896962166,2.2517130710184574,9.324353188276291,17.874759156256914,24.158292915672064
1945,290.106825128,47356,4134,5425,19240,182,2.4462961591780186,2.747870050370693,4.378702025860548,1.8393108621239662,14.241470955312252,20.459483843296766,26.23476809822023
1946,290.20430018,47309,4143,5425,19250,182,2.5033531710505486,6.53984397649765,3.6683520302176476,1.7623868770897388,6.357464008033276,11.788202915340662,21.38561592437327
1947,290.496722293,47434,4029,5427,19020,182,2.4090069346129894,2.7421689592301846,4.3675710912793875,3.257783828303218,10.23331400938332,17.858668928965926,23.582055000588298
1949,290.789183489,47369,4015,5429,19079,184,2.4239139165729284,2.7788991574198008,3.121029119938612,1.9422140903770924,6.287159631028771,11.350402841344476,17.088969005271792
1950,290.886619373,47308,4052,5432,19099,184,2.4770929012447596,1.6422620974481106,3.6763979587703943,1.7709231469780207,6.735358852893114,12.182679958641529,16.859428957104683
1951,290.984090383,47246,4008,5434,19113,185,2.3666881024837494,7.486375048756599,3.9909558836370707,2.0372909493744373,10.775197995826602,16.80344482883811,27.31132204644382
1952,291.179040153,47151,3941,5438,19132,183,2.4592101108282804,3.9117380511015654,3.9611500687897205,2.051257062703371,6.936055840924382,12.948462972417474,19.933250034227967
1954,291.471461016,47022,3737,5440,19139,184,2.358020981773734,2.605264075100422,3.1270801555365324,1.8931920640170574,14.09248192794621,19.1127541474998,24.638502160087228
1955,291.568933942,47012,3806,5443,18973,184,2.5661198887974024,2.0574189256876707,7.969629019498825,3.2204838935285807,7.050821091979742,18.240934005007148,23.443405982106924
1956,291.763882962,46690,3762,5445,19003,185,2.4248261470347643,3.5661410074681044,5.045218160375953,1.9443079363554716,6.335520884022117,13.325046980753541,19.901350140571594
1957,291.958831106,46503,3717,5447,19013,186,2.380983904004097,2.960467943921685,4.006735049188137,1.9794029649347067,7.008560933172703,12.994698947295547,19.487846875563264
1958,292.056304074,46374,3634,5449,19023,186,3.1269800383597612,5.567084066569805,3.2007580157369375,1.9010771065950394,7.115290034562349,12.217125156894326,21.485041826963425
1959,292.153777667,46275,3650,5450,19025,188,2.390833105891943,1.77324702963233,9.183389134705067,3.3101930748671293,6.101213628426194,18.59479583799839,23.34492187947035
1960,292.446198655,45400,3510,5450,19029,187,2.6584439910948277,3.629178972914815,3.850532928481698,1.9098729826509953,6.906250258907676,12.666656170040369,19.566354108974338
1962,292.738619101,44584,3515,5452,18945,189,2.391965128481388,2.724757883697748,3.8471571169793606,3.069421974942088,6.106122862547636,13.022701954469085,18.69668602012098
1963,292.836094778,44175,3534,5455,18964,190,2.631101990118623,1.9922470673918724,5.000174045562744,8.898657048121095,7.406795863062143,21.305626956745982,26.531923795118928
1964,292.933570037,44028,3454,5458,18973,188,2.368220128118992,4.735569003969431,4.9962070770561695,3.052509855479002,11.606141924858093,19.654858857393265,27.64607802964747
1965,293.225989358,43640,3386,5461,18981,189,2.4046290200203657,3.8134141359478235,3.090671030804515,1.9555080216377974,5.974306957796216,11.020486010238528,17.798827029764652
1966,293.323468952,43557,3497,5463,18986,193,2.341710962355137,1.6687510069459677,9.827774949371815,3.502022009342909,6.480772979557514,19.810569938272238,24.43096414208412
1968,293.518411471,43323,3385,5465,18994,192,2.3646338377147913,2.554970094934106,3.493596101179719,2.7605739887803793,14.162563718855381,20.41673380881548,25.905061047524214
1969,293.615884564,43231,3416,5467,18962,192,2.349174115806818,2.753491047769785,3.9941719733178616,2.477173926308751,6.688833003863692,13.160178903490305,18.839522963389754
1970,293.90830726,42774,3887,5475,19015,197,2.4005109444260597,3.0861638952046633,3.811940783634782,1.924048876389861,6.867938442155719,12.603928102180362,18.843691097572446
1972,294.200728998,42985,3844,5485,19087,204,2.3768970277160406,3.5710299853235483,4.414687864482403,1.9816469866782427,12.797732139006257,19.194066990166903,25.723530910909176
1973,294.298200841,43109,4123,5489,19122,202,2.572392113506794,2.1541700698435307,4.247976001352072,1.9254120998084545,11.12213684245944,17.295524943619967,22.738456958904862
1974,294.395675268,43057,4869,5500,19228,197,2.560239052399993,5.475884070619941,5.1914609503000975,2.1269191056489944,6.499700015410781,13.818080071359873,22.466046968474984
1975,294.688097464,43170,4547,5506,19299,198,2.3409798741340637,2.8944239020347595,5.003279075026512,1.9595250487327576,13.248094823211432,20.2108989469707,26.153436163440347
1976,294.785571724,43355,4656,5509,19182,202,2.3908731527626514,1.6924859955906868,4.342142026871443,2.3892188910394907,11.954676127061248,18.68603704497218,23.355902871116996
1978,294.980519826,43255,4917,5515,19350,197,2.3868149146437645,7.685497868806124,5.264829145744443,1.8852569628506899,7.851005764678121,15.001091873273253,25.654962984845042
1979,295.077993086,43141,4554,5518,19391,197,2.3868358694016933,2.886570058763027,4.593141842633486,1.9090420100837946,6.626215996220708,13.128399848937988,19.08139605075121
1980,295.370414074,43030,4655,5520,19419,196,2.339005935937166,2.705781953409314,6.317459046840668,2.6030000299215317,13.89483199454844,22.81529107131064,28.44478189945221
1982,295.662836312,42811,4564,5524,19441,197,2.358532976359129,7.37464614212513,5.013969959691167,1.7925228457897902,6.383842322975397,13.190335128456354,23.480114061385393
1983,295.760310738,42640,4803,5530,19502,197,2.4557840079069138,1.6488840337842703,4.786233883351088,1.8372570630162954,6.583675974979997,13.20716692134738,17.914833966642618
1984,295.857783706,42739,5078,5536,19327,202,2.362149069085717,2.7615660801529884,5.46003389172256,2.8720619156956673,5.960662150755525,14.292757958173752,19.957575015723705
1985,296.150205527,42435,5001,5539,19588,199,2.425618004053831,2.6920768432319164,5.090001970529556,2.4308678694069386,14.25903313793242,21.779902977868915,27.44860900565982
1986,296.247678495,42238,5110,5540,19623,196,2.411350840702653,1.8000269774347544,10.760981123894453,2.7128150686621666,6.052803015336394,19.526599207893014,24.28382891230285
1988,296.442626932,41874,5106,5541,19649,195,2.3697230499237776,2.6275150012224913,11.648111045360565,2.427350962534547,6.138732889667153,20.214194897562265,25.765520054847002
1989,296.735049794,43211,5178,5543,19681,194,2.4177429731935263,2.760183997452259,5.16137620434165,2.9829300474375486,6.1172726564109325,14.261578908190131,20.072089042514563
1990,296.832522388,43757,5269,5545,19704,195,2.3553159553557634,1.6972348093986511,5.914794979617,9.810532908886671,6.837010150775313,22.562338039278984,27.195794973522425
1992,297.027470032,45632,5206,5546,19445,196,2.3990978952497244,7.916448870673776,6.223913049325347,3.6906141322106123,8.574791718274355,18.489318899810314,29.389028903096914
1993,297.124945,46608,5458,5547,19662,194,2.3421309888362885,2.9945820569992065,12.943474110215902,1.9726201426237822,6.368403788655996,21.28449804149568,27.18764985911548
1994,297.514839623,48523,5333,5548,19728,195,2.441396936774254,3.6788620054721832,5.26137207634747,2.0722770132124424,7.390736835077405,14.724385924637318,21.422495134174824
1996,297.709787559,48341,5975,5552,19762,192,2.350526861846447,5.010243039578199,5.207030801102519,2.078627934679389,9.30380611680448,16.58946485258639,24.509069975465536
1997,297.807260777,48244,6016,5554,19777,193,2.4172321427613497,1.9496770109981298,5.880980985239148,1.868044026196003,7.184841902926564,14.933866914361715,19.91956401616335
1998,297.904735245,48184,5791,5555,19792,192,2.392775844782591,2.7725568506866693,5.031532840803266,2.0894191693514585,6.15311018191278,13.274062192067504,19.004021072760224
1999,298.197157733,48159,6178,5557,19528,194,2.476874040439725,2.8364958707243204,7.311316905543208,2.4920718278735876,18.12409539707005,27.927484130486846,33.95258588716388
2001,298.489580429,48150,6051,5559,19765,194,2.38254782743752,9.005597094073892,5.238349083811045,1.8883319571614265,6.583447102457285,13.710128143429756,25.63392394222319
2002,298.587051105,48176,6120,5561,19791,192,2.378969918936491,2.7693798765540123,7.173880003392696,1.9368028733879328,12.143437983468175,21.254120860248804,26.992456056177616
2003,298.781998208,48091,6484,5565,19839,188,2.460713032633066,3.790981834754348,5.212180083617568,1.870959997177124,11.850550072267652,18.933690153062344,25.771009968593717
2004,298.879473968,47966,6451,5568,19875,189,2.33683199621737,3.3258621115237474,6.0997409746050835,1.9161738455295563,6.936738034710288,14.952652854844928,21.51885605417192
2005,299.074420446,47889,6236,5570,19882,189,2.45280796661973,2.959064906463027,5.122311878949404,2.293400000780821,6.030933000147343,13.446644879877567,19.429337000474334
2006,299.171896081,47922,6288,5571,19667,190,2.374612959101796,1.6360911540687084,5.051239859312773,2.4004210717976093,7.260300917550921,14.711961848661304,19.325963919982314
2007,299.561789662,48050,6021,5574,19846,190,2.4024839513003826,2.85406899638474,5.006375955417752,1.8228800036013126,12.854887172579765,19.68414313159883,25.527855847030878
2009,299.756750515,48011,6168,5574,19892,188,2.3787699174135923,3.1448230147361755,5.3676210809499025,1.976527040824294,6.55471277423203,13.898860896006227,20.057972986251116
2010,300.049160336,47831,5875,5577,19917,188,2.361718099564314,6.037243874743581,12.420054990798235,2.598141087219119,6.374513963237405,21.39271004125476,30.35333310253918
2011,300.146634929,47849,5884,5578,19922,187,2.430967055261135,1.7226720228791237,5.7410800363868475,2.233808860182762,6.242788163945079,14.217677060514688,18.924372969195247
2012,300.341580782,47813,5868,5579,19941,187,2.396733034402132,3.349956125020981,4.9805480521172285,2.09745392203331,15.526805073022842,22.60480704717338,28.93767482601106
2013,300.634002644,47628,5711,5579,19654,187,2.42282310500741,2.835283987224102,12.696943012997508,2.3963931016623974,5.924532888457179,21.017869003117085,26.836803881451488
2014,300.731475488,47567,5832,5583,19885,183,2.3897411301732063,1.6788309440016747,5.537768825888634,2.8252650517970324,14.895156025886536,23.2581899035722,28.008917113766074
2015,300.926424424,47570,5854,5584,19930,182,2.385000931099057,2.9192911460995674,11.13597210496664,3.7221030797809362,6.024139933288097,20.882215118035674,26.768455980345607
2016,301.218845162,47460,5753,5585,19955,182,2.531855832785368,3.5293721593916416,5.358353955671191,1.9817480351775885,14.030938036739826,21.371040027588606,28.032580856233835
2017,301.316319296,47423,5806,5586,19963,182,2.376335905864835,1.7224429175257683,4.950139904394746,8.148293010890484,8.514569140970707,21.613002056255937,26.379688875749707
2018,301.511266774,47490,5815,5588,19982,182,2.420929027721286,11.359379859641194,5.992270074784756,2.024468034505844,13.144087977707386,21.160826086997986,35.710955038666725
2019,301.80369072,47541,5596,5589,19582,183,2.377446973696351,2.8810889925807714,11.657849187031388,2.628547139465809,6.172806723043323,20.45920304954052,26.284731924533844
2020,301.901162105,47551,5610,5590,19919,182,2.5446699000895023,2.0507059525698423,12.476801173761487,4.646932939067483,7.867749081924558,24.991483194753528,30.199945904314518
2021,302.291058686,47714,5546,5594,20023,182,2.365143969655037,12.018813053146005,6.154812872409821,8.535197004675865,9.12326923571527,23.813279112800956,38.821856025606394
2024,302.583480549,47980,5461,5598,20123,182,2.429043874144554,2.976096933707595,6.507143145427108,1.8593689892441034,6.794028915464878,15.16054105013609,21.17277798242867
2025,302.680954309,48129,5502,5600,20150,182,2.40621087141335,1.7931051552295685,5.012797191739082,1.8100060988217592,13.474075589329004,20.296878879889846,25.099894031882286
2026,302.973375588,48471,5206,5601,20165,182,2.4423389695584774,4.227559082210064,4.944560118019581,2.960467943921685,7.389463949948549,15.294492011889815,22.70967303775251
2028,303.265797867,48573,5122,5602,19731,181,2.3747729137539864,3.032292937859893,4.660527920350432,3.434104146435857,6.439125863835216,14.533757930621505,20.50940692424774
2029,303.558262813,48470,5060,5603,20006,180,2.4877649266272783,9.341194992884994,4.574206890538335,1.8633350264281034,16.48063212633133,22.918174043297768,35.42063198983669
2031,303.850641009,48441,4967,5607,20059,178,2.388538094237447,5.516289034858346,5.003670928999782,1.9808351062238216,6.6729329992085695,13.657439034432173,22.147862939164042
2032,304.143061872,48342,4867,5607,20079,179,2.419395837932825,2.8668930754065514,4.204184981063008,1.8034439999610186,12.09250115789473,18.100130138918757,23.99333519861102
2035,304.435496193,48365,4693,5610,20110,180,2.3214020766317844,2.9953629709780216,3.9366749115288258,1.7774661537259817,15.377013944089413,21.09115500934422,27.13823807425797
2036,304.727903639,48361,4550,5613,20143,178,3.058471018448472,3.2696060370653868,3.9635549765080214,2.0393249578773975,6.1080672312527895,12.110947165638208,19.019980914890766
2038,304.9228957,48390,4436,5617,19735,177,2.447057981044054,2.8087650425732136,3.7892081309109926,2.4471180513501167,13.646288774907589,19.8826149571687,25.73495195247233
2039,305.020372002,48334,4547,5618,19889,177,2.4133550468832254,1.8672440201044083,3.8993849884718657,1.823802012950182,6.206760881468654,11.929947882890701,16.806741012260318
2040,305.312746948,48230,4425,5620,19932,177,2.385732950642705,5.719800945371389,3.354175016283989,2.297377912327647,6.46496401168406,12.116516940295696,20.779523067176342
2042,305.605221102,48070,4386,5624,20022,177,2.4418788962066174,4.623048007488251,4.312798148021102,3.1399638392031193,7.670298917219043,15.123060904443264,22.7590159047395
2043,305.89759034,47882,4336,5627,20092,178,2.3930768948048353,2.757999114692211,3.186039859429002,8.372432086616755,10.263069998472929,21.821541944518685,27.552332961931825
2046,306.190012119,47750,4186,5632,20189,177,2.45082494802773,3.091603983193636,3.544681007042527,2.533328952267766,6.9938539527356625,13.071863912045956,19.194648135453463
2047,306.384962431,47559,4164,5633,19812,179,2.484146971255541,2.858386840671301,3.199345199391246,2.5211861357092857,6.574679631739855,12.295210966840386,18.22152710519731
2048,306.48243394,47529,4177,5638,20003,179,2.5134719908237457,2.848608884960413,3.6678111646324396,1.8582060001790524,11.131293838843703,16.657311003655195,22.590820910409093
2049,306.677424502,47589,4061,5640,20075,178,2.4297949858009815,2.738442039117217,3.2992218621075153,1.8494999967515469,6.824247306212783,11.972969165071845,17.740897834300995
2050,306.969803573,47105,3949,5640,20105,178,2.4740679655224085,3.124525072053075,3.133180784061551,2.061636885628104,6.794601213186979,11.989418882876635,18.14134791493416
2052,307.262225477,46675,3840,5641,20146,179,2.381776226684451,3.670437028631568,4.02806606143713,8.221870986744761,8.08532489463687,20.33526194281876,27.345045004040003
2053,307.554651673,46122,3777,5643,20160,182,2.551834098994732,3.4347849432379007,3.176481928676367,1.8596590962260962,7.631215965375304,12.667356990277767,19.227599957957864
2056,307.847068244,45821,3606,5646,19809,179,2.369171939790249,2.8847570065408945,10.693985968828201,2.4553730618208647,6.7436350509524345,19.8929940816015,25.711728958413005
2057,308.13949169,45573,3567,5648,19934,179,2.4451350327581167,2.758289920166135,10.144627885892987,2.920703962445259,6.2257961835712194,19.291128031909466,25.047346018254757
2058,308.236962658,45519,3626,5649,20020,177,2.428883919492364,1.7700011376291513,3.7526499945670366,1.853597816079855,15.890727285295725,21.496975095942616,26.31648094393313
2059,308.431912095,45661,3500,5649,20067,177,2.5024611968547106,3.0024368315935135,3.700762987136841,11.996771907433867,6.276583299040794,21.974118193611503,28.051998000591993
2060,308.724332499,45837,3309,5652,20142,177,2.4703110102564096,7.1549550630152225,3.7428520154207945,1.90939218737185,6.673493888229132,12.325738091021776,22.519628051668406
2062,309.016755487,45901,3340,5652,20149,177,2.710731001570821,3.8746490608900785,4.158498952165246,3.0026568565517664,8.299667155370116,15.460822964087129,22.63739798218012
2063,309.114227913,45989,3338,5653,19829,177,2.5092540308833122,5.138583015650511,3.048132173717022,2.3811140563338995,6.3746056985110044,11.803851928561926,20.185881992802024
2064,309.406649943,46061,3288,5654,19959,178,2.372617833316326,3.194105112925172,3.0959821306169033,1.8252348527312279,6.965890992432833,11.887107975780964,18.084211042150855
2065,309.504125452,46160,3402,5657,20031,180,2.376805990934372,1.7227830830961466,3.4467079676687717,2.2122280206531286,12.517666909843683,18.176602898165584,22.86895108409226
2066,309.894019742,46452,3385,5659,20122,180,2.3457978386431932,3.4291050396859646,3.3164641354233027,9.928613901138306,6.311266915872693,19.5563449524343,25.884452974423766
2068,310.088966553,46548,3350,5660,20182,181,2.409858163446188,3.144072135910392,11.407970916479826,1.8908779602497816,6.057861959561706,19.356710836291313,25.476058945059776
2069,310.186440604,46607,3342,5662,20196,181,2.356098033487797,1.6839499585330486,2.973252208903432,1.8572639673948288,16.318768728524446,21.149284904822707,25.75655304826796
2070,310.47886305,46594,3311,5663,19854,181,2.7228030376136303,3.718636929988861,3.0981460586190224,3.34128993563354,9.885512990877032,16.324948985129595,23.391589056700468
2072,310.77128458,46628,3327,5663,19948,181,2.3603560402989388,2.749653998762369,3.100399859249592,1.72314397059381,15.888492343947291,20.712036173790693,26.462774956598878
2073,311.063707401,46663,3346,5664,20041,183,2.4706420954316854,6.508895894512534,3.3710568677634,1.8150850664824247,6.59681111574173,11.782953049987555,21.34003210812807
2074,311.161181244,46695,3645,5664,20100,183,2.3611681535840034,1.9572018645703793,11.510643176734447,1.8228900153189898,6.47403160110116,19.807564793154597,24.77154112420976
2075,311.356172763,47482,3684,5667,20152,183,2.3648738861083984,2.741908887401223,3.2271970994770527,1.9654170610010624,6.505129858851433,11.697744019329548,17.37386197783053
2076,311.648548335,48716,3790,5668,20233,183,2.4301959201693535,5.311126122251153,3.183665918186307,2.9589259065687656,14.407492009922862,20.550083834677935,29.042931040748954
2077,311.746070344,48873,3852,5671,19941,182,2.421551151201129,1.7431809101253748,4.069733899086714,2.4424190632998943,6.420730846002698,12.932883808389306,17.651099944487214
2078,311.940971739,48351,3788,5674,20130,182,2.3901008535176516,2.821246860548854,3.666279138997197,2.0629798527806997,6.314061116427183,12.04332010820508,17.83249992877245
2079,312.233428977,48076,3925,5677,20196,183,2.484037075191736,9.477489860728383,3.794608870521188,1.9133288878947496,14.929900178685784,20.63783793710172,33.198455115780234
2081,312.525813631,47795,3890,5680,20297,184,2.4886259343475103,3.496752120554447,3.95318609662354,2.2421148605644703,16.663211164996028,22.858512122184038,29.40780413337052
2082,312.623287682,47758,3965,5681,20356,184,3.0503158923238516,2.366265980526805,3.923690179362893,1.9547170959413052,15.836665872484446,21.715073147788644,27.92583219707012
2083,312.720760692,47743,3937,5683,20418,184,2.3617080878466368,2.6133491192013025,4.1237149853259325,1.7606629990041256,16.042381059378386,21.926759043708444,27.47372491285205
2084,313.01318268,47667,3950,5687,20002,184,2.481922972947359,2.700262004509568,4.042973043397069,2.4537299759685993,6.809859070926905,13.306562090292573,19.057580968365073
2086,313.305605501,47493,3934,5687,20223,184,2.6109751779586077,3.448351053521037,11.71414414420724,1.8100261222571135,8.485974743962288,22.01014501042664,28.652471024543047
2087,313.403121511,47488,4027,5689,20361,185,2.673091134056449,1.9018081948161125,12.329485034570098,2.376585965976119,7.950533181428909,22.656604181975126,27.85114198923111
2088,313.598025864,47439,4117,5690,20392,185,2.460964024066925,9.373565204441547,4.674083786085248,1.9500581547617912,7.134015904739499,13.758157845586538,26.19646699167788
2090,313.890448851,47291,4027,5690,20440,185,2.4049889761954546,2.704198006540537,12.88467412814498,1.7913009505718946,13.317143078893423,27.993118157610297,33.77998317591846
2091,313.987926861,47366,4082,5692,20548,185,2.4207381065934896,2.015189966186881,4.540825029835105,2.2508311085402966,6.403447827324271,13.195103965699673,18.212229944765568
2092,314.085396496,47331,4142,5693,20121,185,3.513091942295432,3.6855440121144056,4.1599818505346775,2.5931610725820065,7.012950023636222,13.766092946752906,21.532512037083507
2093,314.377817942,47420,4099,5693,20279,185,2.384119899943471,2.737932140007615,3.8064809050410986,1.9566710107028484,7.025361992418766,12.788513908162713,18.465343862771988
2094,314.475292285,47468,4145,5694,20386,185,2.392875961959362,1.6792218666523695,3.734937170520425,1.7663948237895966,13.441525166854262,18.942857161164284,24.443446891382337
2095,314.670242055,47672,4073,5694,20500,185,2.8399929869920015,2.950540045276284,3.7833380047231913,1.7897181678563356,6.274216808378696,11.847272980958223,18.245732877403498
2096,314.767720148,47713,4092,5695,20549,185,2.3566691670566797,1.6937789041548967,3.9936709217727184,1.7870229203253984,14.804545091465116,20.585238933563232,25.395618984475732
2097,315.157610687,47917,4045,5697,20606,185,2.4498431012034416,2.9465118423104286,4.425990162417293,1.9821790046989918,7.094430737197399,13.502599904313684,19.47989105246961
2099,315.352556165,47933,3984,5697,20256,185,2.3926058784127235,2.6530330069363117,4.064483800902963,2.3305099457502365,6.809248123317957,13.204241869971156,18.795611103996634
2100,315.4500293,47925,4036,5698,20430,185,2.42616911418736,1.7916320357471704,4.458150127902627,2.243658062070608,6.628518924117088,13.330327114090323,18.137509934604168
2101,315.644976778,47893,4044,5698,20560,185,2.5163881946355104,3.0695030000060797,5.442521069198847,4.95044095441699,7.633470930159092,18.02643295377493,24.198268074542284
2103,315.937399599,47926,3996,5699,20621,185,2.3697828873991966,9.703502990305424,3.684563096612692,9.080305928364396,7.017728872597218,19.782597897574306,32.4220429174602
2104,316.034872609,47915,3982,5699,20680,185,2.4004909209907055,1.7436619382351637,3.7775468081235886,1.7417080234736204,6.6954761277884245,12.214730959385633,16.965016955509782
2105,316.132348952,47896,4005,5699,20728,185,2.343153115361929,2.5970491115003824,4.044396104291081,1.8112780526280403,14.755273703485727,20.61094786040485,26.09925507567823
2106,316.424772523,47913,3920,5699,20246,185,2.445454942062497,2.7276729233562946,4.85644512809813,2.571309916675091,7.228632923215628,14.656387967988849,20.4034389462322
2108,316.717229385,47770,3982,5700,20501,184,2.3608659394085407,2.601936925202608,4.702507052570581,2.2992310114204884,6.466947961598635,13.468686025589705,19.01203696615994
2109,316.814663145,47762,4038,5700,20640,184,2.559527987614274,3.976709907874465,4.782245960086584,1.9426739308983088,8.60752328298986,15.332443173974752,22.502244915813208
2110,317.009611998,47734,4010,5700,20669,184,2.452407032251358,2.8629659209400415,11.040514102205634,2.117109950631857,7.507634814828634,20.665258867666125,26.57785010524094
2111,317.107085675,47682,3985,5700,20689,184,2.4318499490618706,9.359308984130621,4.1104089468717575,1.9412420224398375,7.562387036159635,13.61403800547123,26.031037094071507
2112,317.302033278,47601,3998,5701,20747,184,2.375634154304862,2.863796893507242,4.305714042857289,1.859649084508419,6.9610129576176405,13.126376084983349,18.917520064860582
2113,317.399507621,47566,4017,5701,20187,184,2.392285969108343,1.7483909614384174,3.742130007594824,2.9270758386701345,6.684866268187761,13.35407211445272,18.062639981508255
2114,317.691929317,47416,3964,5701,20438,184,2.655857941135764,3.4205690026283264,11.01557700894773,1.984893111512065,7.285429863259196,20.28589998371899,26.93524886853993
2116,317.984351346,47235,3900,5701,20547,184,2.4838668759912252,2.8486179653555155,3.830286208540201,2.349585061892867,6.990576861426234,13.170448131859303,19.108065869659185
2117,318.081823564,47206,3986,5702,20609,184,2.519513014703989,1.834562048316002,4.335670964792371,2.270447788760066,6.657503312453628,13.263622066006064,18.191240960732102
2118,318.179299449,47081,3968,5702,20680,184,2.4556939024478197,2.603329950943589,3.8028338458389044,1.7487320583313704,7.456128019839525,13.0076939240098,18.63433886319399
2119,318.471721812,46764,3926,5702,20705,184,2.3512691259384155,3.029086161404848,12.679510051384568,2.135535003617406,6.3541068229824305,21.169151877984405,27.133940951898694
2121,318.764143799,46608,3816,5702,20149,184,2.343925181776285,2.896999940276146,4.059334052726626,8.971673902124166,8.308691903948784,21.339699858799577,27.147846994921565
2122,318.861614851,46529,3843,5703,20354,184,2.476372988894582,1.6672888305038214,4.399860976263881,1.823892118409276,8.214606903493404,14.438359998166561,19.16330005042255
2123,319.056562954,46145,3818,5706,20449,184,2.430887194350362,8.469783933833241,4.510769154876471,1.9905539229512215,6.876703817397356,13.378026895225048,24.8681609518826
2124,319.25151039,45956,3854,5708,20508,184,2.4271898437291384,3.3087499905377626,3.782927058637142,1.837938092648983,6.734367925673723,12.355233076959848,18.674674909561872
2125,319.3489854,45832,3726,5709,20566,184,2.475351095199585,4.481434123590589,4.156955983489752,1.8302439711987972,7.137872977182269,13.125072931870818,20.638318033888936
2126,319.446459285,45633,3759,5710,20594,183,2.358020981773734,1.956749940291047,3.7973541766405106,2.603410044685006,13.266678899526596,19.667443120852113,24.699155008420348
2127,319.738879522,45485,3697,5711,20080,182,2.430868102237582,2.6893308386206627,4.28673904389143,2.5139220524579287,6.4346089493483305,13.235270045697689,21.23312186449766
2129,320.031301593,45043,3585,5712,20324,184,2.3345870431512594,2.6206120382994413,3.908582031726837,2.1318879444152117,13.405857840552926,19.446327816694975,25.058678118512034
2130,320.128777562,44854,3638,5713,20460,184,2.3659460712224245,2.035588026046753,6.440127966925502,1.8539589364081621,6.625794107094407,14.919881010428071,19.8697408195585
2131,320.226250655,44437,3644,5713,20493,184,2.375053009018302,3.1260380055755377,4.221277078613639,10.531241074204445,6.883967900648713,21.636486053466797,27.790307998657227
2132,320.616146069,44010,3537,5714,20565,184,2.443281002342701,3.270508022978902,3.9674120489507914,2.0491238683462143,7.773351157084107,13.789887074381113,20.158962113782763
2134,320.811092297,43832,3539,5714,20585,183,2.342852996662259,3.1893160194158554,3.7496041040867567,1.7483111005276442,6.3503198325634,11.848235037177801,17.94924819841981
2135,320.908568057,43672,3633,5714,20170,183,2.5936730671674013,4.046340007334948,4.338687052950263,2.3209720384329557,7.074883906170726,13.734542997553945,20.944001153111458
2136,321.200988253,43668,3514,5715,20349,183,2.463068114593625,3.3618989400565624,14.226143015548587,1.9152630120515823,6.716815987601876,22.858222015202045,29.244458070024848
2137,321.298461971,43503,3505,5715,20412,183,2.3412699811160564,3.7390748038887978,4.205155884847045,2.2256639786064625,16.325962264090776,22.756782127544284,29.459862038493156
2138,321.493409032,43072,3608,5717,20511,184,2.4079838767647743,3.2062481623142958,5.389272002503276,2.080292208120227,7.043966790661216,14.513531001284719,20.707176998257637
2139,321.590885375,43092,3681,5720,20591,185,2.3407191038131714,7.125549949705601,6.107254885137081,1.8603899516165257,6.52906415052712,14.496708987280726,24.51559202745557
2140,321.883304488,42888,3764,5720,20662,184,2.4527590721845627,2.564687980338931,11.490945937111974,3.1841169111430645,6.933912169188261,21.6089750174433,27.196538168936968
2141,321.980777623,42753,3772,5721,20118,185,2.351438859477639,1.567512983456254,10.518357157707214,3.6449891049414873,6.704752566292882,20.868098828941584,25.380459846928716
2142,322.175726809,42270,3596,5723,20367,185,2.4005910381674767,2.9701569583266973,3.966409945860505,1.9220160320401192,6.7334461491554976,12.621872127056122,18.583904951810837
2143,322.468147255,42299,4000,5723,20526,186,2.550591016188264,2.5412840768694878,4.313369980081916,1.7465779092162848,7.532509043812752,13.592456933110952,19.29263095371425
2144,322.565621765,42367,4478,5725,20653,185,3.4163210075348616,2.540973015129566,7.241266081109643,2.053942997008562,7.80051201581955,17.095721093937755,23.669259157031775
2145,322.760569076,42251,4469,5728,20740,187,2.407384105026722,2.7470190543681383,5.676599917933345,1.9739731214940548,7.300515891984105,14.951088931411505,20.985488081350923
2146,322.858042919,42260,4416,5730,20784,187,2.3407191038131714,2.8252149932086468,4.7118449583649635,12.17047800309956,6.432372843846679,23.314695805311203,29.04118807055056
2147,323.150464157,42249,4594,5731,20272,189,2.513411920517683,2.8093860018998384,5.166404880583286,2.551994053646922,13.858926016837358,21.577324951067567,27.47893496416509
2149,323.442886145,41977,4387,5736,20594,194,2.399889985099435,2.9628330375999212,5.462998989969492,1.9054650329053402,16.0231851041317,23.39164912700653,29.543538112193346
2150,323.540361404,42039,4390,5738,20666,194,2.4573069531470537,1.8107581418007612,4.594495054334402,1.8123711924999952,7.007998647168279,13.414864894002676,18.267092993482947
2151,323.735307382,41966,4474,5738,20713,193,2.444894053041935,10.11728704907,5.105291027575731,2.9547580052167177,6.287551950663328,14.347600983455777,27.489245170727372
2153,324.02772962,41834,4446,5739,20780,194,2.737009897828102,12.359200976788998,4.438933916389942,9.86205879598856,7.8281552996486425,22.129148012027144,37.823047023266554
2154,324.125204796,41800,4648,5739,20816,196,2.3236670531332493,1.660146052017808,5.393319064751267,1.8078121356666088,6.638839840888977,13.839971041306853,18.428334966301918
2155,324.22267939,41912,4770,5741,20278,196,2.3734699934720993,9.77429491467774,5.01224584877491,2.4578680749982595,6.956274155527353,14.426388079300523,27.13995100930333
2156,324.515099127,41978,4733,5741,20624,195,2.3496760986745358,2.713165944442153,4.407354863360524,9.641888085752726,6.957095116376877,21.006338065490127,26.652008993551135
2158,324.807521073,42312,4407,5742,20702,195,2.5917082093656063,2.9881999362260103,13.216784922406077,2.065554028376937,9.652728214859962,24.935067165642977,31.07114601880312
2159,324.904995375,42178,4244,5742,20718,194,2.4780859239399433,1.7580690328031778,4.739736206829548,1.7221719026565552,6.433274829760194,12.895182939246297,17.792574828490615
2160,325.099942603,42088,4739,5743,20773,193,2.4378900416195393,2.8213479090481997,13.724183896556497,1.932766055688262,6.338236853480339,21.995186805725098,27.84171514213085
2162,325.392363549,42077,4860,5744,20822,197,2.4576769210398197,2.783146919682622,5.562386009842157,2.0143790170550346,6.86864904128015,14.445414068177342,20.242749014869332
2163,325.48983735,41915,5036,5745,20346,199,2.5905061047524214,1.6997999045997858,4.6865870244801044,2.4715340696275234,6.86610396951437,14.024225063621998,19.10436898469925
2164,325.587311985,41962,5286,5747,20704,196,2.301625907421112,2.5594180915504694,4.360798047855496,1.8010791391134262,6.6934318747371435,12.855309061706066,18.286229111254215
2165,325.879735014,41697,5145,5749,20805,196,2.3236870765686035,2.753752050921321,5.015512928366661,1.8063299357891083,6.725611165165901,13.54745402932167,19.176374189555645
2166,325.977206941,41722,5363,5751,20854,195,2.4180130567401648,1.6981069929897785,4.918381106108427,1.8445809837430716,7.42749497294426,14.190457062795758,19.078720826655626
2167,326.172155835,41542,5679,5755,20908,194,3.3087299671024084,3.3725700341165066,5.225806962698698,2.342622959986329,6.274026120081544,13.842456042766571,21.111845038831234
2168,326.464616657,41782,5534,5759,20954,198,2.5072309654206038,12.376883998513222,4.420049022883177,1.9206628203392029,7.274369243532419,13.615081086754799,29.06234795227647
2169,326.562089916,41631,5382,5760,20408,198,2.3885781411081553,2.1864299196749926,4.6051249373704195,2.5285209994763136,6.5753699745982885,13.709015911445022,18.854310968890786
2171,326.756998644,42096,5731,5761,20842,196,2.4034760426729918,2.8671440668404102,8.23003682307899,1.8925999756902456,13.902889331802726,24.02552613057196,29.85463012009859
2172,326.854473196,42102,5900,5766,20977,194,2.3463990073651075,9.670821949839592,6.075486075133085,2.175520174205303,6.750617874786258,15.001624124124646,27.71671093069017
2173,327.244367818,42347,5318,5768,21012,199,2.4005009327083826,2.856865059584379,4.536747001111507,1.8489891663193703,6.964498898014426,13.350235065445304,19.29668919183314
2175,327.439318171,42405,5687,5769,21033,198,2.477173926308751,2.720709890127182,11.450089979916811,3.7087879609316587,6.691768998280168,21.850646939128637,27.707743924111128
2176,327.536790264,42603,5683,5774,21089,194,2.535564126446843,1.7856911290436983,5.509115988388658,2.084830077365041,6.612731143832207,14.206677209585905,19.165122881531715
2177,327.731737909,42531,5363,5774,20517,196,2.498053014278412,2.9928290750831366,5.186703056097031,3.70304798707366,15.163115924224257,24.052866967394948,30.235032085329294
2179,328.024158522,42498,5303,5774,20889,198,2.5627841241657734,2.7494828682392836,5.023396806791425,12.417199090123177,6.498708156868815,23.939304053783417,30.012755887582898
2180,328.121632365,42660,5232,5774,20951,198,2.4516459088772535,2.1946560591459274,5.6629241444170475,1.7959198448807001,6.458512041717768,13.917356031015515,19.17816698551178
2181,328.219105041,42671,5755,5776,21034,196,2.5039641186594963,2.7158609591424465,5.179408937692642,10.96076495014131,6.435299059376121,22.575472947210073,28.37167587131262
2182,328.511532321,42610,5266,5779,21071,196,2.5632958859205246,2.9529740568250418,5.0999801605939865,1.8404738511890173,7.1326131001114845,14.073067111894488,20.283574936911464
2184,328.803949392,42371,5396,5782,21107,196,2.6664480101317167,6.018458865582943,5.2402438595891,1.8741660751402378,8.7049740832299,15.819384017959237,25.09137918241322
2185,328.901424401,42052,5548,5786,20520,197,2.313727978616953,1.641731010749936,5.080044036731124,2.722532954066992,6.577034015208483,14.379611006006598,18.921626964583993
2186,328.998899245,42399,5779,5789,20996,198,2.352361101657152,3.078630194067955,7.096815854310989,1.9091521389782429,7.3535561095923185,16.35952410288155,22.340823896229267
2187,329.291320066,42347,5648,5790,21055,201,2.310601994395256,2.8140440117567778,6.10226602293551,1.9134499598294497,12.462343089282513,20.478059072047472,26.149349054321647
2188,329.38879245,42442,5922,5796,21149,198,2.3282961919903755,1.645898912101984,7.495091995224357,2.256140112876892,7.641545031219721,17.39277713932097,22.452792851254344
2189,329.58374197,42883,6120,5798,21185,198,2.432360081002116,3.005142090842128,5.195450037717819,1.9920759368687868,7.455397164449096,14.642923139035702,20.712207071483135
2190,329.876161916,43198,5847,5801,21226,200,2.360236132517457,7.278435863554478,5.281419958919287,1.9073579460382462,6.87052309513092,14.059301000088453,24.321699980646372
2191,329.973635592,42877,6176,5805,20580,200,2.32216389849782,1.617775997146964,5.299964919686317,2.595124999061227,16.055876156315207,23.95096607506275,28.453548904508352
2192,330.16862407,43654,5151,5809,21033,202,2.399157965555787,2.659374149516225,4.931184928864241,1.8441900610923767,6.76083704456687,13.536212034523487,19.15094582363963
2193,330.461006933,43677,5175,5809,21089,202,2.3869348224252462,2.7138369623571634,4.616426071152091,1.8184119835495949,13.252692064270377,19.687530118972063,25.581135181710124
2194,330.558479151,43656,5391,5812,21143,202,2.363070845603943,1.6771480441093445,13.850179966539145,2.3515489883720875,7.171747041866183,23.373475996777415,28.046296909451485
2195,330.753470837,44027,4999,5812,21163,203,2.364373067393899,2.9881198424845934,5.55954989977181,1.8324879929423332,6.409652065485716,13.801689958199859,19.712066976353526
2196,331.045848784,45515,4074,5815,21182,203,2.6017469353973866,8.63926182501018,4.435206996276975,1.9131789449602365,7.545165251940489,13.8935511931777,25.697483913972974
2197,331.143332877,46466,4131,5817,20628,205,2.3682001046836376,1.6672688070684671,3.708668053150177,10.869684163480997,7.024560822173953,21.602913038805127,26.228406000882387
2199,331.338271355,47507,4079,5817,20828,204,2.522108145058155,2.7100001461803913,3.654255997389555,11.48892194032669,6.157160038128495,21.30033797584474,27.112389914691448
2200,331.435746406,47919,3840,5821,20882,201,2.444403013214469,2.9558599926531315,5.198835162445903,4.890328971669078,6.553460843861103,16.642624977976084,22.63703802600503
2201,331.82564232,48757,5255,5823,20953,201,2.3562279529869556,10.804181220009923,5.68703911267221,1.9090620335191488,6.74570887349546,14.341810019686818,28.09246303513646
2203,332.020588798,48941,4430,5825,20985,200,2.3844509851187468,2.818603068590164,10.803078999742866,4.194166045635939,6.322989938780665,21.32023498415947,27.06462098285556
2204,332.118103475,48980,4385,5826,21008,201,2.5734640657901764,4.281189059838653,4.638917976990342,1.8324078992009163,7.363084936514497,13.834410812705755,21.242018090561032
2205,332.215535984,49030,4899,5827,20639,201,2.4444430600851774,2.68703605979681,4.821670008823276,2.416751114651561,14.865800039842725,22.10422116331756,27.82466192729771
2206,332.313008452,49072,5038,5828,20859,202,2.6472429744899273,4.2022718116641045,5.348465172573924,1.7959889955818653,7.030433742329478,14.174887910485268,21.570643177255988
2207,332.410484046,49101,5454,5830,21005,200,2.4953780230134726,2.8313160873949528,14.659973792731762,2.0584198646247387,6.108950357884169,22.82734401524067,28.730598045513034
2208,332.507957639,49123,5257,5830,21020,200,2.4086658377200365,1.8596190493553877,4.36836201697588,1.8655899912118912,6.268486846238375,12.502438854426146,17.351289046928287
