frame_index,frame_timestamp_sec,num_local_nodes_pre,num_local_nodes_kept,num_new_nodes,num_nodes,num_edges,num_new_edges,t_inference_ms,t_merge_ms,t_edges_ms,t_other_ms,t_frame_total_ms
1,61.141607031,352,25,25,25,80,80,2445.025560911745,60.744344955310225,28.508794028311968,36.345883971080184,2570.624583866447
9,63.480975766,332,24,8,33,100,20,206.86346502043307,5.796581972390413,1.0092398151755333,0.9886301122605801,214.6579169202596
10,63.578449526,337,25,8,41,124,24,17.996372189372778,0.5741850472986698,0.7529298309236765,1.007205806672573,20.330692874267697
12,63.77339817,338,21,4,45,131,7,17.540859058499336,0.6368921604007483,1.8058409914374352,0.7025869563221931,20.686179166659713
13,63.870870805,338,30,2,47,141,10,17.240246990695596,0.6929170340299606,1.1043180711567402,0.711000757291913,19.74848285317421
14,63.96835119,349,28,2,49,150,9,18.66024499759078,0.5797150079160929,0.8070098701864481,0.6505202036350965,20.697490079328418
16,64.163292501,341,33,11,60,180,30,16.472419956699014,0.6116358563303947,0.982009107246995,0.6274019833654165,18.69346690364182
17,64.260766761,342,32,5,65,192,12,16.92164014093578,1.2599891051650047,0.9626818355172873,0.6309219170361757,19.775232998654246
18,64.358239604,345,26,6,71,211,19,16.40841900371015,0.5430970340967178,0.7567571010440588,0.6143499631434679,18.322623101994395
19,64.455714864,339,28,4,75,232,21,16.360028879716992,0.5759578198194504,0.7804511114954948,0.6379750557243824,18.35441286675632
20,64.553188332,346,31,1,76,239,7,17.78443600051105,0.6293992046266794,0.773157924413681,0.6891479715704918,19.876141101121902
21,64.650660925,332,27,4,80,253,14,16.862137941643596,0.6042709574103355,0.8033940102905035,0.6443581078201532,18.914161017164588
22,64.74813456,340,25,2,82,263,10,16.22953382320702,0.5785741377621889,0.7353669498115778,0.609150156378746,18.152625067159534
23,64.845613403,334,28,4,86,287,24,16.79861987940967,0.6265218835324049,0.8659411687403917,0.6911649834364653,18.982247915118933
24,64.943081746,336,25,5,91,304,17,16.965491930022836,0.6935088895261288,1.4751311391592026,0.8259259629994631,19.96005792170763
25,65.040555881,346,23,1,92,309,5,16.56318921595812,0.6287968717515469,0.7531610317528248,0.6585218943655491,18.60366901382804
26,65.138076224,325,25,2,94,319,10,17.33197900466621,0.6335058715194464,0.7829258684068918,0.8344312664121389,19.582842011004686
27,65.235505192,337,24,0,94,319,0,17.032417003065348,0.77082309871912,0.7337240967899561,0.6776188965886831,19.214583095163107
28,65.332979577,334,23,1,95,327,8,16.62098802626133,1.2745058629661798,0.8975102100521326,0.9393079672008753,19.732312066480517
29,65.430452045,338,23,3,98,336,9,16.201272141188383,0.6048919167369604,0.7117218337953091,0.6429841741919518,18.160870065912604
30,65.527966138,330,21,1,99,340,4,17.317761899903417,0.5608799401670694,0.7018139585852623,0.6254801992326975,19.205935997888446
31,65.625436398,345,22,2,101,345,5,16.684025060385466,0.5555502139031887,0.8358950726687908,0.6461795419454575,18.721649888902903
32,65.722872074,344,25,2,103,352,7,16.888748854398727,0.7342449389398098,0.7249871268868446,0.9706469718366861,19.318627892062068
33,65.820346501,333,23,4,107,359,7,17.486878903582692,0.6863048765808344,0.7596418727189302,0.8730243425816298,19.805849995464087
34,65.917819761,327,24,4,111,369,10,19.213190069422126,0.5914769135415554,0.6946010980755091,0.6551868282258511,21.15445490926504
35,66.015294479,335,24,2,113,376,7,16.61048806272447,0.5998429842293262,0.7023040670901537,0.8768520783632994,18.78948719240725
36,66.112767739,326,29,0,113,380,4,16.66144304908812,0.9591060224920511,1.5637681353837252,0.6576208397746086,19.841938046738505
37,66.210240957,328,22,1,114,383,3,16.061611007899046,0.582600012421608,0.6948199588805437,0.8737870957702398,18.212818074971437
38,66.30771555,329,21,4,118,398,15,16.180822858586907,0.6179369520395994,0.6956919096410275,0.6249104626476765,18.11936218291521
39,66.405189185,327,23,4,122,419,21,17.994800116866827,0.5752767901867628,0.696233008056879,0.6225050892680883,19.888815004378557
40,66.502705319,327,21,1,123,424,5,16.452201874926686,0.5984909366816282,0.7221819832921028,0.7296253461390734,18.50250014103949
41,66.600136579,319,20,1,124,431,7,16.686269082129,0.5591970402747393,0.6935889832675457,0.6249099969863892,18.563965102657676
42,66.697609881,331,23,3,127,437,6,16.05437695980072,0.5773510783910751,0.7046989630907774,0.6271640304476023,17.963591031730175
43,66.795120807,335,23,1,128,440,3,17.138856928795576,0.6298089865595102,0.7458769250661135,0.6504070479422808,19.16494988836348
44,66.892556525,325,26,3,131,445,5,16.641336027532816,0.6804941222071648,0.8432578761130571,0.6698139477521181,18.834901973605156
45,66.990030493,315,29,3,134,451,6,16.00525388494134,0.5586058832705021,0.7792890537530184,0.6336071528494358,17.976755974814296
46,67.087504628,333,25,3,137,456,5,16.21422590687871,0.5696159787476063,0.7105099502950907,0.6214943714439869,18.115846207365394
47,67.184978471,321,25,5,142,473,17,16.32708706893027,0.625931890681386,0.7540720980614424,0.6618690676987171,18.368960125371814
48,67.282451189,328,20,2,144,485,12,19.770214101299644,0.6664581596851349,0.7053911685943604,0.6397466640919447,21.781810093671083
49,67.379926866,324,21,1,145,494,9,17.22926599904895,0.704239122569561,0.8086329326033592,0.6616599857807159,19.403798040002584
50,67.477398876,319,27,1,146,499,5,16.484200954437256,0.5864279810339212,0.8199249859899282,0.6338169332593679,18.524370854720473
51,67.574879927,325,24,1,147,505,6,16.55928185209632,0.6031189113855362,0.7556448690593243,0.6452682428061962,18.563313875347376
52,67.672347937,304,20,3,150,509,4,17.749119084328413,0.583491986617446,0.8475969079881907,0.6501579191535711,19.83036589808762
53,67.769821947,323,22,6,156,517,8,16.071117017418146,0.5755070596933365,0.7102999370545149,0.6767578888684511,18.03368190303445
54,67.86729479,317,26,2,158,529,12,17.28958892636001,1.3566298875957727,1.0094698518514633,0.646000262349844,20.30168892815709
55,67.9647688,314,26,4,162,536,7,16.14754111506045,4.673029063269496,0.9738439694046974,0.7807807996869087,22.57519494742155
56,68.062242226,312,27,1,163,546,10,18.72582803480327,0.6461101584136486,3.3220199402421713,0.6576208397746086,23.3515789732337
57,68.159715361,313,24,3,166,556,10,18.639767076820135,0.6004439201205969,0.8416359778493643,0.6553770508617163,20.737224025651813
58,68.257190412,310,19,4,170,564,8,23.465211037546396,1.2859981507062912,0.7554339244961739,1.5487386845052242,27.055381797254086
59,68.354663964,307,20,0,170,564,0,15.249138930812478,0.525785144418478,10.94933901913464,0.689258798956871,27.413521893322468
60,68.452137182,324,27,5,175,578,14,19.636342069134116,1.0420212056487799,1.0057431645691395,0.6748226005584002,22.358929039910436
61,68.549610983,322,24,4,179,587,9,16.8115240521729,0.6015261169523001,0.7441130001097918,0.6536226719617844,18.810785841196775
62,68.647085702,320,23,6,185,603,16,16.638380009680986,0.7051599677652121,4.544427851215005,4.617054248228669,26.505022076889873
63,68.74456817,312,35,8,193,656,53,16.005644807592034,0.5699468310922384,0.8383090607821941,0.6095923017710447,18.02349300123751
64,68.842074971,313,23,9,202,672,16,18.195044016465545,0.7256390526890755,1.7477518413215876,0.6541351322084665,21.322570042684674
65,68.939543981,326,30,3,205,679,7,16.399442916736007,0.6346188019961119,0.8104578591883183,0.7007503882050514,18.54526996612549
66,69.036978991,327,33,3,208,694,15,16.331183956936002,0.5668310914188623,0.8386699482798576,0.6475341506302357,18.384219147264957
67,69.134454292,334,32,6,214,714,20,21.677935030311346,1.1480690445750952,0.8947760798037052,0.6760647520422935,24.39684490673244
68,69.231927302,334,26,3,217,718,4,16.003541881218553,0.5952850915491581,0.9294699411839247,0.6364809814840555,18.16477789543569
69,69.329400895,325,24,3,220,730,12,16.946857096627355,0.8453030604869127,0.7663650903850794,0.696543836966157,19.255069084465504
70,69.426895613,325,25,1,221,733,3,16.257717041298747,0.6468810606747866,1.0039489716291428,0.773387961089611,18.681935034692287
71,69.524347706,337,30,6,227,756,23,16.65491098538041,0.9513820987194777,1.5339308883994818,0.7060309872031212,19.84625495970249
72,69.621862966,345,34,7,234,783,27,16.719442093744874,0.5691649857908487,0.7940959185361862,0.7461369968950748,18.828839994966984
73,69.719295434,334,27,2,236,791,8,16.52605994604528,0.5674620624631643,0.7494529709219933,0.6237579509615898,18.466732930392027
74,69.816771319,339,26,3,239,797,6,16.36244310066104,0.7485519163310528,0.7536509074270725,0.926584005355835,18.791229929775
75,69.914250121,335,27,5,244,809,12,15.708058141171932,0.5671018734574318,0.7544818799942732,0.6185681559145451,17.648210050538182
76,70.011761464,336,33,1,245,813,4,16.727808164432645,0.6325040012598038,0.8171601220965385,0.6634718738496304,18.840944161638618
77,70.109190598,331,27,8,253,841,28,17.2062530182302,0.6709159351885319,0.7979739457368851,0.6359012331813574,19.311044132336974
78,70.20666815,325,29,6,259,853,12,15.738375019282103,0.6161639466881752,0.8561629801988602,0.6540531758219004,17.86475512199104
79,70.304185868,337,31,2,261,864,11,16.093058977276087,0.6219849456101656,0.8193938992917538,0.6725082639604807,18.206946086138487
80,70.401613086,331,27,1,262,875,11,18.03062716498971,0.555198872461915,0.7971420418471098,0.628035981208086,20.01100406050682
81,70.499085429,349,23,2,264,882,7,16.96423999965191,0.6198710761964321,0.7351459935307503,0.6321829278022051,18.951439997181296
82,70.596559314,331,27,1,265,882,0,16.635755077004433,0.6294690538197756,0.7910910062491894,0.6451779045164585,18.701493041589856
83,70.694033366,337,21,3,268,889,7,16.336715081706643,0.6588241085410118,0.7339240983128548,0.6673387251794338,18.396802013739944
84,70.791506209,342,23,2,270,894,5,17.35735614784062,0.6160938646644354,0.84699597209692,0.6644430104643106,19.484888995066285
85,70.888980468,349,26,2,272,899,5,16.954752150923014,0.5621821619570255,0.9473031386733055,0.6331056356430054,19.09734308719635
86,70.98645652,341,29,4,276,912,13,17.05056196078658,0.84512191824615,1.3448679819703102,0.697295181453228,19.93784704245627
87,71.083928821,346,31,4,280,930,18,16.987493028864264,0.5654790438711643,1.4104300644248724,0.6655158940702677,19.62891803123057
88,71.181401914,338,34,2,282,944,14,16.999867046251893,0.557824969291687,0.8312868885695934,0.651148147881031,19.040127051994205
89,71.278921799,335,25,1,283,946,2,19.356679171323776,0.6155120208859444,0.7414589636027813,0.7055299356579781,21.41918009147048
90,71.376350226,331,25,4,287,954,8,16.544984886422753,0.5521441344171762,1.3477739412337542,0.6270231679081917,19.071926129981875
91,71.473824111,342,28,4,291,967,13,16.628741985186934,0.713445944711566,0.8437300566583872,0.6535521242767572,18.839470110833645
92,71.571310704,336,25,4,295,984,17,16.13988704048097,0.6141399499028921,0.7042489014565945,0.6233660969883204,18.08164198882878
93,71.66877288,342,23,6,301,994,10,16.78573596291244,0.6346791051328182,0.7073648739606142,1.0434321593493223,19.171212101355195
94,71.766244348,335,28,1,302,1003,9,16.016025096178055,0.5469440948218107,0.7764731999486685,0.6341866683214903,17.973629059270024
95,71.863717733,330,26,3,305,1014,11,16.3321269210428,0.5731829442083836,0.8025621064007282,0.6850031204521656,18.392875092104077
96,71.961192201,323,26,3,308,1030,16,15.832240227609873,0.5803669337183237,0.775802880525589,0.6418218836188316,17.830231925472617
97,72.058665169,341,31,4,312,1037,7,16.67102100327611,0.5548689514398575,0.8411852177232504,0.6326439324766397,18.699719104915857
98,72.156138721,336,27,3,315,1047,10,15.919051831588149,0.5498388782143593,0.7581489626318216,0.624591251835227,17.851630924269557
99,72.253624522,345,32,6,321,1061,14,17.860556952655315,0.5867988802492619,2.197585068643093,0.6109739188104868,21.255914820358157
100,72.35108799,334,27,2,323,1064,3,16.86820015311241,0.5594280082732439,0.8061889093369246,0.974002992734313,19.207820063456893
101,72.44856075,345,25,4,327,1076,12,16.004513017833233,0.5774309393018484,0.7517270278185606,0.6272548343986273,17.96092581935227
102,72.54607576,336,20,0,327,1083,7,16.46302081644535,0.49578817561268806,0.7121730595827103,0.6338970270007849,18.304879078641534
103,72.643516353,328,25,0,327,1085,2,15.775715000927448,0.5103959701955318,0.8054370991885662,0.6381040439009666,17.729652114212513
104,72.740981988,339,26,7,334,1102,17,16.619244124740362,1.7003030516207218,0.7605841383337975,0.8756187744438648,19.955750089138746
105,72.838456789,336,29,4,338,1123,21,15.712396008893847,0.6024378817528486,0.8081530686467886,0.6226561963558197,17.745643155649304
106,72.935929299,334,28,2,340,1126,3,16.268386971205473,0.6103429477661848,0.8003679104149342,0.6744631100445986,18.35356093943119
108,73.130876777,289,27,4,344,1136,10,14.598770998418331,0.5820298101752996,0.8107780013233423,0.6707862485200167,16.66236505843699
109,73.22835212,273,33,7,351,1165,29,14.147286070510745,0.5902049597352743,0.8356738835573196,0.6439762655645609,16.2171411793679
110,73.325825047,279,28,3,354,1174,9,15.244981041178107,0.5619518924504519,0.7651927880942822,0.6383652798831463,17.210491001605988
111,73.423299515,285,30,5,359,1185,11,15.292921103537083,0.5771799478679895,0.7917319890111685,0.6461699958890676,17.30800303630531
112,73.520772941,268,27,4,363,1195,10,13.690682128071785,0.5642871838063002,1.7178768757730722,0.6362989079207182,16.609145095571876
113,73.618246576,272,23,5,368,1204,9,14.245520113036036,0.719096977263689,0.8574849925935268,0.633245101198554,16.455347184091806
114,73.715719919,312,32,13,381,1248,44,16.25019288621843,0.5829108413308859,0.8517641108483076,0.6600560154765844,18.344923853874207
115,73.813193637,342,29,6,387,1272,24,16.72073407098651,0.6250201258808374,0.7948379497975111,0.6678197532892227,18.80841189995408
116,73.910666605,344,29,3,390,1295,23,17.64894090592861,0.612115953117609,0.8099970873445272,0.7125639822334051,19.783617928624153
117,74.008139449,339,32,3,393,1298,3,16.635144129395485,0.568535178899765,0.8172299712896347,0.6296178326010704,18.650527112185955
118,74.105614333,348,33,6,399,1323,25,16.184830805286765,0.602558022364974,0.8399928919970989,0.6551153492182493,18.282497068867087
119,74.203088635,349,34,4,403,1335,12,16.121090855449438,0.5512319039553404,1.0293470695614815,0.6134891882538795,18.31515901722014
120,74.300562645,341,34,2,405,1342,7,16.0007958766073,0.5591369699686766,0.7939061615616083,0.6296189967542887,17.983458004891872
121,74.398035029,351,35,6,411,1366,24,17.64527498744428,0.5988010670989752,0.8093949873000383,0.64701191149652,19.700482953339815
122,74.495509456,343,35,4,415,1376,10,15.852328157052398,0.579295214265585,0.8058079984039068,0.6562885828316212,17.89371995255351
123,74.592982716,345,39,4,419,1390,14,16.381048131734133,0.6172060966491699,0.863006105646491,0.6288357544690371,18.49009608849883
124,74.690459767,351,36,2,421,1402,12,16.998524079099298,0.7784180343151093,1.8250970169901848,0.6602047942578793,20.26224392466247
125,74.787930694,349,30,1,422,1410,8,16.450787894427776,0.5995430983603001,0.9976881556212902,0.6418917328119278,18.689910881221294
126,74.885404245,348,29,3,425,1421,11,16.940725967288017,0.5827308632433414,0.9718199726194143,0.7810511160641909,19.276327919214964
127,74.982878921,344,31,3,428,1428,7,16.82224404066801,0.6333261262625456,0.8538688998669386,0.6416200194507837,18.95105908624828
128,75.080352723,350,29,5,433,1438,10,16.459274105727673,1.3800740707665682,0.8637970313429832,0.7577687501907349,19.46091395802796
129,75.177825524,345,30,7,440,1466,28,15.863840002566576,0.6172950379550457,0.8416359778493643,0.6401780992746353,17.96294911764562
130,75.275338409,363,32,1,441,1469,3,17.295589903369546,0.6078081205487251,0.8464050479233265,0.659584067761898,19.409387139603496
131,75.372774127,350,33,5,446,1490,21,16.32202696055174,0.5992818623781204,0.8426380809396505,0.6399780977517366,18.403925001621246
132,75.470246804,357,32,5,451,1498,8,18.008143873885274,0.5975589156150818,0.7682980503886938,0.910996226593852,20.2849970664829
133,75.567758855,358,29,4,455,1504,6,16.105301212519407,0.5604689940810204,0.7519279606640339,0.6100628525018692,18.02776101976633
134,75.665232698,357,28,2,457,1514,10,16.93711895495653,0.5586259067058563,0.7978230714797974,0.6843812298029661,18.97794916294515
135,75.762668166,352,36,5,462,1535,21,17.013122094795108,0.7749709766358137,1.0189469903707504,1.04487594217062,19.851916003972292
136,75.860142593,352,35,3,465,1551,16,17.03476207330823,0.5991519428789616,0.8119810372591019,0.6485930643975735,19.094488117843866
137,75.957615561,355,35,3,468,1555,4,16.78434293717146,1.5906980261206627,0.7742000743746758,0.7618858944624662,19.911126932129264
138,76.055089488,354,39,5,473,1568,13,16.49527088738978,0.874167075380683,1.1734769213944674,0.6718381773680449,19.214753061532974
139,76.152566497,368,34,3,476,1577,9,17.24042696878314,0.5881411489099264,0.8182020392268896,0.66237966530025,19.309149822220206
140,76.250046549,366,33,8,484,1594,17,17.38824392668903,0.6895607803016901,0.7949979044497013,0.9926585480570793,19.8654611594975
141,76.347509892,358,37,4,488,1603,9,16.853641951456666,0.6603060755878687,0.8874021004885435,0.670695910230279,19.072046037763357
142,76.445005902,357,31,2,490,1616,13,17.92267384007573,0.6546459626406431,0.8105479646474123,1.078157452866435,20.46602522023022
144,76.639932421,348,30,2,492,1624,8,17.00310199521482,0.5937309470027685,0.7540020160377026,0.6303009577095509,18.981135915964842
145,76.737404973,344,33,2,494,1630,6,17.191574908792973,0.7291650399565697,0.8495908696204424,0.6644141394644976,19.434744957834482
146,76.834879733,351,30,2,496,1640,10,16.468781977891922,0.577791128307581,0.7826150394976139,0.6314530037343502,18.460641149431467
147,76.932352492,340,35,5,501,1659,19,19.13283998146653,0.6933179683983326,0.9830701164901257,0.7067830301821232,21.516011096537113
148,77.029826627,345,32,8,509,1683,24,16.23593596741557,0.5844440311193466,0.8142439182847738,0.7309999782592058,18.365623895078897
149,77.127301262,342,34,0,509,1685,2,16.391276847571135,0.5282789934426546,0.9354709181934595,0.7026060484349728,18.55763280764222
150,77.22477498,343,29,3,512,1698,13,16.619113041087985,0.5572938825935125,0.7773148827254772,0.6193702574819326,18.573092063888907
151,77.322248115,340,27,2,514,1709,11,16.21424499899149,0.5988709162920713,1.4354279264807701,0.6948311347514391,18.94337497651577
152,77.419723125,358,26,3,517,1719,10,16.60194108262658,0.6758049130439758,0.8529871702194214,0.6695238407701254,18.800257006660104
153,77.517196759,345,29,4,521,1728,9,16.869913088157773,0.911938026547432,1.2863681185990572,0.6425927858799696,19.71081201918423
154,77.614670061,331,28,1,522,1736,8,16.028717858716846,0.6267230492085218,0.8320980705320835,0.6533639971166849,18.140902975574136
155,77.712143654,327,30,4,526,1741,5,16.4890899322927,0.6529530510306358,0.8051171898841858,0.9168959222733974,18.86405609548092
156,77.809616997,345,20,1,527,1746,5,16.30614697933197,0.579815823584795,0.713936984539032,0.6239882204681635,18.22388800792396
157,77.907091882,333,26,6,533,1760,14,16.13147114403546,0.5676830187439919,0.7620169781148434,0.615712022408843,18.076883163303137
158,78.004564225,336,26,4,537,1777,17,16.559661831706762,0.5914270877838135,0.8351930882781744,0.6274459883570671,18.613727996125817
159,78.102050443,335,25,0,537,1779,2,16.878940165042877,0.48732198774814606,0.7337229326367378,0.6305009592324495,18.73048604466021
160,78.199511495,342,25,4,541,1792,13,15.87925897911191,0.5715901497751474,0.6897309795022011,0.6198298651725054,17.760409973561764
161,78.296986171,331,24,1,542,1795,3,17.276514088734984,0.5637160502374172,0.7219621911644936,0.6351375486701727,19.197329878807068
162,78.394512223,339,23,3,545,1805,10,16.43763412721455,0.5686450749635696,0.7122440729290247,0.6194387096911669,18.337961984798312
163,78.491933857,338,26,2,547,1812,7,15.910486923530698,0.5632650572806597,0.8029930759221315,0.6157117895781994,17.89245684631169
164,78.58940695,345,26,3,550,1821,9,16.45129988901317,0.5676120053976774,0.8034440688788891,0.6142898928374052,18.436645856127143
165,78.686880127,343,28,1,551,1832,11,16.074124025180936,0.583983026444912,0.7667150348424911,0.6176859606057405,18.04250804707408
166,78.784355012,338,20,2,553,1838,6,15.907532069832087,0.7447940297424793,0.6920259911566973,0.6319719832390547,17.976324073970318
168,78.979302281,346,25,5,558,1850,12,16.195541014894843,0.5891029722988605,0.7337341085076332,0.6445457693189383,18.162923865020275
169,79.076777374,353,29,6,564,1873,23,16.055257990956306,0.565909082069993,0.8490490727126598,0.7622179109603167,18.232434056699276
170,79.174248843,333,27,3,567,1882,9,15.80728404223919,0.5937421228736639,0.846365001052618,0.6527297664433718,17.900120932608843
171,79.271722602,335,37,4,571,1895,13,15.765295131132007,0.5805969703942537,0.8494798094034195,0.6269640289247036,17.822335939854383
172,79.369197071,327,28,2,573,1901,6,15.51625900901854,0.6226759869605303,0.7841680198907852,0.6455180700868368,17.568621085956693
173,79.466670914,346,29,0,573,1914,13,17.300199018791318,1.1561850551515818,0.9964259807020426,0.8721810299903154,20.324991084635258
174,79.564147382,325,24,5,578,1922,8,16.008130041882396,0.5957558751106262,0.6792808417230844,0.6745820865035057,17.957748845219612
175,79.661618017,324,23,4,582,1929,7,16.20076014660299,0.6000332068651915,0.7230429910123348,0.6542657501995564,18.17810209468007
176,79.759092151,326,20,2,584,1932,3,15.765065094456077,0.5500700790435076,0.6896308623254299,0.7331420201808214,17.737908056005836
177,79.856567411,330,22,5,589,1942,10,16.238630982115865,0.5758379120379686,0.7201980333775282,0.6501080933958292,18.18477502092719
178,79.954040088,336,25,1,590,1949,7,16.06692001223564,0.5901949480175972,0.7431209087371826,0.6498862057924271,18.05012207478285
179,80.051513806,312,22,9,599,1969,20,15.461907023563981,0.5689549725502729,1.0187369771301746,0.670204870402813,17.71980384364724
180,80.148987316,309,18,1,600,1970,1,16.49229507893324,0.6369419861584902,0.7350258529186249,0.8170309010893106,18.681293819099665
181,80.246460409,313,16,0,600,1975,5,15.459501883015037,1.1906989384442568,1.0924148373305798,0.7033974397927523,18.446013098582625
182,80.343972752,304,18,0,600,1977,2,14.940371038392186,0.4799282178282738,0.7365688215941191,0.6326937582343817,16.78956183604896
183,80.441408512,294,16,1,601,1980,3,14.924531104043126,0.5803471431136131,0.7154399063438177,0.7282719016075134,16.94859005510807
184,80.538882313,289,21,2,603,1984,4,15.068360138684511,0.6933179683983326,0.7256788667291403,1.2064881157130003,17.693845089524984
185,80.636356573,279,21,4,607,1992,8,13.707332080230117,0.5800859071314335,0.7289750501513481,0.6627198308706284,15.679112868383527
187,80.831306801,223,16,2,609,1999,7,12.215589173138142,0.6061249878257513,0.6686009000986814,0.6363228894770145,14.126637950539589
188,80.928780227,211,17,1,610,2003,4,11.393601074814796,0.6004441529512405,0.7155491039156914,0.661968719214201,13.37156305089593
189,81.026253445,218,13,1,611,2006,3,12.773352907970548,1.0198191739618778,0.742610078305006,0.6756058428436518,15.211388003081083
190,81.123725288,220,14,2,613,2008,2,12.137794168666005,0.6166747771203518,0.6906830240041018,0.6427131593227386,14.087865129113197
191,81.221197423,219,13,1,614,2016,8,14.05943208374083,0.7146981079131365,0.6895200349390507,0.6784999277442694,16.142150154337287
192,81.318671766,227,10,0,614,2017,1,12.585602002218366,0.5621120799332857,0.685954000800848,0.6617300678044558,14.495398150756955
193,81.416145568,256,9,0,614,2020,3,14.034664956852794,0.5067989695817232,0.6828589830547571,0.650336965918541,15.874659875407815
194,81.513620244,254,10,3,617,2026,6,14.114364050328732,0.5848950240761042,0.6662867963314056,0.6660381332039833,16.031584003940225
195,81.611082296,274,14,2,619,2034,8,13.73487408272922,0.6023680325597525,0.6672500167042017,0.9811348281800747,15.98562696017325
196,81.708556431,273,15,2,621,2041,7,15.288232127204537,0.8354340679943562,0.9433561936020851,0.8815096225589514,17.94853201135993
197,81.806030399,267,10,1,622,2046,5,13.856822159141302,0.573975034058094,0.6967340596020222,0.6605468224734068,15.788078075274825
198,81.903503033,275,7,0,622,2046,0,14.238616917282343,0.5436770152300596,0.7425500079989433,0.6611780263483524,16.1860219668597
199,82.00096896,278,12,4,626,2056,10,13.815745012834668,0.6151918787509203,0.6842911243438721,0.6460500881075859,15.761278104037046
200,82.098449386,282,11,0,626,2061,5,14.48410702869296,0.48996787518262863,0.6962839979678392,0.6298772059381008,16.30023610778153
201,82.195914188,303,9,0,626,2063,2,15.637246193364263,0.4951469600200653,0.6874168757349253,0.6562978960573673,17.47610792517662
202,82.293399656,294,9,1,627,2066,3,14.618769055232406,0.5750870332121849,0.7112720049917698,0.6843297742307186,16.58945786766708
204,82.488324926,279,10,2,629,2073,7,13.867862056940794,0.5790740251541138,0.6537239532917738,0.639206962659955,15.739866998046637
205,82.585842935,296,8,1,630,2074,1,15.046579064801335,0.6149520631879568,0.7157500367611647,0.646048691123724,17.02332985587418
206,82.683273445,270,10,2,632,2082,8,14.301635092124343,0.6399690173566341,0.7462569046765566,0.6487229838967323,16.336583998054266
207,82.780746038,277,14,0,632,2088,6,15.385994920507073,0.6171250715851784,0.769119942560792,0.7948479615151882,17.567087896168232
208,82.878265923,273,13,1,633,2092,4,13.40897404588759,0.5575839895755053,0.6810859777033329,0.611183000728488,15.258827013894916
209,82.975694058,251,11,1,634,2094,2,12.917163083329797,2.144784899428487,0.6906329654157162,0.9340890683233738,16.686670016497374
210,83.073167443,269,14,4,638,2107,13,13.584221946075559,0.6125569343566895,0.7413369603455067,0.6287381984293461,15.5668540392071
211,83.170640702,256,13,1,639,2114,7,13.76815582625568,0.6355999503284693,0.7282840088009834,0.6498661823570728,15.781905967742205
212,83.268115962,251,17,3,642,2124,10,13.475016923621297,0.5492791533470154,0.6823879666626453,0.6227740086615086,15.329458052292466
213,83.365589847,240,15,0,642,2125,1,12.793980771675706,0.4742378368973732,0.6832599174231291,0.6319833919405937,14.583461917936802
214,83.46306194,223,13,2,644,2132,7,13.295741053298116,0.595704885199666,0.730366911739111,0.6427140906453133,15.264526940882206
215,83.560536658,229,11,3,647,2142,10,12.165023945271969,0.5685950163751841,0.6831691134721041,0.6765369325876236,14.09332500770688
216,83.658010751,221,12,3,650,2145,3,12.382360873743892,0.8110590279102325,0.7708629127591848,0.7046291138976812,14.66891192831099
217,83.755491595,217,9,0,650,2145,0,12.004774995148182,0.5104560405015945,2.0839418284595013,0.6379331462085247,15.237106010317802
218,83.852958104,226,10,2,652,2153,8,13.041666010394692,0.6262229289859533,0.7126550190150738,0.6536021828651428,15.034146141260862
219,83.950431114,248,5,2,654,2156,3,14.858026057481766,0.9143520146608353,0.7196071092039347,0.7217107340693474,17.213695915415883
221,84.145379634,259,8,2,656,2164,8,13.47332401201129,0.5725808441638947,1.821751007810235,0.6472531240433455,16.514908988028765
222,84.242852519,264,8,2,658,2170,6,13.379598967730999,0.6143099162727594,0.7046388927847147,0.6439064163714647,15.342454193159938
223,84.340326653,259,10,1,659,2173,3,13.49193905480206,0.6194990128278732,0.7046589162200689,0.6522319745272398,15.468328958377242
224,84.43780008,268,9,3,662,2181,8,14.31625196710229,0.5989919882267714,0.724035082384944,0.6554669234901667,16.29474596120417
225,84.535319548,274,9,1,663,2182,1,13.696933165192604,0.5611400119960308,0.6492750253528357,0.6138898897916079,15.521238092333078
226,84.632747058,261,8,2,665,2186,4,13.325267005711794,0.7782469037920237,1.0366111528128386,0.660075107589364,15.80020016990602
227,84.730220609,249,14,2,667,2200,14,12.964972062036395,0.6063748151063919,0.7028649561107159,0.6267852149903774,14.90099704824388
228,84.827749286,251,11,4,671,2217,17,12.86009605973959,0.581518979743123,0.7135260384529829,0.6359699182212353,14.791110996156931
229,84.925169462,269,12,0,671,2224,7,13.44824698753655,0.48561906442046165,0.672187888994813,0.6292690522968769,15.235322993248701
230,85.022642847,261,8,0,671,2224,0,13.205543160438538,0.4911499563604593,0.6746829021722078,0.6126060616225004,14.983982080593705
231,85.120116982,243,9,1,672,2226,2,13.008674839511514,1.4948088210076094,0.9598869364708662,0.7474992889910936,16.210869885981083
232,85.217630158,252,9,2,674,2227,1,13.788734097033739,0.6707259453833103,0.6902620662003756,0.6400188431143761,15.789740951731801
233,85.315065168,255,11,1,675,2231,4,13.314166106283665,0.6676299963146448,0.6967051886022091,1.1786858085542917,15.85718709975481
234,85.412538136,244,10,2,677,2239,8,12.560365023091435,0.6109238602221012,0.7034270092844963,0.6297992076724768,14.50451510027051
235,85.510010479,249,12,1,678,2249,10,14.137456892058253,0.7138059008866549,0.672769034281373,0.7233761716634035,16.247407998889685
236,85.607483697,240,13,2,680,2255,6,12.479783967137337,1.3778088614344597,3.363867988809943,0.9603481739759445,18.181808991357684
237,85.704959874,243,11,0,680,2256,1,12.264240067452192,0.4745279438793659,1.1390619911253452,0.6569710094481707,14.534801011905074
239,85.89990506,244,10,2,682,2263,7,12.999506900086999,1.4068139716982841,0.7300961297005415,0.9127489756792784,16.049165977165103
240,85.997378986,237,12,1,683,2265,2,12.53677997738123,0.7024849765002728,1.1711630504578352,0.8514341898262501,15.261862194165587
241,86.09485383,246,7,1,684,2268,3,13.5419019497931,0.5822100210934877,0.6554469000548124,0.6414721719920635,15.421031042933464
242,86.192327048,243,13,2,686,2273,5,13.168604113161564,0.6724789272993803,0.7382018957287073,0.6897000130265951,15.268984949216247
243,86.289801183,246,11,2,688,2280,7,13.107469072565436,0.5753568839281797,0.6971149705350399,0.6679908838123083,15.047931810840964
244,86.387275734,246,14,2,690,2287,7,12.829948915168643,1.3317528646439314,0.7003918290138245,0.8401533123105764,15.702246921136975
245,86.484747994,242,12,2,692,2293,6,12.703012209385633,0.5512419156730175,0.666347797960043,0.6241570226848125,14.544758945703506
246,86.58222292,236,14,0,692,2294,1,13.276705984026194,0.5767999682575464,0.7197980303317308,0.765583012253046,15.338886994868517
247,86.679737972,243,13,2,694,2298,4,13.264823006466031,0.6135690491646528,0.6748840678483248,0.6715869531035423,15.224863076582551
248,86.777169315,236,11,0,694,2301,3,12.186544947326183,0.7059909403324127,0.9753960184752941,0.8535289671272039,14.721460873261094
249,86.874684616,240,12,2,696,2308,7,13.96829984150827,2.135908929631114,1.084259944036603,0.6900923326611519,17.878561047837138
250,86.972117626,239,13,1,697,2315,7,15.612568939104676,0.9408020414412022,0.942454906180501,0.9920252487063408,18.48785113543272
251,87.069590386,242,16,4,701,2320,5,13.054670067504048,0.657430849969387,0.760805094614625,0.6676390767097473,15.140545088797808
253,87.26453928,246,8,3,704,2326,6,12.694336008280516,0.5744860973209143,0.6852929946035147,0.6283959373831749,14.58251103758812
254,87.36201254,221,12,3,707,2343,17,12.032696045935154,0.5458020605146885,1.062809955328703,0.6124270148575306,14.253735076636076
255,87.459486883,230,12,1,708,2348,5,12.592685874551535,0.5669309757649899,0.7313988171517849,0.6294082850217819,14.520423952490091
256,87.556998852,226,13,1,709,2356,8,12.110683135688305,0.5904152058064938,0.6850729696452618,0.6680898368358612,14.054261147975922
257,87.654434486,229,14,1,710,2359,3,12.780627002939582,0.6593840662389994,0.7072337903082371,0.6288180593401194,14.776062918826938
258,87.751908788,213,10,0,710,2359,0,11.726984055712819,0.48967613838613033,0.6443760357797146,0.6311126053333282,13.492148835211992
259,87.849381839,175,13,2,712,2361,2,10.709990048781037,0.8454420603811741,1.115748891606927,1.0196599178016186,13.690840918570757
260,87.946858307,208,13,2,714,2362,1,11.73024089075625,0.9177180472761393,0.7536108605563641,0.9493173565715551,14.350887155160308
261,88.044362484,191,14,2,716,2365,3,11.794982012361288,0.593279954046011,1.3433350250124931,0.6767581216990948,14.408355113118887
262,88.141803577,178,11,2,718,2373,8,10.959949111565948,0.6574408616870642,1.0944090317934752,0.686184037476778,13.397983042523265
263,88.239277045,172,8,0,718,2373,0,10.521527845412493,0.5793441087007523,0.7158101070672274,0.6552569102495909,12.471938971430063
264,88.336752638,179,8,0,718,2374,1,11.73549098894,0.6984570063650608,0.836254796013236,0.6272553000599146,13.897458091378212
265,88.434223898,183,9,1,719,2380,6,10.441858088597655,0.5661400500684977,0.6911139935255051,0.6493658293038607,12.348477961495519
267,88.629170501,217,5,2,721,2386,6,12.249953811988235,0.6201909855008125,0.6595151498913765,0.6475320551544428,14.177192002534866
268,88.726646177,227,11,5,726,2400,14,13.595532858744264,0.6057939026504755,0.7129439618438482,0.6506894715130329,15.56496019475162
269,88.824123896,244,9,0,726,2404,4,12.821062002331018,0.5113671068102121,0.6720679812133312,0.6374150980263948,14.641912188380957
270,88.921592197,243,9,2,728,2405,1,13.113751076161861,0.6000630091875792,0.7114820182323456,0.6483139004558325,15.073610004037619
271,89.019067373,231,9,2,730,2410,5,13.124932069331408,0.6371529307216406,0.6917649880051613,0.6516699213534594,15.105519909411669
272,89.116540175,225,9,0,730,2413,3,12.62167887762189,0.8422678802162409,1.511099049821496,0.6902420427650213,15.665287850424647
273,89.214014685,214,6,0,730,2413,0,12.453313916921616,0.8528458420187235,0.6847719196230173,0.6318632513284683,14.622794929891825
274,89.311487069,226,7,3,733,2422,9,11.955281952396035,0.5694660358130932,0.6650350987911224,0.622304854914546,13.812087941914797
275,89.408960913,236,7,1,734,2426,4,12.464294908568263,0.5871891044080257,0.678901094943285,0.6213439628481865,14.35172907076776
276,89.506435214,234,5,0,734,2426,0,12.457833159714937,0.5177787970751524,0.6878578569740057,0.6402090657502413,14.303678879514337
277,89.603908432,226,8,0,734,2428,2,12.2521270532161,0.5075298249721527,0.7727360352873802,0.6401301361620426,14.172523049637675
278,89.701384484,225,7,1,735,2433,5,12.918555177748203,0.5633549299091101,0.671817921102047,0.6150908302515745,14.768818859010935
279,89.798855285,235,12,3,738,2442,9,12.682121945545077,0.8649891242384911,0.9465920738875866,2.7880507986992598,17.281753942370415
280,89.896331003,237,12,0,738,2443,1,12.747676111757755,0.6117259617894888,0.6837800610810518,0.634295865893364,14.67747800052166
282,90.091277439,219,8,3,741,2452,9,12.81560305505991,0.645308056846261,0.7323108147829771,0.7556451018899679,14.948867028579116
283,90.188752949,226,6,1,742,2455,3,12.314925901591778,0.6842210423201323,0.6488640792667866,0.6310718599706888,14.279082883149385
284,90.286225959,232,6,2,744,2458,3,13.551410054787993,0.6812149658799171,0.6847919430583715,0.6321640685200691,15.549581032246351
285,90.383698177,240,9,1,745,2465,7,12.726855929940939,1.2562510091811419,1.1357071343809366,0.889776973053813,16.00859104655683
286,90.481171562,237,8,1,746,2470,5,12.764617102220654,0.6097410805523396,0.7513058371841908,0.622136052697897,14.747800072655082
287,90.578646197,229,9,2,748,2477,7,12.620266992598772,0.5656189750880003,0.7287340704351664,0.5977589171379805,14.51237895525992
288,90.676158082,229,8,2,750,2480,3,12.102406937628984,0.5763389635831118,0.7499540224671364,0.6668479181826115,14.095547841861844
289,90.773592258,233,12,1,751,2487,7,12.42685504257679,0.6351289339363575,0.7740291766822338,0.8055879734456539,14.641601126641035
290,90.871067643,230,9,1,752,2492,5,12.007358949631453,0.6049731746315956,0.716320937499404,0.643434002995491,13.972087064757943
291,90.968541653,234,8,0,752,2493,1,12.819800060242414,0.6444968748837709,1.1761020869016647,0.6938979495316744,15.334296971559525
292,91.066013537,223,6,0,752,2493,0,11.777099221944809,0.507500022649765,0.817169900983572,0.6917139980942011,13.793483143672347
294,91.260970807,239,7,3,755,2499,6,12.284557800740004,0.6088598165661097,0.7290651556104422,0.6450980436056852,14.26758081652224
295,91.358436275,229,6,2,757,2506,7,12.996330857276917,1.1010810267180204,0.7275920361280441,0.6444770842790604,15.469481004402041
296,91.45591141,237,7,0,757,2506,0,12.705565895885229,0.967472093179822,1.1142061557620764,0.6904527544975281,15.477696899324656
297,91.553383753,236,10,3,760,2511,5,12.629785109311342,0.6392670329660177,0.7327620405703783,0.6761846598237753,14.677998842671514
298,91.650856013,237,7,0,760,2515,4,12.243472039699554,0.5363640375435352,0.7126340642571449,0.6383247673511505,14.130794908851385
299,91.748330606,223,11,0,760,2518,3,12.750992085784674,0.48935599625110626,0.7110210135579109,0.6904618348926306,14.641830930486321
300,91.845804782,240,5,1,761,2520,2,12.779875891283154,0.5950839258730412,0.7029459811747074,0.6492552347481251,14.727161033079028
301,91.943277751,232,9,3,736,2531,11,12.063023168593645,0.7547428831458092,1.0526110418140888,0.6781697738915682,14.548546867445111
302,92.040752635,233,9,3,739,2538,7,12.425021035596728,0.5897239316254854,0.6873270031064749,0.6157928146421909,14.31786478497088
303,92.138266312,243,7,0,739,2542,4,13.199601089581847,0.47361617907881737,0.6774980574846268,0.6182687357068062,14.968984061852098
304,92.235699988,243,11,1,740,2544,2,12.691951123997569,0.7437621243298054,0.6918150465935469,0.6621796637773514,14.789707958698273
305,92.33317504,233,11,1,741,2546,2,11.937128147110343,0.5835220217704773,1.5254360623657703,0.6439557764679193,14.69004200771451
307,92.528120143,233,10,2,743,2554,8,12.180614052340388,0.551281962543726,0.670294975861907,0.6195700261741877,14.021761016920209
308,92.625600527,244,8,1,744,2556,2,13.24378396384418,1.0661960113793612,0.6889300420880318,0.6359501276165247,15.634860144928098
309,92.723068746,225,8,2,746,2562,6,11.98106980882585,0.605202978476882,0.7314388640224934,0.6258634384721518,13.943575089797378
310,92.820541339,225,12,1,747,2567,5,12.643480207771063,0.559717882424593,0.68132602609694,0.6592138670384884,14.543737983331084
311,92.91806639,229,10,1,748,2572,5,12.00584601610899,0.5747659597545862,0.6988090462982655,0.6214329041540623,13.900853926315904
312,93.015490567,215,10,2,750,2582,10,12.154144002124667,1.0805430356413126,0.925722997635603,0.6553858984261751,14.815795933827758
313,93.112963951,227,14,1,751,2588,6,12.693803990259767,0.5547490436583757,0.7170131430029869,0.6314418278634548,14.597008004784584
314,93.210435961,218,9,0,751,2588,0,12.040721951052547,0.5307730752974749,0.6956921424716711,0.6319738458842039,13.899161014705896
315,93.307911846,209,10,3,754,2592,4,11.519696097820997,0.5912270862609148,0.6911139935255051,0.6542948540300131,13.45633203163743
316,93.405384814,205,10,1,755,2596,4,12.336015002802014,0.8940729312598705,1.0334348771721125,0.7023152429610491,14.965838054195046
317,93.502915366,181,7,1,756,2597,1,10.828062193468213,0.6170650012791157,0.6887488998472691,0.7294458337128162,12.863321928307414
318,93.600333125,182,13,1,757,2606,9,11.215436039492488,0.5710399709641933,0.6870459765195847,0.6490950472652912,13.122617034241557
319,93.697804969,183,10,2,759,2612,6,10.927808005362749,0.607798108831048,0.7147281430661678,0.7080156356096268,12.958349892869592
321,93.89275328,170,10,4,763,2618,6,10.372919030487537,0.571839977055788,0.7196569349616766,0.6602371577173471,12.32465310022235
322,93.990236123,171,7,1,764,2623,5,11.298211989924312,0.8881532121449709,0.6720679812133312,0.6889288779348135,13.547362061217427
323,94.087700716,182,5,0,764,2623,0,10.655588936060667,0.47601107507944107,0.6590939592570066,0.6076870486140251,12.39838101901114
324,94.185175726,211,7,1,765,2630,7,12.646396178752184,0.5968271289020777,0.697525916621089,0.6287868600338697,14.56953608430922
325,94.282648777,227,5,2,767,2635,5,12.069215066730976,0.5475450307130814,0.8040359243750572,0.6090491078794003,14.029845129698515
326,94.380121495,232,5,0,767,2635,0,12.503527803346515,0.4849580582231283,0.6713159382343292,0.6632923614233732,14.323094161227345
327,94.477635089,216,7,0,767,2635,0,12.157200137153268,0.4900170024484396,0.7609340827912092,0.9310038294643164,14.339155051857233
328,94.57507014,223,5,2,769,2637,2,13.714635977521539,0.5631041713058949,0.6556878797709942,0.6325328722596169,15.565960900858045
329,94.672543483,212,7,2,771,2646,9,11.33950799703598,0.5497189704328775,0.6597160827368498,0.63655199483037,13.185495045036077
330,94.770016785,217,8,0,771,2648,2,12.129578040912747,0.4719230346381664,0.6643440574407578,0.626913970336318,13.89275910332799
331,94.867490336,210,5,0,771,2650,2,11.960492003709078,0.4967399872839451,0.6546759977936745,0.6918148137629032,13.8037228025496
332,94.964963596,206,9,2,773,2658,8,12.125680921599269,0.5654089618474245,0.6804738659411669,0.6611673161387444,14.032731065526605
334,95.159914532,212,8,3,776,2663,5,12.23305193707347,0.8763100486248732,0.7109509315341711,0.623777974396944,14.444090891629457
335,95.257387375,216,8,1,777,2666,3,11.951895896345377,0.5828009452670813,0.6850219797343016,0.6503972690552473,13.870116090402007
336,95.354860468,205,7,1,778,2672,6,11.664407094940543,0.5685649812221527,0.6701448000967503,0.7059010677039623,13.609017943963408
337,95.452333603,209,7,2,780,2679,7,11.13470597192645,0.5758781917393208,0.7054808083921671,0.6805439479649067,13.096608920022845
338,95.549808488,204,8,1,781,2687,8,10.922268033027649,0.5692560225725174,0.6933379918336868,0.6296590436249971,12.81452109105885
339,95.647279706,206,6,1,782,2690,3,11.890780879184604,1.0838690213859081,0.7690901402384043,0.6470109801739454,14.390751020982862
340,95.744753466,212,5,2,784,2694,4,12.003391981124878,0.6035601254552603,0.7005310617387295,0.6455688271671534,13.953051995486021
341,95.842227601,210,6,1,785,2698,4,11.442712042480707,0.5752469878643751,0.722602941095829,0.6516901776194572,13.392252149060369
342,95.93970211,216,8,0,785,2698,0,11.675758985802531,1.4662151224911213,1.1620549485087395,0.8021509274840355,15.106179984286427
343,96.03717712,204,8,1,786,2701,3,11.075495043769479,0.5490581970661879,0.6642239168286324,0.6510678213089705,12.93984497897327
344,96.134648505,212,8,1,787,2703,2,11.389351915568113,0.6576708983629942,0.7611049804836512,0.6698851939290762,13.478012988343835
346,96.329596941,205,9,3,790,2716,13,11.629001004621387,0.5826109554618597,0.6478631403297186,0.6095410790294409,13.469016179442406
347,96.427070201,208,9,1,791,2722,6,12.1313720010221,0.633555930107832,0.708115054294467,0.8428681176155806,14.31591110303998
348,96.524543669,209,4,0,791,2722,0,11.616627918556333,0.5200828891247511,0.986345810815692,0.62539242208004,13.748449040576816
349,96.622057429,203,8,1,792,2724,2,12.08419306203723,0.568324001505971,0.6865749601274729,0.6593549624085426,13.998446986079216
350,96.719530397,202,6,1,793,2726,2,11.741621885448694,0.5534959491342306,0.6405890453606844,0.6118651945143938,13.547572074458003
351,96.816965157,207,4,0,793,2726,0,11.308701010420918,0.49314298667013645,0.6916550919413567,0.6404588930308819,13.133957982063293
352,96.914439042,204,6,0,793,2726,0,11.405381839722395,1.2783128768205643,0.8723030332475901,1.1678372975438833,14.723835047334433
353,97.011913302,201,5,1,794,2728,2,11.021503945812583,0.5426360294222832,0.6381249986588955,0.6228350102901459,12.825099984183908
354,97.109387103,198,8,0,794,2729,1,10.87987795472145,0.5603188183158636,0.708205858245492,0.6643044762313366,12.812707107514143
355,97.206861238,205,12,3,797,2739,10,11.744688032194972,0.7519179489463568,1.0782289318740368,0.6459981668740511,14.220833079889417
356,97.304335081,208,9,1,798,2741,2,12.014762964099646,0.5594668909907341,0.6586830131709576,0.6314930506050587,13.864405918866396
359,97.596756902,211,6,2,800,2747,6,11.44043798558414,0.636732205748558,0.9341291151940823,0.9493166580796242,13.960615964606404
360,97.694228787,207,6,2,802,2751,4,11.1406568903476,0.5553700029850006,0.6620800122618675,0.6433632224798203,13.001470128074288
361,97.791744172,206,6,2,804,2755,4,11.874921154230833,0.5669619422405958,0.6523008923977613,0.6886089686304331,13.782792957499623
362,97.889177265,212,10,1,805,2756,1,11.879849946126342,0.5747659597545862,0.682587968185544,0.6150321569293737,13.752236030995846
363,97.986689024,212,8,1,806,2760,4,11.050908826291561,0.6044120527803898,0.7033869624137878,0.6425920873880386,13.001299928873777
364,98.084123868,206,10,2,808,2771,11,11.490300996229053,0.6152309942990541,0.7124741096049547,0.6756859365850687,13.49369203671813
365,98.181639919,191,10,1,809,2776,5,11.59003796055913,0.7147579453885555,0.7076750043779612,0.643374165520072,13.655845075845718
366,98.279072179,190,9,2,811,2783,7,10.791983921080828,0.5716700106859207,0.6657559424638748,0.6451380904763937,12.674547964707017
367,98.376544272,182,6,1,812,2783,0,10.631502838805318,0.5991710349917412,0.7150978781282902,0.9869302157312632,12.932701967656612
368,98.474019907,189,9,0,812,2787,4,11.690275045111775,0.5504901055246592,0.7082559168338776,0.7050407584756613,13.654061825945973
369,98.571497458,189,9,3,815,2792,5,10.900917928665876,0.6510291714221239,0.7153688929975033,1.0857919696718454,13.353107962757349
371,98.766442644,171,6,0,815,2794,2,11.073741130530834,0.5033430643379688,0.7079748902469873,0.6209819111973047,12.906040996313095
372,98.863914988,160,9,2,817,2797,3,10.098825907334685,1.4359380584210157,0.7175731007009745,0.7337338756769896,12.986070942133665
373,98.961387206,155,8,0,817,2797,0,9.938244940713048,0.5588969215750694,1.7857030034065247,0.7808923255652189,13.063737191259861
374,99.058861507,158,11,2,819,2801,4,10.31468017026782,0.580216059461236,0.6992390844970942,0.9365137666463852,12.530649080872536
375,99.1563361,154,10,2,821,2807,6,10.472496040165424,0.5572231020778418,0.6479029543697834,0.6375538650900126,12.315175961703062
376,99.253808318,139,10,1,822,2815,8,9.424905059859157,0.6003340240567923,0.6993990391492844,0.6505078636109829,11.375145986676216
377,99.35128362,147,17,3,825,2836,21,9.697816101834178,1.153358956798911,0.7238059770315886,0.6401669234037399,12.215147959068418
378,99.44875738,151,9,1,826,2843,7,10.461485013365746,0.5586959887295961,0.6667880807071924,0.6586429663002491,12.345612049102783
379,99.546233098,166,9,1,827,2845,2,10.292538907378912,0.5951840430498123,0.762067036703229,0.6733110640197992,12.323101051151752
380,99.643705524,192,8,1,828,2847,2,11.408028192818165,0.5913369823247194,0.6933980621397495,0.6504068151116371,13.343170052394271
382,99.838651294,200,8,3,831,2855,8,11.900007957592607,0.5764691159129143,0.7327720522880554,0.6438458804041147,13.853095006197691
383,99.936125012,201,7,1,832,2856,1,12.875895015895367,0.6823570001870394,0.7566669955849648,0.7946367841213942,15.109555795788765
384,100.033598813,207,7,1,833,2861,5,11.208903975784779,0.7014828734099865,0.6520708557218313,0.6247204728424549,13.187178177759051
385,100.13107349,201,8,0,833,2864,3,11.500389780849218,0.47073187306523323,0.6600958295166492,0.6147504318505526,13.245967915281653
386,100.228547333,205,6,0,833,2864,0,12.345701921731234,0.9238000493496656,0.665545929223299,0.6345582660287619,14.56960616633296
387,100.32602076,198,5,1,834,2866,2,11.861386010423303,0.5570529028773308,0.6457290146499872,0.6113131530582905,13.675481081008911
388,100.423496269,192,12,3,837,2877,11,10.890919016674161,0.5504598375409842,0.9625719394534826,0.6081392057240009,13.012089999392629
389,100.52096748700001,193,11,3,840,2885,8,11.696195928379893,0.5607290659099817,0.6971149705350399,0.6700060330331326,13.624045997858047
390,100.618448664,192,13,2,842,2895,10,11.86278904788196,0.5816689226776361,0.7662540301680565,0.6445571780204773,13.85526917874813
391,100.71595159,188,11,1,843,2897,2,11.34798489511013,0.5917679518461227,0.687476946040988,0.6401182617992163,13.267348054796457
392,100.813388183,197,12,4,847,2906,9,11.787227122113109,0.5810379516333342,0.7073238957673311,0.6582420319318771,13.733831001445651
393,100.910866568,194,14,2,849,2921,15,11.42585021443665,0.5603290628641844,0.7640100084245205,0.6438456475734711,13.394034933298826
394,101.008336703,202,14,3,852,2934,13,11.606517946347594,0.9151429403573275,0.7121330127120018,0.7860630284994841,14.019856927916408
396,101.203284973,203,19,8,860,2964,30,11.985698016360402,1.062729861587286,0.6796729285269976,0.8215673733502626,14.549668179824948
397,101.300758774,202,23,5,865,2985,21,11.706745950505137,0.6096509750932455,0.9362830314785242,0.6374241784214973,13.890104135498405
398,101.398231367,198,16,3,868,2992,7,12.199219083413482,0.5828309804201126,0.723093980923295,0.643573934212327,14.148717978969216
399,101.495705627,192,19,1,869,2997,5,11.44321309402585,0.5983300507068634,0.7275121752172709,0.6585426162928343,13.427597936242819
400,101.593178803,171,18,3,872,2999,2,10.375563986599445,0.6157229654490948,0.7657927926629782,0.6226561963558197,12.379735941067338
401,101.690658022,166,19,2,874,3004,5,12.829397106543183,1.590526895597577,0.7218520622700453,0.9422749280929565,16.084050992503762
402,101.788128073,168,18,4,878,3010,6,10.512400884181261,0.5749959964305162,0.6946800276637077,0.6732409819960594,12.455317890271544
403,101.885600416,176,16,1,879,3011,1,10.87299594655633,0.6615589372813702,0.7061220239847898,0.6508179940283298,12.89149490185082
404,101.983075301,172,14,4,883,3015,4,10.366488015279174,0.5615719128400087,0.6554168649017811,0.6093692500144243,12.192846043035388
406,102.178021446,206,17,3,886,3026,11,11.447039898484945,0.5729829426854849,0.6958830635994673,0.6230662111192942,13.338972115889192
407,102.275495039,239,12,2,888,3033,7,13.222903944551945,0.7093180902302265,0.7677772082388401,0.7374407723546028,15.437440015375614
408,102.373013674,265,22,8,896,3061,28,13.585622888058424,0.6036600098013878,0.7387429941445589,0.6528629455715418,15.580888837575912
409,102.470453975,293,24,8,904,3087,26,14.771253103390336,0.5751368589699268,0.7543719839304686,0.6248611025512218,16.725623048841953
410,102.56792811,277,22,2,906,3094,7,14.504814054816961,0.6931079551577568,0.9731519967317581,0.7025650702416897,16.873639076948166
411,102.66541312,292,27,8,914,3114,20,16.406323993578553,0.5618918221443892,0.7899589836597443,0.6328250747174025,18.39099987410009
412,102.762885671,289,27,3,917,3126,12,15.179236885160208,0.5685449577867985,0.8030829485505819,0.6293992046266794,17.180263996124268
413,102.860359347,274,31,4,921,3153,27,14.50658799149096,0.5791338626295328,0.8010200690478086,0.664454186335206,16.551196109503508
414,102.957874482,290,27,1,922,3160,7,15.102103119716048,0.5887718871235847,0.8596889674663544,0.6725799757987261,17.223143950104713
415,103.055357992,314,27,9,931,3175,15,15.073629096150398,0.8493899367749691,0.7748599164187908,0.6339480169117451,17.331826966255903
416,103.152801794,344,36,11,942,3209,34,17.46665919199586,0.8388098794966936,0.9014368988573551,0.7174140773713589,19.924320047721267
418,103.347780021,345,31,2,944,3217,8,17.19266688451171,0.6085289642214775,0.8396720513701439,0.6493760738521814,19.290243973955512
419,103.445211198,349,39,6,950,3234,17,16.815329901874065,0.732962042093277,0.8513641078025103,0.7323210593312979,19.13197711110115
420,103.542684583,345,40,5,955,3263,29,16.7658980935812,0.5848649889230728,0.8160378783941269,0.6355489604175091,18.80234992131591
421,103.640159801,335,37,8,963,3285,22,16.337976092472672,0.583532964810729,0.7973429746925831,0.6620679050683975,18.380919937044382
422,103.737632602,346,37,3,966,3295,10,16.413207165896893,0.7787270005792379,1.1360568460077047,0.855341786518693,19.183332799002528
423,103.835124904,342,36,6,972,3316,21,16.902283066883683,0.5609600339084864,1.350458012893796,0.6318327505141497,19.445533864200115
424,103.93262433,345,34,6,978,3323,7,15.719809103757143,0.5627430509775877,0.7991360034793615,0.7226038724184036,17.804292030632496
425,104.030054507,354,35,6,984,3338,15,16.726123169064522,0.5637051071971655,1.349656842648983,0.832859892398119,19.47234501130879
426,104.12752785,346,39,1,985,3349,11,16.548370011150837,0.5751168355345726,0.858707120642066,0.6591540295630693,18.641347996890545
429,104.419948921,346,38,12,997,3379,30,16.837711911648512,0.695741968229413,0.9031209629029036,0.6408002227544785,19.077375065535307
430,104.517422764,342,33,1,998,3394,15,15.700132120400667,0.6318830419331789,0.8462150581181049,1.1359057389199734,18.314135959371924
431,104.614896482,349,36,4,1002,3410,16,17.227192176505923,1.1166101321578026,0.8372180163860321,0.6251486483961344,19.806168973445892
432,104.71236995,336,34,5,1007,3431,21,18.03935202769935,0.7663550786674023,0.8417160715907812,0.7648209575563669,20.4122441355139
433,104.809844793,334,35,3,1010,3448,17,15.58503694832325,1.0303889866918325,0.9400199633091688,0.6092200055718422,18.164665903896093
434,104.907318303,338,29,5,1015,3460,12,15.658724121749401,0.5741850472986698,0.8066100999712944,0.6278266664594412,17.667345935478806
435,105.004792105,344,29,2,1017,3473,13,15.793177066370845,0.7381809409707785,0.839682063087821,0.6811758503317833,18.052215920761228
436,105.102309781,341,40,5,1022,3494,21,16.511841909959912,0.6118759047240019,0.9226980619132519,0.7349851075559855,18.78140098415315
438,105.297213551,340,31,7,1029,3503,9,15.606035944074392,0.5650280509144068,0.7968719583004713,0.607046065852046,17.574982019141316
439,105.394687352,339,28,4,1033,3515,12,15.544350957497954,0.6113341078162193,0.7973220199346542,0.6405001040548086,17.593507189303637
440,105.49216032,325,31,4,1037,3526,11,15.250611118972301,0.5683638155460358,0.9533851407468319,0.6303400732576847,17.402700148522854
441,105.589671788,336,35,6,1043,3546,20,15.951052075251937,0.5677030421793461,1.2600489426404238,0.6555267609655857,18.434330821037292
442,105.68710959,342,34,3,1046,3558,12,15.998902032151818,0.5739049520343542,1.1169209610670805,0.6450570654124022,18.334785010665655
443,105.784582433,337,34,2,1048,3575,17,16.10893802717328,0.8282910566776991,0.9761869441717863,0.7893580477684736,18.70277407579124
444,105.882055318,329,28,2,1050,3577,2,15.327164204791188,0.5562009755522013,0.9171469137072563,0.6300790701061487,17.430591164156795
445,105.979580536,329,34,3,1053,3592,15,16.100791981443763,0.5909758619964123,1.4841279480606318,0.6323752459138632,18.80827103741467
447,106.174476639,338,36,7,1060,3625,33,16.03710395283997,0.5752469878643751,0.8399530779570341,0.6636008620262146,18.115904880687594
448,106.27195019,335,34,3,1063,3634,9,16.1137159448117,0.5704481154680252,0.8220490999519825,0.6277947686612606,18.13400792889297
449,106.369425492,336,31,4,1067,3643,9,15.244930051267147,0.5416239146143198,0.8200348820537329,0.6230170838534832,17.229605931788683
450,106.466897793,327,30,3,1070,3657,14,15.878166072070599,1.261591911315918,0.8293129503726959,0.8077609818428755,18.776831915602088
451,106.56437147,336,33,5,1075,3676,19,16.263256780803204,0.6002539303153753,0.829602824524045,0.7054104935377836,18.398524029180408
452,106.661845771,342,33,3,1078,3682,6,15.998199814930558,0.5694860592484474,0.7844478823244572,0.6268653087317944,17.978999065235257
453,106.759319739,338,31,7,1085,3703,21,15.55693382397294,0.5568419583141804,0.849640928208828,0.6451583467423916,17.60857505723834
454,106.856792832,337,33,7,1092,3730,27,15.337493969127536,0.5756269674748182,0.7995171472430229,0.6475017871707678,17.360139871016145
455,106.954266675,335,28,3,1095,3735,5,15.285495901480317,0.5760989151895046,0.7679578848183155,0.6524312775582075,17.281983979046345
457,107.149222403,336,39,7,1102,3759,24,17.412408022210002,0.579184154048562,0.8572649676352739,0.6433848757296801,19.492242019623518
458,107.246688997,330,36,5,1107,3778,19,14.88742115907371,0.5626429338008165,0.7932051084935665,0.6289177108556032,16.872186912223697
459,107.344200548,325,34,4,1111,3793,15,16.200989950448275,0.6251109298318624,0.8249450474977493,0.6460482254624367,18.297094153240323
460,107.441636266,335,32,2,1113,3806,13,16.343637136742473,0.6606369279325008,0.9131799452006817,0.7940160576254129,18.711470067501068
461,107.539154568,336,34,6,1119,3819,13,16.020461916923523,0.6977960001677275,0.7899780757725239,0.6951121613383293,18.203348154202104
462,107.636583952,325,34,4,1123,3838,19,15.354374889284372,1.144292065873742,0.9526731446385384,0.7540830411016941,18.205423140898347
463,107.734061504,321,36,2,1125,3848,10,17.16409297659993,1.156686106696725,1.597139984369278,0.6980858743190765,20.61600494198501
464,107.831530097,337,32,3,1128,3857,9,15.290444949641824,1.0118538048118353,1.1364980600774288,0.6146312225610018,18.05342803709209
467,108.123952543,335,37,7,1135,3874,17,15.835966914892197,0.7170732133090496,0.9108649101108313,0.6687710992991924,18.13267613761127
468,108.221425636,322,33,5,1140,3887,13,16.220536082983017,1.2933120597153902,0.8244640193879604,0.8562428411096334,19.194555003196
469,108.318899354,330,30,3,1143,3901,14,16.502524027600884,0.547145027667284,1.138491090387106,0.669664004817605,18.85782415047288
470,108.416373406,332,28,3,1146,3913,12,16.2592688575387,1.0518589988350868,0.757408095523715,0.9571721311658621,19.025708083063364
471,108.513846624,322,33,3,1149,3928,15,15.694711823016405,1.599254086613655,0.9642250370234251,0.7357068825513124,18.993897829204798
472,108.611320217,323,30,6,1155,3947,19,15.377067029476166,0.5882710684090853,0.8190330117940903,0.6674909964203835,17.451862106099725
473,108.708793518,330,29,2,1157,3956,9,15.049044042825699,1.309181097894907,0.7678368128836155,0.6900520529597998,17.81611400656402
475,108.903779788,331,38,10,1167,3991,35,15.90428501367569,0.558055005967617,0.7908008992671967,0.6235262844711542,17.876667203381658
476,109.001215131,330,34,3,1170,4005,14,15.737462090328336,1.4160210266709328,1.1798078194260597,0.746989157050848,19.080280093476176
477,109.098734891,318,27,2,1172,4011,6,15.532617922872305,0.6199800409376621,1.309470972046256,0.6533742416650057,18.11544317752123
478,109.196163484,327,40,3,1175,4023,12,15.454201959073544,0.7336540147662163,0.8710010442882776,0.6448361091315746,17.703693127259612
479,109.293636494,327,31,3,1178,4036,13,15.734997810795903,0.5969780031591654,0.8067400194704533,0.63373614102602,17.772451974451542
480,109.391111629,324,32,2,1180,4042,6,15.711432788521051,0.7157099898904562,0.8267979137599468,0.6743322592228651,17.92827295139432
481,109.48858568,329,33,2,1182,4047,5,16.625334043055773,1.770645147189498,0.8747081737965345,0.7447036914527416,20.015391055494547
483,109.68353195,327,31,6,1188,4062,15,15.57762292213738,0.5595071706920862,0.7692899089306593,0.6057450082153082,17.512165009975433
484,109.781006335,322,35,3,1191,4069,7,16.474582022055984,0.5882908590137959,0.8804481476545334,0.6830899510532618,18.626410979777575
485,109.878479136,320,36,6,1197,4091,22,16.92004594951868,0.631771981716156,0.8798579219728708,0.6495162378996611,19.08119209110737
486,109.975953854,325,32,0,1197,4099,8,16.495460877195,0.5643470212817192,0.877362908795476,0.7142061367630959,18.65137694403529
487,110.073427864,331,32,5,1202,4117,18,15.817542094737291,0.5446290597319603,0.7729867938905954,0.6245591212064028,17.75971706956625
488,110.17089954,331,28,3,1205,4127,10,16.963397851213813,0.6190489511936903,0.8080028928816319,0.6649931892752647,19.0554428845644
490,110.365848102,327,31,7,1212,4140,13,17.24095712415874,0.6231567822396755,0.8324978407472372,0.6638034246861935,19.360415171831846
491,110.463322111,322,30,6,1218,4148,8,15.348793938755989,0.6339969113469124,0.7957499474287033,0.6212734151631594,17.399814212694764
492,110.560806121,331,29,6,1224,4168,20,15.653565060347319,0.5492579657584429,0.7628889288753271,0.605293083935976,17.571005038917065
493,110.658269964,336,31,5,1229,4189,21,16.315003857016563,0.5948729813098907,0.8020708337426186,0.6557384040206671,18.36768607608974
494,110.755743474,329,37,3,1232,4207,18,16.99010794982314,0.6804929580539465,0.9098129812628031,0.7369602099061012,19.317374099045992
495,110.853217026,335,35,3,1235,4222,15,16.718829050660133,0.589003087952733,1.2069300282746553,0.6364309228956699,19.15119308978319
496,110.950692202,328,33,1,1236,4231,9,15.850192867219448,1.1641690507531166,0.8239820599555969,0.79158297739923,18.62992695532739
498,111.145639597,327,30,3,1239,4233,2,15.181491151452065,0.7162708789110184,0.7963308598846197,0.6781502161175013,17.372243106365204
499,111.243113606,338,26,6,1245,4244,11,15.418475028127432,0.5783129017800093,0.781764043495059,0.6247491110116243,17.403301084414124
500,111.340586575,331,28,5,1250,4256,12,15.279245097190142,0.5663800984621048,0.8205659687519073,0.670925946906209,17.337117111310363
501,111.438059418,326,24,4,1254,4268,12,15.780472895130515,0.5806270055472851,0.7015431765466928,0.8825217373669147,17.945164814591408
502,111.535533052,330,30,4,1258,4287,19,15.562353888526559,0.5516130477190018,0.8003988768905401,0.6418912671506405,17.55625708028674
504,111.730481155,323,31,5,1263,4309,22,16.418057028204203,0.8886139839887619,1.4383129309862852,0.6143092177808285,19.35929316096008
505,111.827954749,325,31,7,1270,4328,19,14.898882014676929,0.7316800765693188,0.8138539269566536,0.6567290984094143,17.101145116612315
506,111.925429425,324,26,5,1275,4346,18,16.2043459713459,0.5593779496848583,0.7561049424111843,0.629207119345665,18.14903598278761
507,112.022901518,321,24,4,1279,4362,16,16.020070994272828,0.5767501424998045,0.7380321621894836,0.6726887077093124,18.00754200667143
508,112.120375403,312,25,2,1281,4377,15,15.055736061185598,0.5708090029656887,0.765613978728652,0.6623389199376106,17.05449796281755
509,112.217890746,324,22,2,1283,4377,0,16.796744894236326,0.5625628400593996,0.7072340231388807,0.6769881583750248,18.74352991580963
511,112.412797599,326,28,4,1287,4392,15,15.664706006646156,0.927625922486186,1.1630970984697342,1.24124507419765,18.996674101799726
512,112.51030965,318,27,5,1292,4408,16,14.688068069517612,0.5475550424307585,0.786392018198967,0.7631888147443533,16.78520394489169
513,112.607743869,313,29,5,1297,4421,13,14.739283127710223,0.5582650192081928,0.8994231466203928,0.6191008724272251,16.816072165966034
514,112.705238337,320,25,2,1299,4427,6,17.229886027053,0.5888319574296474,0.7850290276110172,0.672980910167098,19.27672792226076
515,112.802692513,310,25,3,1302,4444,17,14.853306813165545,0.5527150351554155,0.731470063328743,0.6572401616722345,16.79473207332194
516,112.900166065,321,25,2,1304,4452,8,15.24971891194582,0.6026180926710367,0.7485509850084782,0.6716880016028881,17.272575991228223
518,113.095153376,317,22,4,1308,4454,2,15.840023988857865,0.644325977191329,0.7295859977602959,0.6570799741894007,17.87101593799889
519,113.192587552,314,25,6,1314,4476,22,14.950389042496681,0.5524340085685253,0.7377408910542727,0.6443662568926811,16.88493019901216
520,113.290062854,316,24,0,1314,4478,2,14.440774917602539,0.47088111750781536,0.6862340960651636,0.617185840383172,16.21507597155869
521,113.387580197,318,26,2,1316,4486,8,15.192651888355613,0.9045039769262075,0.8073921781033278,0.6458379793912172,17.550386022776365
522,113.485009873,316,19,1,1317,4491,5,15.747810946777463,0.5757978651672602,1.2214269954711199,0.661308178678155,18.206343986093998
523,113.582485425,311,20,3,1320,4498,7,15.533230034634471,0.8038750384002924,0.8708399254828691,1.0690621566027403,18.277007155120373
525,113.777431028,317,23,4,1324,4512,14,15.441126888617873,0.5536170210689306,0.6983480416238308,0.6193681620061398,17.312460113316774
526,113.874950579,317,24,2,1326,4524,12,15.994973946362734,0.6319829262793064,0.8014601189643145,1.2169990222901106,18.645416013896465
527,113.972418464,314,23,5,1331,4532,8,15.685183927416801,0.6617691833525896,1.043965108692646,0.7257179822772741,18.11663620173931
528,114.069851432,309,24,0,1331,4540,8,14.848337043076754,0.49129012040793896,0.7655529771000147,0.6563486531376839,16.76152879372239
529,114.16732373400001,310,27,5,1336,4550,10,15.652131987735629,0.5683738272637129,1.2066890485584736,0.633245101198554,18.06043996475637
531,114.36227267,313,21,7,1343,4565,15,14.795929193496704,0.5653088446706533,0.6907430943101645,0.6326339207589626,16.684615053236485
532,114.459745055,301,26,8,1351,4603,38,14.85194405540824,0.5666008219122887,0.8487689774483442,0.6376239471137524,16.904937801882625
533,114.557220648,311,26,4,1355,4615,12,15.035778982564807,0.5687337834388018,0.7699409034103155,0.6209332495927811,16.995386919006705
534,114.654693324,313,29,5,1360,4632,17,16.34037005715072,0.6198210176080465,0.8068510796874762,0.6816459354013205,18.448688089847565
535,114.752168167,305,28,1,1361,4632,0,14.939397806301713,0.5642259493470192,0.8793559391051531,0.6609281990677118,17.043907893821597
538,115.044588238,324,40,18,1379,4678,46,15.65520791336894,0.6337468512356281,0.8163980673998594,0.627836212515831,17.73318904452026
539,115.142063831,322,31,4,1383,4688,10,15.719969989731908,0.7160699460655451,0.8242428302764893,0.6262920796871185,17.88657484576106
540,115.23953705,318,32,4,1387,4706,18,15.735127963125706,0.632875133305788,0.8188129868358374,0.6826468743383884,17.86946295760572
541,115.337009393,324,31,5,1392,4727,21,15.375022776424885,0.5796449258923531,0.8388799615204334,0.6667892448604107,17.460336908698082
542,115.434483403,318,32,3,1395,4739,12,15.660807956010103,0.5783829838037491,0.8026829455047846,0.6273949984461069,17.669268883764744
543,115.531957787,324,33,5,1400,4751,12,15.305192908272147,0.5827511195093393,0.7991259917616844,0.6371419876813889,17.32421200722456
545,115.726905515,335,41,13,1413,4803,52,16.18534093722701,0.5587958730757236,0.8550009224563837,0.6289463490247726,18.22808408178389
546,115.824378775,337,38,6,1419,4816,13,15.263283858075738,0.5846051499247551,0.8399831131100655,0.6043098401278257,17.292181961238384
547,115.92185291,342,37,2,1421,4821,5,15.661349054425955,0.6218538619577885,0.8496199734508991,0.6470622029155493,17.77988509275019
548,116.019366378,339,34,3,1424,4827,6,16.09227596782148,0.5750760901719332,0.7769940420985222,0.6320038810372353,18.07634998112917
549,116.116801138,348,36,2,1426,4832,5,16.83587906882167,0.6138589233160019,0.8570740465074778,0.7837871089577675,19.090599147602916
550,116.214273856,354,39,3,1429,4843,11,17.234595026820898,1.4084770809859037,1.187582965940237,0.7143467664718628,20.5450018402189
552,116.4092225,336,36,10,1439,4869,26,15.99578489549458,1.7349380068480968,1.2751680333167315,0.7651522755622864,19.771043211221695
553,116.506695094,350,31,2,1441,4881,12,17.99046015366912,0.5877499934285879,1.3946609105914831,0.6955917924642563,20.668462850153446
554,116.604169645,352,27,4,1445,4892,11,16.15676679648459,0.5915870424360037,0.8147349581122398,0.6481041200459003,18.211192917078733
555,116.701643988,349,39,3,1448,4903,11,17.831673147156835,0.8098860271275043,0.9293500334024429,0.7080747745931149,20.278983982279897
557,116.896589424,361,34,6,1454,4926,23,16.114376951009035,0.6506580393761396,0.912597868591547,0.6810561753809452,18.358689034357667
558,116.994107601,352,32,7,1461,4947,21,16.2054980173707,0.5869390442967415,1.1044670827686787,0.9017887059599161,18.798692850396037
559,117.091578819,355,33,4,1465,4964,17,17.510701902210712,0.679793069139123,1.0405171196907759,0.7700419519096613,20.001054042950273
560,117.189011245,364,34,5,1470,4982,18,16.02624310180545,0.5641861353069544,0.7709229830652475,0.6732107140123844,18.034562934190035
561,117.286484839,364,36,2,1472,4991,9,18.20411905646324,0.9548780508339405,0.8413451723754406,0.6669687572866678,20.66731103695929
563,117.481432358,370,31,5,1477,5005,14,17.5861029420048,0.9141010232269764,1.4282339252531528,0.784517964348197,20.712955854833126
564,117.578906326,358,35,5,1482,5022,17,17.19840709120035,0.9817080572247505,3.877989947795868,0.9867767803370953,23.044881876558065
565,117.676383378,362,32,3,1485,5028,6,17.97155407257378,0.6588038522750139,1.4294469729065895,0.7332609966397285,20.793065894395113
566,117.773853471,353,32,2,1487,5039,11,16.778209945186973,0.5739338230341673,1.1642989702522755,0.6330963224172592,19.149539060890675
567,117.871364397,365,26,1,1488,5040,1,17.281762789934874,0.7166620343923569,1.092444872483611,0.6449173670262098,19.73578706383705
569,118.066275334,357,24,0,1488,5048,8,16.922660870477557,1.1508939787745476,1.0716859251260757,0.7596020586788654,19.904842833057046
570,118.163749093,351,35,7,1495,5074,26,16.797266202047467,0.5980590358376503,0.8152858354151249,0.693619018420577,18.90423009172082
571,118.261264728,357,38,5,1500,5095,21,16.305695055052638,0.5688951350748539,0.8977008983492851,0.6759150419384241,18.4482061304152
572,118.358696363,357,27,2,1502,5099,4,15.922718914225698,0.9196819737553596,0.8244630880653858,1.290034968405962,18.956898944452405
574,118.553644633,352,31,7,1509,5107,8,15.97939501516521,0.5689749959856272,0.7867629174143076,0.6504480261355639,17.98558095470071
575,118.651117934,350,28,2,1511,5117,10,16.542348079383373,0.7227328605949879,0.7930540014058352,0.7029171101748943,18.76105205155909
576,118.748591819,351,27,6,1517,5136,19,16.969518968835473,1.3304809108376503,1.4924849383533,1.0694700758904219,20.861954893916845
577,118.846065079,347,20,1,1518,5141,5,16.78641582839191,1.4267310034483671,3.1713470816612244,0.7857501041144133,22.170244017615914
578,118.94353888,346,22,3,1521,5147,6,16.73633186146617,0.6379650440067053,1.451757038012147,0.7160401437431574,19.54209408722818
579,119.041014098,347,27,2,1523,5153,6,15.726490877568722,0.577129889279604,0.7862418424338102,0.65057841129601,17.740441020578146
580,119.138486983,348,25,1,1524,5164,11,16.312147956341505,0.5782118532806635,1.473387936130166,0.7435621228069067,19.10730986855924
581,119.23596061800001,355,31,1,1525,5174,10,16.281300224363804,0.5664911586791277,0.7948381826281548,0.6796815432608128,18.3223111089319
582,119.333435336,330,32,4,1529,5189,15,15.781555091962218,0.5963270086795092,0.8612831588834524,0.6628087721765041,17.901974031701684
583,119.430908012,336,23,1,1530,5193,4,15.63449902459979,0.5698660388588905,1.497053075581789,0.6725997664034367,18.374017905443907
584,119.528382439,335,24,2,1532,5197,4,16.416243044659495,0.6965440697968006,0.7325122132897377,0.7210588082671165,18.56635813601315
586,119.723329042,336,22,2,1534,5202,5,15.488785924389958,0.5669109523296356,0.7213097997009754,0.6499881856143475,17.426994862034917
587,119.820802302,332,24,3,1537,5215,13,15.92720695771277,0.5744851659983397,0.743592157959938,0.6629019044339657,17.908186186105013
588,119.918284395,325,20,2,1539,5222,7,15.570808900520205,0.6035000551491976,0.8486281149089336,0.7208511233329773,17.743788193911314
589,120.015751655,326,24,2,1541,5231,9,16.99770102277398,0.5687549710273743,0.7150289602577686,0.6497460417449474,18.93123099580407
591,120.210697466,329,24,4,1545,5242,11,15.865682158619165,0.5613008979707956,0.7513370364904404,0.628235749900341,17.806555842980742
592,120.308219809,324,21,4,1549,5256,14,16.075023915618658,0.6384248845279217,0.7416980806738138,0.6529230158776045,18.108069896697998
593,120.405646194,328,24,3,1552,5267,11,16.356790903955698,1.1974410153925419,0.9110348764806986,0.727643258869648,19.192910054698586
594,120.50311937,330,23,3,1555,5273,6,15.367289772257209,0.6865758914500475,0.7051199208945036,0.6553453858941793,17.41433097049594
596,120.698066556,330,22,2,1557,5282,9,15.683301026001573,0.6518810987472534,1.0546848643571138,0.7058288902044296,18.09569587931037
597,120.795541066,325,24,5,1562,5299,17,15.336961951106787,0.6011051591485739,0.7219018880277872,0.657280907034874,17.31724990531802
598,120.893052993,326,19,4,1566,5307,8,15.695883892476559,1.0186368599534035,0.7934558670967817,0.9151024278253317,18.423079047352076
599,120.990487794,330,23,1,1567,5321,14,15.87749389000237,0.7561061065644026,0.9383659344166517,0.9586249943822622,18.530590925365686
600,121.087961637,318,22,2,1569,5326,5,15.024857129901648,0.5773010198026896,0.7421998307108879,0.6268331781029701,16.971191158518195
602,121.28290899,326,23,4,1551,5328,2,15.207889955490828,0.570568023249507,0.7238949183374643,0.6004751194268465,17.102828016504645
603,121.380384,321,23,2,1553,5347,19,15.231644967570901,0.5835418123751879,1.3266841415315866,0.9179781191051006,18.059849040582776
604,121.477857551,315,25,2,1555,5354,7,15.990375075489283,1.2931199744343758,0.8398829959332943,1.044475007802248,19.1678530536592
605,121.575340061,318,23,6,1561,5365,11,17.25458214059472,0.8876421488821507,0.7156699430197477,0.6327638402581215,19.49065807275474
606,121.672803988,295,21,5,1566,5378,13,15.33695193938911,0.6048618815839291,0.7695499807596207,0.6856652908027172,17.397029092535377
607,121.770326664,297,21,2,1568,5390,12,15.119625022634864,0.6307610310614109,0.8164779283106327,0.8031339384615421,17.36999792046845
608,121.867777924,297,23,0,1568,5393,3,16.2736049387604,0.49223192036151886,0.7421288173645735,0.6437853444367647,18.151751020923257
609,121.965225517,305,21,2,1570,5398,5,14.63822415098548,0.5665109492838383,0.7018840406090021,0.6462789606302977,16.552898101508617
610,122.06270086,292,26,3,1573,5404,6,14.686194015666842,0.5852649919688702,0.7703718729317188,0.6008450873196125,16.642675967887044
611,122.160174537,297,19,2,1575,5411,7,15.412934124469757,0.5868889857083559,0.7004819344729185,0.6525209173560143,17.352825962007046
612,122.257646796,290,22,5,1580,5428,17,14.969374053180218,0.6150009576231241,0.7673269137740135,0.6477921269834042,16.99949405156076
613,122.355122056,287,23,2,1582,5439,11,14.751035021618009,0.5708190146833658,0.7638698443770409,0.6795821245759726,16.765306005254388
614,122.452595524,278,22,4,1586,5448,9,14.568133046850562,0.6828578189015388,0.7023450452834368,0.7126838900148869,16.666019801050425
615,122.550067909,280,24,4,1590,5461,13,14.043691102415323,0.6451071240007877,0.7720750290900469,0.7022556383162737,16.16312889382243
616,122.647542127,286,23,3,1593,5473,12,15.277961967512965,0.8253848645836115,0.7611748296767473,0.7689993362873793,17.633520998060703
617,122.745016845,271,20,1,1594,5477,4,14.739623991772532,0.6305808201432228,0.6977960001677275,0.6642641965299845,16.732265008613467
618,122.842529147,286,29,6,1600,5495,18,14.546933118253946,0.6189991254359484,0.8783838711678982,0.6742319092154503,16.718548024073243
619,122.940004407,274,22,1,1601,5505,10,13.612102949991822,0.6106127984821796,0.7336428388953209,0.6526624783873558,15.609021065756679
620,123.037437,276,21,1,1602,5510,5,14.09116992726922,0.5760691128671169,0.7254278752952814,0.6877870764583349,16.080453991889954
621,123.134910468,280,22,2,1604,5513,3,15.31590218655765,0.8215878624469042,0.8337309118360281,0.7064931560307741,17.677714116871357
622,123.232384436,289,22,3,1607,5518,5,14.633494894951582,0.6261419039219618,0.7699308916926384,0.6793432403355837,16.708910930901766
624,123.427332831,302,18,2,1609,5521,3,16.791064059361815,0.5667409859597683,0.7227228488773108,0.6698130164295435,18.750340910628438
625,123.524806465,336,27,4,1613,5538,17,15.23524196818471,0.9895318653434515,1.1635881382972002,0.6338970270007849,18.022258998826146
626,123.622279434,347,27,7,1620,5562,24,17.728289123624563,0.5575239192694426,1.290976069867611,0.6765967700630426,20.25338588282466
627,123.719752943,345,27,4,1624,5576,14,16.08174596913159,0.6003938615322113,0.7702920120209455,0.6386761087924242,18.09110795147717
628,123.817227745,334,27,2,1626,5581,5,15.667890897020698,0.7529500871896744,0.8648491930216551,0.9171867277473211,18.202876904979348
630,124.012175098,336,23,1,1627,5583,2,15.654345974326134,0.5782130174338818,0.7354661356657743,0.6321039982140064,17.600129125639796
631,124.109648774,337,20,4,1631,5599,16,15.806099865585566,1.7841500230133533,0.7248970214277506,0.6623801309615374,18.977527040988207
632,124.207123284,335,20,2,1633,5608,9,15.974855981767178,0.6658770143985748,0.7942169904708862,0.7580991368740797,18.19304912351072
633,124.304596544,341,33,5,1638,5627,19,16.87318808399141,1.0739299468696117,1.6597171779721975,0.769380945712328,20.376216154545546
635,124.499581855,339,31,6,1644,5656,29,16.019470058381557,0.7617659866809845,1.4211998786777258,0.6913740653544664,18.893809989094734
636,124.597017615,343,23,2,1646,5662,6,15.701374039053917,0.5645069759339094,0.7215098012238741,0.6912541575729847,17.678644973784685
637,124.694491541,344,22,6,1652,5677,15,15.57625993154943,0.9882999584078789,0.7087159901857376,0.7477512117475271,18.021027091890574
638,124.791968676,342,25,1,1653,5683,6,15.906569082289934,0.5749969277530909,1.2480570003390312,0.658651115372777,18.388274125754833
639,124.889479228,324,21,2,1655,5689,6,15.897852135822177,0.6662479136139154,1.167425885796547,0.6830871570855379,18.414613092318177
641,125.084386914,338,22,5,1660,5703,14,15.773478895425797,0.6139201577752829,0.7875750306993723,0.6927759386599064,17.867750022560358
642,125.181860757,337,26,5,1665,5719,16,16.73511997796595,0.8661109022796154,0.7807309739291668,0.750815961509943,19.132777815684676
643,125.279333433,332,29,5,1670,5732,13,16.15818915888667,0.5657090805470943,0.7798699662089348,0.6579626351594925,18.161730840802193
644,125.376806443,314,26,1,1671,5737,5,14.74365103058517,0.5616310518234968,1.3348490465432405,0.6411599460989237,17.28129107505083
646,125.571754213,335,24,5,1676,5753,16,16.074933111667633,0.6275649648159742,1.7700940370559692,0.6588038522750139,19.13139596581459
647,125.669228056,334,23,2,1678,5762,9,15.525083988904953,0.5774309393018484,0.7242560386657715,0.7070940919220448,17.533865058794618
648,125.766702649,322,26,8,1686,5785,23,15.973974019289017,0.5646869540214539,0.7595820352435112,0.675413990393281,17.973656998947263
649,125.864176325,317,25,4,1690,5795,10,15.0700518861413,3.9264210499823093,1.2991419062018394,0.8164080791175365,21.112022921442986
650,125.961649835,315,25,1,1691,5804,9,14.764099149033427,0.6016560364514589,0.7091669831424952,0.6384958978742361,16.713418066501617
651,126.059124678,311,25,8,1699,5826,22,15.91340103186667,0.7140361703932285,0.9485259652137756,0.7751919329166412,18.351155100390315
652,126.156598272,311,18,2,1701,5832,6,14.233245979994535,0.5646771751344204,0.7007319945842028,0.6062348838895559,16.104890033602715
653,126.254070573,312,22,2,1703,5837,5,15.344816027209163,0.5693649873137474,1.3948911800980568,0.626805704087019,17.935877898707986
654,126.351545166,310,20,2,1705,5845,8,16.440398059785366,0.6963028572499752,0.9782509878277779,0.7227540481835604,18.83770595304668
655,126.449018884,322,25,2,1707,5850,5,14.942042995244265,0.7073439192026854,0.7235649973154068,0.6515791174024343,17.02453102916479
657,126.64396682,302,30,8,1715,5876,26,14.211414847522974,0.6430440116673708,0.9624320082366467,0.6469311192631721,16.463821986690164
658,126.741440955,310,30,3,1718,5883,7,14.159137150272727,0.5626031197607517,0.7869829423725605,0.736558809876442,16.24528202228248
659,126.838914382,303,21,3,1721,5888,5,14.455772936344147,1.1165097821503878,0.7757220882922411,0.7093371823430061,17.05734198912978
660,126.93638835,312,31,3,1724,5908,20,15.789398923516273,0.6708658766001463,0.858707120642066,0.7829661481082439,18.10193806886673
662,127.131334869,310,27,5,1729,5924,16,15.374703099951148,0.5889118183404207,0.8155771065503359,0.6555269937962294,17.434719018638134
663,127.228808754,320,37,7,1736,5965,41,14.767386019229889,0.5731130950152874,1.0144789703190327,0.6930769886821508,17.04805507324636
664,127.326282764,312,34,3,1739,5975,10,14.996404992416501,0.6056039128452539,0.7886269595474005,0.795107102021575,17.18574296683073
665,127.423756357,326,27,2,1741,5978,3,15.87728294543922,1.1821030639111996,1.364764990285039,0.7107809651643038,19.13493196479976
667,127.618704627,315,27,4,1745,5983,5,14.675574144348502,0.5988508928567171,0.8434480987489223,0.7151588797569275,16.83303201571107
668,127.716178262,311,27,5,1750,6004,21,16.093597980216146,0.7277429103851318,0.8944638539105654,0.7409774698317051,18.456782214343548
669,127.813652271,313,32,5,1755,6016,12,17.179901944473386,0.8877518121153116,1.0343370959162712,0.8638070430606604,19.96579789556563
670,127.911125531,317,28,4,1759,6025,9,15.424886019900441,0.7676968816667795,0.8067900780588388,0.6336371880024672,17.633010167628527
672,128.106074051,317,31,5,1764,6038,13,16.601869836449623,0.9597570169717073,0.8060389664024115,0.6958723533898592,19.0635381732136
673,128.203546977,313,23,3,1767,6047,9,14.497650088742375,0.5761589854955673,0.6857840344309807,0.6423818413168192,16.401974949985743
674,128.301020195,316,28,5,1772,6064,17,14.864536933600903,1.1757111642509699,0.7908600382506847,0.8652308024466038,17.69633893854916
675,128.398493497,304,27,5,1777,6073,9,16.630674013867974,0.6582119967788458,0.7881950587034225,0.6614187732338905,18.738499842584133
677,128.593442058,311,26,5,1782,6084,11,14.441425912082195,0.5885420832782984,0.8352729491889477,0.641820952296257,16.5070618968457
678,128.690914818,302,24,2,1784,6090,6,14.063067035749555,0.5721710622310638,0.7052510045468807,0.6430938374251127,15.983582939952612
679,128.788390036,302,25,2,1786,6104,14,14.910483034327626,0.5733929574489594,0.7153190672397614,0.6453488022089005,16.844543861225247
680,128.885862587,293,26,3,1789,6109,5,15.71087189950049,0.8962179999798536,0.993180088698864,0.9724199771881104,18.572689965367317
681,128.983336389,292,25,5,1794,6122,13,14.36291798017919,0.5715701263397932,0.7113309111446142,0.6291388999670744,16.274957917630672
682,129.080810815,284,24,4,1798,6146,24,15.373790869489312,0.5790442228317261,0.7189158350229263,0.6597952451556921,17.331546172499657
683,129.178284242,296,27,2,1800,6155,9,15.05804993212223,0.5977489054203033,0.7684680167585611,0.6840710993856192,17.108337953686714
684,129.470705688,297,36,6,1806,6181,26,13.761643087491393,0.5591169465333223,0.8152159862220287,0.8151759393513203,15.951151959598064
685,129.568180114,300,28,6,1812,6190,9,13.822016073390841,0.5900149699300528,0.7778659928590059,0.6599749904125929,15.849872026592493
686,129.665653082,277,30,3,1815,6204,14,14.622444054111838,0.6217840127646923,0.8296829182654619,0.6640430074185133,16.737953992560506
687,129.763127509,277,29,2,1817,6213,9,14.560127165168524,0.5645770579576492,0.764541095122695,0.6348786409944296,16.524123959243298
688,129.95807557,257,30,5,1822,6228,15,12.907854048535228,0.5655989516526461,0.7912809960544109,0.6384358275681734,14.903169823810458
690,130.153022631,242,29,6,1828,6243,15,12.306007789447904,0.5942231509834528,1.0120051447302103,0.7736058905720711,14.685841975733638
691,130.250496183,233,20,3,1831,6251,8,11.681478004902601,0.8826921693980694,1.007024897262454,0.6418328266590834,14.213027898222208
692,130.348007776,223,23,1,1832,6254,3,13.056192081421614,0.6945200730115175,0.7024849765002728,0.6397878751158714,15.092985006049275
693,130.445485494,231,31,9,1841,6273,19,13.466760981827974,0.5652878899127245,0.7543819956481457,0.6142202764749527,15.400651143863797
695,130.640391139,222,26,3,1844,6279,6,11.909545864909887,0.5571229849010706,0.7603331468999386,0.6376639939844608,13.864665990695357
696,130.737865774,207,24,4,1848,6290,11,11.740579036995769,0.6179958581924438,0.7069830317050219,0.6521330215036869,13.717690948396921
697,130.835330825,212,29,3,1851,6306,16,12.338818982243538,0.5623421166092157,0.764370895922184,0.6505690980702639,14.316101092845201
698,131.030275428,188,23,4,1855,6314,8,11.495160171762109,0.5618410650640726,0.6577009335160255,0.6197409238666296,13.334443094208837
699,131.127786479,203,29,6,1861,6332,18,11.31006283685565,0.5515620578080416,0.8127910550683737,0.6570511031895876,13.331467052921653
700,131.225222406,198,28,2,1863,6339,7,12.150716967880726,0.5746260285377502,0.8085230365395546,0.7164119742810726,14.250278007239103
701,131.420159175,208,26,3,1866,6355,16,12.03166414052248,0.6495760753750801,1.0095799807459116,0.7658638060092926,14.456684002652764
702,131.517634185,228,32,9,1875,6372,17,13.035192852839828,0.7589098531752825,0.8090040646493435,1.0037103202193975,15.606817090883851
703,131.615154695,225,33,5,1880,6393,21,12.703723041340709,0.8515440858900547,1.5045260079205036,0.6222447846084833,15.68203791975975
704,131.712603746,237,33,4,1884,6412,19,13.176987878978252,0.596136087551713,1.6016790177673101,0.7627878803759813,16.137590864673257
705,131.907530391,250,26,3,1887,6422,10,13.092841021716595,0.5496288649737835,1.5036449767649174,0.7917010225355625,15.937815885990858
707,132.102504077,278,28,4,1891,6441,19,14.142164960503578,0.5733831785619259,0.7951280567795038,0.64105074852705,16.151726944372058
708,132.19993967,292,31,2,1893,6447,6,14.560367912054062,0.5832519382238388,0.7997071370482445,0.6995301228016615,16.642857110127807
709,132.394886898,314,32,7,1900,6467,20,15.90913301333785,0.5605898331850767,0.9509699884802103,0.8470951579511166,18.267787992954254
711,132.589834085,314,31,6,1906,6492,25,15.345849096775055,1.226335996761918,0.8730750996619463,0.7641687989234924,18.20942899212241
712,132.687308094,321,26,6,1912,6508,16,15.513792866840959,0.9443280287086964,1.0481521021574736,0.9258731734007597,18.432146171107888
713,132.784781938,318,34,5,1917,6535,27,14.964555157348514,0.6576110608875751,0.8849562145769596,0.7691895589232445,17.276311991736293
714,132.882255822,325,33,2,1919,6538,3,15.934651019051671,1.248347107321024,0.8101968560367823,0.8907672017812729,18.88396218419075
716,133.07720455,311,25,3,1922,6549,11,14.081742148846388,0.5772300064563751,0.711742090061307,0.6585025694221258,16.029216814786196
717,133.174677852,323,29,4,1926,6563,14,14.665364986285567,0.5510419141501188,0.7871831767261028,0.6499961018562317,16.65358617901802
718,133.272205278,325,30,4,1930,6571,8,16.040308168157935,0.5484658759087324,0.7869130931794643,0.7203998975455761,18.096087034791708
719,133.369623996,328,28,5,1935,6586,15,14.882290037348866,0.5651279352605343,0.7790490053594112,0.6607170216739178,16.88718399964273
721,133.564572683,295,23,4,1939,6595,9,13.816234888508916,1.4852299354970455,0.7925140671432018,0.6646541878581047,16.758633079007268
722,133.662046067,298,30,6,1945,6616,21,13.63605703227222,0.6126170046627522,0.8498211391270161,0.7436317391693592,15.842126915231347
723,133.856995295,286,25,3,1948,6627,11,13.068013824522495,0.5762591026723385,0.7728771306574345,0.6403590086847544,15.057509066537023
724,133.95446668,294,24,2,1950,6632,5,13.52192391641438,0.5792551673948765,1.1665138881653547,0.6496449932456017,15.917337965220213
725,134.051942482,283,26,1,1951,6636,4,13.337369076907635,0.5663200281560421,0.7845980580896139,0.6735008209943771,15.361787984147668
726,134.149415658,278,28,8,1959,6658,22,12.728559086099267,0.5639358423650265,0.8063188288360834,0.6160431075841188,14.714856864884496
727,134.344362094,286,27,1,1960,6664,6,13.938352931290865,0.5523040890693665,0.749973813071847,0.8750581182539463,16.115688951686025
729,134.53931003,274,20,2,1962,6669,5,13.714754953980446,0.553264981135726,0.7762329187244177,0.7520881481468678,15.796341001987457
730,134.636845707,277,18,1,1963,6671,2,12.876003980636597,0.5556398537009954,0.6721890531480312,0.6287370342761278,14.732569921761751
731,134.831731977,267,18,1,1964,6676,5,13.67286592721939,0.5806970875710249,0.7119132205843925,0.6598557811230421,15.62533201649785
733,135.026678871,240,19,2,1966,6681,5,12.882156064733863,1.2497499119490385,1.1644188780337572,1.2611120473593473,16.557436902076006
734,135.124153464,252,18,1,1967,6689,8,12.728909030556679,0.6056139245629311,0.7279820274561644,0.6472019013017416,14.709706883877516
735,135.221666974,249,20,1,1968,6690,1,12.522553093731403,0.6027990020811558,0.7279431447386742,0.6714558694511652,14.524751110002398
736,135.319099692,239,20,0,1968,6692,2,12.326455907896161,0.7912609726190567,0.9604380466043949,0.9530540555715561,15.031208982691169
738,135.514047462,247,18,3,1971,6703,11,12.64170603826642,0.5921381525695324,0.7260891143232584,0.7427406962960958,14.702674001455307
739,135.61153093,235,18,0,1971,6714,11,11.66219194419682,0.536033883690834,0.7319010328501463,0.6452163215726614,13.575343182310462
740,135.806469116,228,16,1,1972,6716,2,11.724287876859307,0.5901248659938574,0.6884690374135971,0.6703452672809362,13.673227047547698
741,135.903943126,235,15,2,1974,6719,3,11.38040516525507,1.1154490057379007,1.1255270801484585,0.6183767691254616,14.23975802026689
742,136.001417136,225,13,2,1976,6724,5,12.09330908022821,0.5679728928953409,0.682668061926961,0.6309421733021736,13.974892208352685
743,136.098879896,217,15,1,1977,6728,4,12.574821012094617,0.6121359765529633,0.8475668728351593,0.6882280576974154,14.722751919180155
744,136.293829207,208,15,2,1979,6733,5,12.074894970282912,0.5827811546623707,0.7339038420468569,0.6518110167235136,14.043390983715653
746,136.488753101,186,10,1,1980,6735,2,11.188304983079433,0.5596170667558908,0.6589731201529503,0.6367538589984179,13.043649028986692
747,136.586217486,192,18,2,1982,6744,9,10.117751080542803,0.7030761335045099,0.7132450118660927,0.6266427226364613,12.160714948549867
748,136.781165172,207,13,0,1982,6747,3,12.152328854426742,0.4820518661290407,0.7197470404207706,0.6536750588566065,14.00780281983316
750,136.976090567,223,10,2,1984,6750,3,12.80788704752922,0.5855059716850519,0.6623398512601852,0.6147611420601606,14.670494012534618
751,137.073564285,222,9,0,1984,6750,0,12.552699074149132,0.487784156575799,0.6916350685060024,0.6602057255804539,14.392324024811387
752,137.171026753,219,11,1,1985,6752,2,11.327013839036226,0.5789331626147032,0.9011570364236832,0.6210538558661938,13.428157893940806
753,137.268501138,200,9,3,1988,6753,1,10.906658135354519,0.817200168967247,0.6615279708057642,0.7415288127958775,13.126915087923408
754,137.365964981,203,14,3,1991,6761,8,10.864147916436195,0.5710588302463293,0.6657571066170931,0.6493860855698586,12.750349938869476
755,137.463438866,196,12,1,1992,6763,2,10.845734039321542,0.5499990656971931,0.6776889786124229,0.6245698314160109,12.697991915047169
756,137.755858979,180,10,2,1994,6773,10,11.496851919218898,0.6908439099788666,0.8571541402488947,0.8825729601085186,13.927422929555178
758,137.950808498,206,17,2,1996,6777,4,11.790632037445903,0.976908951997757,0.9730109013617039,0.8048780728131533,14.545429963618517
759,138.048280508,194,12,2,1998,6781,4,12.423909036442637,0.6778589449822903,0.7160808891057968,0.7074431050568819,14.525291975587606
760,138.145755226,189,11,2,2000,6784,3,12.198284966871142,0.585776986554265,1.2367949821054935,0.6278760265558958,14.648732962086797
761,138.243228319,193,16,2,2002,6795,11,10.38664416410029,0.5478558596223593,0.658552860841155,0.6182072684168816,12.211260152980685
762,138.340702121,192,11,3,2005,6798,3,10.987489018589258,0.5935512017458677,0.6745329592376947,0.6217136979103088,12.87728687748313
763,138.438175422,154,11,0,2005,6803,5,10.788075858727098,0.5809480790048838,0.7502438966184855,0.6956723518669605,12.814940186217427
765,138.828071711,126,12,3,2008,6809,6,8.641658117994666,0.5720399785786867,0.6583519279956818,0.6716679781675339,10.543718002736568
766,138.925544971,129,12,1,2009,6810,1,10.148087982088327,0.648503890261054,0.7256281096488237,0.9121980983763933,12.434418080374599
767,139.023027606,126,15,3,2012,6815,5,8.979860926046968,0.8099658880382776,0.7778969593346119,0.8852062746882439,11.452930048108101
768,139.120493449,128,14,1,2013,6817,2,9.308775886893272,0.7419590838253498,0.8332598954439163,0.7350360974669456,11.619030963629484
769,139.217966334,127,13,1,2014,6818,1,8.608266012743115,0.5918890237808228,0.6740519311279058,0.6733089685440063,10.54751593619585
771,139.412955103,103,7,0,2014,6818,0,8.356312988325953,0.47444808296859264,0.6800030823796988,0.6661778315901756,10.17694198526442
772,139.51038853,99,9,2,2016,6821,3,9.00586904026568,0.5609099753201008,0.6502480246126652,0.6296888459473848,10.84671588614583
773,139.607861248,88,9,4,2020,6824,3,7.709212135523558,0.5566419567912817,0.7650118786841631,0.7203090935945511,9.751175064593554
775,139.802822059,81,9,5,2025,6830,6,7.656252942979336,0.7023150101304054,0.7634488865733147,0.7055902387946844,9.82760707847774
776,139.900282944,78,8,1,2026,6834,4,7.1424010675400496,0.5737440660595894,0.6592550780624151,0.6472307723015547,9.022630983963609
777,140.095230422,79,8,2,2028,6841,7,8.431924972683191,0.5534158553928137,0.6666078697890043,0.6231972947716713,10.27514599263668
778,140.192703099,80,9,1,2029,6841,0,8.245515869930387,0.7663450669497252,0.7292649243026972,0.9633330628275871,10.704458924010396
779,140.290177775,77,7,0,2029,6844,3,7.935405010357499,0.5009279120713472,0.7246669847518206,0.6317631341516972,9.792763041332364
780,140.485128045,80,7,0,2029,6844,0,7.615267066285014,0.5991221405565739,0.7015340961515903,0.7496806792914867,9.665603982284665
781,140.582598763,78,9,1,2030,6848,4,7.200208958238363,0.5529948975890875,0.698016956448555,0.6389061454683542,9.09012695774436
782,140.68007377200001,82,4,0,2030,6848,0,7.512805052101612,0.47853589057922363,0.6409802008420229,0.6443148013204336,9.276635944843292
783,140.875062209,79,9,2,2032,6853,5,7.340952986851335,1.998041057959199,1.831368077546358,0.8411738090217113,12.011535931378603
784,140.972494094,77,8,1,2033,6855,2,7.666182005777955,0.566310016438365,0.6655561737716198,0.633845804259181,9.53189400024712
786,141.167441488,83,11,3,2036,6861,6,7.7505288645625114,0.5527350585907698,0.6576809100806713,0.6292990874499083,9.59024392068386
787,141.362388424,74,7,0,2036,6862,1,6.937818136066198,0.4763919860124588,0.6512899417430162,0.623336061835289,8.688836125656962
788,141.459862559,81,9,0,2036,6863,1,7.460396038368344,0.4812311381101608,0.6999010220170021,0.6332749035209417,9.274803102016449
789,141.557336694,79,9,2,2038,6872,9,7.289055967703462,0.5354320164769888,0.6912141107022762,0.6139788310974836,9.12968092598021
790,141.654867495,85,5,1,2039,6873,1,7.901442004367709,0.5596380215138197,0.6551160477101803,0.6648539565503597,9.781050030142069
791,141.849757682,83,11,3,2042,6880,7,7.37551786005497,0.6074178963899612,0.6909139920026064,0.6943582557141781,9.368208004161716
793,142.044705201,91,15,6,2048,6881,1,7.550565060228109,0.571320066228509,0.6650348659604788,0.6316020153462887,9.418522007763386
794,142.142180128,91,13,1,2049,6884,3,8.188048843294382,0.5832519382238388,0.7475200109183788,0.8179601281881332,10.336780920624733
795,142.239642679,96,19,5,2054,6887,3,7.321096025407314,0.5502300336956978,1.2588161043822765,0.6804538425058126,9.810596005991101
796,142.337118064,91,15,5,2059,6890,3,8.05132300592959,0.8474669884890318,0.7332130335271358,0.658079981803894,10.290083009749651
798,142.532065167,88,14,1,2060,6895,5,7.29028694331646,0.5773711018264294,1.371507067233324,0.638867961242795,9.878033073619008
799,142.727038686,91,15,6,2066,6906,11,8.568590972572565,0.5464938003569841,0.6736810319125652,0.6279041990637779,10.416670003905892
800,142.824474571,89,15,0,2066,6914,8,7.745700888335705,0.5038529634475708,0.6991790141910315,0.8616221603006124,9.81035502627492
801,142.921991498,83,12,1,2067,6916,2,7.888877997174859,0.6471809465438128,0.765583012253046,0.7726771291345358,10.074319085106254
802,143.116885809,88,16,3,2070,6924,8,7.416253909468651,0.7254478987306356,0.7489919662475586,0.6452682428061962,9.535962017253041
803,143.214363735,94,14,2,2072,6928,4,7.906671846285462,0.5547178443521261,0.6652059964835644,0.691995257511735,9.818590944632888
804,143.311832912,98,15,2,2074,6934,6,8.99926689453423,0.5589260254055262,0.68658497184515,0.6601070053875446,10.904884897172451
805,143.409328297,104,12,3,2077,6941,7,8.103258907794952,0.7906900718808174,0.9848140180110931,0.7487819530069828,10.627544950693846
806,143.604244025,109,8,2,2079,6951,10,8.272066013887525,0.7127749267965555,0.7135760970413685,0.7044877856969833,10.402904823422432
808,143.799190753,99,5,0,2079,6952,1,10.276858927682042,0.8580959402024746,0.7925329264253378,0.6626611575484276,12.590148951858282
809,143.896665304,105,10,1,2080,6958,6,8.94279102794826,0.5811580922454596,0.6850429344922304,0.6834189407527447,10.892410995438695
810,144.091611824,117,9,0,2080,6961,3,8.319705026224256,0.5432670004665852,0.7145870476961136,0.6894918624311686,10.267050936818123
811,144.189087958,94,8,0,2080,6961,0,7.695856969803572,0.48860395327210426,0.6835800595581532,0.8982918225228786,9.766332805156708
812,144.286560843,89,7,1,2081,6963,2,7.946906145662069,1.3170749880373478,0.765352975577116,0.6860657595098019,10.715399868786335
813,144.481509904,74,8,1,2082,6967,4,8.59253597445786,0.5890221800655127,0.7139570079743862,0.714226858690381,10.60974202118814
814,144.578981581,63,6,2,2084,6973,6,7.682151859626174,0.591787975281477,0.7101299706846476,0.6402970757335424,9.624366881325841
816,144.7739326,63,4,1,2085,6975,2,6.757430965080857,0.6326341535896063,0.6287468131631613,0.6011950317770243,8.620006963610649
817,144.871403069,60,5,2,2087,6980,5,6.932598073035479,0.7108210120350122,0.6682109087705612,0.6420209538191557,8.953650947660208
818,145.066353838,57,7,1,2088,6981,1,6.469692103564739,0.5527648609131575,0.9083899203687906,0.6332560442388058,8.564102929085493
819,145.16382289,69,9,4,2092,6987,6,7.41326785646379,0.7645620498806238,0.7766738999634981,0.6783402059227228,9.632844012230635
820,145.261297733,70,12,5,2097,6998,11,7.829447044059634,0.8473261259496212,0.7310979999601841,0.6307817529886961,10.038652922958136
821,145.456245711,75,15,6,2103,7000,2,7.851198082789779,0.5465229041874409,0.6590539123862982,0.621032202616334,9.677807101979852
822,145.553719929,64,8,1,2104,7003,3,6.971550872549415,0.6510280072689056,0.663180835545063,0.8965001907199621,9.182259906083345
823,145.651193022,62,7,2,2106,7012,9,6.6060870885849,0.6392970681190491,0.7253270596265793,0.6583728827536106,8.629084099084139
824,145.94361501,61,7,0,2106,7012,0,6.719548953697085,1.2064480688422918,0.8222090546041727,0.6454098038375378,9.393615880981088
826,146.138561571,62,7,1,2107,7015,3,6.508885184302926,1.7949810717254877,0.648353947326541,0.6120237521827221,9.564243955537677
827,146.236079247,62,11,2,2109,7020,5,7.263838080689311,0.5906461738049984,0.7186760194599628,0.6371117196977139,9.210271993651986
828,146.333511674,80,15,5,2114,7037,17,8.885083021596074,0.6490051746368408,0.8173200767487288,1.138721825554967,11.49013009853661
829,146.431020225,79,13,2,2116,7042,5,8.343379013240337,0.7217209786176682,0.8409149013459682,0.8760190103203058,10.78203390352428
830,146.528456527,91,16,1,2117,7046,4,8.393503027036786,0.5922988057136536,0.675905030220747,1.0384940542280674,10.700200917199254
831,146.625931537,94,17,2,2119,7050,4,7.749337004497647,0.5558899138122797,0.6677091587334871,0.7101008668541908,9.683036943897605
833,147.015825492,102,19,8,2127,7061,11,7.937287911772728,0.5502300336956978,0.6852520164102316,0.6155138835310936,9.788283845409751
834,147.113301919,110,16,2,2129,7068,7,9.519490879029036,0.5653079133480787,0.6895409896969795,0.6419222336262465,11.41626201570034
835,147.210773512,114,20,4,2133,7085,17,8.431222988292575,0.8756888564676046,1.0383338667452335,1.0072961449623108,11.352541856467724
836,147.405720365,115,23,6,2139,7100,15,9.518548846244812,0.8356550242751837,1.0404179338365793,0.7928530685603619,12.187474872916937
838,147.600668926,140,24,7,2146,7121,21,9.703855961561203,0.5876999348402023,0.7282241713255644,0.7626370061188936,11.782417073845863
839,147.698141353,135,22,3,2149,7131,10,9.849639143794775,0.5812579765915871,0.6869060453027487,0.6446267943829298,11.76242996007204
840,147.795616946,137,22,5,2154,7144,13,8.94983485341072,0.5613209214061499,0.666978070512414,0.6378842517733574,10.816018097102642
841,147.893092081,136,29,5,2159,7157,13,9.220591047778726,0.5695868749171495,0.8223699405789375,0.6515691056847572,11.26411696895957
842,147.990566465,142,23,1,2160,7164,7,9.215211030095816,0.6070160306990147,0.7277221884578466,0.708205858245492,11.258155107498169
843,148.282984411,151,25,1,2161,7166,2,9.738059947267175,0.64614019356668,1.8686780240386724,0.6798419635742903,12.932720128446817
845,148.477991056,140,25,5,2166,7182,16,10.13838010840118,0.5904058925807476,0.7497339975088835,0.6552948616445065,12.133814860135317
846,148.575427482,126,24,2,2168,7186,4,9.081271011382341,0.5835029296576977,1.5104180201888084,0.6742500700056553,11.849442031234503
847,148.672912951,128,23,2,2170,7197,11,9.1807059943676,0.5795150063931942,0.6838098634034395,0.6748840678483248,11.118914932012558
848,148.770395669,124,27,4,2174,7214,17,8.545126998797059,0.5866589490324259,0.7548730354756117,0.6651950534433126,10.55185403674841
849,148.867881012,114,17,2,2176,7218,4,8.198007009923458,0.559257110580802,1.4861330855637789,0.6159518379718065,10.859349044039845
850,149.160323125,130,21,4,2180,7233,15,9.87898395396769,0.6103620398789644,0.7106498815119267,0.7111930754035711,11.911188950762153
852,149.355281186,123,26,5,2185,7240,7,9.041385957971215,0.5991719663143158,0.7615559734404087,0.651919050142169,11.054032947868109
853,149.452765404,125,26,4,2189,7253,13,9.342218982055783,0.5403419490903616,0.7346849888563156,0.6189278792589903,11.23617379926145
854,149.55023958,112,25,3,2192,7261,8,8.743097074329853,0.7075138855725527,0.7357869762927294,0.6564499344676733,10.842847870662808
855,149.647714715,102,24,1,2193,7267,6,8.221501018851995,0.6268431898206472,0.7425597868859768,0.7569671142846346,10.347871109843254
857,149.842712068,108,26,6,2199,7285,18,8.478641975671053,0.8525259327143431,0.8062401320785284,0.651238951832056,10.78864699229598
858,150.037608254,107,27,6,2205,7309,24,9.254754986613989,1.021042000502348,2.011114964261651,1.1296141892671585,13.416526140645146
860,150.232617024,122,19,2,2207,7313,4,9.128818986937404,0.664824852719903,0.7554038893431425,0.6823372095823288,11.231384938582778
861,150.3300292,122,20,2,2209,7319,6,9.541461942717433,0.6482540629804134,0.7425299845635891,0.7247668690979481,11.657012859359384
862,150.524976887,135,16,2,2211,7327,8,8.943683002144098,0.550881028175354,0.6996698211878538,0.6314523052424192,10.825686156749725
864,150.719933198,146,20,4,2215,7338,11,9.106628131121397,0.5766700487583876,0.6827779579907656,0.6594539154320955,11.025530053302646
865,150.817401958,172,28,3,2218,7346,8,10.67511411383748,0.6177760660648346,0.770732993260026,0.6289978045970201,12.692620977759361
866,150.914873176,188,25,5,2223,7364,18,10.136546101421118,0.582951121032238,0.7163111586123705,0.6559176836162806,12.091726064682007
867,151.012345311,196,26,5,2228,7374,10,12.620195047929883,0.6583218928426504,0.8355339523404837,0.7264208979904652,14.840471791103482
869,151.207294205,228,31,4,2232,7381,7,11.283362982794642,0.5754379089921713,0.7475190795958042,0.6310308817774057,13.237350853160024
870,151.402242433,231,25,3,2235,7386,5,12.905930867418647,0.6117150187492371,0.88493712246418,0.8852870669215918,15.287870075553656
871,151.499715276,244,24,1,2236,7389,3,12.132412055507302,0.5433668848127127,0.7099690847098827,0.6460200529545546,14.031768077984452
872,151.597199994,245,22,8,2244,7405,16,11.997089022770524,0.672538997605443,0.7141069509088993,0.6535639986395836,14.03729896992445
873,151.889631482,219,23,2,2246,7414,9,12.202955083921552,0.5787829868495464,0.7839880418032408,0.6839998532086611,14.249725965783
875,152.08459046,235,16,6,2252,7433,19,12.384583940729499,0.7231838535517454,1.3820570893585682,0.7359280716627836,15.225752955302596
876,152.182063428,234,16,2,2254,7440,7,12.1849300339818,0.6085589993745089,0.7383630145341158,0.8338708430528641,14.365722890943289
877,152.377023156,215,14,1,2255,7443,3,12.220667907968163,0.5722311325371265,0.6800729315727949,0.9043531026691198,14.377325074747205
879,152.571971676,218,11,3,2258,7448,5,11.445035925135016,0.6645640823990107,0.7007808890193701,0.6453082896769047,13.455689186230302
880,152.669443352,216,19,6,2264,7471,23,10.76749712228775,0.5420849192887545,0.6957321893423796,0.6171546410769224,12.622468871995807
881,152.864389705,199,19,2,2266,7476,5,10.945420013740659,1.4398661442101002,0.9235190227627754,0.6388046313077211,13.947609812021255
882,152.961865298,230,23,8,2274,7501,25,12.742955004796386,0.8774020243436098,0.7749798242002726,0.6665301043540239,15.061866957694292
883,153.059338558,213,22,5,2279,7526,25,11.633618036285043,0.544658862054348,0.7291350048035383,0.6295691709965467,13.536981074139476
884,153.254285869,226,22,3,2282,7532,6,13.257078127935529,0.6370830815285444,0.9793529752641916,0.7489018607884645,15.62241604551673
885,153.449246139,228,20,3,2285,7544,12,12.440928956493735,0.6124158389866352,0.843738904222846,0.7670782506465912,14.664161950349808
886,153.54670744,214,16,0,2285,7546,2,12.496574083343148,0.48747286200523376,0.7068330887705088,0.6348078604787588,14.32568789459765
887,153.741655127,209,20,4,2289,7552,6,11.969867860898376,0.6012450903654099,0.7212399505078793,0.8320990018546581,14.124451903626323
889,153.936602563,204,18,4,2293,7554,2,10.935761965811253,0.5595569964498281,0.6634220480918884,0.6191488355398178,12.777889845892787
890,154.034075239,191,18,3,2296,7560,6,10.581979993730783,0.9276359342038631,0.6771681364625692,0.7483609952032566,12.935145059600472
891,154.229023467,201,18,2,2298,7568,8,10.449110995978117,0.5707889795303345,0.6786410231143236,0.6892788223922253,12.387819821015
892,154.326497019,201,18,0,2298,7571,3,10.587300173938274,1.2915779370814562,0.9875278919935226,0.6427639164030552,13.509169919416308
893,154.42397232,196,20,2,2300,7580,9,10.734505951404572,0.5826898850500584,0.7139360532164574,0.6494061090052128,12.6805379986763
894,154.716434224,205,18,4,2304,7592,12,11.38014392927289,0.5738839972764254,0.6851330399513245,0.6379140540957451,13.277075020596385
896,154.911339869,183,18,0,2304,7595,3,11.093217181041837,0.6572699639946222,1.0205800645053387,0.8412047754973173,13.612271985039115
897,155.00881442,204,15,5,2309,7605,10,11.332174064591527,0.5715300794690847,0.6989690009504557,0.6304490379989147,13.233122183009982
898,155.203761148,196,17,4,2313,7617,12,11.784611037001014,1.4388440176844597,1.6531648579984903,1.177123049274087,16.05374296195805
900,155.398709168,195,17,0,2313,7620,3,10.742160025984049,0.5125198513269424,0.7736890111118555,0.6839190609753132,12.71228794939816
901,155.496182261,196,13,1,2237,7626,6,10.323646012693644,0.6894802208989859,0.7899689953774214,0.8258768357336521,12.628972064703703
902,155.593657396,180,14,2,2239,7633,7,10.20011492073536,0.561961904168129,0.7386531215161085,0.6195700261741877,12.120299972593784
903,155.691130697,196,10,1,2240,7635,2,12.98424694687128,0.6298290099948645,0.7131751626729965,0.6946797948330641,15.021930914372206
904,155.983552393,198,12,1,2241,7637,2,12.245293008163571,0.5540368147194386,0.6581021007150412,0.6312129553407431,14.088644878938794
906,156.17849833,190,13,2,2243,7641,4,11.70426094904542,0.5675018765032291,0.6838100962340832,0.6426731124520302,13.598246034234762
907,156.275973839,195,11,3,2246,7656,15,11.02024014107883,0.659263925626874,0.7503950037062168,0.6227449048310518,13.052643975242972
908,156.470909734,199,12,2,2248,7665,9,12.627277988940477,0.582581153139472,0.7246269378811121,0.6242180243134499,14.558704104274511
910,156.66585812900001,194,11,4,2252,7671,6,11.915154987946153,0.8634459227323532,0.7251668721437454,0.6472642999142408,14.151032082736492
911,156.763378097,187,8,0,2252,7674,3,11.797334998846054,0.5017791409045458,0.6850319914519787,0.6389468908309937,13.623093022033572
912,156.860817065,187,9,0,2252,7675,1,10.953344870358706,0.5709580145776272,0.7373609114438295,0.6649752613157034,12.926639057695866
914,157.153227594,155,10,1,2253,7678,3,10.211806977167726,0.6626311223953962,0.7154690101742744,0.6468009669333696,12.236708076670766
915,157.250744771,142,11,3,2256,7686,8,9.155199164524674,1.4185260515660048,1.0853519197553396,0.6343869026750326,12.293464038521051
916,157.348175447,150,9,2,2258,7693,7,10.172744048759341,0.5519529804587364,0.669403001666069,0.6286869756877422,12.022787006571889
917,157.445649165,149,11,1,2259,7695,2,10.561280883848667,0.5745149683207273,0.7556851487606764,0.6797828245908022,12.571263825520873
918,157.543123217,140,10,1,2260,7696,1,9.289128938689828,0.7322910241782665,1.1359569616615772,0.6990090478211641,11.856385972350836
919,157.83554383,118,12,5,2265,7712,16,8.408240042626858,0.5831019952893257,0.7177540101110935,0.7198578678071499,10.428953915834427
920,157.933054089,124,13,2,2267,7719,7,9.719204856082797,0.6000630091875792,0.696494011208415,0.7009122055023909,11.716674081981182
921,158.030491141,129,13,3,2270,7729,10,8.36140289902687,0.6286371499300003,0.708836829289794,0.655096024274826,10.353972902521491
922,158.322913045,153,18,5,2275,7752,23,8.919857908040285,0.5746050737798214,1.156575046479702,0.6791730411350727,11.330211069434881
924,158.517859981,173,16,4,2279,7759,7,10.245629819110036,0.5641460884362459,0.6887500640004873,0.6945398636162281,12.193065835162997
925,158.615334616,170,17,6,2285,7774,15,10.43871114961803,0.5768002010881901,0.7384021300822496,0.7121625822037458,12.466076062992215
926,158.712807668,172,14,0,2285,7777,3,10.103774024173617,0.7949890568852425,0.6944700144231319,0.7008619140833616,12.294095009565353
927,158.810282011,187,17,1,2286,7782,5,10.479026939719915,0.5581649020314217,0.7833561394363642,0.7194569334387779,12.54000491462648
929,159.005228322,215,21,5,2291,7794,12,11.490500997751951,0.6448470521718264,1.376928063109517,0.7338728755712509,14.246148988604546
930,159.200186592,226,22,8,2299,7821,27,11.604293948039412,0.5707680247724056,0.7333729881793261,0.6808638572692871,13.589298818260431
931,159.297650268,210,21,2,2301,7832,11,11.03705121204257,0.9632338769733906,3.474034136161208,0.6568878889083862,16.131207114085555
932,159.395123611,211,24,5,2306,7843,11,11.030971072614193,0.5565618630498648,0.7584199775010347,0.6481220480054617,12.994074961170554
933,159.687545599,196,22,6,2312,7855,12,11.133612133562565,0.9989500977098942,0.761053990572691,0.8391018491238356,13.732718070968986
935,159.882494035,166,15,2,2314,7864,9,11.561885010451078,0.5633339751511812,0.7518969941884279,0.6366618908941746,13.513777870684862
936,160.07743968,173,18,4,2318,7879,15,9.475128026679158,0.5552188958972692,0.6706849671900272,0.634749187156558,11.335781076923013
937,160.174914815,155,16,4,2322,7887,8,9.148705983534455,0.5800158251076937,0.6830890197306871,0.6321032997220755,11.043914128094912
939,160.369860251,165,25,15,2337,7921,34,9.975563967600465,0.5615511909127235,0.6775280926376581,0.6373836658895016,11.852026917040348
940,160.56480877,134,19,3,2340,7934,13,9.355773916468024,0.7097991183400154,0.7284940220415592,0.6593139842152596,11.453381041064858
942,160.759757415,159,14,8,2348,7947,13,10.715159121900797,0.6124759092926979,0.7081250660121441,0.648394925519824,12.684155022725463
943,160.857230175,165,21,5,2353,7956,9,10.693398071452975,0.5984809249639511,0.7255580276250839,0.638084951788187,12.655521975830197
944,161.052177903,154,13,0,2353,7963,7,9.741205954924226,0.5553700029850006,0.7708538323640823,0.7409963291138411,11.80842611938715
945,161.149651829,157,16,5,2358,7971,8,9.880937170237303,1.3470619451254606,0.8691870607435703,0.9778107050806284,13.074996881186962
946,161.247125214,156,12,3,2361,7981,10,9.993779007345438,0.7424200884997845,0.7870539557188749,0.9770279284566641,12.500280980020761
947,161.442072984,175,13,3,2364,7989,8,10.369743220508099,0.6452379748225212,0.6657459307461977,0.6687918212264776,12.349518947303295
948,161.53954666,171,14,2,2366,7997,8,11.046649888157845,0.5955849774181843,0.778096029534936,0.6777392700314522,13.098070165142417
949,161.637021961,179,16,8,2374,8016,19,11.753181926906109,0.575115904211998,0.9897628333419561,0.7805014029145241,14.098562067374587
950,161.929433199,189,17,9,2383,8034,18,10.43053693138063,0.5542179569602013,0.6976358126848936,0.6429124623537064,12.32530316337943
951,162.026906751,182,15,1,2384,8035,1,11.370656080543995,0.5641959141939878,0.6658360362052917,0.6480540614575148,13.24874209240079
952,162.31930828,236,19,10,2394,8052,17,13.11443094164133,0.5881008692085743,0.7021140772849321,0.6541339680552483,15.058779856190085
953,162.416779415,257,23,4,2398,8065,13,12.882316019386053,0.6553970742970705,0.7539219222962856,0.7987651042640209,15.09040012024343
955,162.611727018,261,14,6,2404,8083,18,12.435839977115393,0.5656490102410316,1.5670130960643291,0.6476119160652161,15.21611399948597
956,162.806710996,244,18,4,2408,8098,15,12.852930929511786,0.5993819795548916,0.7294151000678539,0.6408710032701492,14.82259901240468
958,163.001612015,234,13,1,2409,8102,4,11.794108897447586,0.5450400058180094,0.6900920998305082,0.6156319286674261,13.64487293176353
959,163.099084983,233,13,0,2409,8102,0,11.789531214162707,0.47811493277549744,0.6741019897162914,0.655375886708498,13.597124023362994
960,163.196559118,236,12,2,2411,8109,7,12.271441984921694,0.5636459682136774,0.6587530951946974,0.6144598592072725,14.108300907537341
961,163.294032503,210,14,4,2415,8115,6,13.141291216015816,0.6030690856277943,0.6934190168976784,0.6626485846936703,15.100427903234959
962,163.586492782,179,10,3,2418,8118,3,11.881020851433277,0.5745559465140104,0.689671142026782,0.6815660744905472,13.826814014464617
963,163.683939584,173,11,1,2419,8121,3,9.64623806066811,0.5544680170714855,0.656740041449666,0.6520899478346109,11.509536067023873
964,163.781412094,171,13,3,2422,8124,3,11.575360083952546,0.5791741423308849,0.6888399366289377,0.6823658477514982,13.525740010663867
965,164.073845415,161,17,5,2427,8133,9,9.491316974163055,1.362890936434269,0.8131919894367456,0.6524829659610987,12.319882865995169
967,164.268831643,145,18,5,2432,8156,23,10.212237015366554,1.146076014265418,0.6796231027692556,0.6492750253528357,12.687211157754064
968,164.366265902,134,22,2,2434,8180,24,8.638291154056787,0.5959260743111372,0.6902918685227633,0.7248660549521446,10.649375151842833
969,164.561214172,130,16,3,2437,8185,5,8.755350019782782,3.1884079799056053,0.7060819771140814,0.7839880418032408,13.433828018605709
971,164.756161317,96,19,4,2441,8189,4,7.6482470612972975,0.6604159716516733,0.6416807882487774,0.6137201562523842,9.564063977450132
972,164.951133419,110,9,0,2441,8191,2,8.784624980762601,0.7403760682791471,0.7072240114212036,0.6303798872977495,10.862604947760701
973,165.048622304,117,16,4,2445,8194,3,8.394103962928057,0.5678329616785049,0.6855539977550507,0.6440242286771536,10.291515151038766
975,165.243530324,140,25,7,2452,8223,29,8.873912040144205,1.3431939296424389,0.7320609875023365,0.8233210537582636,11.772488011047244
976,165.438477552,120,16,2,2454,8232,9,8.14409600570798,0.638255150988698,0.7468080148100853,0.6265926640480757,10.155751835554838
978,165.633425696,109,13,2,2456,8235,3,8.973629213869572,0.5748369731009007,0.7067129481583834,0.6944288033992052,10.949607938528061
979,165.73090929,131,15,2,2458,8239,4,8.795867208391428,0.5647970829159021,0.668852124363184,0.6226045079529285,10.652120923623443
980,165.925865726,181,18,1,2459,8251,12,10.941662825644016,1.3935079332441092,1.899596070870757,0.9623432997614145,15.197110129520297
982,166.120814662,183,20,2,2461,8265,14,10.752378962934017,0.5959449335932732,0.7394740823656321,0.6781700067222118,12.765967985615134
983,166.21832588,202,20,2,2463,8272,7,11.314359959214926,0.5730330012738705,0.7232739590108395,0.6415809039026499,13.252247823402286
984,166.413236566,155,15,0,2463,8274,2,11.883775936439633,0.627405010163784,0.998358940705657,0.7301070727407932,14.239646960049868
986,166.608241753,181,13,0,2463,8283,9,11.783519061282277,0.5412339232861996,0.8920810651034117,0.8237101137638092,14.040544163435698
987,166.803142981,161,14,3,2466,8289,6,9.591284906491637,0.67284912802279,0.7432620041072369,0.6654760800302029,11.672872118651867
988,166.90061749,158,11,3,2469,8293,4,9.362176060676575,0.5639661103487015,0.6464398466050625,0.6207821425050497,11.193364160135388
990,167.095564302,154,9,0,2469,8295,2,10.353652061894536,0.7687089964747429,0.6613279692828655,0.6186089012771845,12.402297928929329
991,167.290511696,163,7,1,2470,8295,0,10.067556984722614,0.5801368970423937,0.6557779852300882,0.6420202553272247,11.945492122322321
993,167.485459549,159,6,0,2470,8297,2,9.40109882503748,0.472113024443388,0.6572899874299765,0.6368232425302267,11.16732507944107
994,167.582934392,154,10,0,2470,8299,2,9.721869137138128,0.6506079807877541,0.6644739769399166,0.698828836902976,11.735779931768775
995,167.77791862,140,5,1,2471,8301,2,9.044331032782793,0.543135916814208,0.6436149124056101,0.6097531877458096,10.84083504974842
997,167.972829181,132,5,0,2471,8301,0,9.951408952474594,0.5005171988159418,0.671416986733675,0.8821007795631886,12.0054439175874
998,168.167775284,113,5,2,2473,8305,4,7.991720922291279,0.5967479664832354,0.6878580898046494,0.6513169500976801,9.927643928676844
999,168.265250586,111,5,0,2473,8306,1,8.788120932877064,0.7959799841046333,0.6622301880270243,0.6421718280762434,10.888502933084965
1001,168.460197605,93,5,2,2475,8309,3,7.919265190139413,0.5801760125905275,1.450014067813754,0.7253277581185102,10.674783028662205
1002,168.655144917,81,7,0,2475,8316,7,7.080544950440526,0.47869584523141384,1.2855760287493467,0.6241791415959597,9.468995966017246
1004,168.850093895,73,4,0,2475,8316,0,7.78624601662159,0.5051251500844955,0.6747029256075621,0.7150399032980204,9.681113995611668
1005,168.947565904,73,5,0,2475,8316,0,7.410832913592458,0.5067090969532728,0.7094379980117083,0.601376174017787,9.228356182575226
1006,169.045040747,76,4,1,2476,8319,3,8.678826969116926,0.75737782754004,0.8947341702878475,0.811409205198288,11.142348172143102
1007,169.142514466,69,4,0,2476,8319,0,7.327246945351362,0.4903480876237154,0.6362919230014086,0.6167730316519737,9.07065998762846
1008,169.434934787,73,7,1,2477,8326,7,7.166445953771472,0.5508209578692913,0.6721580866724253,0.6428440101444721,9.03226900845766
1009,169.532409088,77,5,1,2478,8329,3,7.123134797438979,0.6681499071419239,0.7991658058017492,0.710861524567008,9.30131203494966
1010,169.824830951,76,6,0,2478,8331,2,7.119928020983934,0.48275385051965714,0.7373210974037647,0.6854222156107426,9.025425184518099
1011,169.922305294,77,5,0,2478,8331,0,7.320204051211476,0.5547679029405117,0.7290649227797985,0.7410871330648661,9.345124009996653
1012,170.019776929,77,5,0,2478,8331,0,7.44306412525475,0.47252397052943707,0.6484438199549913,0.7121330127120018,9.27616492845118
1013,170.312198916,72,5,0,2478,8332,1,8.30032886005938,0.4785859491676092,0.6561279296875,0.666437204927206,10.101479943841696
1015,170.507147478,85,7,1,2479,8334,2,7.539144018664956,0.5802959203720093,0.7002807687968016,0.6341063417494297,9.453827049583197
1016,170.604661904,75,7,0,2479,8334,0,7.439255947247148,0.46988879330456257,0.6549260579049587,0.6476931739598513,9.21176397241652
1017,170.79956984,87,9,0,2479,8334,0,7.382340030744672,0.6775979418307543,0.673169968649745,0.6654958706349134,9.398603811860085
1019,170.994517277,86,6,0,2479,8335,1,8.246678160503507,0.49371388740837574,0.6765369325876236,0.6540841422975063,10.071013122797012
1020,171.09199187,82,7,0,2479,8335,0,7.311227032914758,0.5132011137902737,0.7284639868885279,0.6595528684556484,9.212445002049208
1021,171.286944556,79,6,1,2480,8337,2,8.35050200112164,0.6613580044358969,0.7409269455820322,0.6966039072722197,10.449390858411789
1023,171.481885076,83,6,1,2481,8341,4,7.154763909056783,0.5622419994324446,0.6630010902881622,0.6041519809514284,8.984158979728818
1024,171.579359377,82,8,0,2481,8341,0,8.001208072528243,0.49095903523266315,0.7194469217211008,0.6754749920219183,9.887089021503925
1025,171.676833137,91,8,1,2482,8343,2,7.756791077554226,1.160631887614727,0.7144969422370195,0.9443189483135939,10.576238855719566
1026,171.774308647,82,7,1,2483,8346,3,8.96417093463242,0.6359410472214222,0.747008016332984,0.7298660930246115,11.076986091211438
1027,172.066728051,82,8,0,2483,8349,3,8.233482949435711,0.6977058947086334,0.6917649880051613,0.7610751781612635,10.384029010310769
1029,172.261675612,88,8,3,2486,8356,7,8.848453871905804,0.6593950092792511,0.692055094987154,0.6467308849096298,10.846634861081839
1030,172.359150164,84,10,1,2487,8358,2,8.311218116432428,0.7795901037752628,0.7483200170099735,0.6581628695130348,10.4972911067307
1031,172.554104767,83,12,2,2489,8370,12,7.954600965604186,0.5559409037232399,0.6785998120903969,0.6209532730281353,9.810094954445958
1033,172.749043745,89,9,1,2490,8371,1,7.493307115510106,0.6897118873894215,0.7357581052929163,0.7199270185083151,9.638704126700759
1034,172.943992014,84,8,1,2491,8374,3,7.248189067468047,0.5659889429807663,1.609513070434332,0.6450170185416937,10.068708099424839
1035,173.041486066,89,8,2,2493,8379,5,7.633330067619681,0.5776011385023594,0.6711760070174932,0.6462698802351952,9.52837709337473
1036,173.138953826,93,11,0,2493,8382,3,7.551646092906594,0.5056960508227348,0.731700100004673,0.6607477553188801,9.449789999052882
1037,173.431361022,95,11,2,2495,8394,12,7.5199969578534365,0.5429969169199467,0.6646739784628153,0.6220950745046139,9.349762927740812
1039,173.626308916,95,10,0,2495,8394,0,7.8683290630578995,0.48452685587108135,0.6795120425522327,0.7006819359958172,9.73304989747703
1040,173.723783009,92,8,0,2495,8394,0,7.956826128065586,0.5098148249089718,0.6995098665356636,0.6806321907788515,9.846783010289073
1041,173.918730571,93,9,1,2496,8396,2,8.707970846444368,0.5766288377344608,0.7051499560475349,0.6281174719333649,10.617867112159729
1043,174.113677965,83,7,3,2499,8407,11,7.572246016934514,0.5648978985846043,0.6824680604040623,0.6091389805078506,9.428750956431031
1044,174.308625943,96,10,0,2499,8411,4,7.920307107269764,0.5017591174691916,0.7010819390416145,0.6304208654910326,9.753569029271603
1045,174.406099828,97,10,0,2499,8411,0,8.136500837281346,1.3445268850773573,0.8611821103841066,0.7522192317992449,11.094429064542055
1047,174.601047472,95,6,0,2499,8411,0,7.855965988710523,0.5013591144233942,0.6646439433097839,0.6321738474071026,9.654142893850803
1048,174.7960362,97,8,2,2501,8416,5,7.7788319904357195,0.6537840235978365,0.8232609834522009,0.8667618967592716,10.122638894245028
1050,174.990960387,94,9,2,2503,8418,2,7.932910928502679,0.5543879233300686,0.6507379002869129,0.6231463048607111,9.761183056980371
1051,175.185890615,94,7,1,2504,8423,5,8.765610167756677,0.5780218634754419,0.6652460433542728,0.6132859271019697,10.622164001688361
1052,175.283364624,94,8,0,2504,8425,2,7.462379988282919,0.5083519499748945,0.6866350304335356,0.6508480291813612,9.30821499787271
1054,175.478312019,89,7,0,2504,8425,0,7.41290720179677,0.5167170893400908,0.6994889117777348,0.6821467541158199,9.311259957030416
1055,175.575785237,91,10,2,2506,8435,10,9.185044094920158,0.5588869098573923,0.8299341425299644,0.8161957375705242,11.39006088487804
1057,175.868206933,94,6,1,2507,8437,2,8.589989971369505,0.5660499446094036,0.6788100581616163,0.6330560427159071,10.467906016856432
1058,175.965728985,92,5,0,2507,8437,0,8.66937916725874,0.6722388789057732,0.9426739998161793,1.6614710912108421,11.945763137191534
1059,176.063154703,97,8,0,2507,8438,1,7.890981854870915,0.6549661047756672,0.7347650825977325,1.62682612426579,10.907539166510105
1060,176.160627754,90,5,1,2508,8440,2,7.457280065864325,0.840313034132123,0.6574711296707392,0.7814229466021061,9.736487176269293
1061,176.453049575,102,5,0,2508,8442,2,8.46673990599811,0.5437578074634075,0.6784901488572359,0.6821972783654928,10.371185140684247
1062,176.550523918,106,6,2,2510,8446,4,8.21281410753727,0.5590070504695177,0.6343778222799301,0.6551961414515972,10.061395121738315
1063,176.64799872,108,8,1,2511,8450,4,8.025383111089468,0.5532761570066214,0.6601561326533556,0.6399974226951599,9.878812823444605
1064,176.940417416,99,12,3,2514,8466,16,7.749698124825954,0.5657491274178028,0.6750430911779404,0.6389357149600983,9.629426058381796
1066,177.135365477,98,9,1,2515,8470,4,8.326488081365824,0.639576930552721,0.6871859077364206,0.6749131716787815,10.328164091333747
1067,177.23284032,97,10,1,2516,8472,2,8.575503015890718,0.8341518696397543,0.7140671368688345,0.650256872177124,10.77397889457643
1068,177.427787381,94,10,2,2518,8476,4,7.8650841023772955,0.5634550470858812,0.6991790141910315,0.6117939483374357,9.739512111991644
1070,177.622734651,93,12,2,2520,8480,4,7.891834015026689,0.7635490037500858,2.1302581299096346,0.7126037962734699,11.498244944959879
1071,177.817682379,94,10,2,2522,8487,7,7.880543125793338,0.5792640149593353,0.6768968887627125,0.6274639163166285,9.764167945832014
1072,177.91515618,97,13,1,2523,8494,7,7.753985933959484,0.5779219791293144,0.685633160173893,0.6351987831294537,9.652739856392145
1073,178.207578793,90,8,2,2525,8496,2,9.977587964385748,0.6433839444071054,0.772206112742424,0.719547038897872,12.11272506043315
1074,178.30505197,90,7,0,2525,8499,3,7.3300921358168125,0.49003702588379383,0.6637629121541977,0.6303689442574978,9.114261018112302
1076,178.499999364,88,3,0,2525,8499,0,7.585740881040692,0.5566419567912817,0.6790109910070896,0.6592741701751947,9.480667999014258
1077,178.597473166,95,10,2,2527,8502,3,8.776128990575671,0.7231528870761395,0.6856431718915701,0.7019159384071827,10.886840987950563
1078,178.694946467,98,9,0,2527,8506,4,8.262326940894127,0.8151158690452576,0.7305280305445194,1.539160031825304,11.347130872309208
1079,178.98741358,100,6,0,2527,8506,0,8.299987064674497,0.6296890787780285,0.821598106995225,1.0631706099957228,10.814444860443473
1080,179.08484259,103,9,2,2529,8513,7,9.5154729206115,0.5487171001732349,0.6688421126455069,0.6201607175171375,11.35319285094738
1081,179.182316933,92,8,0,2529,8513,0,9.311520960181952,0.4909390117973089,0.6785800214856863,0.6448868662118912,11.125926859676838
1082,179.474738504,102,10,0,2529,8518,5,8.51152278482914,0.6900809239596128,0.6906630005687475,0.6452992092818022,10.537565918639302
1084,179.669738482,98,9,2,2531,8522,4,7.613382069393992,0.5611199885606766,0.6576110608875751,0.6223258096724749,9.454438928514719
1085,179.76715945,100,10,1,2532,8524,2,8.048326009884477,0.5698970053344965,0.6627100519835949,0.619982136413455,9.900915203616023
1086,179.962106178,98,6,0,2532,8524,0,8.101274957880378,1.2985710054636002,0.7638600654900074,0.862515065819025,11.02622109465301
1088,180.157054239,106,8,3,2535,8530,6,7.836749777197838,0.5578640848398209,0.669483095407486,0.6144710350781679,9.678567992523313
1089,180.25452704,102,7,0,2535,8532,2,8.268037810921669,0.5560810677707195,0.6925859488546848,0.6461292505264282,10.162834078073502
1090,180.449475435,106,9,0,2535,8535,3,8.404754102230072,0.4652198404073715,0.6957519799470901,0.6149820983409882,10.180708020925522
1092,180.644472121,100,5,0,2535,8536,1,9.210401913151145,0.5790239665657282,0.7726259063929319,0.7017131429165602,11.263764929026365
1093,180.839371141,90,7,1,2536,8537,1,9.040212957188487,0.5801960360258818,0.7693800143897533,0.6433641538023949,11.033153161406517
1094,180.936845942,88,5,0,2536,8539,2,8.97137401625514,0.8270679973065853,0.6781290285289288,0.6267239805310965,11.10329502262175
1095,181.131791754,95,7,2,2538,8547,8,7.6492889784276485,0.5382380913943052,0.6744528654962778,0.6591342389583588,9.52111417427659
1096,181.229265888,91,6,1,2539,8551,4,7.658095099031925,0.5747859831899405,0.6777688395231962,0.6562101189047098,9.566860040649772
1097,181.521737168,85,6,2,2541,8557,6,7.283654995262623,0.7894879672676325,2.895651152357459,0.8607897907495499,11.829583905637264
1098,181.619206344,87,8,0,2541,8557,0,7.5735480058938265,0.47577102668583393,0.6571500562131405,0.6294578779488802,9.335926966741681
1100,181.814099114,86,4,0,2541,8557,0,7.456779014319181,0.49887411296367645,0.716641079634428,0.8026228751987219,9.474917082116008
1101,182.009034592,82,8,1,2542,8561,4,7.399161113426089,1.6591160092502832,3.187816822901368,0.7814040873199701,13.02749803289771
1103,182.203985903,79,7,2,2544,8566,5,8.262205868959427,0.8714008145034313,0.6539151072502136,0.6256622727960348,10.413184063509107
1104,182.301445704,85,5,1,2545,8567,1,7.983333896845579,0.5741850472986698,0.6470710504800081,0.6177769973874092,9.822366992011666
1105,182.496384516,87,7,1,2546,8571,4,9.2631911393255,0.6047019269317389,0.7878339383751154,0.6656160112470388,11.321343015879393
1107,182.691332952,90,7,0,2546,8572,1,8.123255800455809,0.802492955699563,0.7430808618664742,0.7672165520489216,10.436046170070767
1108,182.886267222,95,6,0,2546,8573,1,7.453152909874916,0.4808199591934681,0.6558380555361509,0.6610960699617863,9.250906994566321
1109,182.983731731,91,6,1,2547,8577,4,8.992773946374655,0.5507301539182663,0.6516899447888136,0.6492969114333391,10.844490956515074
1111,183.178677959,84,9,2,2549,8587,10,8.566817035898566,0.5738039035350084,0.6901919841766357,0.6461900193244219,10.477002942934632
1112,183.373616896,91,5,2,2551,8592,5,7.88528099656105,0.5880109965801239,0.6934080738574266,0.698107061907649,9.86480712890625
1114,183.568561873,85,7,1,2552,8597,5,7.31268897652626,0.5536158569157124,0.6503178738057613,0.6256613414734602,9.142284048721194
1115,183.76350031,86,3,1,2553,8598,1,7.39758787676692,0.8424271363765001,0.6894010584801435,1.012404914945364,9.941820986568928
1116,183.860973944,87,7,0,2553,8600,2,8.857591077685356,0.48320507630705833,0.6655361503362656,0.6670185830444098,10.67335088737309
1118,184.055901131,89,7,0,2553,8601,1,9.282376850023866,0.4676051903516054,0.6870659999549389,0.6140300538390875,11.051078094169497
1119,184.250826442,92,5,0,2553,8601,0,8.681291015818715,0.4657220561057329,0.6740218959748745,0.6024881731718779,10.4235231410712
1121,184.445742003,82,7,3,2556,8609,8,8.326306939125061,0.7308279164135456,1.1732860002666712,0.6176370661705732,10.848057921975851
1122,184.640710731,86,5,2,2558,8615,6,7.752201985567808,0.9952629916369915,0.7134850602596998,1.5672550071030855,11.028205044567585
1123,184.738120199,86,8,0,2558,8620,5,7.870974019169807,0.47149299643933773,0.6500168237835169,0.6323331035673618,9.624816942960024
1125,184.933048011,88,7,0,2558,8620,0,7.8787789680063725,1.0162119287997484,0.694249989464879,0.8624941110610962,10.451734997332096
1126,185.127974113,96,6,2,2560,8624,4,8.139997953549027,0.5553099326789379,0.6596550811082125,0.6225248798727989,9.977487847208977
1128,185.322899425,94,8,1,2561,8628,4,7.772019132971764,0.5692159757018089,0.6597649771720171,0.631862785667181,9.63286287151277
1129,185.517826278,101,4,1,2562,8631,3,8.555165026336908,0.5619018338620663,0.6638928316533566,0.6702353712171316,10.451195063069463
1130,185.615293912,85,7,1,2563,8637,6,8.666102774441242,0.5660299211740494,0.6682111416012049,0.6415611132979393,10.541904950514436
1132,185.810227765,87,7,3,2566,8647,10,7.776677841320634,0.5724409129470587,0.6671091541647911,0.6141101475805044,9.630338056012988
1133,186.005175118,88,6,2,2568,8652,5,7.371600018814206,0.5663400515913963,0.6938187871128321,0.6486540660262108,9.280412923544645
1135,186.200122221,85,9,2,2570,8665,13,7.646594196557999,0.5576240364462137,0.6893910467624664,0.6330045871436596,9.526613866910338
1136,186.297596648,92,9,1,2571,8668,3,7.373433094471693,0.598150072619319,1.0407378431409597,0.675274059176445,9.687595069408417
1137,186.492533751,81,5,2,2573,8673,5,7.352093001827598,0.5759180057793856,0.6501069292426109,0.6249900907278061,9.2031080275774
1139,186.687471062,89,7,1,2574,8676,3,8.860307047143579,1.069922000169754,0.651458976790309,0.6938101723790169,11.275498196482658
1140,186.882407915,91,10,3,2577,8686,10,7.973757106810808,0.7840481121093035,0.6902317982167006,0.6572101265192032,10.105247143656015
1141,186.979871341,95,8,0,2577,8686,0,7.6476160902529955,1.2354531791061163,0.6937480065971613,0.8835745975375175,10.46039187349379
1143,187.174816986,93,8,2,2579,8692,6,8.685087785124779,0.569937052205205,0.7352367974817753,0.727612292394042,10.717873927205801
1144,187.369743922,102,10,2,2581,8700,8,9.07874503172934,0.5724621005356312,1.1094370856881142,0.6502268370240927,11.410871054977179
1146,187.56467065,97,7,2,2583,8710,10,8.110662922263145,0.9870680514723063,0.6759851239621639,0.6171250715851784,10.390841169282794
1147,187.759605961,104,8,1,2584,8716,6,8.585792034864426,0.5925190635025501,0.6823278963565826,0.6599049083888531,10.520543903112411
1148,187.857069763,108,8,1,2585,8718,2,8.554122876375914,0.9308732114732265,0.7498040795326233,0.7952379528433084,11.030038120225072
1150,188.051996657,120,6,0,2585,8719,1,8.452212903648615,0.5015188362449408,0.7138261571526527,0.6416600663214922,10.3092179633677
1151,188.246938177,129,8,0,2585,8720,1,8.678004844114184,1.3102821540087461,0.7500341162085533,0.6962439510971308,11.434565065428615
1153,188.441905655,154,10,3,2588,8726,6,9.175515966489911,0.5765489768236876,0.6695941556245089,0.6302199326455593,11.051879031583667
1154,188.636796299,156,9,1,2589,8728,2,10.627003852277994,0.566139118745923,0.7875841110944748,0.9804759174585342,12.961202999576926
1155,188.734260184,158,8,2,2591,8728,0,10.898061096668243,0.60094497166574,0.6517998408526182,0.6256122142076492,12.77641812339425
1157,188.929186995,184,6,3,2594,8733,5,11.319810058921576,0.8659311570227146,0.7685690652579069,0.717272749170661,13.671583030372858
1158,189.12411314,174,7,1,2595,8737,4,10.415988974273205,0.5726118106395006,0.678609823808074,0.6955324206501245,12.362743029370904
1159,189.2215784,173,12,3,2598,8753,16,11.515116086229682,0.6241879891604185,0.7090168073773384,0.6288180593401194,13.477138942107558
1160,189.513933638,148,13,1,2599,8759,6,10.809065075591207,0.5918778479099274,0.7319510914385319,0.6774270441383123,12.810321059077978
1161,189.611405147,139,5,1,2600,8759,0,9.073565946891904,0.5529350601136684,0.6601649802178144,0.6353398784995079,10.922005865722895
1163,189.806322625,122,9,2,2602,8766,7,8.757243864238262,0.8449810557067394,0.6878380663692951,0.7408859673887491,11.030948953703046
1164,190.001240395,114,6,0,2602,8766,0,9.006841108202934,0.6550659891217947,0.8062899578362703,0.7815719582140446,11.249769013375044
1166,190.196177789,109,8,2,2604,8773,7,9.689187863841653,0.5903560668230057,0.6782298441976309,0.6496142596006393,11.607388034462929
1167,190.293640299,108,6,1,2605,8776,3,8.223233977332711,0.6110139656811953,1.3604271225631237,0.6315209902822971,10.826196055859327
1168,190.48856761,112,7,1,2606,8785,9,8.841481059789658,0.5624629557132721,0.6690029986202717,0.6204808596521616,10.693427873775363
1170,190.683512088,122,7,0,2606,8786,1,8.873421000316739,0.47236401587724686,0.6689222063869238,0.6268336437642574,10.641540866345167
1171,190.878460483,114,6,1,2607,8790,4,9.533256059512496,0.7720750290900469,0.8008598815649748,1.6883600037544966,12.794550973922014
1172,190.975934326,124,8,2,2609,8794,4,9.790878044441342,0.5553900264203548,0.6551558617502451,0.6449171341955662,11.646341066807508
1173,191.268355897,114,7,1,2610,8796,2,10.630089091137052,0.6356199737638235,0.6837490946054459,0.6701948586851358,12.619653018191457
1174,191.36582974,119,9,1,2611,8801,5,10.121105937287211,0.579585088416934,0.6836100947111845,0.821287976577878,12.205589096993208
1176,191.560776968,122,12,2,2613,8810,9,9.074978064745665,0.5607390776276588,0.6829788908362389,0.6441560108214617,10.962852044031024
1177,191.755724696,121,8,1,2614,8813,3,10.215563932433724,1.5343818813562393,0.7313690148293972,0.6794722285121679,13.160787057131529
1179,191.950673549,122,7,2,2616,8818,5,10.074750054627657,0.5951239727437496,0.7094680331647396,0.652130926027894,12.03147298656404
1180,192.145620277,134,9,1,2617,8822,4,9.686161996796727,0.8709300309419632,1.3297491241246462,0.6286478601396084,12.515489012002945
1181,192.243093828,143,10,0,2617,8826,4,10.498943971469998,0.719376839697361,0.6943598855286837,0.6255703046917915,12.538251001387835
1182,192.340567672,139,12,4,2621,8832,6,10.703786974772811,0.6198999471962452,0.7353071123361588,0.7039881311357021,12.762982165440917
1183,192.632990743,152,11,5,2626,8848,16,10.331962024793029,0.5661100149154663,0.6891500670462847,0.6592029239982367,12.246425030753016
1185,192.827937179,181,11,2,2628,8856,8,11.141015915200114,0.7213801145553589,0.7073539309203625,0.8083940483629704,13.378144009038806
1186,193.022885198,195,17,4,2632,8870,14,11.53237884864211,0.5634650588035583,0.69944909773767,0.7398440502583981,13.535137055441737
1187,193.120409208,215,13,5,2637,8874,4,12.714921962469816,0.6205919198691845,1.0063331574201584,0.6391268689185381,14.980973908677697
1189,193.315305894,254,23,14,2651,8919,45,14.048068085685372,0.5606389604508877,0.7827449589967728,0.6529628299176693,16.044414835050702
1190,193.510253747,286,23,6,2657,8933,14,14.997485093772411,0.5977589171379805,0.6860948633402586,0.6384351290762424,16.919774003326893
1192,193.705202475,331,29,3,2660,8960,27,17.558188876137137,0.8352429140359163,1.2059470172971487,1.1712033301591873,20.77058213762939
1193,193.900188078,362,40,14,2674,9001,41,16.24510088004172,0.5554798990488052,0.8305651135742664,0.654794042930007,18.285939935594797
1194,193.997622963,368,37,8,2682,9019,18,19.87835089676082,0.5710090044885874,0.9648760315030813,0.7137369830161333,22.127972915768623
1195,194.290043492,374,34,13,2695,9053,34,18.454595934599638,0.5727221723645926,0.9477739222347736,0.7252779323607683,20.700369961559772
1197,194.582464855,325,30,16,2711,9095,42,15.596064971759915,0.5566328763961792,0.7854001596570015,0.6194289308041334,17.55752693861723
1198,194.679959073,322,34,3,2714,9112,17,15.920082107186317,0.6387860048562288,0.8113388903439045,0.6779378745704889,18.04814487695694
1200,194.972518394,314,32,15,2729,9157,45,15.674201073125005,0.5769799463450909,0.82940305583179,0.6588038522750139,17.7393879275769
1201,195.070014946,305,24,3,2714,9170,13,14.668058836832643,0.5738839972764254,0.7266399916261435,0.6839700508862734,16.652552876621485
1202,195.265025215,312,23,5,2719,9177,7,14.357906999066472,0.7443330250680447,0.6975647993385792,0.6408311892300844,16.44063601270318
1203,195.362532683,291,20,3,2722,9181,4,14.191185124218464,0.5705591756850481,0.7276721298694611,0.6951007526367903,16.184517182409763
1205,195.557532036,254,20,5,2727,9195,14,12.641834793612361,0.5617209244519472,0.695020891726017,0.6530934479087591,14.551670057699084
1206,195.752522264,238,18,3,2730,9202,7,12.155103962868452,0.6119960453361273,0.7201079279184341,0.6743920966982841,14.161600032821298
1208,195.947535034,265,19,12,2742,9230,28,12.872055871412158,1.7741909250617027,0.7299070712178946,0.6579912733286619,16.034145141020417
1209,196.142524345,216,26,16,2758,9283,53,11.50118000805378,1.4267910737544298,0.9580031037330627,0.9190808050334454,14.805054990574718
1210,196.240058022,185,23,2,2760,9289,6,10.360755026340485,0.5978690460324287,0.6870659999549389,0.6283258553594351,12.274015927687287
1211,196.532523926,136,8,3,2763,9292,3,8.949863957241178,0.5823501851409674,0.6966840010136366,0.6413906812667847,10.870288824662566
1212,196.629956352,124,10,1,2764,9295,3,8.920419029891491,0.7447940297424793,0.814064173027873,0.7763628382235765,11.25564007088542
1213,196.922390507,101,9,0,2764,9295,0,7.990498095750809,0.681145116686821,2.082437975332141,0.7172226905822754,11.471303878352046
1214,197.019852475,95,6,0,2764,9295,0,7.772048935294151,0.4950768779963255,0.6684318650513887,0.6236264016479254,9.559184079989791
1216,197.214778453,93,4,0,2764,9297,2,8.35995888337493,1.0968230199068785,1.03797297924757,0.9379561524838209,11.432711035013199
1217,197.409715889,81,4,0,2764,9297,0,8.33921111188829,0.45970105566084385,0.804967014119029,0.6057529244571924,10.209632106125355
1219,197.604651534,85,7,3,2767,9297,0,7.784001063555479,0.5613910034298897,0.6657061167061329,0.6108337547630072,9.621931938454509
1220,197.897042438,95,4,1,2768,9298,1,8.089564042165875,0.9766281582415104,0.8918200619518757,0.859326682984829,10.81733894534409
1222,198.091968499,100,6,0,2768,9302,4,9.476959938183427,0.5143831949681044,0.686845974996686,0.6612178403884172,11.339406948536634
1223,198.189433009,83,4,0,2768,9302,0,7.612850982695818,0.8640368469059467,0.9997820015996695,1.9802981987595558,11.45696802996099
1224,198.286904436,92,5,0,2768,9305,3,9.659231873229146,0.8497501257807016,1.2108869850635529,0.9149829857051373,12.634851969778538
1225,198.481841039,93,6,2,2770,9309,4,7.773973047733307,0.572961987927556,0.6971950642764568,0.724446028470993,9.768576128408313
1226,198.77425336,89,5,1,2771,9311,2,7.824166910722852,0.6547148805111647,0.6887188646942377,0.6474023684859276,9.815003024414182
1227,198.871725536,84,6,0,2771,9314,3,7.289926055818796,0.5075901281088591,0.6711061578243971,0.6379047408699989,9.106527082622051
1228,199.164147024,92,6,0,2771,9316,2,9.017881006002426,0.4674249794334173,0.6811649072915316,0.6202112417668104,10.786682134494185
1229,199.261621742,88,6,1,2772,9320,4,8.466980187222362,0.54213497787714,0.69044204428792,0.7157197687774897,10.415276978164911
1230,199.554044646,99,7,3,2775,9324,4,7.498716935515404,1.4766037929803133,1.2859180569648743,0.6672092713415623,10.928448056802154
1231,199.651522031,94,5,0,2775,9327,3,7.489599986001849,0.49532693810760975,0.6811348721385002,0.6874373648315668,9.353499161079526
1233,199.846464467,97,6,2,2777,9332,5,7.619854062795639,1.8781949765980244,0.7111411541700363,0.6344288121908903,10.84361900575459
1234,200.04141057,85,6,1,2778,9340,8,7.605426944792271,0.6032190285623074,0.6707960274070501,0.6700051017105579,9.549447102472186
1236,200.236359673,89,6,1,2779,9342,2,7.400563918054104,0.5397000350058079,0.6507390644401312,0.620911130681634,9.211914148181677
1237,200.431307026,90,6,1,2780,9344,2,8.396107936277986,0.5842337850481272,0.6749629974365234,0.6429431959986687,10.298247914761305
1238,200.528781161,87,7,0,2780,9344,0,7.850305875763297,0.48362486995756626,0.6928069051355124,0.8701893966645002,9.896927047520876
1239,200.821201357,81,6,2,2782,9349,5,7.885520812124014,0.7911110296845436,0.6741220131516457,0.6777890957891941,10.028542950749397
1240,200.918675158,82,7,2,2784,9356,7,7.626737002283335,0.6829679477959871,0.7625778671354055,0.6885093171149492,9.760792134329677
1242,201.113622928,85,7,2,2786,9366,10,7.528854068368673,0.6412197835743427,1.5942449681460857,0.6432442460209131,10.407563066110015
1243,201.308571739,69,7,1,2787,9368,2,7.023466983810067,0.7451439741998911,0.6565290968865156,0.9154549334198236,9.340594988316298
1245,201.503539509,81,7,2,2789,9375,7,7.127623073756695,0.5480661056935787,0.6584529764950275,0.6159518379718065,8.950093993917108
1246,201.698552487,84,6,0,2789,9375,0,7.896291092038155,0.4858388565480709,0.6741220131516457,0.6314630154520273,9.687714977189898
1247,201.795995163,80,4,1,2790,9376,1,7.05075915902853,0.5821289960294962,1.2300629168748856,0.6173260044306517,9.480277076363564
1248,202.088437151,81,4,0,2790,9378,2,8.613342884927988,0.4924209788441658,0.6483439356088638,0.6402402650564909,10.394348064437509
1249,202.185919827,81,4,0,2790,9378,0,7.467037998139858,0.47621107660233974,0.8418459910899401,0.6240687798708677,9.409163845703006
1251,202.380900639,78,4,2,2792,9381,3,9.044339880347252,1.0468501131981611,0.8876021020114422,3.2736179418861866,14.252410037443042
1252,202.575851117,69,2,0,2792,9381,0,6.894956808537245,0.5450909957289696,0.6432340014725924,0.6097012665122747,8.692983072251081
1254,202.770804928,77,5,1,2793,9384,3,6.957414094358683,0.5566519685089588,0.6705548148602247,0.68120495416224,8.865825831890106
1255,202.965806864,69,6,2,2795,9391,7,7.283523911610246,0.5654790438711643,0.6674400065094233,0.675644027069211,9.192086989060044
1256,203.063291916,77,2,0,2795,9391,0,8.631017059087753,0.4779638256877661,0.6572508718818426,0.6087191868573427,10.374950943514705
1257,203.355691903,74,6,0,2795,9391,0,8.470145985484123,0.4678959958255291,0.6451678927987814,0.6330441683530807,10.216254042461514
1258,203.453176496,90,5,1,2796,9394,3,9.932402987033129,1.0321831796318293,0.7077250629663467,0.7617347873747349,12.43404601700604
1260,203.648133474,92,4,2,2798,9399,5,9.952489985153079,1.2404019944369793,0.9418430272489786,1.9238220993429422,14.05855710618198
1261,203.843102702,97,5,0,2798,9399,0,9.119921829551458,0.78981788828969,1.078559085726738,0.8122711442410946,11.800569947808981
1263,204.038100222,87,7,3,2801,9412,13,8.0068688839674,0.6186878308653831,0.7245559245347977,0.6636134348809719,10.013726074248552
1264,204.233029658,89,6,1,2802,9417,5,9.382324060425162,0.5755468737334013,0.6543248891830444,0.7803312037140131,11.392527027055621
1266,204.525510937,83,4,0,2802,9418,1,7.637577131390572,0.4767118953168392,0.6563980132341385,0.6363329011946917,9.407019941136241
1267,204.72041929,80,4,1,2803,9419,1,8.757704170420766,0.5882109981030226,0.7318700663745403,0.8945446461439133,10.972329881042242
1269,204.91536706,84,5,1,2804,9422,3,7.841939106583595,0.7628779858350754,0.712233129888773,0.8898358792066574,10.206886101514101
1270,205.110355788,83,7,2,2806,9429,7,8.690959075465798,0.6628609262406826,0.7340540178120136,0.6966039072722197,10.784477926790714
1271,205.207789089,79,5,0,2806,9429,0,8.282634895294905,0.515124062076211,0.8231811225414276,2.059174934402108,11.680115014314651
1272,205.305261766,90,7,0,2806,9431,2,7.929994957521558,0.5717198364436626,0.854278914630413,0.7272514048963785,10.083245113492012
1273,205.597683795,84,6,2,2808,9439,8,7.934232009574771,0.5650580860674381,0.6940390449017286,0.6472619716078043,9.840591112151742
1275,205.792631773,85,7,1,2809,9445,6,9.363848017528653,0.9790919721126556,1.1219799052923918,1.8930451478809118,13.357965042814612
1276,205.987580668,91,7,2,2811,9451,6,8.538163034245372,0.7454450242221355,0.689089996740222,0.681406119838357,10.654104175046086
1277,206.085052094,93,8,1,2812,9456,5,8.46704002469778,0.5599381402134895,0.6698141805827618,0.6283156108111143,10.325107956305146
1278,206.377475582,92,12,2,2814,9461,5,9.080447955057025,0.5689850077033043,0.6700241938233376,0.6510387174785137,10.97049587406218
1280,206.669894486,106,10,3,2817,9470,9,8.406867040321231,0.5611900705844164,0.6737811490893364,0.6399187259376049,10.281756985932589
1281,206.767412746,101,7,0,2817,9470,0,8.914537029340863,0.5175089463591576,0.753059983253479,0.6833390798419714,10.868445038795471
1282,206.864844256,99,9,1,2818,9475,5,8.476427057757974,0.592338852584362,0.6866059266030788,0.8302840869873762,10.58565592393279
1283,207.059791442,111,12,8,2826,9483,8,11.134914122521877,0.5763291846960783,0.6963340565562248,0.6340956315398216,13.041672995314002
1284,207.25473692,106,7,2,2828,9487,4,9.234866825863719,0.8318980690091848,0.8615630213171244,0.7804110646247864,11.708738980814815
1285,207.35221293,110,10,4,2832,9495,8,9.172931080684066,0.585285946726799,0.6913449615240097,0.6552550476044416,11.104817036539316
1286,207.742107136,131,15,6,2838,9510,15,10.481861885637045,0.6313920021057129,0.7129339501261711,0.6780801340937614,12.50426797196269
1288,207.937064572,156,20,6,2844,9533,23,10.427239118143916,1.546585001051426,0.787113094702363,0.6493858527392149,13.41032306663692
1289,208.132002716,162,24,13,2857,9558,25,11.858658865094185,0.5904559511691332,0.841205008327961,0.6770363543182611,13.96735617890954
1292,208.424423704,230,30,9,2866,9590,32,15.726529061794281,0.5899940151721239,0.7836469449102879,0.7605038117617369,17.86067383363843
1293,208.521944547,244,35,12,2878,9615,25,14.050781959667802,0.5966469179838896,0.8447319269180298,0.7287331391125917,16.220893943682313
1294,208.619371432,268,30,7,2885,9641,26,13.72392987832427,0.6071268580853939,0.8080920670181513,0.6786012090742588,15.817750012502074
1295,208.716845192,261,33,10,2895,9671,30,13.95139703527093,0.568414106965065,0.8130921050906181,0.7846779190003872,16.117581166327
1296,209.009277055,272,33,4,2899,9694,23,15.203028917312622,0.6054742261767387,0.8286519441753626,0.6688109133392572,17.30596600100398
1298,209.204280074,297,30,13,2912,9731,37,16.179827973246574,0.9236389305442572,0.9220161009579897,1.0570688173174858,19.082551822066307
1299,209.399183469,313,34,5,2917,9762,31,15.432349173352122,0.5662899930030107,0.9298010263592005,0.7061208598315716,17.634561052545905
1301,209.691638415,317,34,14,2931,9802,40,16.52757916599512,0.5586061161011457,0.8043560665100813,0.6216627079993486,18.512204056605697
1302,209.886572976,319,38,9,2940,9822,20,16.701383981853724,0.5778709892183542,0.8484681602567434,0.6239688955247402,18.75169202685356
1304,210.081520621,314,37,9,2949,9859,37,15.204953029751778,0.5908359307795763,0.8608719799667597,0.641640042886138,17.29830098338425
1305,210.276478057,308,34,4,2953,9874,15,17.993852961808443,0.773698789998889,0.8340210188180208,0.9795140940696001,20.581086864694953
1306,210.37395415,314,34,9,2962,9896,22,15.960948076099157,0.6959829479455948,0.8278489112854004,0.7927850820124149,18.277565017342567
1307,210.666375596,323,40,11,2973,9944,48,16.421249834820628,0.5970869679003954,0.8437491487711668,0.6510000675916672,18.513086019083858
1309,210.9587965,317,43,13,2986,9988,44,15.102341072633862,0.6191087886691093,0.8872910402715206,0.6640530191361904,17.272793920710683
1310,211.056269469,319,36,7,2993,10005,17,15.5830099247396,0.71178306825459,0.8758988697081804,0.785621115937829,17.9563129786402
1312,211.348690665,306,39,10,3003,10032,27,18.51146318949759,0.6315321661531925,0.8442311082035303,0.6884066388010979,20.67563310265541
1313,211.543639559,311,35,9,3012,10069,37,14.876927947625518,0.8822709787636995,3.7145940586924553,0.7019450422376394,20.175738027319312
1314,211.641157069,315,38,1,3013,10077,8,14.736074954271317,0.5750060081481934,0.8131819777190685,0.6261731032282114,16.75043604336679
1315,211.933533682,309,34,10,3023,10104,27,14.456633012741804,0.5545581225305796,0.8043560665100813,0.6424617022275925,16.458008904010057
1316,212.031007275,321,37,7,3030,10124,20,18.798239063471556,0.9539858438074589,0.831125071272254,0.6519809830933809,21.23533096164465
1317,212.225999003,320,33,1,3031,10128,4,15.535301994532347,0.6416609976440668,0.8055679500102997,0.6687911227345467,17.65132206492126
1319,212.615850042,313,29,8,3039,10151,23,15.4692770447582,0.5763790104538202,0.7891668938100338,0.6658481433987617,17.500671092420816
1320,212.713323968,328,39,8,3047,10179,28,15.30095306225121,0.5662098992615938,0.9063170291483402,0.645957887172699,17.419437877833843
1321,212.908272238,324,31,3,3050,10193,14,15.85257495753467,0.5860570818185806,0.8307048119604588,0.7307082414627075,18.000045092776418
1322,213.005745831,320,38,2,3052,10213,20,19.38642095774412,0.569595955312252,0.8402429521083832,0.7049292325973511,21.501189097762108
1323,213.298157652,319,31,9,3061,10231,18,16.469339840114117,0.5631041713058949,0.7690601050853729,0.6646139081567526,18.466118024662137
1325,213.59057739,318,36,6,3067,10253,22,15.018262900412083,0.6092109251767397,1.4990970958024263,0.7121930830180645,17.838764004409313
1326,213.78556316,314,33,8,3075,10279,26,15.074147842824459,0.565449008718133,0.79719303175807,0.6592732388526201,17.096063122153282
1328,213.980474012,311,25,6,3081,10293,14,14.304185984656215,0.5967868492007256,0.8650289382785559,0.6196221802383661,16.385623952373862
1329,214.175426407,317,33,6,3087,10319,26,14.248283114284277,1.5950361266732216,3.284779144451022,0.6363797001540661,19.764478085562587
1330,214.272895833,299,28,3,3090,10325,6,15.74044511653483,0.7415979634970427,0.8688569068908691,0.9776810184121132,18.328581005334854
1331,214.662789331,301,25,5,3095,10344,19,14.459797879680991,0.55312504991889,0.7336637936532497,0.6458992138504982,16.39248593710363
1333,214.857738559,302,24,9,3104,10378,34,14.931962126865983,0.584654975682497,0.7232839707285166,0.793183920904994,17.03308499418199
1334,215.05268437,306,31,8,3112,10410,32,14.800154836848378,0.6113338749855757,2.498576883226633,0.6940802559256554,18.604145850986242
1337,215.345106191,304,28,7,3119,10431,21,17.403118079528213,0.698968069627881,0.9500780142843723,0.7917429320514202,19.843907095491886
1338,215.540054377,300,27,6,3125,10457,26,15.035255113616586,0.5735538434237242,0.8250649552792311,0.6692621391266584,17.1031360514462
1340,215.73500273,284,28,5,3130,10474,17,13.420281931757927,3.4166360273957253,0.9991100523620844,0.6563980132341385,18.492426024749875
1341,215.929938625,294,23,5,3135,10484,10,16.051708022132516,0.919802114367485,0.7555950433015823,0.7082347292453051,18.43533990904689
1343,216.12488752,308,28,9,3144,10508,24,14.374347869306803,0.5629139486700296,0.7694398518651724,0.6152123678475618,16.321914037689567
1344,216.319824081,289,26,3,3147,10531,23,15.146151883527637,0.5978189874440432,1.006884966045618,0.7616861257702112,17.51254196278751
1345,216.417297966,293,21,1,3148,10534,3,16.837519127875566,0.5844440311193466,1.8273699097335339,1.9447209779173136,21.19405404664576
1346,216.807171755,274,23,7,3155,10548,14,13.28108087182045,0.6159329786896706,0.7458960171788931,0.647042179480195,15.289952047169209
1348,217.002108066,284,18,3,3158,10556,8,15.305942157283425,0.9591761045157909,1.6400099266320467,0.7058007176965475,18.61092890612781
1349,217.197045544,285,24,3,3161,10576,20,15.406090067699552,0.7295459508895874,0.8115789387375116,1.2461021542549133,18.193317111581564
1350,217.294510012,283,16,1,3162,10579,3,14.474424999207258,0.5731028504669666,0.7381511386483908,0.7396650034934282,16.525343991816044
1351,217.68437176,278,21,7,3169,10600,21,13.234864920377731,0.6844210438430309,0.7140960078686476,0.6565798539668322,15.289961826056242
1353,217.879301154,264,17,5,3174,10617,17,13.179390924051404,1.4880159869790077,0.7944570388644934,0.7209391333162785,16.182803083211184
1354,218.074234674,265,21,5,3179,10629,12,13.029190013185143,0.551633071154356,1.4014539774507284,0.6452759262174368,15.627552988007665
1357,218.366634995,267,15,6,3185,10659,30,15.379680087789893,0.6226359400898218,0.8251050021499395,0.6525299977511168,17.47995102778077
1358,218.561583389,253,16,0,3185,10664,5,15.86149213835597,0.5303730722516775,0.7232341449707747,0.6947796791791916,17.809879034757614
1360,218.756532617,256,18,8,3193,10690,26,13.964450918138027,0.5806670524179935,0.7256080862134695,0.6451478693634272,15.915873926132917
1361,218.951488095,242,20,3,3196,10707,17,13.019642094150186,0.5612210370600224,0.6977361626923084,0.6849619094282389,14.963561203330755
1362,219.048954813,244,22,3,3199,10713,6,12.988773873075843,0.6475420668721199,0.7385220378637314,0.6168659310787916,14.991703908890486
1363,219.341373509,242,17,4,3203,10726,13,12.47965102083981,0.6327040027827024,0.8256249129772186,0.748571939766407,14.686551876366138
1365,219.633795872,250,16,8,3211,10748,22,13.373414054512978,0.7554939948022366,2.7282971423119307,0.7375008426606655,17.59470603428781
1366,219.82874385,242,20,3,3214,10766,18,13.472899794578552,0.5684939678758383,0.702104065567255,0.6105140782892704,15.354011906310916
1368,220.023691453,242,13,0,3214,10770,4,13.617150019854307,0.48897508531808853,0.7001410704106092,0.6414109375327826,15.447677113115788
1369,220.218638223,222,16,5,3219,10781,11,12.339768931269646,0.7445430383086205,0.7871338166296482,2.073461189866066,15.94490697607398
1370,220.316166441,223,20,3,3222,10785,4,13.742916053161025,2.8997380286455154,0.8856370113790035,0.9985498618334532,18.526840955018997
1371,220.706007647,221,18,3,3225,10804,19,12.431822018697858,0.6628609262406826,0.82600605674088,0.7572469767183065,14.677935978397727
1373,220.900956166,234,18,2,3227,10814,10,16.241472912952304,0.8614719845354557,1.2010179925709963,0.8663020562380552,19.17026494629681
1374,221.095947561,239,13,5,3232,10825,11,12.66402704641223,0.5636950954794884,0.6679499056190252,0.639256089925766,14.53492813743651
1376,221.388326048,224,16,3,3235,10838,13,12.782518053427339,0.6330651231110096,0.7403958588838577,0.6786209996789694,14.834600035101175
1377,221.583270276,235,17,3,3238,10853,15,12.720412109047174,0.5900750402361155,0.7201479747891426,0.758008798584342,14.788643922656775
1379,221.778235421,215,12,5,3243,10864,11,11.865571839734912,0.6637619808316231,0.6720379460602999,0.7539913058280945,13.95536307245493
1380,221.973193232,231,18,4,3247,10877,13,14.752025017514825,0.9840920101851225,0.7453160360455513,0.6392160430550575,17.120649106800556
1381,222.070672742,232,20,3,3250,10889,12,12.641234090551734,0.5810179281979799,0.6977759767323732,0.6457178387790918,14.565745834261179
1382,222.460588531,217,18,6,3256,10904,15,12.183606857433915,0.5668511148542166,0.7037580944597721,0.6634208839386702,14.117636950686574
1384,222.655548634,234,25,7,3263,10928,24,12.503666104748845,0.5588058847934008,0.7314400281757116,0.6107629742473364,14.404674991965294
1385,222.850494737,232,21,4,3267,10949,21,12.390734860673547,0.5508409813046455,0.7255780510604382,0.6126973312348127,14.279851224273443
1388,223.142937308,256,25,8,3275,10981,32,14.699395978823304,0.5769601557403803,0.7313590031117201,0.6376637611538172,16.64537889882922
1389,223.337885828,247,30,5,3280,10997,16,14.293896965682507,0.5854759365320206,0.8041660767048597,0.6214529275894165,16.304991906508803
1391,223.532853972,263,25,6,3286,11023,26,13.770438032224774,0.5716499872505665,0.7470680866390467,0.6606960669159889,15.749852173030376
1392,223.7278017,271,27,7,3293,11043,20,14.02615592814982,0.5730029661208391,0.7976628839969635,0.6753241177648306,16.072145896032453
1394,224.020233396,275,32,7,3300,11069,26,13.763003051280975,0.5788530688732862,0.788325909525156,0.5870189052075148,15.717200934886932
1395,224.215181082,281,30,6,3306,11096,27,15.68639394827187,2.104859799146652,1.5532278921455145,0.6654863245785236,20.00996796414256
1397,224.410129102,283,30,3,3309,11109,13,14.568130020052195,0.5810379516333342,0.8129719644784927,0.6345880683511496,16.59672800451517
1398,224.605086872,285,28,9,3318,11131,22,16.66072802618146,0.8447710424661636,0.8141340222209692,0.9393389336764812,19.258972024545074
1400,224.897508193,280,29,7,3325,11148,17,14.532214030623436,0.5917679518461227,0.7936460897326469,0.6666758563369513,16.584303928539157
1401,225.092509796,294,28,13,3338,11196,48,15.24331490509212,0.5742849316447973,0.8093249052762985,0.6312511395663023,17.25817588157952
1403,225.287414649,304,31,8,3346,11220,24,14.873671811074018,0.7321799639612436,0.8220691233873367,0.6707869470119476,17.098707845434546
1404,225.482372376,306,32,6,3352,11232,12,15.749392099678516,0.7628579623997211,1.1270400136709213,0.7349560037255287,18.374246079474688
1406,225.774804197,309,36,10,3362,11267,35,15.320649137720466,0.6250098813325167,0.8489601314067841,0.6759248208254576,17.470543971285224
1407,225.969797425,310,29,4,3366,11283,16,15.883281826972961,1.1076838709414005,1.414567930623889,0.6467013154178858,19.052234943956137
1409,226.164699278,319,29,7,3373,11313,30,15.609829919412732,0.6129071116447449,0.7762841414660215,0.6864347960799932,17.685455968603492
1410,226.457123974,315,26,7,3380,11330,17,20.0419370085001,0.9682020172476768,0.8797969203442335,0.7584700360894203,22.64840598218143
1412,226.652111536,310,28,9,3389,11364,34,15.887530986219645,0.5653291009366512,0.7807409856468439,0.6349068135023117,17.86850788630545
1413,226.847018014,318,29,6,3395,11385,21,16.054702922701836,0.5605700425803661,0.8111989591270685,0.6635009776800871,18.089972902089357
1415,227.139437626,324,29,9,3404,11417,32,16.01580996066332,0.5818190984427929,0.8102869614958763,0.6376439705491066,18.045559991151094
1416,227.334385563,319,31,8,3412,11447,30,17.547447001561522,0.5766900721937418,0.7828958332538605,0.6530419923365116,19.560074899345636
1417,227.52933329,328,34,5,3417,11468,21,15.906454995274544,0.5615409463644028,0.7835070136934519,0.634227879345417,17.885730834677815
1418,227.821753861,327,30,7,3424,11492,24,16.78162394091487,0.55885617621243,0.7889571134001017,0.6310408934950829,18.760478124022484
1420,228.016705006,321,30,6,3430,11509,17,16.033333027735353,0.5786230321973562,2.2528371773660183,0.6571507547050714,19.5219439920038
1421,228.211650859,323,26,7,3437,11528,19,15.867242123931646,0.8312761783599854,0.899655045941472,1.2803354766219854,18.87850882485509
1422,228.504070972,329,28,11,3448,11555,27,18.959610955789685,0.5876298528164625,0.8490600157529116,0.6789111066609621,21.07521193102002
1423,228.699020366,328,36,5,3453,11577,22,15.461903996765614,0.5511809140443802,0.816358020529151,0.6159939803183079,17.445436911657453
1424,228.991441646,329,33,14,3467,11626,49,16.113493125885725,0.5685340147465467,0.816339161247015,0.66974270157516,18.168109003454447
1426,229.186389082,345,37,12,3479,11666,40,18.395535182207823,1.3797229621559381,0.9804051369428635,0.7137458305805922,21.469409111887217
1427,229.478809903,344,29,7,3486,11690,24,18.533894093707204,0.5732928402721882,0.815957086160779,0.6499071605503559,20.573051180690527
1429,229.673757756,355,24,8,3494,11712,22,17.298290971666574,0.8546898607164621,0.8718718308955431,0.72850426658988,19.75335692986846
1430,229.868704942,349,27,7,3501,11748,36,19.781379029154778,0.7107499986886978,0.7959899958223104,0.7712841033935547,22.05940312705934
1432,230.161129138,364,33,12,3513,11782,34,18.89279601164162,0.5796048790216446,0.9100339375436306,0.6844701711088419,21.06690499931574
1433,230.356072991,375,37,5,3518,11805,23,19.613455049693584,0.5772300064563751,0.7952889427542686,0.7102091331034899,21.696183132007718
1434,230.551021636,378,27,8,3526,11831,26,19.000838045030832,1.848108833655715,1.2943129986524582,0.6324241403490305,22.775684017688036
1435,230.843488457,390,37,12,3538,11879,48,17.632446950301528,0.6013361271470785,0.8424269035458565,0.699738971889019,19.775948952883482
1436,231.135853861,379,31,9,3547,11900,21,20.17310308292508,0.5820898804813623,0.8244330529123545,0.687937019392848,22.267563035711646
1437,231.233327204,390,39,8,3555,11934,34,18.33079382777214,0.5922180134803057,1.0239370167255402,0.8451619651168585,20.792110823094845
1438,231.623212702,380,40,16,3571,11976,42,19.551678793504834,0.5672220140695572,0.85260602645576,0.6629610434174538,21.634467877447605
1440,231.818149263,397,28,4,3575,11992,16,17.608391819521785,0.5590969230979681,0.7969718426465988,0.6271733436733484,19.5916339289397
1442,232.208034594,367,32,14,3589,12031,39,17.503354931250215,0.5457410588860512,0.7904598023742437,0.6229272112250328,19.462483003735542
1443,232.305508395,361,36,4,3593,12051,20,16.87470800243318,0.5570829380303621,0.8160981815308332,0.6360998377203941,18.88398895971477
1444,232.500448165,346,33,8,3601,12067,16,16.535312170162797,0.5574130918830633,0.7752019446343184,0.6329049356281757,18.500832142308354
1446,232.695392935,332,29,6,3607,12094,27,16.405679984018207,0.6678099744021893,1.019177958369255,0.8315169252455235,18.924184842035174
1447,232.987803547,332,34,10,3617,12124,30,18.54165899567306,0.5650580860674381,0.8038149680942297,0.6517888978123665,20.562320947647095
1448,233.280204452,316,34,12,3629,12161,37,15.40993619710207,0.5722620990127325,0.8476369548588991,0.6836687680333853,17.513504019007087
1449,233.377710545,338,38,6,3635,12186,25,16.416260041296482,2.5474887806922197,1.1810711584985256,0.7189549505710602,20.863774931058288
1450,233.767539709,334,39,12,3647,12215,29,16.03733003139496,0.5740539636462927,1.6053449362516403,0.640990911051631,18.857719842344522
1452,233.962373479,347,35,7,3654,12233,18,16.983682056888938,0.6074169650673866,0.8234709966927767,0.6080390885472298,19.02260910719633
1453,234.157276956,345,36,9,3663,12256,23,16.754963900893927,0.6879379507154226,0.8707100059837103,0.8456520736217499,19.15926393121481
1454,234.547129454,354,32,10,3673,12293,37,16.93405001424253,0.585857080295682,0.813974067568779,0.6391848437488079,18.9730660058558
1455,234.644603589,343,34,6,3679,12311,18,19.14717210456729,0.6169450934976339,0.9384369477629662,0.901486724615097,21.604040870442986
1456,235.034499003,347,33,10,3689,12345,34,16.67756913229823,0.6235670298337936,0.916084973141551,0.7169616874307394,18.934182822704315
1458,235.229447564,340,37,10,3699,12377,32,18.404671922326088,0.6502270698547363,0.8536579553037882,0.8031830657273531,20.711740013211966
1461,235.716815363,317,36,19,3718,12436,59,15.43153589591384,0.5672320257872343,0.8330000564455986,0.6519209127873182,17.48368889093399
1462,235.814300748,319,35,4,3722,12456,20,15.488764038309455,0.5718600004911423,0.829814001917839,0.6815148517489433,17.57195289246738
1463,235.911784341,315,33,4,3726,12464,8,16.693899175152183,0.7056309841573238,0.9088220540434122,0.765492906793952,19.07384512014687
1464,236.301806839,330,32,10,3736,12482,18,15.489184996113181,0.62181381508708,0.8429780136793852,0.6627100519835949,17.61668687686324
1466,236.496743858,330,37,14,3750,12532,50,19.21182288788259,0.9658678900450468,1.633757958188653,0.7699411362409592,22.58138987235725
1469,236.984178032,320,32,12,3762,12574,42,15.05513209849596,0.6858741398900747,0.8914589416235685,0.7290337234735489,17.361498903483152
1470,237.0816625,326,29,8,3770,12600,26,15.511295991018414,0.7972728926688433,0.9210139978677034,0.7613641209900379,17.990947002545
1473,237.471591248,312,27,6,3776,12625,25,14.895102940499783,0.9922778699547052,1.0320120491087437,0.8900351822376251,17.809428041800857
1474,237.569062549,310,29,7,3783,12653,28,16.902369912713766,0.9357919916510582,0.820765970274806,0.6539139430969954,19.312841817736626
1475,237.666547392,324,29,8,3791,12677,24,15.119883930310607,0.5812579765915871,0.7770250085741282,0.6443150341510773,17.1224819496274
1476,238.05650164,315,33,13,3804,12722,45,15.214930986985564,0.7657730020582676,0.9382269345223904,0.8265872020274401,17.745518125593662
1478,238.251421701,312,22,12,3816,12746,24,15.277968952432275,0.57259202003479,0.7282230071723461,0.6694239564239979,17.24820793606341
1481,238.738829958,303,26,11,3827,12777,31,14.833617955446243,0.5778411868959665,0.7729469798505306,0.6247798446565866,16.809185966849327
1482,238.83627901,303,31,11,3838,12817,40,14.607124030590057,0.6050020456314087,0.7995371706783772,0.704196747392416,16.71585999429226
1485,239.226232507,314,26,10,3848,12841,24,14.851480023935437,0.6265630945563316,1.505398191511631,0.6575617007911205,17.64100301079452
1486,239.323646267,292,26,5,3853,12860,19,14.135149074718356,0.5680928006768227,4.169104155153036,0.62954006716609,19.501886097714305
1487,239.616071255,293,25,4,3857,12874,14,15.965336002409458,0.7056209724396467,2.130867913365364,0.6633021403104067,19.465127028524876
1488,239.811082441,305,20,5,3862,12885,11,15.841132961213589,0.6754540372639894,0.7931340951472521,0.7979350630193949,18.107656156644225
1489,240.103439429,308,22,6,3868,12904,19,15.11845993809402,0.7620758842676878,0.8145240135490894,0.7693720981478691,17.464431934058666
1490,240.29838549,306,23,7,3875,12920,16,15.195293817669153,0.6445569451898336,0.7322810124605894,0.6425722967833281,17.214704072102904
1491,240.590811103,309,18,10,3885,12950,30,14.408340910449624,0.5627430509775877,0.681776087731123,0.6456389091908932,16.298498958349228
1492,240.980702434,306,30,13,3898,13006,56,15.67928004078567,0.6082991603761911,1.3457390014082193,0.7537007331848145,18.387018935754895
1493,241.078175902,305,22,4,3902,13021,15,14.763927087187767,0.5949840415269136,1.0801928583532572,0.6958809681236744,17.134984955191612
1494,241.370597598,306,28,13,3915,13059,38,17.144823912531137,6.4805808942765,1.0123350657522678,0.6711061578243971,25.308846030384302
1495,241.565545409,291,26,7,3922,13071,12,17.225614050403237,0.5581150762736797,0.7961699739098549,0.6728798616677523,19.252778962254524
1496,241.85796598,323,23,10,3932,13106,35,17.69648608751595,1.0600851383060217,1.0852618142962456,1.016492024064064,20.85832506418228
1497,242.247862061,321,25,7,3939,13123,17,15.797431115061045,0.6533830892294645,0.7865121588110924,0.7843887433409691,18.02171510644257
1498,242.345335196,319,27,4,3943,13145,22,20.368929021060467,1.5991339460015297,2.1733290050178766,1.5659390483051538,25.707331020385027
1501,242.930180296,335,31,9,3952,13178,33,15.476499916985631,0.580446096137166,0.799987930804491,0.6268741562962532,17.48380810022354
1502,243.027653389,335,29,7,3959,13201,23,15.795958926901221,0.6075368728488684,0.7786671631038189,0.6215739995241165,17.803736962378025
1505,243.41754797,322,30,13,3972,13245,44,15.167622128501534,0.6032888777554035,0.790538964793086,0.682789133861661,17.244239104911685
1506,243.51502148,338,32,11,3983,13275,30,16.68679597787559,0.9062958415597677,1.185429049655795,0.646952074021101,19.425472943112254
1509,243.904918894,309,25,17,4000,13327,52,14.673107070848346,0.6409401539713144,0.7099788635969162,0.6489336956292391,16.672959784045815
1510,244.002391904,316,27,5,4005,13347,20,14.964211033657193,0.9700260125100613,0.789267010986805,0.8454627823084593,17.56896683946252
1511,244.294813642,308,23,9,4014,13369,22,14.522325014695525,0.5581649020314217,0.687567051500082,0.6420610006898642,16.410117968916893
1512,244.489760078,310,24,4,4018,13384,15,14.366262126713991,0.5762290675193071,0.730087049305439,0.6815246306359768,16.354102874174714
1513,244.782226024,315,20,7,4025,13397,13,16.80840295739472,0.9747052099555731,0.7610640022903681,0.7339348085224628,19.278106978163123
1514,245.172076771,291,20,6,4031,13415,18,16.59712800756097,0.9088909719139338,0.7432210259139538,0.6458400748670101,18.895080080255866
1515,245.269551573,300,20,5,4036,13443,28,15.477442182600498,0.565048074349761,0.71879499591887,0.6509488448500633,17.412234097719193
1518,245.854393715,288,17,13,4049,13483,40,16.578563023358583,0.5603288300335407,0.702504999935627,0.6293081678450108,18.470705021172762
1519,245.951869516,288,21,11,4060,13522,39,14.371651923283935,0.5582559388130903,0.7115819025784731,0.6283861584961414,16.26987592317164
1521,246.244330879,296,20,6,4066,13542,20,14.87886207178235,0.5693361163139343,0.7280029822140932,0.628806883469224,16.805008053779602
1522,246.439285232,295,24,6,4072,13560,18,17.418767092749476,1.5196148306131363,1.070273108780384,0.6944690831005573,20.703124115243554
1523,246.829131938,293,20,11,4083,13595,35,15.690281055867672,0.5866279825568199,0.7148180156946182,0.6248001009225845,17.616527155041695
1524,246.926606198,284,25,3,4086,13605,10,14.821324031800032,0.5640860181301832,0.7280530408024788,0.9286177810281515,17.042080871760845
1527,247.511450298,272,19,13,4099,13644,39,14.557550894096494,0.6564990617334843,0.7351960521191359,0.6484929472208023,16.597738955169916
1528,247.608923558,276,23,5,4104,13663,19,13.960642972961068,0.6003240123391151,0.7334230467677116,0.6648150738328695,15.959205105900764
1529,247.706407318,271,23,4,4108,13670,7,14.085056027397513,0.6110440008342266,0.7509549614042044,0.6603270303457975,16.107382019981742
1530,248.096302899,291,21,11,4119,13707,37,14.428138034418225,1.3722691219300032,0.7632388733327389,0.6689711008220911,17.23261713050306
1532,248.388724636,329,22,13,4132,13739,32,16.209283145144582,0.5837830249220133,0.7396850269287825,0.6773958448320627,18.21014704182744
1535,248.778620009,320,22,12,4144,13783,44,15.214260201901197,0.629127025604248,0.8121510036289692,0.6833786610513926,17.338916892185807
1536,248.973567695,317,23,12,4156,13807,24,15.096237882971764,0.5696169100701809,0.7304868195205927,0.6749832537025213,17.07132486626506
1537,249.071041705,309,22,4,4160,13829,22,14.353998936712742,0.7455360610038042,0.9099431335926056,0.6759858224540949,16.685463953763247
1540,249.655883639,314,20,13,4173,13859,30,14.486376894637942,0.5552491638809443,1.5818709507584572,0.6183979567140341,17.241894965991378
1541,249.753358107,286,20,10,4183,13891,32,13.829316943883896,0.566400121897459,0.704839127138257,0.6120759062469006,15.712632099166512
1543,250.045778928,308,21,9,4192,13917,26,15.677285846322775,0.569275813177228,0.6974160205572844,0.6214133463799953,17.565391026437283
1544,250.240727739,316,19,4,4196,13931,14,15.034602954983711,0.5765089299529791,0.7034270092844963,0.6652951706200838,16.97983406484127
1545,250.630634903,329,23,11,4207,13969,38,16.02459605783224,0.591017073020339,0.887871952727437,0.63105090521276,18.134535988792777
1546,250.728147538,319,23,4,4211,13995,26,15.93761402182281,1.3473930303007364,1.3499879278242588,0.9641819633543491,19.599176943302155
1549,251.312959805,331,23,7,4218,14021,26,14.925810042768717,0.5799960345029831,0.7377609144896269,0.6307400763034821,16.87430706806481
1550,251.410434273,302,21,3,4221,14028,7,14.81018285267055,0.5770397838205099,0.714536989107728,0.6648765411227942,16.766636166721582
1552,251.800337271,319,26,6,4227,14045,17,15.949907014146447,0.5629039369523525,0.777506036683917,0.6444351747632027,17.93475216254592
1553,251.897811406,323,23,2,4229,14051,6,17.077747965231538,0.5811171140521765,0.7124838884919882,0.6766070146113634,19.047955982387066
1555,252.385172246,288,24,8,4237,14084,33,17.30154687538743,0.5475750658661127,0.7315399125218391,0.638134079053998,19.21879593282938
1556,252.580119974,261,21,1,4238,14088,4,13.261073967441916,0.563745154067874,0.695452094078064,0.6317419465631247,15.152013162150979
1559,252.970016263,248,18,4,4242,14099,11,13.741582864895463,0.7863820064812899,0.7055210880935192,0.6703538820147514,15.903839841485023
1560,253.06749844,257,18,2,4244,14103,4,13.111964799463749,0.5728220567107201,0.6800228729844093,0.6343172863125801,14.999127015471458
1561,253.359909886,185,20,2,4246,14105,2,11.4479991607368,2.352384151890874,0.9479748550802469,0.7275608368217945,15.475919004529715
1562,253.55485803,190,22,2,4248,14114,9,12.3350799549371,0.5470840260386467,0.7096880581229925,0.615864060819149,14.207716099917889
1563,253.847279893,159,17,6,4254,14127,13,11.100259143859148,0.7976929191499949,0.7705928292125463,0.7814620621502399,13.45000695437193
1564,254.237176349,108,7,1,4255,14130,3,9.478241903707385,0.5522631108760834,0.6318818777799606,0.6332879420369864,11.295674834400415
1565,254.334649609,110,3,1,4256,14132,2,8.985348977148533,2.120629884302616,1.001243945211172,0.6437150295823812,12.750937836244702
1568,254.919493584,105,4,3,4259,14138,6,8.043867070227861,0.5657789297401905,2.4622189812362194,0.6025279872119427,11.674392968416214
1569,255.016965677,98,1,0,4259,14138,0,8.383061969652772,0.4993039183318615,0.0020030420273542404,0.6791630294173956,9.563531959429383
1570,255.114440062,101,2,0,4259,14138,0,9.098752168938518,0.48247305676341057,0.7134061306715012,0.6157115567475557,10.910342913120985
1571,255.504334435,102,5,1,4260,14141,3,9.24884295091033,1.7523299902677536,0.6641130894422531,0.9604378137737513,12.625723844394088
1572,255.796756256,127,15,7,4267,14154,13,9.59021202288568,1.0221730917692184,0.8243329357355833,0.830354867503047,12.267072917893529
1573,255.991705317,102,8,5,4272,14162,8,8.835980901494622,0.5593069363385439,0.69406908005476,0.6358891259878874,10.725246043875813
1574,256.28412593,94,2,0,4272,14162,0,9.264031890779734,0.482022063806653,0.6503479089587927,0.6288362201303244,11.025238083675504
1575,256.674020885,87,3,1,4273,14164,2,9.063856909051538,0.7627680897712708,1.3155220076441765,0.6996500305831432,11.841797037050128
1576,256.771496187,92,2,0,4273,14164,0,7.630402920767665,0.4789070226252079,0.6377638783305883,0.6218431517481804,9.368916973471642
1579,257.356340121,97,7,4,4277,14169,5,7.53578613512218,0.5950240883976221,0.6893901154398918,0.5952836945652962,9.41548403352499
1580,257.453812922,102,4,0,4277,14169,0,7.939691888168454,1.4757229946553707,0.8722220081835985,0.6448880303651094,10.932524921372533
1583,257.843706545,89,4,3,4280,14172,3,7.353995926678181,0.6306099239736795,0.6961531471461058,0.6455490365624428,9.326308034360409
1584,257.941182846,92,3,1,4281,14173,1,8.775677066296339,1.3125068508088589,1.202962128445506,0.6313610356301069,11.922507081180811
1585,258.233647626,106,12,7,4288,14183,10,8.343368070200086,0.5670611280947924,0.8163680322468281,0.707484781742096,10.434282012283802
1586,258.623498915,93,13,6,4294,14195,12,7.3779309168457985,0.5512919742614031,0.6577610038220882,0.6166340317577124,9.203617926687002
1587,258.720971883,87,8,0,4294,14195,0,9.689596947282553,0.4941551014780998,0.7070330902934074,0.6567807868123055,11.547565925866365
1590,259.3058159,90,6,3,4297,14198,3,8.001457899808884,0.5495389923453331,0.6845309399068356,0.6122360937297344,9.847763925790787
1591,259.403292535,98,6,0,4297,14198,0,7.766488008201122,0.580707099288702,0.6761560216546059,0.6973948329687119,9.720745962113142
1594,259.793173199,86,4,3,4300,14204,6,7.913643028587103,0.5934208165854216,0.6746018771082163,0.6121473852545023,9.793813107535243
1595,259.890653209,81,5,0,4300,14208,4,7.98026891425252,0.48625003546476364,0.6674800533801317,0.624228036031127,9.758227039128542
1596,260.183069613,95,5,2,4302,14213,5,9.125421987846494,0.7067029364407063,0.8752578869462013,0.860902015119791,11.568284826353192
1597,260.378009966,104,3,1,4303,14216,3,8.327747927978635,0.5822998937219381,0.6488249637186527,0.6991582922637463,10.258031077682972
1599,260.865374807,89,5,1,4304,14222,6,7.239943137392402,0.5599779542535543,0.6485739722847939,0.6247689016163349,9.073263965547085
1600,261.060324868,88,5,2,4306,14230,8,8.410583948716521,0.9088718798011541,1.6279979608953,0.7374491542577744,11.68490294367075
1601,261.352745439,96,4,2,4308,14235,5,9.958039969205856,0.8875411003828049,0.6434540264308453,0.6031598895788193,12.092194985598326
1604,261.742640561,85,5,1,4309,14237,2,7.386215962469578,0.550480093806982,0.6273139733821154,0.6077480502426624,9.171758079901338
1605,261.840158946,88,5,0,4309,14237,0,9.000277845188975,0.4721239674836397,0.651810085400939,0.6273039616644382,10.751515859737992
1606,262.230009444,93,5,0,4309,14238,1,11.053159832954407,0.5023609846830368,0.6967149674892426,0.6620481144636869,12.914283899590373
1607,262.327482912,88,5,3,4312,14247,9,9.062203811481595,0.5736739840358496,0.6574408616870642,0.6200193893164396,10.913338046520948
1609,262.814853252,101,4,2,4314,14252,5,7.557206088677049,0.68658497184515,0.6811949424445629,0.6035100668668747,9.528496069833636
1610,263.009845772,95,6,2,4316,14263,11,9.595050942152739,0.6114048883318901,0.6546960212290287,0.6272930186241865,11.488444870337844
1611,263.10727374,100,5,0,4316,14263,0,8.174793096259236,0.5156360566616058,0.7284129969775677,0.6866438779979944,10.105486027896404
1612,263.497223613,95,8,3,4319,14274,11,9.235298028215766,0.5713389255106449,0.6836289539933205,0.6210030987858772,11.111269006505609
1613,263.789591809,95,8,1,4320,14277,3,8.192275185137987,0.6704449187964201,0.706763006746769,0.6693119648844004,10.238795075565577
1614,263.984540245,103,6,1,4321,14280,3,7.7998999040573835,0.5571129731833935,1.3666779268532991,0.6347892340272665,10.358480038121343
1615,264.276959774,88,6,4,4325,14294,14,7.905648089945316,0.6636418402194977,0.7272509392350912,0.6782610435038805,9.974801912903786
1616,264.66685548,107,6,2,4327,14300,6,9.71756991930306,0.5582750309258699,0.7865028455853462,0.6198191549628973,11.682166950777173
1617,264.959277051,87,6,3,4330,14309,9,7.678422844037414,0.6138989701867104,0.6922560278326273,0.6730002351105213,9.657578077167273
1620,265.349161382,84,6,2,4332,14316,7,9.00905393064022,0.5876999348402023,0.6611370481550694,0.6401690188795328,10.898059932515025
1621,265.446636684,91,6,1,4333,14320,4,8.22426495142281,0.5561711732298136,0.6639331113547087,0.6162028294056654,10.060572065412998
1622,265.836532223,104,9,4,4337,14333,13,7.629181025549769,0.5513920914381742,0.6495760753750801,0.6028278730809689,9.432977065443993
1623,265.934007399,97,6,0,4337,14334,1,10.500937001779675,0.49166101962327957,0.6573600694537163,0.6144088692963123,12.264366960152984
1624,266.323902563,97,7,0,4337,14334,0,7.293312111869454,1.2178299948573112,1.952605089172721,0.6118547171354294,11.075601913034916
1625,266.616323176,100,7,3,4340,14343,9,8.250144077464938,0.5691659171134233,0.7117020431905985,0.6473211105912924,10.178333148360252
1628,267.006217049,101,7,1,4341,14346,3,7.9693179577589035,0.7402158807963133,0.6875370163470507,0.6294781342148781,10.026548989117146
1629,267.103692058,98,6,0,4341,14346,0,7.714901119470596,0.6113741546869278,1.04522705078125,1.0271528735756874,10.398655198514462
1630,267.493589556,98,7,3,4344,14357,11,9.272316005080938,0.5614110268652439,0.6561179179698229,0.6323950365185738,11.122239986434579
1631,267.591060482,99,5,0,4344,14357,0,7.7780799474567175,0.4662219434976578,0.7024549413472414,0.7544320542365313,9.701188886538148
1634,268.175904916,103,9,5,4349,14375,18,7.536397082731128,0.580986961722374,0.6832689978182316,0.6509597878903151,9.451612830162048
1635,268.273383009,96,5,1,4350,14378,3,7.880561985075474,3.5728788934648037,0.8553711231797934,3.9276299066841602,16.23644190840423
1637,268.565799164,91,7,2,4352,14386,8,7.964728865772486,0.5796051118522882,0.6832790095359087,0.6333051715046167,9.8609181586653
1640,268.95569387,108,5,1,4353,14389,3,7.929463172331452,0.5821690429002047,0.6707049906253815,0.6248196586966515,9.80715686455369
1641,269.150641972,88,7,1,4354,14395,6,7.458672160282731,0.6058840081095695,0.6901021115481853,0.6439448334276676,9.398603113368154
1643,269.44310946,100,8,2,4356,14404,9,9.966026060283184,0.6380351260304451,0.7229640614241362,0.68680290132761,12.013828149065375
1646,269.832958958,102,5,0,4356,14404,0,7.65832606703043,1.2140129692852497,0.6831488572061062,0.7546711713075638,10.31015906482935
1647,269.930433467,93,6,2,4358,14408,4,9.99430799856782,1.1621150188148022,0.9031998924911022,0.9110360406339169,12.97065895050764
1649,270.32032809,101,9,3,4361,14422,14,9.281023172661662,0.6867859046906233,0.733453081920743,0.7299247663468122,11.43118692561984
1650,270.417804308,103,8,0,4361,14422,0,7.5962000992149115,0.5089628975838423,0.6755639333277941,0.6080979947000742,9.388824924826622
1652,270.905172149,101,6,1,4362,14425,3,8.488239021971822,0.5749969277530909,0.6679701618850231,0.6447460036724806,10.375952115282416
1653,271.100120168,96,6,2,4364,14432,7,7.555674063041806,4.501425893977284,0.9643950033932924,0.6215330213308334,13.643027981743217
1655,271.392541198,91,7,3,4367,14444,12,9.321099147200584,0.5433168262243271,0.6475320551544428,0.5950629711151123,11.107010999694467
1658,271.782443195,104,9,1,4368,14450,6,9.062693919986486,1.1049679014831781,0.733251916244626,0.794979277998209,11.6958930157125
1659,271.977384631,96,6,2,4370,14455,5,8.573208004236221,2.9639580752700567,0.7391029503196478,0.9837721008807421,13.260041130706668
1660,272.269805411,86,7,2,4372,14461,6,10.73846104554832,0.787433935329318,0.7894982118159533,1.4339738991111517,13.749367091804743
1661,272.367279837,95,8,0,4372,14463,2,8.16480303183198,0.46778609976172447,0.662120059132576,0.6119748577475548,9.906684048473835
1664,272.952122521,95,6,1,4373,14465,2,7.488728035241365,0.5529748741537333,0.6532229017466307,0.5877802614122629,9.282706072553992
1665,273.049595656,94,8,4,4377,14479,14,9.481057059019804,0.6751939654350281,0.8050769101828337,0.693117268383503,11.654445203021169
1668,273.439492945,94,7,0,4377,14480,1,7.610505912452936,0.4721139557659626,0.6669191643595695,0.6026169285178185,9.352155961096287
1669,273.536945788,82,7,2,4379,14487,7,8.93890205770731,0.9085109923034906,0.9581439662724733,0.903039937838912,11.708596954122186
1670,273.926830286,97,8,2,4381,14492,5,7.666080025956035,0.6649449933320284,0.7779060397297144,0.7268600165843964,9.835791075602174
1671,274.024302879,101,6,1,4382,14493,1,7.83549714833498,0.5670208483934402,0.679271062836051,0.6913859397172928,9.773174999281764
1674,274.609125313,96,7,2,4384,14503,10,8.357004029676318,0.5629837978631258,0.6787211168557405,0.6172938738018274,10.216002818197012
1675,274.706599781,100,6,1,4385,14510,7,8.65779584273696,0.7195770740509033,0.9830498602241278,0.8443612605333328,11.204784037545323
1676,275.096484028,96,6,3,4388,14516,6,7.646353216841817,0.6245390977710485,0.6653859745711088,0.6180768832564354,9.55435517244041
1677,275.19394658,97,7,0,4388,14520,4,7.718808948993683,0.4807400982826948,0.6743720732629299,0.6241188384592533,9.498039958998561
1678,275.486368651,91,6,4,4392,14528,8,7.950552040711045,0.5832519382238388,0.7008519023656845,0.65660011023283,9.891255991533399
1679,275.876232565,86,6,1,4393,14535,7,9.292122907936573,0.5682329647243023,0.65998500213027,0.6424752064049244,11.16281608119607
1682,276.266089479,79,9,1,4394,14544,9,7.274827919900417,0.5664709024131298,0.6515400018543005,0.6157511379569769,9.108589962124825
1683,276.363538697,82,4,0,4394,14544,0,7.571562193334103,0.48779300414025784,0.6701538804918528,0.68261893466115,9.412128012627363
1684,276.753339361,76,6,3,4397,14552,8,8.525358978658915,0.9912850800901651,3.175304038450122,0.6755338981747627,13.367481995373964
1685,276.850768788,81,5,2,4399,14557,5,7.652134168893099,0.557874096557498,0.6384849548339844,0.6139697507023811,9.462462970986962
1688,277.435379013,87,8,5,4404,14573,16,9.127956116572022,0.5936820525676012,0.6734200287610292,0.6951508112251759,11.090209009125829
1689,277.53282119,90,7,1,4405,14579,6,7.376506924629211,0.5650881212204695,0.7302057929337025,0.7031580898910761,9.37495892867446
1692,277.922547437,93,5,1,4406,14583,4,7.954919943585992,0.5775908939540386,0.650567002594471,0.6078691221773624,9.790946962311864
1693,278.01998853,94,1,1,4407,14583,0,9.323401842266321,0.5690350662916899,0.0021439045667648315,0.6555172149091959,10.550098028033972
1694,278.409756194,81,6,3,4410,14593,10,8.176194038242102,0.5614911206066608,1.0066339746117592,0.6115457508713007,10.355864884331822
1696,278.702113724,73,4,0,4410,14593,0,10.727289132773876,0.7328519131988287,1.055524917319417,2.14559817686677,14.661264140158892
1699,279.09195518,77,6,4,4414,14598,5,7.237236946821213,0.7990959566086531,0.8605699986219406,0.6835211534053087,9.580424055457115
1700,279.286882616,73,7,2,4416,14605,7,9.146289899945259,0.5603788886219263,0.6712169852107763,0.7721660658717155,11.150051839649677
1701,279.579351937,67,6,6,4422,14615,10,7.007938111200929,0.499835005030036,0.6400381680577993,0.6040406879037619,8.751851972192526
1704,279.969198518,59,9,3,4425,14630,15,6.883764872327447,0.5712190177291632,0.6710758898407221,0.661690253764391,8.787750033661723
1705,280.066713569,66,8,2,4427,14634,4,6.719768047332764,0.645308056846261,0.9975770954042673,0.6757148075848818,9.038368007168174
1706,280.359094515,63,7,3,4430,14645,11,8.375418139621615,0.8824618998914957,0.8678250014781952,0.8610701188445091,10.986775159835815
1707,280.554042243,66,5,1,4431,14648,3,7.252756040543318,0.5625030025839806,0.647291075438261,0.612777890637517,9.075328009203076
1708,280.846463773,70,6,1,4432,14652,4,7.412515114992857,0.6704449187964201,0.7355669513344765,0.7740180008113384,9.592544985935092
1709,281.236444729,69,7,6,4438,14669,17,9.210730902850628,0.5537169054150581,0.6581121124327183,0.6030781660228968,11.025638086721301
1710,281.333971488,67,4,0,4438,14669,0,8.410864043980837,0.48660091124475,0.6412500515580177,0.6555670406669378,10.194282047450542
1713,281.919080464,76,6,3,4441,14680,11,6.914632860571146,0.6377138197422028,0.7704920135438442,0.6101634353399277,8.93300212919712
1714,282.114081817,70,7,0,4441,14682,2,7.432863116264343,0.5034119822084904,0.7684479933232069,0.696093775331974,9.400816867128015
1715,282.406640429,77,6,0,4441,14684,2,8.978777099400759,0.5291909910738468,0.6895710248500109,0.7115008775144815,10.909039992839098
1716,282.504092939,75,7,2,4443,14689,5,7.1228728629648685,0.6354600191116333,3.0703770462423563,1.0415702126920223,11.87028014101088
1719,283.089064706,75,4,2,4445,14692,3,6.957994075492024,0.5894431378692389,3.2944960985332727,0.6523528136312962,11.494286125525832
1720,283.186558091,74,4,0,4445,14692,0,7.414960069581866,0.483775045722723,0.651458976790309,0.6079089362174273,9.158103028312325
1723,283.576516839,62,4,2,4447,14695,3,7.11796386167407,0.5458721425384283,0.653193099424243,0.6017049308866262,8.918734034523368
1724,283.674001848,64,3,0,4447,14696,1,9.982204996049404,0.7967709098011255,0.6582918576896191,0.6817982066422701,12.119065970182419
1725,284.063923054,49,5,3,4450,14705,9,6.511257961392403,0.5695160944014788,0.6534929852932692,0.625160988420248,8.359428029507399
1726,284.356341292,66,5,1,4451,14711,6,6.6209828946739435,0.5592459347099066,0.6288168951869011,0.6011773366481066,8.410223061218858
1729,284.746235414,77,8,3,4454,14715,4,7.150284014642239,0.5929199978709221,0.7103190291672945,0.6642937660217285,9.117816807702184
1730,284.843711341,66,9,2,4456,14721,6,7.036962080746889,0.5503699649125338,0.6582420319318771,0.6018069107085466,8.847380988299847
1731,285.233606172,82,6,1,4457,14724,3,8.316606981679797,0.5619220901280642,0.6494559347629547,0.6368220783770084,10.164807084947824
1733,285.526027576,84,5,3,4460,14730,6,7.323489058762789,0.5645670462399721,2.9204869642853737,0.5949330516159534,11.403476120904088
1736,285.915927199,67,7,1,4461,14736,6,6.618509069085121,0.6802030839025974,0.6640930660068989,0.6189087871462107,8.581714006140828
1737,286.110870385,73,9,3,4464,14744,8,9.179173037409782,0.6257209461182356,0.7307780906558037,0.6560769397765398,11.191749013960361
1738,286.403291581,78,7,3,4467,14753,9,7.686919067054987,1.4538520481437445,1.4504550490528345,0.7626868318766356,11.353912996128201
1740,286.695712777,72,6,1,4468,14756,3,7.722726091742516,0.6169851403683424,0.7377609144896269,0.7226818706840277,9.800154017284513
1741,286.890706213,69,5,1,4469,14758,2,6.718185031786561,0.5580349825322628,0.6587428506463766,0.6123760249465704,8.54733888991177
1742,287.280556086,73,6,3,4472,14769,11,9.894761024042964,0.5687440279871225,0.6599449552595615,0.6140109617263079,11.737460969015956
1743,287.378031387,72,4,0,4472,14769,0,7.289875997230411,0.4739470314234495,0.636872136965394,0.6260017398744822,9.026696905493736
1746,287.962871946,91,5,3,4475,14775,6,8.017497835680842,0.6406791508197784,0.6683410611003637,0.6414798554033041,9.967997903004289
1747,288.060356789,75,6,0,4475,14779,4,7.173036923632026,0.4774038679897785,0.6475618574768305,0.6108644884079695,8.908867137506604
1750,288.450242787,71,6,1,4476,14782,3,6.630361080169678,0.5348010454326868,0.6532629486173391,0.611363910138607,8.42978898435831
1751,288.547716796,70,6,2,4478,14789,7,6.682849023491144,0.5517120007425547,0.6495960988104343,0.6750738248229027,8.559230947867036
1752,288.937610669,78,8,3,4481,14800,11,8.350341115146875,0.5469140596687794,0.6483239121735096,0.616712961345911,10.162292048335075
1753,289.23003249,81,8,0,4481,14800,0,7.963907206431031,0.47720293514430523,0.6743120029568672,0.6395380478352308,9.754960192367435
1755,289.522454311,79,5,0,4481,14800,0,7.3841719422489405,1.024157041683793,1.471234019845724,0.8338410407304764,10.713404044508934
1756,289.717401664,88,8,4,4485,14813,13,7.532840128988028,0.564575893804431,0.6658858619630337,0.6200112402439117,9.383313124999404
1757,290.107296661,79,8,2,4487,14820,7,9.046162944287062,0.5591970402747393,0.6616089958697557,0.6163730286061764,10.883342009037733
1758,290.399718816,68,10,3,4490,14832,12,6.759373005479574,0.5410821177065372,0.6492848042398691,0.6293891929090023,8.579129120334983
1761,290.789655022,76,3,0,4490,14832,0,8.058303967118263,0.48416689969599247,0.657019903883338,0.6170840933918953,9.816574864089489
1762,290.887090906,70,5,1,4491,14836,4,7.653536042198539,0.8616629056632519,3.24089708738029,0.9278659708797932,12.683962006121874
1763,291.276985071,74,5,3,4494,14842,6,7.034907815977931,0.5867078434675932,2.94977193698287,0.6830883212387562,11.25447591766715
1764,291.374458455,77,5,0,4494,14842,0,8.191212080419064,0.5818300414830446,0.9063868783414364,0.8211059030145407,10.500534903258085
1767,291.959302639,82,3,1,4495,14844,2,7.400833070278168,0.5602890159934759,0.653131864964962,0.5897548981010914,9.204008849337697
1768,292.056775607,85,7,3,4498,14860,16,7.555773016065359,0.56686089374125,0.675413990393281,0.6688830908387899,9.46693099103868
1769,292.446670188,102,7,3,4501,14874,14,8.385245921090245,0.5588359199464321,0.6821069400757551,0.6114842835813761,10.237673064693809
1770,292.544145865,100,6,0,4501,14875,1,8.688954869285226,1.0397969745099545,0.7879750337451696,0.7476480677723885,11.264374945312738
1773,293.12898709,102,8,4,4505,14884,9,9.121854091063142,0.6688209250569344,0.7303671445697546,0.6923978216946125,11.213439982384443
1774,293.226460891,107,9,1,4506,14890,6,10.515091940760612,0.553264981135726,0.6809239275753498,0.6150430999696255,12.364323949441314
1777,293.616356097,128,9,5,4511,14906,16,9.915169095620513,0.651841051876545,0.755073968321085,0.7205780129879713,12.042662128806114
1778,293.71383981500003,132,9,1,4512,14910,4,12.355056824162602,1.5679048374295235,1.0492231231182814,0.7539123762398958,15.726097160950303
1779,294.103767896,199,21,11,4523,14948,38,12.89374497719109,0.5733240395784378,0.7357371505349874,0.6096598226577044,14.81246598996222
1780,294.396210551,202,19,3,4526,14953,5,12.284243945032358,0.7218210957944393,0.8699879981577396,0.7295361720025539,14.605589210987091
1783,294.786128257,208,17,7,4533,14969,16,12.038704939186573,0.5558801349252462,0.688198022544384,0.614269869402051,13.897052966058254
1785,295.078570869,212,19,8,4541,15003,34,11.752618942409754,0.5586359184235334,0.6986779626458883,0.6186282262206078,13.628561049699783
1786,295.273530222,221,21,3,4544,15014,11,13.216899940744042,0.5918580573052168,0.692114932462573,0.6274450570344925,15.128317987546325
1789,295.663456595,237,17,7,4551,15035,21,13.235124060884118,0.5719508044421673,0.9722299873828888,0.8920491673052311,15.671354020014405
1790,295.760931021,242,21,3,4554,15048,13,13.815970858559012,0.5780518986284733,1.514835050329566,0.6829602643847466,16.5918180719018
1791,296.15084706,308,24,11,4565,15077,29,14.668106101453304,0.7043879013508558,0.7154890336096287,0.6392579525709152,16.727240988984704
1793,296.443289715,311,27,14,4579,15112,35,14.813218032941222,0.6045110058039427,0.7932051084935665,0.6313519552350044,16.842286102473736
1794,296.638258026,320,27,7,4586,15134,22,16.06508088298142,3.4515808802098036,1.2850051280111074,0.9893020614981651,21.790968952700496
1795,297.02818594,304,23,21,4607,15195,61,14.511552872136235,0.7402859628200531,0.7741190493106842,0.693528214469552,16.719486098736525
1796,297.418092979,316,19,14,4621,15241,46,16.906976932659745,0.5937109235674143,0.7169519085437059,0.7603042759001255,18.97794404067099
1799,297.710514092,230,8,4,4625,15247,6,12.693060096353292,1.1240341700613499,0.7530390284955502,1.0062537621706724,15.576387057080865
1801,298.002934871,206,5,2,4627,15253,6,13.177947141230106,0.9043728932738304,0.6776789668947458,0.6418509874492884,15.401849988847971
1802,298.197884266,148,3,0,4627,15253,0,10.774577967822552,0.5115380045026541,0.6357498932629824,0.736819114536047,12.658684980124235
1803,298.587777638,105,4,2,4629,15258,5,7.689282996580005,0.8662519976496696,0.6723389960825443,3.331284038722515,12.559158029034734
1805,298.880200501,67,6,4,4633,15268,10,7.957744877785444,0.5834619514644146,0.6708160508424044,0.6369431503117085,9.848966030403972
1806,299.075146979,73,9,3,4636,15283,15,6.863106973469257,1.364783849567175,0.6897610146552324,0.7886262610554695,9.706278098747134
1807,299.465095102,73,8,1,4637,15286,3,6.821418879553676,0.6108430679887533,0.6636320613324642,0.6435648538172245,8.739458862692118
1808,299.562516195,62,10,0,4637,15291,5,7.632808061316609,0.48069003969430923,0.6991780828684568,0.626071821898222,9.438748005777597
1811,300.147361462,52,6,5,4642,15301,10,6.561923073604703,0.5911160260438919,0.6676700431853533,0.9575127623975277,8.778221905231476
1812,300.244835097,48,4,0,4642,15305,4,6.881040055304766,0.717672985047102,0.9495771955698729,0.8485289290547371,9.396819164976478
1813,300.634729177,36,4,1,4643,15307,2,6.464569829404354,0.6173858419060707,0.6893100216984749,0.6344981957226992,8.405763888731599
1814,300.732202021,43,5,1,4644,15312,5,6.293529877439141,0.5706578958779573,0.8374969474971294,0.8771130815148354,8.578797802329063
1817,301.317024579,43,5,0,4644,15314,2,6.496000103652477,0.4948659334331751,0.6768170278519392,0.6340360268950462,8.301719091832638
1818,301.511961432,38,4,0,4644,15314,0,6.003707880154252,0.5234100390225649,0.6610678974539042,0.6549851968884468,7.843171013519168
1819,301.804353503,36,4,2,4646,15319,5,7.519504986703396,0.8778430055826902,0.705100130289793,0.6770568434149027,9.779504965990782
1822,302.194173168,34,6,1,4647,15324,5,5.663160001859069,0.5511918570846319,0.7340142037719488,0.6061049643903971,7.554471027106047
1823,302.291625844,37,3,0,4647,15324,0,6.437730044126511,0.4811708349734545,0.6665680557489395,0.6472810637205839,8.232749998569489
1824,302.681425842,38,2,1,4648,15325,1,7.848270935937762,0.5592058878391981,0.6496959831565619,0.6640343926846981,9.72120719961822
1825,302.973793996,34,3,0,4648,15325,0,6.075110984966159,0.4718529526144266,0.6659058853983879,0.6192410364747047,7.832110859453678
1828,303.363615285,40,3,1,4649,15327,2,6.434113020077348,1.2792949564754963,0.8822309318929911,0.6150722038000822,9.210711112245917
1829,303.461078628,42,3,0,4649,15327,0,6.324537796899676,0.5397298373281956,0.7013229187577963,0.6525525823235512,8.21814313530922
1830,303.850942542,40,5,4,4653,15336,9,6.507019978016615,0.5572030786424875,0.6447059568017721,0.6228561978787184,8.331785211339593
1832,304.143363405,42,5,1,4654,15340,4,6.19526719674468,0.5568221677094698,0.6346979644149542,0.716781709343195,8.1035690382123
1835,304.533319653,44,3,1,4655,15342,2,5.998929031193256,0.5484370049089193,0.6660870276391506,0.6291468162089586,7.842599879950285
1836,304.728290172,43,3,0,4655,15343,1,6.260267924517393,0.4855389706790447,0.6348888855427504,0.6533022969961166,8.033998077735305
1837,305.020801035,41,5,2,4657,15350,7,6.071906071156263,0.5717710591852665,0.9348702151328325,0.7096766494214535,8.288223994895816
1839,305.313165356,31,3,2,4659,15353,3,7.442621048539877,0.9834610391408205,0.7122631650418043,0.8465547580271959,9.984900010749698
1840,305.508083167,31,3,0,4659,15354,1,5.707303993403912,1.4884360134601593,0.642712926492095,0.6354190409183502,8.473871974274516
1841,305.897944998,39,4,0,4659,15355,1,5.849719978868961,0.5061381962150335,0.6679999642074108,0.6528408266603947,7.6766989659518
1842,306.190345527,45,3,2,4661,15358,3,5.973471095785499,0.5554200615733862,0.6668888963758945,0.6436740513890982,7.8394541051238775
1845,306.580272983,43,3,0,4661,15360,2,6.533620180562139,0.4977609496563673,0.6891398224979639,0.6996511947363615,8.420172147452831
1846,306.67777916,53,2,0,4661,15360,0,7.615555077791214,0.5569730419665575,0.6924460176378489,0.7029860280454159,9.567960165441036
1847,307.067599574,64,3,2,4663,15363,3,6.57721096649766,0.5510619375854731,0.6554771680384874,0.613548094406724,8.397298166528344
1848,307.36002152,65,3,1,4664,15365,2,10.410035960376263,0.5542170256376266,0.6456379778683186,0.7360880263149738,12.345978990197182
1851,307.749965309,79,2,0,4664,15365,0,6.914852885529399,0.467746052891016,0.6301091052591801,0.6084989290684462,8.621206972748041
1853,308.04238188,78,2,0,4664,15365,0,7.399139925837517,0.9538549929857254,0.6462601013481617,0.6095110438764095,9.608766064047813
1854,308.237402316,58,3,1,4665,15367,2,7.971000857651234,0.6278250366449356,0.7000411860644817,0.7269089110195637,10.025775991380215
1855,308.627427647,43,3,3,4668,15370,3,6.516698049381375,0.4853589925915003,1.6778309363871813,0.7559640798717737,9.43585205823183
1857,308.919911343,63,5,3,4671,15379,9,8.720433106645942,0.8786041289567947,0.636580865830183,0.6494869012385607,10.88510500267148
1860,309.309870674,56,6,1,4672,15384,5,6.395300850272179,0.5728919059038162,0.6559779867529869,0.6409902125597,8.265160955488682
1861,309.504830735,66,6,2,4674,15392,8,7.164310896769166,0.5536158569157124,0.6427629850804806,0.5993612576276064,8.960050996392965
1862,309.602314704,60,5,0,4674,15394,2,6.7925238981842995,0.49537699669599533,0.6473620887845755,0.6116949953138828,8.546957978978753
1865,310.187156512,62,6,1,4675,15397,3,7.136628031730652,0.5757571198046207,0.6622688379138708,0.6083298940211535,8.982983883470297
1866,310.284631647,62,5,1,4676,15400,3,9.93732106871903,0.7075939793139696,0.6819169502705336,0.6380139384418726,11.964845936745405
1867,310.674526853,65,5,1,4677,15402,2,7.036791881546378,0.5564321763813496,0.6452479865401983,0.5986299365758896,8.837101981043816
1869,310.966947382,70,4,0,4677,15402,0,9.874884970486164,0.47584110870957375,0.6584320217370987,0.675062881782651,11.684220982715487
1872,311.356888671,14,4,3,4680,15402,0,5.620660958811641,0.5814190953969955,0.5993519444018602,0.7987241260707378,7.600156124681234
1873,311.551789899,0,0,0,4680,15402,0,5.363109055906534,0.015669967979192734,0.0016528647392988205,0.5986902397125959,5.979122128337622
1874,311.84417072,2,1,1,4681,15402,0,7.955590961501002,1.008547842502594,0.001983949914574623,0.7659043185412884,9.73202707245946
1877,312.23402801,46,6,2,4683,15402,0,6.339526968076825,0.5615109112113714,0.6711960304528475,0.6576911546289921,8.229925064370036
1878,312.331443644,58,3,2,4685,15402,0,6.295524071902037,0.5484160501509905,0.6064048502594233,0.6309018936008215,8.081246865913272
1879,312.72124285,39,5,0,4685,15402,0,6.473697023466229,0.4767018835991621,0.6420919671654701,0.6662982050329447,8.258789079263806
1880,313.013601088,40,3,0,4685,15403,1,5.7596510741859674,0.5106159951537848,1.3227160088717937,0.6188179831951857,8.211801061406732
1882,313.403444294,41,4,0,4685,15403,0,7.049735868349671,0.5503098946064711,0.7516869809478521,0.7076852489262819,9.059417992830276
1883,313.500854054,41,4,2,4687,15406,3,6.022363202646375,0.5312347784638405,0.6387759931385517,0.6037391722202301,7.796113146468997
1885,313.988111519,43,3,0,4687,15407,1,6.072046002373099,0.46903803013265133,0.6617789622396231,0.6232860032469034,7.826148997992277
1886,314.183023331,48,4,0,4687,15407,0,7.040939060971141,0.5405819974839687,0.7036770693957806,0.6603559013456106,8.9455540291965
1889,314.572918411,45,4,1,4688,15409,2,6.1607519164681435,3.5461680963635445,1.226687105372548,0.5976567044854164,11.531263822689652
1891,314.865341232,55,3,1,4689,15410,1,6.753531051799655,0.611854949966073,0.658682081848383,0.7078759372234344,8.731944020837545
1892,315.060285835,53,4,0,4689,15411,1,8.629553020000458,1.0366400238126516,1.3219639658927917,0.634258147329092,11.622415157034993
1893,315.450277708,54,5,2,4691,15414,3,6.540071917697787,0.5661000031977892,0.6297591608017683,0.6206710822880268,8.356602163985372
1894,315.547763134,47,3,0,4691,15414,0,6.9357529282569885,0.5159860011190176,0.7304069586098194,0.6746931467205286,8.856839034706354
1897,316.13268236,55,6,2,4693,15427,13,7.032973924651742,0.578742939978838,0.6918550934642553,0.6141101475805044,8.91768210567534
1898,316.230165245,57,5,0,4693,15427,0,8.725923951715231,0.5576640833169222,0.7153591141104698,0.6739508826285601,10.672898031771183
1899,316.620106159,52,5,1,4694,15434,7,6.153107853606343,1.251894049346447,0.9070378728210926,0.6261412054300308,8.938180981203914
1900,316.717615918,55,4,1,4695,15436,2,7.654548157006502,1.0130868759006262,0.7414279971271753,0.838498817756772,10.247561847791076
1903,317.302472936,52,2,1,4696,15437,1,7.0143998600542545,0.6500470917671919,0.7034570444375277,0.6710859015583992,9.038989897817373
1904,317.497420205,46,2,0,4696,15438,1,6.482334109023213,0.46861707232892513,0.6468507926911116,0.6084679625928402,8.20626993663609
1905,317.789843151,50,4,0,4696,15439,1,6.1701100785285234,0.4711418878287077,0.6338669918477535,0.6454370450228453,7.92055600322783
1908,318.179717857,53,3,1,4697,15440,1,6.441918201744556,0.8285809308290482,0.654545845463872,1.015279907733202,8.940324885770679
1910,318.47211897,58,2,0,4697,15440,0,6.632935022935271,0.4735661204904318,0.6177960895001888,0.6060358136892319,8.330333046615124
1911,318.667064698,57,5,2,4699,15445,5,6.927377078682184,0.566940987482667,0.679671997204423,0.824703136458993,8.998693199828267
1913,319.056960112,61,2,2,4701,15446,1,8.410914102569222,0.6964029744267464,1.0486829560250044,0.8303639478981495,10.986363980919123
1914,319.154433955,60,4,2,4703,15451,5,7.034586975350976,0.6158128380775452,0.6821667775511742,0.8841855451464653,9.21675213612616
1916,319.641835462,79,6,4,4707,15461,10,7.26566999219358,0.6140791811048985,0.6799120455980301,0.6103026680648327,9.169963886961341
1917,319.836835524,73,2,0,4707,15462,1,8.783961879089475,0.7105101831257343,0.9753850754350424,0.857184873893857,11.327042011544108
1918,320.226817813,91,8,2,4709,15476,14,7.517291000112891,1.844943966716528,0.9676809422671795,0.894234050065279,11.224149959161878
1919,320.324314656,90,7,0,4709,15480,4,7.879098877310753,0.5655291024595499,0.691473949700594,0.671606045216322,9.807707974687219
1922,320.909262715,80,7,2,4711,15480,0,7.249549962580204,0.5386979319155216,0.8965178858488798,0.6077780853956938,9.2925438657403
1923,321.104219818,89,10,1,4712,15482,2,7.732674013823271,0.5578838754445314,0.656849006190896,0.6444982718676329,9.591905167326331
1924,321.396684847,107,11,0,4712,15483,1,9.55729908309877,0.47459802590310574,0.6990979891270399,0.6440170109272003,11.375012109056115
1926,321.689083001,114,7,0,4712,15483,0,8.61035706475377,0.47967699356377125,0.6659869104623795,0.6178070325404406,10.373828001320362
1929,322.079019624,155,11,2,4714,15486,3,11.09831384383142,0.9597670286893845,0.6863540038466454,0.7152489852160215,13.459683861583471
1930,322.273926102,170,17,0,4714,15487,1,13.34528997540474,1.0169229935854673,0.8757391478866339,0.6986379157751799,15.93659003265202
1931,322.566348298,217,11,1,4715,15487,0,12.423023115843534,0.6085389759391546,0.6682712119072676,0.6204217206686735,14.32025502435863
1934,322.956244045,257,17,0,4715,15487,0,13.691306812688708,1.2063980102539062,0.9477841667830944,0.6442861631512642,16.489775152876973
1936,323.248666575,243,17,1,4716,15489,2,12.83214008435607,0.6122561171650887,1.3279858976602554,3.7494769785553217,18.521859077736735
1937,323.443612678,239,12,0,4716,15489,0,13.132350984960794,0.5697060842067003,0.7844890933483839,0.7317597046494484,15.218305867165327
1938,323.8335088,241,12,1,4717,15492,3,15.438026981428266,0.6501569878309965,0.6820058915764093,0.6664791144430637,17.436668975278735
1940,324.125931329,251,11,0,4717,15493,1,13.28732119873166,1.0027170646935701,0.6726488936692476,0.761495903134346,15.724183060228825
1943,324.51582566,230,15,11,4728,15527,34,12.602228904142976,0.5696469452232122,0.6839500274509192,0.6415899842977524,14.49741586111486
1944,324.710773347,234,14,8,4736,15554,27,12.01165304519236,0.5628140643239021,0.6905719637870789,0.6411811336874962,13.906220206990838
1945,325.003195751,223,11,11,4747,15554,0,12.738503981381655,0.6245390977710485,0.578662846237421,0.8713819552212954,14.81308788061142
1946,325.393090082,238,17,14,4761,15554,0,14.441621955484152,1.0020250920206308,0.5103549920022488,0.6925677880644798,16.64656982757151
1948,325.685512445,230,16,4,4765,15554,0,12.07529311068356,0.8973900694400072,0.49747107550501823,0.9120667818933725,14.382221037521958
1951,326.075415817,198,11,2,4767,15554,0,10.576106840744615,0.6336660590022802,0.5089528858661652,0.6202901713550091,12.339015956968069
1952,326.270355087,194,15,5,4772,15554,0,10.847324039787054,0.5739349871873856,0.4814509302377701,0.6215730682015419,12.524283025413752
1954,326.562816449,196,10,2,4774,15554,0,11.452717008069158,0.5915181245654821,0.5071391351521015,0.624117674306035,13.175491942092776
1957,326.952672239,231,11,1,4775,15554,0,11.96068781428039,0.613116892054677,0.5164570175111294,0.6918252911418676,13.782087014988065
1958,327.14762155,180,8,3,4778,15554,0,12.781154131516814,0.6140901241451502,0.497911823913455,0.6547647062689066,14.547920785844326
1959,327.440044704,158,12,0,4778,15554,0,9.884272003546357,0.5259751342236996,0.5146528128534555,0.7096470799297094,11.634547030553222
1960,327.829937702,143,14,4,4782,15554,0,9.070888860151172,0.5552798975259066,3.501354018226266,0.7269002962857485,13.854423072189093
1962,328.122358898,136,4,1,4783,15554,0,11.456705164164305,0.5559211131185293,0.48694200813770294,0.6274727638810873,13.127041049301624
1965,328.512248229,135,12,7,4790,15554,0,8.902603993192315,0.6027878262102604,0.5478649400174618,0.6387371104210615,10.691993869841099
1966,328.707180081,108,6,1,4791,15554,0,7.672260981053114,0.5458211526274681,0.49131992273032665,0.6269039586186409,9.33630601502955
1968,329.097064996,109,7,3,4794,15554,0,7.7254800125956535,0.7608640007674694,0.5115070380270481,0.7249980699270964,9.722849121317267
1969,329.194528214,120,7,5,4799,15554,0,8.739138022065163,0.5823799874633551,0.49302191473543644,0.6251810118556023,10.439720936119556
1972,329.779363606,123,9,2,4801,15556,2,10.417579906061292,0.6467110943049192,0.6524708587676287,0.6538731977343559,12.370635056868196
1973,329.876835324,150,6,1,4802,15556,0,9.219257161021233,0.5740749184042215,0.624228036031127,0.6029277574270964,11.020487872883677
1974,330.266709113,139,11,8,4810,15556,0,8.841729955747724,0.9552279952913523,0.47518895007669926,0.8149761706590652,11.08712307177484
1975,330.364175206,123,10,2,4812,15556,0,9.527192916721106,0.6265330594033003,0.5111568607389927,0.9033412206918001,11.568224057555199
1978,330.948921223,123,10,4,4816,15556,0,8.38718912564218,0.5622128956019878,0.4736669361591339,0.6365599110722542,10.059628868475556
1979,331.143836285,140,10,5,4821,15556,0,8.735551033169031,0.599732156842947,0.4933129530400038,0.672308960929513,10.500905103981495
1980,331.436196689,124,6,2,4823,15556,0,8.117132820189,0.5722418427467346,0.4895359743386507,0.6243593525141478,9.803269989788532
1983,331.826028853,171,17,7,4830,15556,0,10.681143030524254,0.5625428166240454,0.4781049210578203,0.6254413165152073,12.347232084721327
1984,331.923478488,174,8,1,4831,15556,0,12.040507979691029,0.5595579277724028,0.49419491551816463,0.639566220343113,13.733827043324709
1986,332.118351883,124,11,4,4835,15556,0,8.889590157195926,0.7797288708388805,0.4833450075238943,0.6324241403490305,10.785088175907731
1987,332.215667517,121,13,1,4836,15556,0,8.042774861678481,2.8421201277524233,0.6544149946421385,0.8198842406272888,12.359194224700332
1988,332.31304436,122,10,0,4836,15556,0,8.943160064518452,0.5997319240123034,0.5096341483294964,0.6407499313354492,10.6932760681957
1989,332.410349954,105,9,0,4836,15556,0,7.664887001737952,0.47689303755760193,0.4858989268541336,0.6186580285429955,9.246336994692683
1990,332.507664172,80,10,1,4837,15556,0,8.246856974437833,1.0078770574182272,0.6685310509055853,0.674522016197443,10.597787098959088
