frame_index,frame_timestamp_sec,num_local_nodes_pre,num_local_nodes_kept,num_new_nodes,num_nodes,num_edges,num_new_edges,t_inference_ms,t_merge_ms,t_edges_ms,t_other_ms,t_frame_total_ms
1,61.141607031,343,23,23,23,67,67,2223.815008997917,61.611048178747296,27.6215560734272,42.39249392412603,2355.4401071742177
9,63.28602958,347,22,9,32,100,33,210.82617109641433,5.054749082773924,1.0041899513453245,0.7753998506814241,217.660509981215
10,63.383504589,351,20,6,38,121,21,28.904265956953168,0.7486110553145409,0.7911010179668665,0.7676058448851109,31.211583875119686
11,63.480975766,357,20,3,41,133,12,27.165723033249378,0.5593269597738981,0.6782191339880228,0.611873809248209,29.015142936259508
12,63.578449526,347,18,2,43,139,6,30.934144044294953,0.6036499980837107,0.6930171512067318,0.6734398193657398,32.904251012951136
13,63.675924035,347,19,3,46,144,5,28.561054030433297,0.7718349806964397,1.017474103718996,0.6268727593123913,30.977235874161124
14,63.77339817,336,31,13,59,182,38,27.287571225315332,0.6232759915292263,0.8802870288491249,0.6364006549119949,29.42753490060568
16,63.96835119,334,32,3,62,201,19,26.1797490529716,0.5873991176486015,0.8222090546041727,0.6967827212065458,28.28613994643092
17,64.06586395,344,24,1,63,204,3,27.628508862107992,0.5886910948902369,0.6938979495316744,0.7558849174529314,29.666982823982835
18,64.163292501,330,23,3,66,210,6,29.125439934432507,0.7802299223840237,0.6863840389996767,0.8108071051537991,31.402861000970006
19,64.260766761,323,20,3,69,218,8,25.856642983853817,0.5609591025859118,0.6687110289931297,0.6177769973874092,27.704090112820268
20,64.358239604,331,24,4,73,229,11,28.439285000786185,3.6319359205663204,0.952783040702343,0.6276259664446115,33.65162992849946
21,64.455714864,339,23,2,75,236,7,26.459921849891543,0.5530549678951502,0.6916050333529711,0.6152710411697626,28.319852892309427
22,64.553188332,333,20,6,81,241,5,26.304079918190837,0.5660599563270807,0.7035371381789446,0.621862942352891,28.195539955049753
23,64.650660925,334,22,3,84,250,9,27.256523026153445,0.5761780776083469,0.6882171146571636,0.5979998968541622,29.118918115273118
24,64.74813456,334,21,3,87,254,4,26.759613072499633,0.5583548918366432,0.6727189756929874,0.5969160702079535,28.587603010237217
25,64.845613403,334,24,2,89,265,11,29.36340495944023,0.7839570753276348,1.4158990234136581,0.6213930901139975,32.18465414829552
26,64.943081746,335,22,2,91,275,10,26.964555960148573,0.5627230275422335,0.7083460222929716,0.6181371863931417,28.85376219637692
27,65.040555881,346,21,1,92,278,3,31.915521016344428,0.557212857529521,0.6971841212362051,0.6359901744872332,33.80590816959739
28,65.138076224,340,22,4,96,287,9,26.844601845368743,0.8422958198934793,1.0111720766872168,0.6990183610469103,29.39708810299635
29,65.235505192,329,19,0,96,289,2,26.97338303551078,0.48288400284945965,0.7176829967647791,0.629928894340992,28.80387892946601
30,65.332979577,339,24,4,100,300,11,26.374011067673564,0.5714190192520618,0.7348849903792143,0.6082288455218077,28.288543922826648
31,65.430452045,336,24,2,102,307,7,29.89978902041912,1.0119741782546043,1.0478808544576168,0.6101608742028475,32.56980492733419
32,65.527966138,337,19,1,103,308,1,26.82657795958221,0.9477529674768448,0.8266069926321507,0.6318329833447933,29.232770903036
33,65.625436398,339,18,1,104,311,3,27.321874862536788,0.6059228908270597,0.6883679889142513,0.6084702908992767,29.224636033177376
34,65.722872074,338,23,3,107,320,9,26.79596096277237,0.573083059862256,1.3843001797795296,0.7154988124966621,29.468843014910817
35,65.820346501,329,20,1,108,322,2,28.238459955900908,0.7235938683152199,0.8298731409013271,0.8482481352984905,30.640175100415945
36,65.917819761,330,22,5,113,335,13,29.412847943603992,0.5637449212372303,3.9128519129008055,0.6187970284372568,34.508241806179285
37,66.015294479,327,19,1,114,340,5,26.650568936020136,0.5550479982048273,0.6800619885325432,0.595275079831481,28.480954002588987
38,66.112767739,319,19,2,116,350,10,26.72556904144585,0.5608890205621719,0.7125330157577991,0.6129778921604156,28.611968969926238
39,66.210240957,334,16,2,118,357,7,26.87682188116014,1.3066860847175121,0.6878869608044624,0.6112831179052591,29.482678044587374
40,66.30771555,322,18,2,120,367,10,26.078619062900543,0.5547378677874804,0.7029559928923845,0.6340560503304005,27.97036897391081
41,66.405189185,324,16,0,120,368,1,29.05657095834613,0.6310699973255396,0.8780329953879118,0.8345120586454868,31.400186009705067
42,66.502705319,327,15,1,121,369,1,26.224561035633087,0.5544768646359444,4.011044977232814,0.656000105664134,31.44608298316598
43,66.600136579,325,14,1,122,373,4,31.144859036430717,0.8817699272185564,0.6925051566213369,0.6154519505798817,33.33458607085049
44,66.697609881,332,15,2,124,376,3,26.320762000977993,0.5743138026446104,0.674121081829071,0.6390262860804796,28.208223171532154
45,66.795120807,337,15,2,126,387,11,27.91226003319025,0.6251297891139984,2.499386901035905,0.6361303385347128,31.672907061874866
46,66.892556525,325,20,2,128,393,6,26.998800924047828,0.569815980270505,0.6965931970626116,0.6192587316036224,28.884468832984567
47,66.990030493,336,22,2,130,402,9,33.244887832552195,0.6449271459132433,1.1334109585732222,0.6262820679694414,35.6495080050081
48,67.087504628,323,20,2,132,410,8,26.897390140220523,0.6651340518146753,0.8581560105085373,0.9635037276893854,29.38418393023312
49,67.184978471,330,22,5,137,428,18,30.58580309152603,0.5696159787476063,0.7017629686743021,0.6034588441252708,32.46064088307321
50,67.282451189,329,23,0,137,432,4,26.65405487641692,0.5534051451832056,0.7470480632036924,0.6145008374005556,28.569008922204375
51,67.379926866,336,22,3,140,448,16,27.084030909463763,0.6510689854621887,0.8297930471599102,0.6505148485302925,29.215407790616155
52,67.477398876,343,25,2,142,452,4,29.33840802870691,0.5704669747501612,0.7181731052696705,0.6281067617237568,31.255154870450497
53,67.574879927,354,23,3,145,463,11,27.789470041170716,0.5864971317350864,0.6960721220821142,0.6222357042133808,29.694274999201298
54,67.672347937,348,28,3,148,469,6,28.622298035770655,0.5659288726747036,0.9881991427391768,1.043983967974782,31.220410019159317
55,67.769821947,343,24,3,151,475,6,31.0059089679271,0.5683437921106815,0.7063508965075016,0.6105734501034021,32.89117710664868
56,67.86729479,333,23,3,154,484,9,27.643848210573196,0.5514309741556644,0.7056600879877806,0.608458649367094,29.509397922083735
57,67.9647688,343,23,1,155,488,4,31.38080984354019,0.6197600159794092,0.7948568090796471,0.6815465167164803,33.47697318531573
58,68.062242226,340,24,1,156,493,5,30.683075077831745,0.7692088838666677,0.8956759702414274,0.7305571343749762,33.07851706631482
59,68.159715361,346,29,7,163,517,24,27.465404011309147,5.82427904009819,1.0473399888724089,0.6898490246385336,35.02687206491828
60,68.257190412,335,23,2,165,520,3,26.41232288442552,0.568784074857831,0.7796590216457844,0.8782939985394478,28.639059979468584
61,68.354663964,343,30,2,167,530,10,28.60693004913628,0.620370963588357,1.396292820572853,0.6184959784150124,31.242089811712503
62,68.452137182,326,22,0,167,531,1,27.810178929939866,6.02499395608902,1.3184570707380772,0.8081421256065369,35.9617720823735
63,68.549610983,329,20,4,171,543,12,26.32673317566514,0.6341470871120691,0.7279720157384872,0.6369408220052719,28.32579310052097
64,68.647085702,331,26,3,174,558,15,30.064297141507268,0.6255100015550852,0.7558350916951895,0.604420667514205,32.05006290227175
65,68.74456817,330,25,1,175,562,4,27.690534945577383,8.723723934963346,3.181023057550192,0.6378320977091789,40.2331140358001
66,68.842074971,325,26,4,179,576,14,27.453962014988065,0.7814120035618544,1.0183749254792929,0.8311960846185684,30.08494502864778
67,68.939543981,328,27,2,181,584,8,26.300783967599273,0.6644530221819878,0.8167179767042398,0.6469711661338806,28.42892613261938
68,69.036978991,340,24,2,183,590,6,26.88774303533137,0.5778411868959665,0.722220866009593,0.611254945397377,28.799060033634305
69,69.134454292,333,32,4,187,606,16,28.38346199132502,0.6579819601029158,0.8747871033847332,0.6488619837909937,30.565093038603663
70,69.231927302,348,28,1,188,606,0,32.82247786410153,0.5783631931990385,1.073399093002081,0.6851009093225002,35.15934105962515
71,69.329400895,334,25,2,190,610,4,35.2450511418283,8.061163825914264,1.0080661159008741,5.268338834866881,49.58261991851032
72,69.426895613,333,27,3,193,617,7,27.061148080974817,0.5548880435526371,0.7615049835294485,0.6084276828914881,28.98596879094839
73,69.524347706,333,25,2,195,622,5,27.148130116984248,0.5873390473425388,0.6955710705369711,0.6053936667740345,29.036433901637793
74,69.621862966,335,31,2,197,629,7,29.706237139180303,0.6390160415321589,0.8372159209102392,0.7014530710875988,31.8839221727103
75,69.719295434,331,21,2,199,635,6,26.529232040047646,0.7045988459140062,0.7526280824095011,1.657330896705389,29.643789865076542
76,69.816771319,332,28,4,203,646,11,30.930246924981475,0.8953448850661516,0.8303939830511808,0.6810552440583706,33.33704103715718
77,69.914250121,321,28,4,207,658,12,28.831019066274166,0.8967178873717785,1.0705338791012764,0.8200232405215502,31.61829407326877
78,70.011761464,324,25,2,209,666,8,26.66651806794107,0.5792840383946896,0.7235740777105093,0.6089599337428808,28.57833611778915
79,70.109190598,331,24,3,212,675,9,27.473598020151258,0.633015064522624,0.7467069663107395,0.5930110346525908,29.446331085637212
80,70.20666815,335,30,2,214,685,10,27.11627003736794,0.5694548599421978,0.796640058979392,0.6009859498590231,29.083350906148553
81,70.304185868,335,26,4,218,691,6,32.30712399818003,0.8928708266466856,0.7789579685777426,0.6987960077822208,34.67774880118668
82,70.401613086,334,27,3,221,704,13,28.484361013397574,0.5814479663968086,0.777343986555934,0.6192580331116915,30.46241099946201
83,70.499085429,338,28,1,222,714,10,39.30733213201165,0.6383839063346386,0.814714003354311,0.6411820650100708,41.40161210671067
84,70.596559314,331,26,1,223,717,3,39.40165904350579,1.1851971503347158,0.77397795394063,0.68284897133708,42.043683119118214
85,70.694033366,333,31,2,225,725,8,32.83931012265384,0.5816989578306675,0.7997769862413406,0.6150489207357168,34.83583498746157
86,70.791506209,339,26,2,227,730,5,36.350970854982734,0.7666549645364285,0.8598689455538988,0.7303862366825342,38.707881001755595
87,70.888980468,334,29,1,228,736,6,35.30785790644586,0.725496793165803,1.3214328791946173,6.471451371908188,43.82623895071447
88,70.98645652,336,25,2,230,741,5,32.277807826176286,0.9488959331065416,1.0198589880019426,0.663381302729249,34.90994405001402
89,71.083928821,339,26,2,232,747,6,25.996806100010872,0.6118051242083311,0.7913410663604736,0.6368097383528948,28.03676202893257
90,71.181401914,341,23,1,233,750,3,37.34286688268185,3.6316849291324615,0.9838109835982323,7.349222199991345,49.307584995403886
91,71.278921799,336,24,2,235,754,4,27.033676160499454,0.6099410820752382,0.7283431477844715,0.6667475681751966,29.03870795853436
92,71.376350226,339,25,6,241,769,15,31.391941010951996,0.8901259861886501,0.723895151168108,0.8263059426099062,33.83226809091866
93,71.473824111,334,25,1,242,776,7,32.989169005304575,0.5821590311825275,0.7134249899536371,0.7007219828665257,34.985475009307265
94,71.571310704,341,25,3,245,783,7,39.738348918035626,1.4134550001472235,1.3391459360718727,0.7168210577219725,43.207770911976695
95,71.66877288,328,23,1,246,788,5,29.737015021964908,1.2561199255287647,1.3578610960394144,0.636169919744134,32.98716596327722
96,71.766244348,338,26,4,250,796,8,34.50473607517779,0.5747750401496887,0.7603031117469072,0.6402377039194107,36.480051930993795
97,71.863717733,321,26,3,253,809,13,32.472232123836875,0.563083915039897,0.759301008656621,0.6083881016820669,34.40300514921546
98,71.961192201,324,22,2,255,822,13,26.987018063664436,0.8914489299058914,0.7166010327637196,0.6654139142483473,29.260481940582395
99,72.058665169,335,28,2,257,833,11,36.896070931106806,0.9520209860056639,0.8364950772374868,0.9658981580287218,39.65048515237868
100,72.156138721,330,28,5,262,845,12,30.49284894950688,0.5925190635025501,0.7658330723643303,0.6211120635271072,32.47231314890087
101,72.253624522,335,27,0,262,851,6,32.742457929998636,0.48780301585793495,0.7800988387316465,0.6138591561466455,34.62421894073486
102,72.35108799,337,26,4,266,865,14,30.89041286148131,0.731439096853137,1.1136240791529417,0.6594730075448751,33.39494904503226
103,72.44856075,344,26,1,267,866,1,31.804392812773585,0.5843429826200008,0.7661839481443167,0.6229553837329149,33.77787512727082
104,72.54607576,329,26,0,267,867,1,26.03996591642499,0.6063650362193584,0.8127209730446339,0.9393282234668732,28.398380149155855
105,72.643516353,332,25,4,271,883,16,26.892452035099268,0.5752260331064463,0.7473679725080729,0.6223050877451897,28.837351128458977
106,72.740981988,335,28,3,274,896,13,35.709970863536,0.7217710372060537,0.8152858354151249,0.6511183455586433,37.89814608171582
107,72.838456789,339,32,3,277,901,5,38.87633606791496,0.6833791267126799,2.583754016086459,0.70547079667449,42.84894000738859
108,72.935929299,320,25,2,279,910,9,32.492069993168116,1.506259199231863,1.4656721614301205,1.5478467103093863,37.011848064139485
109,73.033405267,330,27,1,280,914,4,29.119348153471947,1.6331158112734556,1.4654719270765781,0.6800629198551178,32.8979988116771
110,73.130876777,331,25,3,283,926,12,26.016502175480127,1.688229152932763,1.2301020324230194,0.6910036318004131,29.625836992636323
111,73.22835212,328,23,5,288,941,15,25.623447028920054,0.5684429779648781,0.7486108224838972,0.6046823691576719,27.5451831985265
112,73.325825047,326,27,1,289,943,2,43.85132482275367,1.126087037846446,1.6075780149549246,1.0238462127745152,47.608836088329554
113,73.423299515,336,28,5,294,959,16,32.639375887811184,0.7060409989207983,1.1815410107374191,2.0317810121923685,36.55873890966177
114,73.520772941,322,32,3,297,968,9,24.810856906697154,0.566661125048995,0.7956288754940033,0.6057419814169407,26.778888888657093
115,73.618246576,315,32,3,300,979,11,30.3825621958822,0.7264891173690557,0.8155161049216986,4.188928520306945,36.1134959384799
116,73.715719919,327,39,3,303,987,8,34.570849034935236,1.3122858945280313,1.1136939283460379,0.7656731177121401,37.762501975521445
118,73.910666605,321,31,11,314,1025,38,25.244677904993296,0.5808570422232151,0.8157568518072367,0.631081173196435,27.272372972220182
119,74.008139449,326,33,6,320,1050,25,25.077395141124725,0.5715000443160534,1.5029329806566238,0.6166528910398483,27.76848105713725
120,74.105614333,321,30,1,321,1054,4,28.90585921704769,0.678960932418704,0.8379779756069183,0.6439238786697388,31.066722003743052
121,74.203088635,325,34,2,323,1061,7,35.33061104826629,0.5604878533631563,0.816156854853034,0.6191693246364594,37.32642508111894
122,74.300562645,332,28,4,327,1072,11,35.922379000112414,0.6348779425024986,0.8142930455505848,0.6756938528269529,38.04724384099245
123,74.398035029,329,34,2,329,1079,7,40.448357816785574,0.6713659968227148,4.691960057243705,0.8294321596622467,46.64111603051424
124,74.495509456,327,25,4,333,1092,13,39.83221482485533,1.235442003235221,1.9198618829250336,0.8988822810351849,43.88640099205077
125,74.592982716,321,32,1,334,1095,3,35.79658316448331,1.3292969670146704,1.2096429709345102,0.7675569504499435,39.10308005288243
126,74.690459767,328,29,4,338,1107,12,37.451238837093115,0.6062539760023355,1.8711709417402744,0.9508002549409866,40.87946400977671
127,74.787930694,334,34,4,342,1120,13,34.285706002265215,10.485179955139756,1.8613929860293865,0.6745029240846634,47.30678186751902
128,74.885404245,332,32,1,343,1128,8,27.840786147862673,0.5827799905091524,0.8186819031834602,0.6114637944847345,29.85371183604002
129,74.982878921,334,29,0,343,1131,3,25.707775028422475,0.4875818267464638,0.7718151900917292,0.5999819841235876,27.567154029384255
130,75.080352723,324,30,2,345,1136,5,26.975277112796903,0.5816388875246048,0.7909499108791351,0.6887279450893402,29.036593856289983
131,75.177825524,316,28,7,352,1159,23,25.05223802290857,1.0581209789961576,0.9608480613678694,0.6200887728482485,27.691295836120844
132,75.275338409,322,32,5,357,1177,18,27.033986058086157,0.5722709465771914,0.8162169251590967,0.6144901271909475,29.036964057013392
133,75.372774127,311,27,0,357,1177,0,25.248816004022956,0.5525539163500071,0.8251739200204611,0.6362302228808403,27.262774063274264
134,75.470246804,312,27,5,362,1197,20,25.89957299642265,1.062859082594514,0.7846779190003872,0.7576891221106052,28.504799120128155
135,75.567758855,317,28,0,362,1204,7,26.413524989038706,0.49072783440351486,0.8147640619426966,0.6164251826703548,28.335442068055272
136,75.665232698,305,32,2,364,1208,4,32.19237900339067,0.6300690583884716,1.3262720312923193,0.6490037776529789,34.79772387072444
137,75.762668166,301,29,3,367,1215,7,30.390667961910367,0.5797338671982288,1.04037718847394,0.7720650173723698,32.782844034954906
138,75.860142593,300,32,2,369,1220,5,25.053721154108644,1.8508729990571737,1.1280099861323833,0.686093932017684,28.718698071315885
139,75.957615561,310,22,0,369,1227,7,26.15786693058908,0.5210249219089746,0.7742189336568117,0.6672083400189877,28.120319126173854
140,76.055089488,308,33,4,373,1240,13,27.410380076617002,0.8277788292616606,1.4153479132801294,0.6509290542453527,30.304435873404145
141,76.152566497,308,23,2,375,1251,11,28.802976943552494,0.5949840415269136,0.8286910597234964,0.6607649847865105,30.887417029589415
142,76.250046549,310,34,2,377,1252,1,30.10426089167595,1.0546029079705477,0.9668988641351461,0.7371003739535809,32.862863037735224
143,76.347509892,310,25,0,377,1253,1,27.44629792869091,0.5099140107631683,6.963799940422177,0.6387562025338411,35.5587680824101
144,76.445005902,310,29,1,378,1260,7,27.096051955595613,0.8576249238103628,1.6808551736176014,0.6410200148820877,30.275552067905664
145,76.542457911,308,29,2,380,1270,10,25.037711020559072,1.0528101120144129,1.1729050893336535,0.6311608012765646,27.894587023183703
146,76.639932421,312,30,0,380,1272,2,34.81717105023563,0.49606803804636,1.0469600092619658,0.8078708779066801,37.168069975450635
147,76.737404973,309,29,1,381,1278,6,40.181386983022094,1.4852897729724646,1.127640949562192,0.6613573059439659,43.455675011500716
148,76.834879733,314,22,3,384,1283,5,26.366386096924543,0.5759082268923521,0.6913538090884686,0.6213327869772911,28.254980919882655
149,76.932352492,304,24,4,388,1292,9,29.6005189884454,0.6324939895421267,0.7500830106437206,0.6538531742990017,31.63694916293025
150,77.029826627,303,31,3,391,1304,12,39.1129890922457,8.907968876883388,1.163095934316516,7.0464652962982655,56.23051919974387
151,77.127301262,300,28,2,393,1312,8,25.32380702905357,0.6634921301156282,0.890607014298439,0.7402128539979458,27.618119027465582
152,77.22477498,300,21,4,397,1323,11,37.49479097314179,0.6664569955319166,0.7547920104116201,0.6479930598288774,39.564033038914204
153,77.322248115,295,23,3,400,1340,17,43.6443779617548,0.6167038809508085,3.8538509979844093,0.7652421481907368,48.88017498888075
154,77.419723125,292,22,0,400,1342,2,39.54243194311857,0.5263150669634342,2.5627349968999624,0.7923122029751539,43.42379420995712
156,77.614670061,295,26,6,406,1351,9,29.757893178611994,0.7523880340158939,0.7920521311461926,1.3478316832333803,32.65016502700746
157,77.712143654,288,21,2,408,1356,5,38.364298176020384,0.5999021232128143,2.5267081800848246,0.7736876141279936,42.264596093446016
158,77.809616997,290,25,2,410,1362,6,33.83866022340953,0.841805012896657,0.7638290990144014,2.673081820830703,38.117376156151295
159,77.907091882,288,24,1,411,1369,7,35.37128702737391,0.5767790134996176,0.7130540907382965,0.6076979916542768,37.2688181232661
160,78.004564225,286,24,3,414,1376,7,23.927133064717054,0.563665060326457,0.7055809255689383,0.6209800485521555,25.817359099164605
161,78.102050443,317,17,6,420,1384,8,32.07568102516234,0.6800219416618347,0.7556339260190725,2.586639951914549,36.097976844757795
162,78.199511495,301,26,1,421,1394,10,29.7040028963238,0.9315330535173416,0.805828021839261,0.7781761232763529,32.219540094956756
163,78.296986171,300,24,2,423,1405,11,33.716140082105994,0.802632188424468,0.753290019929409,4.747011698782444,40.019073989242315
164,78.394512223,297,22,3,426,1414,9,35.68314085714519,0.9224859531968832,0.7980929221957922,3.053354099392891,40.45707383193076
165,78.491933857,295,18,1,427,1415,1,24.468895979225636,0.6259011570364237,0.7155989296734333,0.6278860382735729,26.438282104209065
166,78.58940695,300,18,4,431,1418,3,25.481130927801132,1.34469592012465,0.7867920212447643,0.8324980735778809,28.445116942748427
167,78.686880127,283,20,4,435,1418,0,24.916284019127488,1.7375210300087929,3.093097824603319,0.72440505027771,30.47130792401731
168,78.784355012,292,22,3,438,1423,5,35.393990110605955,0.646169064566493,0.7655220106244087,0.6465297192335129,37.45221090503037
169,78.88182748,297,23,2,440,1437,14,37.328570149838924,0.6066351197659969,5.012530134990811,0.9346276056021452,43.88236301019788
170,78.979302281,285,22,3,443,1449,12,28.818985912948847,0.5697659216821194,0.7087059784680605,0.6184082012623549,30.71586601436138
171,79.076777374,293,20,0,443,1453,4,41.54185322113335,0.7776960264891386,1.3484740629792213,0.7515545003116131,44.419577810913324
172,79.174248843,299,20,2,445,1458,5,29.668386094272137,0.6271130405366421,0.7118219509720802,0.6360809784382582,31.643402064219117
173,79.271722602,291,17,1,446,1466,8,26.01182390935719,0.5773308221250772,0.774820102378726,0.8120590355247259,28.17603386938572
174,79.369197071,294,17,6,452,1479,13,30.39035713300109,0.687094870954752,0.6958718877285719,1.9230889156460762,33.69641280733049
175,79.466670914,286,19,3,455,1482,3,38.009013049304485,0.568414106965065,2.6077800430357456,0.6940090097486973,41.87921620905399
176,79.564147382,286,12,0,455,1487,5,23.401849903166294,1.0315300896763802,0.8770220447331667,0.8350119460374117,26.145413983613253
177,79.661618017,284,16,2,457,1490,3,32.66580402851105,0.5745049566030502,3.8333528209477663,0.7470180280506611,37.820679834112525
178,79.759092151,281,17,0,457,1495,5,25.16690199263394,6.968610221520066,1.7480009701102972,4.605247871950269,38.48876105621457
179,79.856567411,271,16,1,458,1500,5,41.296904906630516,0.7562250830233097,0.7194459903985262,1.3335160911083221,44.106092071160674
180,79.954040088,268,15,2,460,1504,4,33.83873007260263,0.5637139547616243,0.7040968630462885,0.6167851388454437,35.723326029255986
181,80.051513806,268,16,1,461,1505,1,33.01564906723797,0.5833420436829329,0.6955720018595457,0.6269118748605251,34.92147498764098
182,80.148987316,266,12,1,462,1509,4,23.954975185915828,0.5657689180225134,0.6600450724363327,0.6150996778160334,25.795888854190707
183,80.246460409,254,11,0,462,1509,0,30.350761953741312,0.5385580006986856,2.66478699631989,0.7426701486110687,34.296777099370956
185,80.441408512,266,11,1,463,1512,3,30.342017067596316,0.6544250063598156,0.7104789838194847,0.6560978945344687,32.363018952310085
186,80.538882313,270,15,2,465,1521,9,30.122806085273623,0.8145938627421856,0.8178511634469032,0.6851418875157833,32.440392998978496
187,80.636356573,273,16,3,468,1534,13,27.75537595152855,1.2563709169626236,1.2700569350272417,0.6607561372220516,30.942559940740466
188,80.733829749,275,12,4,472,1546,12,27.526387944817543,0.6259209476411343,0.7097979541867971,0.6472612731158733,29.509368119761348
189,80.831306801,279,16,1,473,1548,2,32.20497188158333,0.5766290705651045,0.6874559912830591,0.7324619218707085,34.201518865302205
190,80.928780227,269,13,4,477,1564,16,27.09032199345529,0.7228420581668615,0.7238138932734728,0.8197540882974863,29.35673203319311
191,81.026253445,260,13,1,478,1568,4,26.859459932893515,0.652211019769311,0.6932469550520182,1.4844269026070833,29.689344810321927
192,81.123725288,270,15,2,480,1571,3,40.2376230340451,0.5649467930197716,3.278004005551338,0.7359872106462717,44.81656104326248
193,81.221197423,260,16,5,485,1582,11,25.3760339692235,1.337291905656457,0.8120601996779442,0.9283670224249363,28.453753096982837
194,81.318671766,249,10,0,485,1583,1,35.52400297485292,0.591035932302475,0.7035068701952696,0.6457481067627668,37.46429388411343
195,81.416145568,255,11,1,486,1586,3,30.692202039062977,0.9098129812628031,0.7348149083554745,0.8234502747654915,33.160280203446746
196,81.513620244,268,11,0,486,1586,0,26.390813058242202,0.5037831142544746,21.98407705873251,0.7493318989872932,49.62800513021648
197,81.611082296,271,13,2,488,1589,3,30.802898108959198,0.5855550989508629,0.7029350381344557,0.6308217998594046,32.72221004590392
198,81.708556431,277,11,2,490,1593,4,33.59680692665279,0.7523880340158939,8.312563877552748,0.7458562031388283,43.40761504136026
199,81.806030399,272,16,2,492,1601,8,32.14192413724959,0.778938177973032,0.7511149160563946,1.0109117720276117,34.68288900330663
200,81.903503033,277,11,0,492,1601,0,38.32002496346831,0.5491878837347031,4.54131793230772,0.8423661347478628,44.2528969142586
201,82.00096896,276,12,2,494,1608,7,25.17007803544402,2.0304189529269934,0.8814390748739243,0.6981368642300367,28.780072927474976
202,82.098449386,277,12,1,495,1611,3,37.36555902287364,0.607736874371767,4.1179959662258625,0.7598621305078268,42.851153993979096
203,82.195914188,278,14,1,496,1615,4,28.912581969052553,0.7506641559302807,0.6983170751482248,1.9277469255030155,32.289310125634074
204,82.293399656,277,11,0,496,1617,2,30.56155680678785,0.5225169006735086,0.7387220393866301,0.7292761001735926,32.55207184702158
205,82.390861541,272,12,1,497,1623,6,35.811770940199494,0.5807969719171524,0.7248769979923964,0.6876362022012472,37.80508111231029
206,82.488324926,270,13,0,497,1624,1,29.265832854434848,0.6319920066744089,0.7194760255515575,2.3524619173258543,32.96976280398667
207,82.585842935,268,10,4,501,1628,4,26.19437500834465,0.580185791477561,0.6909728981554508,0.6601752247661352,28.125708922743797
208,82.683273445,253,9,0,501,1630,2,24.846743792295456,0.5111258942633867,1.12957414239645,0.7755612023174763,27.26300503127277
210,82.878265923,254,14,2,503,1643,13,30.19233699887991,0.9187189862132072,0.8556907996535301,0.7025741506367922,32.66932093538344
211,82.975694058,268,16,2,505,1652,9,40.648662019521,0.6071159150451422,4.833084065467119,0.9784309659153223,47.06729296594858
212,83.073167443,265,10,0,505,1653,1,35.83545587025583,0.800668029114604,0.9534349665045738,0.7347241044044495,38.324282970279455
213,83.170640702,262,13,2,507,1661,8,24.677396984770894,0.9620098862797022,1.8681660294532776,0.6835691165179014,28.191142017021775
214,83.268115962,255,11,0,507,1661,0,37.58402820676565,0.9289379231631756,1.6159540973603725,4.411384928971529,44.54030515626073
215,83.365589847,249,18,3,510,1669,8,26.122701121494174,0.560668995603919,0.6940490566194057,0.6020758301019669,27.979495003819466
216,83.46306194,240,16,0,510,1674,5,26.57051896676421,0.48993690870702267,0.7153390906751156,0.766444019973278,28.542238986119628
217,83.560536658,233,17,3,513,1683,9,20.91608801856637,11.012777220457792,3.879921045154333,0.6695527117699385,36.478338995948434
218,83.658010751,242,14,2,515,1689,6,30.48929199576378,0.7665848825126886,0.7547130808234215,2.799927955493331,34.81051791459322
219,83.755491595,238,18,0,515,1692,3,25.925792986527085,0.8514830842614174,0.7371800020337105,0.6924548652023077,28.20691093802452
220,83.852958104,228,15,3,518,1695,3,28.821510961279273,0.9447080083191395,0.7123132236301899,0.6742009427398443,31.152733135968447
221,83.950431114,223,10,1,519,1698,3,24.947260972112417,1.2511308304965496,1.2683330569416285,0.6601361092180014,28.126860968768597
222,84.047904874,236,10,2,521,1703,5,30.330594861879945,1.034206012263894,0.6972351111471653,2.9622120782732964,35.0242480635643
223,84.145379634,242,13,0,521,1706,3,25.072656106203794,1.0889980476349592,0.7507549598813057,0.8043039124459028,27.716713026165962
224,84.242852519,245,11,1,522,1714,8,28.106171870604157,0.8357239421457052,0.7366081699728966,2.0779690239578485,31.756473006680608
225,84.340326653,242,11,2,524,1721,7,29.67057004570961,11.888155015185475,1.198983984068036,0.6779080722481012,43.43561711721122
226,84.43780008,233,14,2,526,1724,3,26.019076816737652,0.6969349924474955,0.7098179776221514,0.89989323168993,28.32572301849723
227,84.535319548,231,16,5,531,1741,17,29.25721602514386,0.6539430469274521,1.2039230205118656,0.9507297072559595,32.06581179983914
228,84.632747058,235,13,2,533,1750,9,25.556923123076558,8.065551985055208,0.9764370042830706,0.7315187249332666,35.3304308373481
230,84.827749286,230,15,2,535,1759,9,29.741922859102488,0.5993610247969627,0.911074923351407,0.8712911512702703,32.12364995852113
231,84.925169462,234,10,2,537,1764,5,26.04331192560494,0.6216231267899275,0.7156489882618189,0.6377538666129112,28.018337907269597
232,85.022642847,237,12,0,537,1767,3,30.1522109657526,0.5014878697693348,11.863549007102847,0.6959540769457817,43.213201919570565
233,85.120116982,232,11,0,537,1767,0,27.818403905257583,0.9456190746277571,1.3714160304516554,0.6096719298511744,30.74511094018817
234,85.217630158,234,15,2,539,1774,7,22.82747603021562,0.7311890367418528,0.6877270061522722,0.6268217694014311,24.873213842511177
235,85.315065168,241,14,2,541,1780,6,25.15932801179588,0.5810169968754053,0.6922248285263777,0.6157231982797384,27.0482930354774
236,85.412538136,244,13,3,544,1793,13,33.81607704795897,0.5967370234429836,4.745771177113056,0.7438906468451023,39.90247589536011
237,85.510010479,236,15,2,546,1799,6,26.164568960666656,1.4312479179352522,1.1937229428440332,0.6757061928510666,29.46524601429701
238,85.607483697,228,11,0,546,1801,2,28.67907495237887,0.6923950277268887,0.7673748768866062,0.7395553402602673,30.87840019725263
239,85.704959874,227,11,2,548,1802,1,35.849392181262374,0.8301741909235716,0.9090609382838011,0.8556104730814695,38.444237783551216
240,85.8024333,222,13,1,549,1808,6,37.880703108385205,0.6503670010715723,0.7286539766937494,0.6857630796730518,39.94548716582358
241,85.89990506,225,13,4,553,1817,9,31.281074043363333,0.588421942666173,0.6992281414568424,0.6544729694724083,33.223197096958756
242,85.997378986,223,12,1,554,1818,1,27.956651989370584,7.494753925129771,0.7492320146411657,0.6345091387629509,36.83514706790447
243,86.09485383,230,16,2,556,1824,6,26.09279495663941,0.8595781400799751,1.823693048208952,0.6031689699739218,29.379235114902258
244,86.192327048,221,15,0,556,1828,4,27.127101086080074,0.5013779737055302,0.7176329381763935,0.6228049751371145,28.968916973099113
245,86.289801183,222,11,0,556,1829,1,19.826249917969108,0.4975409246981144,0.7212390191853046,0.6733289919793606,21.718358853831887
247,86.484747994,241,13,3,559,1838,9,30.111565021798015,1.0217519011348486,0.7323399186134338,1.368932193145156,33.23458903469145
248,86.58222292,243,12,1,560,1843,5,31.53502894565463,7.501245941966772,0.7655930239707232,0.6593940779566765,40.4612619895488
249,86.679737972,242,13,0,560,1845,2,24.83672508969903,0.5349910352379084,0.7306169718503952,0.6637317128479481,26.76606480963528
250,86.777169315,233,10,1,561,1848,3,30.976473120972514,4.810692043974996,0.7767230272293091,7.937672780826688,44.50156097300351
251,86.874684616,233,11,1,562,1850,2,30.822515953332186,1.0450058616697788,1.3620390091091394,0.6136160809546709,33.843176905065775
252,86.972117626,233,11,2,564,1856,6,35.47051292844117,1.0085869580507278,0.9121671319007874,0.7261589635163546,38.11742598190904
253,87.069590386,226,10,1,565,1861,5,30.913705937564373,0.9899118449538946,1.5541680622845888,5.011718021705747,38.4695038665086
254,87.167065229,233,10,0,565,1863,2,30.9397850651294,0.5193820688873529,0.7206080481410027,0.7950977887958288,32.974872970953584
255,87.26453928,233,14,3,568,1881,18,27.79731503687799,0.5869579035788774,1.1705798096954823,2.262274269014597,31.817127019166946
256,87.36201254,211,13,2,570,1883,2,26.713306084275246,0.5788439884781837,0.7002700585871935,0.6507379002869129,28.643158031627536
257,87.459486883,219,12,0,570,1884,1,26.349535211920738,0.6676700431853533,0.6926159840077162,1.4959187246859074,29.205739963799715
258,87.556998852,219,10,0,570,1885,1,32.30775520205498,0.607046065852046,0.7383520714938641,0.6262706592679024,34.27942399866879
259,87.654434486,224,16,0,570,1886,1,32.12078497745097,0.6382341962307692,0.7700000423938036,0.7495137397199869,34.27853295579553
260,87.751908788,215,14,2,572,1888,2,22.455167956650257,0.6345270667225122,6.572389043867588,0.7069630082696676,30.369047075510025
261,87.849381839,206,13,2,574,1894,6,19.560712156817317,0.6756039801985025,0.7454350125044584,0.6706048734486103,21.65235602296889
262,87.946858307,193,13,1,575,1899,5,18.527499167248607,0.6554860156029463,0.7501030340790749,0.6722686812281609,20.60535689815879
263,88.044362484,198,9,2,577,1905,6,24.05595383606851,0.6194699089974165,0.7286928594112396,0.6601354107260704,26.064252015203238
265,88.239277045,192,15,1,578,1911,6,27.654917910695076,0.7956891786307096,0.6998500321060419,2.652683760970831,31.80314088240266
266,88.336752638,188,13,3,581,1919,8,27.800210053101182,0.6764761637896299,0.6719878874719143,2.955368719995022,32.10404282435775
267,88.434223898,188,13,1,582,1922,3,19.108887063339353,0.5800561048090458,0.6844308227300644,0.724022975191474,21.097396966069937
268,88.531697158,188,12,1,583,1923,1,29.400784987956285,0.9376241359859705,0.7396240253001451,0.6267137359827757,31.704746885225177
269,88.629170501,208,11,3,586,1930,7,20.335392095148563,0.7169609889388084,0.6746919825673103,0.7619070820510387,22.48895214870572
270,88.726646177,203,14,1,587,1938,8,26.422773022204638,1.0307389311492443,0.6909531075507402,0.6581610068678856,28.802626067772508
271,88.824123896,209,11,2,589,1939,1,24.732580175623298,1.4299761969596148,1.0047501418739557,0.8094245567917824,27.97673107124865
272,88.921592197,208,11,3,592,1945,6,19.79708392173052,0.7713229861110449,0.9778998792171478,0.8468951564282179,22.39320194348693
273,89.019067373,215,8,1,593,1948,3,30.55715886875987,12.423265958204865,1.0541628580540419,0.802001217380166,44.836588902398944
274,89.116540175,208,12,1,594,1960,12,29.68333405442536,1.2616610620170832,1.2081011664122343,7.354070665314794,39.50716694816947
275,89.214014685,207,10,0,594,1961,1,35.71797604672611,0.739324139431119,0.795057974755764,0.7529479917138815,38.00530615262687
276,89.311487069,208,12,0,594,1962,1,20.074974978342652,1.1418270878493786,1.7131250351667404,0.6612767465412617,23.591203847900033
277,89.408960913,206,14,2,596,1964,2,19.086274784058332,0.5671510007232428,0.6730700843036175,0.6015151739120483,20.92801104299724
278,89.506435214,211,10,1,597,1970,6,22.714954102411866,0.6946099456399679,0.8495498914271593,0.6038299761712551,24.86294391565025
279,89.603908432,218,10,0,597,1975,5,21.473502041772008,0.9612990543246269,1.6493459697812796,0.6338150706142187,24.717962136492133
280,89.701384484,227,9,2,599,1980,5,21.386238047853112,0.5644259508699179,0.6826471071690321,0.611133873462677,23.24444497935474
281,89.798855285,218,9,0,599,1980,0,20.415622042492032,0.5346699617803097,0.7177230436354876,0.6415308453142643,22.309545893222094
282,89.896331003,224,10,1,600,1985,5,21.165284793823957,0.5738339386880398,0.6982560735195875,0.6195392925292253,23.05691409856081
284,90.091277439,220,9,2,602,1993,8,20.3448289539665,0.7262290455400944,1.0348360519856215,0.7744499016553164,22.88034395314753
285,90.188752949,218,9,2,604,2002,9,21.41042402945459,0.6191190332174301,0.7121029775589705,0.8467331063002348,23.588379146531224
286,90.286225959,218,10,2,606,2008,6,20.477858139202,1.608730060979724,0.7624570280313492,0.589883653447032,23.438928881660104
287,90.383698177,231,10,0,606,2008,0,21.40833018347621,0.5330771673470736,0.9132190607488155,0.6491835229098797,23.50380993448198
288,90.481171562,225,10,2,608,2014,6,21.620437037199736,0.5628829821944237,0.6845809984952211,0.6008141208440065,23.468715138733387
289,90.578646197,219,10,3,611,2023,9,20.56768606416881,0.58323098346591,0.7013019639998674,0.6070970557630062,22.459316067397594
290,90.676158082,225,14,0,611,2023,0,21.250915015116334,0.5140518769621849,0.7122529204934835,0.6405990570783615,23.117818869650364
291,90.773592258,227,12,0,611,2024,1,21.335273049771786,0.5391889717429876,0.7698510307818651,0.6501558236777782,23.294468875974417
292,90.871067643,222,10,2,613,2031,7,20.70709690451622,0.8581860456615686,0.6500659510493279,0.9207241237163544,23.13607302494347
293,90.968541653,229,15,4,617,2045,14,21.178629947826266,0.8833021856844425,0.7100589573383331,0.6842599250376225,23.456251015886664
294,91.066013537,233,9,0,617,2050,5,21.103419130668044,0.5047749727964401,1.1496210936456919,0.620740931481123,23.3785561285913
295,91.163488089,227,8,2,619,2052,2,21.33665489964187,0.562561908736825,1.4184140600264072,0.5846652202308178,23.90229608863592
296,91.260970807,231,9,0,619,2052,0,20.707648945972323,0.48310402780771255,0.6623491644859314,0.6323328707367182,22.485435009002686
297,91.358436275,232,10,0,619,2054,2,21.403220016509295,0.5791040603071451,0.7780259475111961,0.6555959116667509,23.415945935994387
298,91.45591141,238,9,1,620,2054,0,21.257366985082626,0.5476139485836029,1.5777419321238995,0.7438831962645054,24.126606062054634
299,91.553383753,243,12,3,623,2066,12,21.08933194540441,0.583321088925004,0.6875658873468637,0.6201621145009995,22.980381036177278
300,91.650856013,238,14,0,623,2069,3,21.287292940542102,0.4833638668060303,0.6944090127944946,0.5995731335133314,23.064638953655958
302,91.845804782,234,11,3,599,2075,6,21.23246085830033,0.560749089345336,0.66396314650774,0.5874380003660917,23.044611094519496
303,91.943277751,235,11,0,599,2075,0,22.035814123228192,0.4914090968668461,0.6718670483678579,0.6738808006048203,23.872971069067717
304,92.040752635,235,10,1,600,2079,4,22.474023047834635,0.650706933811307,0.7324309553951025,0.6311319302767515,24.488292867317796
305,92.138266312,237,12,0,600,2084,5,21.267235977575183,0.4806690849363804,0.6814950611442327,0.5935798399150372,23.022979963570833
306,92.235699988,227,12,2,602,2089,5,21.662263898178935,0.6993988063186407,0.715938862413168,0.6545963697135448,23.73219793662429
307,92.33317504,229,11,1,603,2096,7,21.798941073939204,0.594401964917779,0.6952409166842699,0.6114242132753134,23.700008168816566
308,92.430647133,235,12,0,603,2098,2,22.378304973244667,0.9934389963746071,0.7561750244349241,1.0238450486212969,25.151764042675495
309,92.528120143,231,11,3,606,2106,8,22.200050996616483,1.020178897306323,1.0480820201337337,0.6390050984919071,24.907317012548447
310,92.625600527,225,10,1,607,2110,4,22.098441142588854,0.5907351151108742,0.751415966078639,0.6458887364715338,24.0864809602499
311,92.723068746,232,8,0,607,2110,0,21.164153004065156,0.4988228902220726,0.73791085742414,0.6384754087775946,23.039362160488963
312,92.820541339,230,12,1,608,2113,3,22.045471938326955,0.5738141480833292,0.6913039833307266,0.6226641125977039,23.933254182338715
313,92.91806639,246,11,0,608,2113,0,22.668828954920173,0.5774609744548798,0.7543019019067287,0.6745201535522938,24.675111984834075
314,93.015490567,238,11,3,611,2119,6,21.119378972798586,0.5533751100301743,0.6893100216984749,0.5882009863853455,22.95026509091258
315,93.112963951,241,11,2,613,2126,7,22.758204955607653,0.8427668362855911,0.7043478544801474,0.9287283755838871,25.23404802195728
316,93.210435961,243,11,0,613,2128,2,22.685469826683402,0.5547278560698032,0.8216670248657465,0.8369563147425652,24.898821022361517
317,93.307911846,233,14,1,614,2136,8,23.014764999970794,0.5791741423308849,0.8816099725663662,0.6541640032082796,25.129713118076324
318,93.405384814,234,7,0,614,2137,1,21.837924141436815,0.5299018230289221,0.7210890762507915,0.6366099696606398,23.72552501037717
319,93.502915366,226,11,0,614,2140,3,21.519697969779372,0.616423087194562,0.7065120153129101,0.8103367872536182,23.652969859540462
321,93.697804969,225,9,2,616,2146,6,21.331104915589094,0.5691249389201403,0.6930471863597631,0.63490797765553,23.228185018524528
322,93.795297853,213,14,0,616,2151,5,21.400474943220615,0.5654480773955584,1.5062279999256134,0.6552559789270163,24.127406999468803
323,93.89275328,200,14,4,620,2158,7,19.595546880736947,0.5760781932622194,0.6991180125623941,0.6295477505773306,21.50029083713889
324,93.990236123,201,12,2,622,2163,5,20.274908980354667,0.6156319286674261,0.6962029729038477,0.6229551509022713,22.209699032828212
325,94.087700716,202,12,1,623,2166,3,20.071018021553755,0.5979579873383045,0.7180438842624426,0.6334860809147358,22.020505974069238
326,94.185175726,220,10,1,624,2167,1,20.18801588565111,0.5748861003667116,0.6841199938207865,0.6052630487829447,22.052285028621554
327,94.282648777,233,9,2,626,2175,8,21.706938045099378,0.5897639784961939,0.6826280150562525,0.6876259576529264,23.66695599630475
328,94.380121495,238,8,1,627,2178,3,22.07053918391466,0.6216331385076046,0.722832977771759,0.6582306232303381,24.073235923424363
329,94.477635089,241,6,1,628,2180,2,22.388945100829005,0.5903339479118586,0.6640718784183264,0.6232759915292263,24.266626918688416
330,94.57507014,228,6,0,628,2180,0,22.4639349617064,0.5778309423476458,0.7229829207062721,0.6722381804138422,24.43698700517416
331,94.672543483,231,9,1,629,2185,5,20.220496924594045,0.5633339751511812,0.6755839567631483,0.5975691601634026,22.056984016671777
332,94.770016785,225,8,0,629,2186,1,21.735833026468754,0.5055859219282866,0.7117211353033781,0.6035389378666878,23.556679021567106
333,94.867490336,233,8,0,629,2187,1,21.172889042645693,0.5190011579543352,0.7005510851740837,0.6645936518907547,23.057034937664866
334,94.964963596,225,7,2,631,2193,6,21.044868975877762,0.5824898835271597,0.6761960685253143,0.5992110818624496,22.902766009792686
335,95.062439189,233,8,1,632,2196,3,20.362372044473886,0.8295730222016573,0.9273448958992958,0.8036540821194649,22.922944044694304
337,95.257387375,223,7,4,636,2207,11,20.552298054099083,0.5639859009534121,0.7072740700095892,0.6023149471729994,22.425872972235084
338,95.354860468,219,10,0,636,2216,9,19.853880861774087,0.48982701264321804,0.677257077768445,0.6027671042829752,21.623732056468725
339,95.452333603,220,9,2,638,2220,4,21.031334064900875,0.5661190953105688,0.6799828261137009,0.5989100318402052,22.87634601816535
340,95.549808488,219,7,1,639,2223,3,20.183337852358818,0.5752560682594776,0.6420810241252184,0.582320149987936,21.98299509473145
341,95.647279706,213,12,1,640,2229,6,20.51179180853069,0.7987539283931255,0.6627098191529512,0.5870903842151165,22.56034594029188
342,95.744753466,220,10,1,641,2233,4,20.93917108140886,0.5652280524373055,0.6746719591319561,0.5879208911210299,22.76699198409915
343,95.842227601,216,10,0,641,2234,1,20.534054143354297,0.48717111349105835,0.7163099944591522,0.6126067601144314,22.35014201141894
344,95.93970211,216,6,0,641,2234,0,20.692049991339445,0.5540668498724699,0.7044379599392414,0.8319760672748089,22.782530868425965
345,96.03717712,206,7,1,642,2236,2,21.15059713833034,0.6102919578552246,0.7020030170679092,0.683679711073637,23.14657182432711
346,96.134648505,210,6,2,644,2242,6,19.564869115129113,0.5617809947580099,0.6748528685420752,0.6042821332812309,21.40578511171043
347,96.232122056,211,7,0,644,2242,0,20.62184805981815,0.5296908784657717,0.6857831031084061,0.6609268020838499,22.498248843476176
348,96.329596941,211,6,0,644,2243,1,20.429107127711177,0.5870689637959003,0.7740380242466927,0.7999169174581766,22.590131033211946
349,96.427070201,210,9,1,645,2247,4,21.644381107762456,0.5806260742247105,0.9995901491492987,0.6039307918399572,23.828528122976422
350,96.524543669,205,6,0,645,2247,0,20.45299205929041,1.052879961207509,0.8841450326144695,1.1747879907488823,23.56480504386127
351,96.622057429,197,9,0,645,2247,0,19.64208483695984,0.5726821254938841,0.7423488423228264,0.6664572283625603,21.62357303313911
352,96.719530397,204,8,0,645,2247,0,21.485603880137205,0.49487617798149586,0.6792009808123112,0.6304599810391665,23.29014101997018
353,96.816965157,207,7,1,646,2250,3,19.36371298506856,0.5975679960101843,0.6779888644814491,0.6732211913913488,21.312491036951542
355,97.011913302,212,8,2,648,2257,7,20.177296129986644,0.5776709876954556,0.6910429801791906,0.695250928401947,22.141261026263237
356,97.109387103,214,3,1,649,2258,1,21.178628783673048,0.633876072242856,0.6485539488494396,0.678210286423564,23.139269091188908
357,97.206861238,216,5,1,650,2262,4,21.501112962141633,0.5699570756405592,0.6698840297758579,0.6070248782634735,23.347978945821524
358,97.304335081,221,7,0,650,2262,0,21.52266399934888,0.9122381452471018,0.983930891379714,0.6152899004518986,24.034122936427593
359,97.401845924,226,8,2,652,2267,5,21.678465185686946,0.5734029691666365,0.663671875372529,0.5894419737160206,23.504982003942132
360,97.499283392,229,4,0,652,2267,0,21.230607060715556,0.540080014616251,0.6869148928672075,0.6931181997060776,23.150720167905092
361,97.596756902,229,8,1,653,2277,10,22.8994800709188,0.6181469652801752,0.7288029883056879,0.7776150014251471,25.02404502592981
362,97.694228787,226,7,0,653,2278,1,21.40483306720853,0.4813408013433218,0.6854420062154531,0.6201011128723621,23.191716987639666
363,97.791744172,227,9,0,653,2279,1,25.64926608465612,0.4962780512869358,0.6867849733680487,0.6501968018710613,27.482525911182165
364,97.889177265,223,6,0,653,2280,1,21.196433110162616,1.418965868651867,1.7668858636170626,0.6562871858477592,25.038572028279305
365,97.986689024,220,7,2,655,2285,5,22.142563946545124,0.6681899540126324,0.6635012105107307,0.7600928656756878,24.234347976744175
366,98.084123868,222,6,2,657,2290,5,21.432294975966215,0.5805769469588995,0.6731199100613594,0.7357050199061632,23.421696852892637
367,98.181639919,207,8,1,658,2293,3,19.41606099717319,0.5832109600305557,0.6896809209138155,0.6006951443850994,21.28964802250266
368,98.279072179,209,10,0,658,2295,2,20.7885701674968,0.49427500925958157,0.6874462123960257,0.6166636012494564,22.586954990401864
369,98.376544272,228,8,1,659,2301,6,22.701909998431802,0.9145520161837339,0.6985368672758341,0.6461979355663061,24.961196817457676
370,98.474019907,226,8,1,660,2305,4,21.074254997074604,0.5835418123751879,0.6650639697909355,0.6007731426507235,22.92363392189145
372,98.668967135,221,11,3,663,2314,9,20.89771395549178,1.3488938566297293,0.9403100702911615,0.6094200070947409,23.796337889507413
373,98.766442644,208,11,0,663,2317,3,21.213524974882603,0.5246419459581375,0.7503950037062168,0.6648330017924309,23.153394926339388
374,98.863914988,204,11,1,664,2321,4,20.86853003129363,0.6217029877007008,0.7537000346928835,0.6156719755381346,22.85960502922535
375,98.961387206,205,11,1,665,2324,3,20.30396298505366,0.7685089949518442,0.9176479652523994,0.7447218522429466,22.73484179750085
376,99.058861507,212,12,2,667,2329,5,20.114900078624487,0.6023370660841465,0.7397148292511702,0.6297368090599775,22.08668878301978
377,99.1563361,203,11,1,668,2333,4,19.7408189997077,0.569045078009367,0.6873270031064749,0.6228950805962086,21.62008616141975
378,99.253808318,208,14,0,668,2337,4,20.751119824126363,0.49639795906841755,0.6975149735808372,0.6269542500376701,22.571987006813288
379,99.35128362,195,11,1,669,2338,1,19.247215939685702,0.9672800078988075,0.7024938240647316,0.9528333321213722,21.869823103770614
380,99.44875738,181,12,3,672,2344,6,19.05381283722818,0.7188848685473204,0.7987539283931255,0.6246312987059355,21.19608293287456
381,99.546233098,190,12,0,672,2345,1,20.146899856626987,0.4883040674030781,0.6777278613299131,0.602837186306715,21.915768971666694
382,99.643705524,203,9,3,675,2350,5,20.37542685866356,1.369111007079482,1.117620849981904,0.601006206125021,23.463164921849966
383,99.741178701,216,11,1,676,2354,4,21.086387103423476,0.5957239773124456,1.4429399743676186,0.6773779168725014,23.802428971976042
384,99.838651294,213,10,1,677,2357,3,20.442523062229156,0.5961859133094549,0.7148869335651398,0.6419410929083824,22.395537002012134
386,100.033598813,216,8,1,678,2362,5,21.302491892129183,0.5970271304249763,0.6989580579102039,0.6406789179891348,23.239155998453498
387,100.13107349,215,10,1,679,2364,2,21.630825009196997,0.6246890407055616,0.7136850617825985,0.6192799191921949,23.58847903087735
388,100.228547333,221,13,2,681,2372,8,20.897804060950875,0.5788130220025778,0.6923850160092115,0.6535840220749378,22.822586121037602
389,100.32602076,213,12,2,683,2383,11,21.2501329369843,0.5861271638423204,0.6899109575897455,0.6190589629113674,23.145230021327734
390,100.423496269,210,14,2,685,2392,9,22.658799774944782,0.7652118802070618,0.7422890048474073,0.6964532658457756,24.862753925845027
391,100.52096748700001,207,13,0,685,2392,0,20.868489984422922,0.5668611265718937,0.927504850551486,0.891116913408041,23.253972874954343
392,100.618448664,206,12,2,687,2395,3,20.569198997691274,0.5820789374411106,0.6940881721675396,0.8658408187329769,22.7112069260329
393,100.71595159,199,15,1,688,2396,1,21.52599999681115,0.7341229356825352,0.819643959403038,0.7686389144510031,23.848405806347728
394,100.813388183,198,17,5,693,2408,12,20.95191483385861,0.6497360300272703,0.7641490083187819,0.6837700493633747,23.049569921568036
395,100.910866568,199,13,2,695,2414,6,21.60118008032441,1.5659499913454056,0.9052138775587082,0.6755150388926268,24.747858988121152
396,101.008336703,202,17,5,700,2435,21,22.34917995519936,1.123080961406231,1.1523659341037273,0.7003322243690491,25.324959075078368
397,101.105829796,204,13,0,700,2435,0,21.757922833785415,0.8760588243603706,0.9262631647288799,0.6176773458719254,24.17792216874659
398,101.203284973,192,24,6,706,2456,21,22.211531875655055,0.6046409253031015,0.778096029534936,0.8362149819731712,24.430483812466264
399,101.300758774,185,17,1,707,2466,10,20.32395009882748,0.7723558228462934,0.9004350285977125,0.7553030736744404,22.752044023945928
400,101.398231367,179,18,3,710,2474,8,22.86511496640742,0.580937135964632,0.7282029837369919,0.6374618969857693,24.81171698309481
401,101.495705627,172,20,6,716,2483,9,19.54539306461811,0.6391359493136406,0.7811719551682472,0.6914138793945312,21.65711484849453
403,101.690658022,178,22,6,722,2502,19,20.546245854347944,0.6344870198518038,0.789758050814271,0.6674991454929113,22.63799007050693
404,101.788128073,183,24,7,729,2528,26,20.68057795986533,0.5806069821119308,0.7482408545911312,0.6589211989194155,22.66834699548781
405,101.885600416,167,24,3,732,2538,10,20.08191798813641,0.5757580511271954,0.7562949322164059,0.6312911864370108,22.045262157917023
406,101.983075301,160,22,4,736,2549,11,21.34898887015879,0.6853330414742231,0.8692769333720207,0.7369671948254108,23.640566039830446
407,102.080550519,154,19,0,736,2557,8,20.00555396080017,0.5951530765742064,0.8490479085594416,0.6821879651397467,22.131942911073565
408,102.178021446,169,20,5,741,2570,13,19.3131600972265,0.7306868210434914,1.5229699201881886,0.6500952877104282,22.21691212616861
409,102.275495039,180,21,7,748,2600,30,20.24707617238164,0.8322170469909906,0.878192950040102,0.8362557273358107,22.793741896748543
410,102.373013674,204,31,2,750,2618,18,21.068262867629528,0.7280819118022919,0.922817038372159,0.7300360593944788,23.449197877198458
411,102.470453975,200,27,5,755,2630,12,22.2371609415859,0.8217678405344486,1.4897980727255344,0.799685250967741,25.348412105813622
412,102.56792811,216,26,4,759,2642,12,19.672762136906385,0.5818489007651806,0.7943960372358561,0.6250799633562565,21.67408703826368
413,102.66541312,226,27,5,764,2651,9,21.723569137975574,0.5747249815613031,0.7892160210758448,0.6415017414838076,23.72901188209653
414,102.762885671,235,30,2,766,2667,16,23.148084990680218,0.6153311114758253,0.8882519323378801,0.662319827824831,25.313987862318754
415,102.860359347,259,33,9,775,2693,26,23.246948840096593,3.5162100102752447,0.9296799544245005,1.0544531978666782,28.747292002663016
417,103.055357992,296,27,8,783,2717,24,26.884175837039948,0.6642129737883806,0.8628040086477995,0.7299261633306742,29.141118982806802
418,103.152801794,347,31,6,789,2732,15,28.18514104001224,0.6435951218008995,0.837947940453887,0.673017930239439,30.339702032506466
419,103.250263387,337,34,5,794,2750,18,27.852699160575867,0.8891141042113304,0.8792749140411615,0.6950199604034424,30.3161081392318
420,103.347780021,332,28,1,795,2755,5,27.48042205348611,0.6734200287610292,0.8294018916785717,0.910573173314333,29.893817147240043
421,103.445211198,337,35,4,799,2770,15,28.227379079908133,0.6617079488933086,0.9124570060521364,0.6834899540990591,30.485033988952637
422,103.542684583,335,34,7,806,2781,11,26.437269989401102,0.6002031732350588,1.059381989762187,0.6422619335353374,28.739117085933685
423,103.640159801,333,35,5,811,2792,11,25.7259679492563,1.2769291643053293,1.048241974785924,0.6054837722331285,28.656622860580683
424,103.737632602,335,32,4,815,2801,9,26.420437963679433,0.5639349110424519,0.7879249751567841,0.7264700252562761,28.498767875134945
425,103.835124904,325,32,7,822,2812,11,26.61660499870777,0.5780721548944712,0.8023709524422884,0.5976888351142406,28.59473694115877
426,103.93262433,330,29,8,830,2836,24,27.387638110667467,0.6025671027600765,0.8499398827552795,0.7848998066037893,29.625044902786613
427,104.030054507,335,34,7,837,2867,31,27.437140932306647,0.5580841097980738,0.816507963463664,0.6236969493329525,29.435429954901338
428,104.12752785,323,28,2,839,2875,8,26.578814955428243,0.5798749625682831,1.2791729532182217,0.6402181461453438,29.07808101736009
430,104.322475369,332,33,6,845,2892,17,26.994582964107394,0.5672408733516932,1.3891090638935566,0.6063750479370356,29.55730794928968
431,104.419948921,331,29,2,847,2908,16,26.020999997854233,1.6402988694608212,1.0192368645220995,0.6304613780230284,29.310997109860182
432,104.517422764,327,29,5,852,2918,10,26.477405102923512,0.6274539045989513,0.8551699575036764,0.6568499375134706,28.61687890253961
433,104.614896482,328,36,8,860,2932,14,27.0076768938452,0.5905150901526213,0.8129109628498554,0.6331950426101685,29.044297989457846
434,104.71236995,325,32,7,867,2960,28,27.584627037867904,0.8852870669215918,1.4188350178301334,0.6790498737245798,30.56779899634421
435,104.809844793,328,28,0,867,2963,3,26.573785115033388,0.5634250119328499,0.8299730252474546,0.6681699305772781,28.63535308279097
436,104.907318303,324,31,1,868,2967,4,29.052374185994267,0.6737508811056614,0.8731340058147907,0.7254360243678093,31.32469509728253
437,105.004792105,330,31,4,872,2980,13,26.457116939127445,1.1102671269327402,2.2339101415127516,0.6274646148085594,30.428758822381496
438,105.102309781,329,33,5,877,2991,11,26.365285040810704,0.6321431137621403,0.7939350325614214,0.6693629547953606,28.460726141929626
439,105.199778874,333,30,2,879,2997,6,27.002346934750676,0.6844908930361271,0.8743861690163612,0.7073241285979748,29.26854812540114
440,105.297213551,326,24,4,883,3007,10,29.220096999779344,0.6582608912140131,0.8145640604197979,0.7324819453060627,31.425403896719217
441,105.394687352,321,32,1,884,3014,7,26.76829881966114,0.6535430438816547,1.1482478585094213,0.6741632241755724,29.24425294622779
442,105.49216032,326,23,2,886,3018,4,26.97564708068967,0.7000500336289406,0.8208248764276505,0.781412934884429,29.27793492563069
444,105.68710959,329,27,8,894,3036,18,27.065996080636978,0.5718299653381109,0.7837559096515179,0.6185988895595074,29.040180845186114
445,105.784582433,325,29,8,902,3053,17,26.79378679022193,0.5638150032609701,1.1064098216593266,0.6227863486856222,29.08679796382785
446,105.882055318,329,34,3,905,3071,18,25.27741901576519,0.555689912289381,0.8086629677563906,0.5816491320729256,27.223421027883887
447,105.979580536,337,33,2,907,3089,18,26.80411608889699,0.5760481581091881,0.8238411974161863,0.6258315406739712,28.829836985096335
448,106.077003837,330,27,4,911,3094,5,25.636852020397782,0.584965106099844,0.7735379040241241,0.6148198153823614,27.610174845904112
449,106.174476639,338,32,3,914,3108,14,26.75819001160562,1.0552748572081327,1.406380906701088,0.7684682495892048,29.988314025104046
450,106.27195019,327,29,4,918,3120,12,26.493024080991745,0.7492431905120611,1.0066241957247257,0.7308053318411112,28.979696799069643
451,106.369425492,331,26,1,919,3126,6,26.044343831017613,0.6292969919741154,0.8041651453822851,0.7303068414330482,28.208112809807062
453,106.56437147,322,29,9,928,3149,23,27.315202867612243,0.5857660435140133,0.7905289530754089,0.6128062959760427,29.304304160177708
454,106.661845771,313,29,3,931,3167,18,26.262643979862332,0.587499001994729,0.8307651150971651,0.6587118841707706,28.339619981124997
455,106.759319739,317,31,4,935,3191,24,24.804624961689115,1.4602721203118563,0.8953849319368601,0.6195900496095419,27.779872063547373
456,106.856792832,312,24,3,938,3195,4,26.33091015741229,0.881739892065525,1.3526210095733404,0.7819239981472492,29.347195057198405
457,106.954266675,310,26,5,943,3209,14,25.950209004804492,0.5803960375487804,0.779768917709589,0.6216431502252817,27.932017110288143
458,107.05174081,306,25,5,948,3228,19,26.13633591681719,1.805678941309452,0.7841067854315042,0.9842934086918831,29.710415052250028
459,107.149222403,319,32,7,955,3245,17,25.41584800928831,0.5803359672427177,0.8302638307213783,0.6104621570557356,27.436909964308143
460,107.246688997,322,25,3,958,3256,11,25.784727884456515,0.592018011957407,1.2541159521788359,0.6773581262677908,28.30821997486055
461,107.344200548,314,30,2,960,3263,7,25.951700983569026,0.6108330562710762,0.8399421349167824,1.0393238626420498,28.441800037398934
462,107.441636266,341,29,2,962,3267,4,27.01019193045795,0.5908259190618992,0.7926328107714653,0.6344274152070284,29.028078075498343
464,107.636583952,325,27,7,969,3283,16,26.524693937972188,0.630649970844388,1.2123491615056992,0.6958609446883202,29.063554015010595
465,107.734061504,326,30,4,973,3302,19,26.574996998533607,0.5716399755328894,0.8093151263892651,0.6412488874047995,28.59720098786056
466,107.831530097,325,26,5,978,3315,13,25.96005704253912,0.5645561031997204,0.7780760060995817,0.6361198611557484,27.93880901299417
467,107.929004398,326,33,1,979,3320,5,25.641911895945668,0.5954541265964508,0.8387789130210876,0.6473211105912924,27.7234660461545
468,108.026478242,317,25,1,980,3323,3,25.721691083163023,0.5891930777579546,0.702825142070651,0.6294467020779848,27.643156005069613
469,108.123952543,318,29,4,984,3336,13,27.12083887308836,0.6380139384418726,0.8248940575867891,0.6592932622879744,29.243040131404996
470,108.221425636,314,33,4,988,3348,12,25.768738938495517,0.6279549561440945,0.8264658972620964,0.7626372389495373,27.985797030851245
471,108.318899354,321,28,5,993,3362,14,25.105478009209037,0.6015358958393335,0.838038045912981,0.6743511185050011,27.219403069466352
472,108.416373406,328,29,2,995,3373,11,26.268274057656527,0.5660699680447578,0.8051369804888964,0.620570033788681,28.260051039978862
474,108.611320217,334,35,8,1003,3402,29,26.3565790373832,0.6169239059090614,0.8493990171700716,0.8631660602986813,28.686068020761013
475,108.708793518,338,27,5,1008,3416,14,27.22932188771665,0.6972248665988445,0.82413200289011,0.6669072899967432,29.41758604720235
476,108.806268778,330,33,1,1009,3422,6,26.380354072898626,0.6348479073494673,0.8660799358040094,0.680974218994379,28.562256135046482
477,108.903779788,322,33,4,1013,3434,12,26.528891874477267,0.5991421639919281,0.8021609392017126,0.6320809479802847,28.562275925651193
478,109.001215131,325,35,3,1016,3446,12,26.5771618578583,0.5988511256873608,0.8340110071003437,0.6345270667225122,28.644551057368517
479,109.098734891,336,40,5,1021,3466,20,26.395111111924052,1.3426528312265873,1.0705441236495972,0.8868479635566473,29.695156030356884
480,109.196163484,324,33,3,1024,3474,8,25.497701950371265,0.5701768677681684,0.8149249479174614,0.6339852698147297,27.516789035871625
481,109.293636494,325,25,4,1028,3481,7,27.246282901614904,0.6449869833886623,0.754642067477107,0.7889769040048122,29.434888856485486
483,109.48858568,334,33,8,1036,3502,21,26.03315399028361,0.7840970065444708,0.8598689455538988,0.9541360195726156,28.631255961954594
484,109.586058023,335,28,5,1041,3526,24,28.253909200429916,0.7184441201388836,1.1168599594384432,0.8773817680776119,30.966595048084855
485,109.68353195,334,30,1,1042,3534,8,27.527519967406988,0.6139590404927731,0.8307050447911024,0.6490838713943958,29.62126792408526
486,109.781006335,329,31,4,1046,3545,11,25.610052049160004,0.5962459836155176,0.7929741404950619,0.600392697378993,27.599664870649576
487,109.878479136,329,30,3,1049,3555,10,25.145872961729765,0.5737030878663063,0.7710519712418318,0.6334469653666019,27.124074986204505
488,109.975953854,333,37,5,1054,3574,19,27.27528801187873,0.6218040362000465,0.8551399223506451,0.7049590349197388,29.45719100534916
489,110.073427864,333,32,1,1055,3586,12,26.9489879719913,0.568414106965065,0.8101360872387886,0.621831975877285,28.94937014207244
491,110.268375133,331,35,7,1062,3594,8,28.19116204045713,0.5799450445920229,1.0176640935242176,0.6205807439982891,30.40935192257166
492,110.365848102,326,31,4,1066,3604,10,25.62779514119029,0.5753969307988882,1.8103581387549639,0.6186258979141712,28.632176108658314
493,110.463322111,329,34,1,1067,3611,7,26.351979933679104,0.6206720136106014,1.2686240952461958,0.6852108053863049,28.926486847922206
494,110.560806121,326,29,4,1071,3621,10,26.500238105654716,0.5855259951204062,0.7824839558452368,0.6198899354785681,28.488137992098927
495,110.658269964,333,29,2,1073,3635,14,28.14235002733767,0.7341038435697556,1.0383529588580132,1.1220292653888464,31.036836095154285
496,110.755743474,332,26,4,1077,3641,6,27.11968612857163,0.5807969719171524,0.8148648776113987,0.6377240642905235,29.153072042390704
497,110.853217026,347,32,2,1079,3654,13,28.925434919074178,0.8045148570090532,1.7219719011336565,0.6757152732461691,32.12763695046306
498,110.950692202,342,27,3,1082,3660,6,28.147861128672957,0.9099931921809912,0.9817869868129492,0.973390880972147,31.013032188639045
500,111.145639597,330,28,7,1089,3680,20,26.345929130911827,0.5710790865123272,0.7764429319649935,0.6315908394753933,28.32504198886454
501,111.243113606,332,26,3,1092,3693,13,27.55014202557504,0.7284830790013075,1.045075012370944,0.8300638291984797,30.153763946145773
502,111.340586575,331,31,2,1094,3711,18,27.056970167905092,0.7770140655338764,0.8458730299025774,0.684018712490797,29.363875975832343
503,111.438059418,327,34,5,1099,3717,6,30.526802176609635,0.6973149720579386,0.9870370849967003,0.802160706371069,33.01331494003534
504,111.535533052,318,23,1,1100,3720,3,26.711853919550776,0.6759150419384241,0.7127639837563038,0.747778220102191,28.848311165347695
506,111.730481155,313,26,6,1106,3741,21,25.481380987912416,0.5942720454186201,1.2420942075550556,0.6319626700133085,27.9497099108994
507,111.827954749,319,27,4,1110,3754,13,25.553515879437327,0.5676220171153545,0.7694698870182037,0.6137881428003311,27.504395926371217
508,111.925429425,324,20,0,1110,3755,1,26.190808974206448,0.9053540416061878,0.7591210305690765,0.62963692471385,28.484920971095562
509,112.022901518,322,20,3,1113,3764,9,28.173008002340794,0.5773499142378569,0.7538800127804279,0.6163239013403654,30.120561830699444
510,112.120375403,322,25,5,1118,3774,10,25.97118797712028,0.9981479961425066,0.7968810386955738,1.1048770975321531,28.871094109490514
511,112.217890746,322,30,5,1123,3791,17,26.336059905588627,0.5805259570479393,0.7877640891820192,0.6222249940037727,28.326574945822358
513,112.412797599,332,28,8,1131,3808,17,27.127590961754322,0.5812379531562328,0.775451073423028,0.6219740025699139,29.106253990903497
514,112.51030965,338,27,2,1133,3817,9,26.122530922293663,0.6638318300247192,0.8418350480496883,0.6466701161116362,28.274867916479707
515,112.607743869,314,24,3,1136,3827,10,25.55757388472557,0.6487839855253696,0.7323299068957567,0.6224452517926693,27.561133028939366
516,112.705238337,321,26,4,1140,3836,9,25.813743006438017,0.6897998973727226,0.856833066791296,0.6636830512434244,28.02405902184546
517,112.802692513,326,28,1,1141,3843,7,25.893131969496608,0.6108230445533991,0.7805200293660164,0.6265819538384676,27.91105699725449
518,112.900166065,320,28,5,1146,3854,11,27.80050109140575,1.0358488652855158,1.0954400058835745,0.7547109853476286,30.686500947922468
519,112.997639866,322,30,2,1148,3858,4,25.73319198563695,0.6061941385269165,0.8088231552392244,0.6413108203560114,27.789520099759102
522,113.290062854,321,25,7,1155,3879,21,26.12805087119341,0.7388128433376551,0.7690989878028631,0.6705652922391891,28.306527994573116
523,113.387580197,311,27,4,1159,3894,15,25.88155004195869,0.5933600477874279,0.7910509593784809,0.6257509812712669,27.891712030395865
524,113.485009873,320,25,4,1163,3908,14,26.610914850607514,0.5835019983351231,0.806859927251935,0.8080811239778996,28.809357900172472
525,113.582485425,316,22,4,1167,3916,8,27.2688758559525,1.2940720189362764,1.111058983951807,0.8338391780853271,30.507846036925912
526,113.679956893,320,22,2,1169,3920,4,25.23460891097784,1.414878061041236,0.8786742109805346,0.6186978425830603,28.14685902558267
527,113.777431028,313,29,4,1173,3928,8,25.075801881030202,0.6010548677295446,0.785409938544035,0.6608765106648207,27.123143197968602
529,113.972418464,316,27,5,1178,3942,14,25.437910109758377,0.587038928642869,1.4570059720426798,0.6204398814588785,28.102394891902804
530,114.069851432,304,30,4,1182,3956,14,25.820545852184296,0.6324639543890953,0.9285968262702227,0.7147574797272682,28.096364112570882
531,114.16732373400001,309,33,7,1189,3979,23,24.40271293744445,0.5866268184036016,0.8360538631677628,0.6142205093055964,26.43961412832141
532,114.264799035,300,24,2,1191,3983,4,24.62286502122879,1.0681890416890383,0.9467508643865585,0.8065090514719486,27.444313978776336
533,114.36227267,307,24,0,1191,3983,0,25.83367982879281,0.6283959373831749,0.7689890917390585,0.8710601832717657,28.10212504118681
534,114.459745055,304,27,3,1194,3989,6,25.610072072595358,0.5875900387763977,0.7890770211815834,0.6191467400640249,27.605885872617364
535,114.557220648,299,31,5,1199,3998,9,24.97708797454834,0.6898208521306515,0.8938719984143972,0.609060050919652,27.16984087601304
537,114.752168167,295,24,6,1205,4018,20,23.969121975824237,0.5787629634141922,0.729335006326437,0.6104109343141317,25.887630879878998
538,114.849640969,295,28,6,1211,4035,17,23.873752914369106,0.6134579889476299,0.8185410406440496,0.6277349311858416,25.933486875146627
539,114.947115562,318,25,3,1214,4042,7,25.707283057272434,0.5689850077033043,0.7263189181685448,0.6139089819043875,27.61649596504867
540,115.044588238,305,31,5,1219,4060,18,28.959959978237748,0.5936101078987122,0.7969208527356386,0.7299070712178946,31.080398010089993
541,115.142063831,307,34,4,1223,4074,14,27.06699795089662,0.5956839304417372,0.8082720451056957,0.6473921239376068,29.11834605038166
542,115.23953705,315,36,4,1227,4081,7,25.573131861165166,0.57071796618402,0.8211960084736347,0.6225262768566608,27.58757211267948
544,115.434483403,307,40,10,1237,4115,34,25.567912962287664,0.5757571198046207,0.8219180162996054,0.6099618040025234,27.575549902394414
545,115.531957787,297,36,5,1242,4130,15,25.59176809154451,0.6554869469255209,0.8227389771491289,0.6819060072302818,27.75190002284944
546,115.629432755,312,34,5,1247,4144,14,26.275245938450098,0.6046509370207787,0.8327881805598736,0.6117960438132286,28.32448109984398
547,115.726905515,310,36,4,1251,4167,23,26.088928105309606,0.7152389734983444,0.8965979795902967,0.7059699855744839,28.40673504397273
548,115.824378775,306,40,6,1257,4177,10,25.74938186444342,0.5735030863434076,0.8669418748468161,0.8757503237575293,28.065577149391174
549,115.92185291,316,40,8,1265,4191,14,25.864166906103492,0.5882009863853455,0.9042620658874512,0.6311610341072083,27.987790992483497
550,116.019366378,314,37,3,1268,4210,19,26.17736393585801,0.596506055444479,0.8163468446582556,0.6159020122140646,28.20611884817481
551,116.116801138,318,33,2,1270,4220,10,26.672600070014596,0.6284760311245918,0.8545790333300829,0.671696849167347,28.827351983636618
553,116.311748241,328,37,7,1277,4236,16,25.270397076383233,0.5677819717675447,0.7982628885656595,0.6702749524265528,27.30671688914299
554,116.4092225,325,35,6,1283,4261,25,25.779709918424487,0.5877299699932337,0.8047451265156269,0.6105019710958004,27.782686986029148
555,116.506695094,321,37,4,1287,4274,13,25.0545518938452,0.5571830552071333,0.8304950315505266,0.6361401174217463,27.078370098024607
556,116.604169645,322,42,6,1293,4286,12,29.219986870884895,0.910723814740777,1.0166019201278687,1.275347312912345,32.422659918665886
557,116.701643988,325,37,4,1297,4304,18,26.84815786778927,1.1087451130151749,3.375767031684518,0.6386949680745602,31.97136498056352
558,116.799116165,328,33,7,1304,4313,9,25.988348992541432,0.5715298466384411,0.8514230139553547,0.6373932119458914,28.04869506508112
560,116.994107601,326,42,6,1310,4330,17,25.995984207838774,0.5854859482496977,0.8556509856134653,0.6395967211574316,28.07671786285937
561,117.091578819,329,33,4,1314,4343,13,25.992466835305095,1.2025400064885616,1.1817419435828924,0.6197793409228325,28.99652812629938
562,117.189011245,326,35,4,1318,4346,3,27.90896315127611,0.8925001602619886,0.8135021198540926,0.6403387524187565,30.25530418381095
563,117.286484839,334,32,5,1323,4363,17,27.13016699999571,0.574484933167696,0.808072043582797,0.6566478405147791,29.16937181726098
565,117.481432358,336,36,7,1330,4381,18,26.78047097288072,0.5607800558209419,0.8279799949377775,0.6119939498603344,28.781224973499775
566,117.578906326,332,32,1,1331,4394,13,26.55649301595986,0.6063350010663271,0.7850290276110172,0.6296769715845585,28.57753401622176
567,117.676383378,330,29,3,1334,4399,5,26.14179695956409,0.6446458864957094,0.8596691768616438,0.6740409880876541,28.320153011009097
568,117.773853471,326,31,4,1338,4410,11,27.20394521020353,0.5761778447777033,0.8040149696171284,0.6050609517842531,29.189198976382613
569,117.871364397,327,30,2,1340,4417,7,25.919020175933838,0.561930937692523,0.7789670489728451,0.6556878797709942,27.9156060423702
570,117.968802074,326,32,2,1342,4430,13,26.18719101883471,0.5917579401284456,0.8154460228979588,0.6319419480860233,28.226336929947138
571,118.066275334,334,26,1,1343,4436,6,27.487124083563685,0.8592780213803053,0.833671074360609,0.6739199161529541,29.853993095457554
574,118.358696363,335,28,2,1345,4451,15,27.972651878371835,0.5676320288330317,0.8119191043078899,0.6196210160851479,29.971824027597904
575,118.456213289,336,30,3,1348,4460,9,26.116769993677735,0.6531521212309599,0.8891439065337181,0.6562881171703339,28.315354138612747
576,118.553644633,333,25,0,1348,4461,1,27.789550134912133,0.5396190099418163,0.7643699645996094,0.6382148712873459,29.731753980740905
577,118.651117934,338,29,6,1354,4467,6,26.068730978295207,0.5854049231857061,0.7926030084490776,0.9068259969353676,28.35356490686536
578,118.748591819,324,28,0,1354,4467,0,26.409758953377604,0.581767875701189,0.8625939954072237,0.6759550888091326,28.53007591329515
579,118.846065079,323,29,2,1356,4470,3,26.830666000023484,1.0128149297088385,0.9638839401304722,0.6429629866033792,29.450327856466174
581,119.041014098,330,21,1,1357,4476,6,26.656579924747348,0.7039380725473166,0.9386560413986444,0.7851289119571447,29.084302950650454
582,119.138486983,336,29,5,1362,4492,16,25.76272701844573,0.5744649097323418,0.785099109634757,0.623827800154686,27.746118837967515
583,119.23596061800001,328,28,3,1365,4503,11,26.881972094997764,0.5866980645805597,0.7833850104361773,0.6459888536483049,28.898044023662806
584,119.333435336,323,26,1,1366,4503,0,27.228229911997914,0.5905348807573318,0.7826539222151041,0.6413902156054974,29.242808930575848
585,119.430908012,324,30,0,1366,4510,7,25.461764074862003,0.48822397366166115,0.7757418788969517,0.5890720058232546,27.31480193324387
587,119.625875574,322,27,6,1372,4521,11,25.856583146378398,0.6829281337559223,0.8542791474610567,0.6620786152780056,28.055869042873383
588,119.723329042,315,26,5,1377,4533,12,26.470100972801447,0.723112840205431,0.9001740254461765,0.7347450591623783,28.828132897615433
589,119.820802302,313,26,1,1378,4537,4,25.27614706195891,1.2558300513774157,0.8267869707196951,0.6249689031392336,27.983732987195253
590,119.918284395,317,29,4,1382,4554,17,26.209834031760693,0.5622720345854759,0.779538881033659,0.5968671757727861,28.148512123152614
591,120.015751655,314,21,1,1383,4560,6,25.541002862155437,0.590805895626545,0.7298961281776428,0.6508671212941408,27.512572007253766
592,120.113224248,308,25,1,1384,4567,7,24.94797296822071,0.6065350025892258,0.7062919903546572,0.6441150326281786,26.904914993792772
593,120.210697466,312,21,4,1388,4580,13,25.413563940674067,1.362981041893363,1.0374619159847498,0.6158219184726477,28.429828817024827
594,120.308219809,311,24,3,1391,4586,6,26.3151410035789,0.7426789961755276,0.7961899973452091,0.6975359283387661,28.551545925438404
595,120.405646194,305,24,1,1392,4592,6,27.42715203203261,0.7752107921987772,0.9541758336126804,0.896938145160675,30.05347680300474
596,120.50311937,309,20,3,1395,4598,6,26.271500159054995,0.5972080398350954,0.7378410082310438,0.7588579319417477,28.36540713906288
597,120.600592755,314,24,3,1398,4608,10,25.722102029249072,0.583491986617446,0.7408871315419674,0.6441238801926374,27.690605027601123
598,120.698066556,312,19,3,1401,4615,7,26.298359967768192,0.6979960016906261,1.0722170118242502,0.6400460842996836,28.708619065582752
600,120.893052993,312,26,8,1409,4637,22,24.60874803364277,0.5840430967509747,0.7965101394802332,0.6291377358138561,26.618439005687833
601,120.990487794,316,26,2,1359,4647,10,27.40872697904706,0.583091052249074,0.782995019108057,0.6444070022553205,29.41922005265951
602,121.087961637,319,27,4,1363,4661,14,27.184207923710346,0.5813981406390667,0.8107770700007677,0.870447838678956,29.446830973029137
603,121.185436314,320,18,3,1366,4667,6,25.729925837367773,0.5760679487138987,0.7187048904597759,0.6390262860804796,27.663724962621927
604,121.28290899,331,25,7,1373,4683,16,24.99772608280182,1.3639319222420454,0.7442319765686989,0.8821610826998949,27.988051064312458
606,121.477857551,318,31,4,1377,4698,15,27.24262699484825,2.9840029310435057,0.92748599126935,0.8082720451056957,31.962387962266803
607,121.575340061,313,29,2,1379,4702,4,25.67912102676928,0.6525011267513037,0.9748840238898993,0.7181938271969557,28.02470000460744
608,121.672803988,316,29,1,1380,4714,12,26.929480955004692,0.587899936363101,0.777555163949728,0.628405949100852,28.923342004418373
609,121.770326664,317,30,1,1381,4721,7,25.561972055584192,0.5710090044885874,0.8301939815282822,0.6247169803828001,27.587892021983862
610,121.867777924,311,29,4,1385,4727,6,24.74236791022122,0.5635549314320087,0.7752298843115568,0.6032693199813366,26.68442204594612
611,121.965225517,305,25,4,1389,4735,8,26.477274019271135,1.2668711133301258,1.0108118876814842,1.163907116279006,29.91886413656175
613,122.160174537,303,30,6,1395,4754,19,25.481520919129252,0.5881001707166433,0.815326115116477,0.6246587727218866,27.50960597768426
614,122.257646796,309,28,3,1398,4766,12,25.365954963490367,0.9043021127581596,0.9057850111275911,0.8963181171566248,28.072360204532743
615,122.355122056,315,28,3,1401,4771,5,26.510606985539198,0.7015329319983721,1.3714958913624287,0.7500641513615847,29.333699960261583
616,122.452595524,316,30,7,1408,4787,16,25.43930197134614,0.5684939678758383,0.7719940040260553,0.6475930567830801,27.427383000031114
617,122.550067909,311,25,4,1412,4794,7,25.59167705476284,0.5663197953253984,0.711941858753562,0.6240285001695156,27.493967209011316
618,122.647542127,308,30,6,1418,4816,22,24.560848949477077,0.9355209767818451,1.1570861097425222,0.6219120696187019,27.275368105620146
619,122.745016845,319,28,2,1420,4823,7,25.63180192373693,0.7410668767988682,0.8932810742408037,0.6731902249157429,27.939340099692345
620,122.842529147,317,30,0,1420,4823,0,26.175530161708593,0.5279779434204102,1.8731050658971071,0.65085687674582,29.22747004777193
621,122.940004407,325,29,6,1426,4836,13,25.750785134732723,0.6045610643923283,0.7953289896249771,0.6425317842513323,27.79320697300136
622,123.037437,319,31,5,1431,4849,13,25.561620946973562,0.6773271597921848,0.8404019754379988,0.8761407807469368,27.955490862950683
623,123.134910468,322,31,3,1434,4856,7,26.155974017456174,1.0895489249378443,0.7916910108178854,0.6993890274316072,28.73660298064351
624,123.232384436,318,30,5,1439,4865,9,25.417701806873083,0.5684040952473879,2.0528710447251797,0.6457280833274126,28.684705030173063
625,123.329859362,320,32,3,1442,4883,18,26.90081694163382,0.7172119803726673,0.8294121362268925,0.7494729943573475,29.196914052590728
626,123.427332831,313,31,3,1445,4891,8,30.545857967808843,0.5882710684090853,0.8270880207419395,0.7239338010549545,32.68515085801482
627,123.524806465,328,29,2,1447,4899,8,25.936994003131986,0.641901046037674,1.0141879320144653,0.6713150069117546,28.26439798809588
628,123.622279434,335,30,4,1451,4912,13,25.361436884850264,0.5703670904040337,0.7983541581779718,0.6148498505353928,27.345007983967662
629,123.719752943,337,27,3,1454,4930,18,27.134204050526023,0.5921279080212116,0.8062389679253101,0.6233460735529661,29.15591700002551
630,123.817227745,320,29,1,1455,4935,5,25.133509887382388,0.5657977890223265,0.799315981566906,0.6156533490866423,27.114277007058263
631,123.914700796,331,36,7,1462,4956,21,26.093065040186048,0.7308770436793566,0.8057781960815191,0.6187986582517624,28.248518938198686
632,124.012175098,330,28,1,1463,4958,2,27.026182040572166,2.6367439422756433,1.2997719459235668,0.788866076618433,31.75156400538981
633,124.109648774,331,27,2,1465,4965,7,27.131529059261084,0.5659889429807663,0.7893969304859638,0.6109541282057762,29.09786906093359
634,124.207123284,333,25,3,1468,4981,16,25.38084308616817,0.6081881001591682,0.7473879959434271,0.6596248131245375,27.396043995395303
635,124.304596544,331,34,3,1471,4998,17,25.63711302354932,0.6493949331343174,0.8343909867107868,0.6649941205978394,27.785893063992262
636,124.402107012,331,28,1,1472,5005,7,26.752289850264788,0.8439698722213507,0.8165780454874039,0.6295661441981792,29.04240391217172
637,124.499581855,327,31,7,1479,5017,12,25.698738172650337,0.6106831133365631,0.8218770381063223,0.6867956835776567,27.81809400767088
638,124.597017615,330,24,2,1481,5021,4,25.181910954415798,0.6439050193876028,1.304401084780693,0.6483427714556456,27.77855983003974
639,124.694491541,327,27,2,1483,5026,5,26.739085093140602,0.60491100884974,0.8140029385685921,0.6708761211484671,28.8288751617074
640,124.791968676,334,24,0,1483,5032,6,27.05174987204373,0.5622419994324446,0.7883249782025814,0.7287031039595604,29.131019953638315
641,124.889479228,334,28,2,1485,5038,6,26.20587614364922,0.570027157664299,0.7763230241835117,0.617344630882144,28.169570956379175
642,124.986912779,334,27,11,1496,5069,31,25.959044927731156,0.6029380019754171,1.040817005559802,0.6727289874106646,28.27552892267704
643,125.084386914,334,30,3,1499,5078,9,26.512911077588797,0.5757778417319059,0.8343418594449759,0.6331931799650192,28.556223958730698
644,125.181860757,332,22,0,1499,5080,2,27.480050921440125,0.5482861306518316,0.7248260080814362,0.6720980163663626,29.425261076539755
645,125.279333433,329,23,8,1507,5095,15,27.256322093307972,1.1532779317349195,0.9707061108201742,0.632583862170577,30.012889998033643
646,125.376806443,320,32,4,1511,5114,19,25.68823890760541,0.5990210920572281,0.8578149136155844,0.6889281794428825,27.834003092721105
647,125.474320661,331,24,1,1512,5119,5,25.134311988949776,0.584132969379425,0.7788969669491053,0.6363210268318653,27.13366295211017
648,125.571754213,338,26,3,1515,5130,11,27.267794124782085,0.5749959964305162,0.7776548154652119,0.6179960910230875,29.2384410277009
649,125.669228056,332,30,3,1518,5136,6,27.37762895412743,0.5994320381432772,0.8294419385492802,0.6690730806440115,29.475576011464
650,125.766702649,332,25,2,1520,5141,5,29.525188030675054,1.111550023779273,1.224992098286748,0.8010477758944035,32.66277792863548
651,125.864176325,326,26,5,1525,5151,10,27.561654103919864,0.5895229987800121,0.7653019856661558,0.6242778617888689,29.5407569501549
652,125.961649835,328,25,3,1528,5166,15,27.16977009549737,0.636290991678834,0.8344820234924555,0.7257070392370224,29.36625014990568
653,126.156598272,316,27,7,1535,5182,16,25.14164592139423,0.5717298481613398,0.7914809975773096,0.6433331873267889,27.148189954459667
654,126.254070573,316,23,1,1536,5186,4,24.725666968151927,0.5818579811602831,0.7127539720386267,0.63911615870893,26.659395080059767
655,126.351545166,312,29,3,1539,5200,14,27.088687987998128,1.2846640311181545,2.5529370177537203,1.1678759474307299,32.09416498430073
656,126.449018884,319,25,1,1540,5205,5,27.08319784142077,0.6014551036059856,0.729875173419714,0.6411608774214983,29.055688995867968
657,126.546493852,314,31,3,1543,5214,9,24.54872615635395,0.6059438455849886,0.8714208379387856,0.6271121092140675,26.653202949091792
659,126.838914382,325,26,8,1551,5233,19,26.13581600598991,0.8505119476467371,0.794706866145134,0.9234871249645948,28.704521944746375
660,126.93638835,320,26,2,1553,5235,2,26.201167842373252,0.8882819674909115,0.8930610492825508,0.6827181205153465,28.66522897966206
661,127.033861318,330,25,3,1556,5243,8,26.395580964162946,0.6020260043442249,0.7499628700315952,0.6535742431879044,28.40114408172667
662,127.131334869,325,28,3,1559,5249,6,25.364752858877182,0.5809369031339884,0.7738079875707626,0.6106721702963114,27.330169919878244
663,127.228808754,332,34,4,1563,5265,16,26.076153852045536,0.5738639738410711,0.8587869815528393,0.6204512901604176,28.129256097599864
665,127.423756357,330,31,9,1572,5287,22,25.399788049980998,0.5684939678758383,1.2926689814776182,0.6175248418003321,27.878475841134787
666,127.521229617,331,32,3,1575,5297,10,26.074700988829136,0.605572946369648,0.8109179325401783,0.6206610705703497,28.111852938309312
667,127.618704627,323,36,1,1576,5303,6,28.463430935516953,1.4479090459644794,1.2616610620170832,0.7615650538355112,31.934566097334027
668,127.716178262,335,38,4,1580,5311,8,25.818411959335208,0.5747650284320116,0.8350929711014032,0.6117238663136959,27.83999382518232
669,127.911125531,321,32,4,1584,5321,10,27.084490982815623,0.6246380507946014,0.84722600877285,0.6403680890798569,29.19672313146293
670,128.008600499,335,42,9,1593,5357,36,26.303127873688936,0.5701070185750723,0.8418350480496883,0.627035042271018,28.342104982584715
671,128.106074051,332,37,4,1597,5367,10,27.598181972280145,0.5922580603510141,0.7955990731716156,0.6178559269756079,29.603895032778382
672,128.203546977,324,31,4,1601,5375,8,26.01768495514989,0.6156119052320719,0.8104059379547834,0.6202911026775837,28.063993901014328
673,128.398493497,322,36,5,1606,5390,15,25.816076900810003,0.5831609014421701,0.8338901679962873,0.6348290480673313,27.867957018315792
675,128.593442058,328,29,5,1611,5401,11,27.031522011384368,0.9838910773396492,0.8256048895418644,0.8048750460147858,29.645893024280667
676,128.690914818,326,31,2,1613,5402,1,25.705381063744426,1.1169901117682457,1.8671739380806684,0.700690783560276,29.390235897153616
677,128.788390036,327,30,5,1618,5414,12,26.777296094223857,2.9991420451551676,1.5354331117123365,1.3637018855661154,32.675573136657476
678,128.885862587,322,29,4,1622,5427,13,26.22812893241644,0.6106130313128233,0.8123000152409077,0.634786207228899,28.28582818619907
680,129.080810815,322,34,7,1629,5442,15,26.455875020474195,0.6031680386513472,0.8277890738099813,0.6118849851191044,28.49871711805463
681,129.178284242,323,28,6,1635,5465,23,25.186870014294982,0.568554038181901,0.7820231840014458,0.5894328933209181,27.126880129799247
682,129.275759002,317,32,5,1640,5474,9,24.76631198078394,1.2361030094325542,1.360466005280614,0.6460100412368774,28.008891036733985
683,129.373232678,313,27,0,1640,5482,8,25.70105204358697,0.5274168215692043,0.8341609500348568,0.7038870826363564,27.766516897827387
684,129.568180114,316,30,2,1642,5495,13,25.671896990388632,0.5811378359794617,0.7623268757015467,0.6037792190909386,27.61914092116058
685,129.665653082,316,32,4,1646,5506,11,26.20652806945145,0.8554907981306314,0.7779859006404877,0.6236771587282419,28.463681926950812
686,129.763127509,314,33,4,1650,5519,13,24.91395897231996,0.9145708754658699,3.562737023457885,0.6446461193263531,30.03591299057007
687,129.860600185,313,33,4,1654,5533,14,24.472623830661178,0.5580440629273653,0.7734778337180614,0.5998022388666868,26.40394796617329
688,130.055547913,293,28,4,1658,5541,8,24.5936899445951,0.7674458902329206,1.5915390104055405,0.6352381315082312,27.58791297674179
690,130.250496183,290,20,3,1661,5543,2,26.164378970861435,1.1111288331449032,1.5388489700853825,0.7806210778653622,29.594977851957083
691,130.348007776,279,24,1,1662,5552,9,24.849348003044724,0.576850026845932,0.7018640171736479,0.7242849096655846,26.85234695672989
692,130.445485494,279,26,9,1671,5567,15,23.529849015176296,0.5947230383753777,0.8441098034381866,0.6356090307235718,25.604290887713432
693,130.542917296,283,26,2,1673,5580,13,24.2315330542624,0.5913968198001385,0.9287279099225998,0.6525202188640833,26.40417800284922
694,130.737865774,254,20,4,1677,5600,20,22.620909148827195,0.6004627794027328,0.8291411213576794,0.7538709323853254,24.804383981972933
695,130.835330825,240,21,3,1680,5607,7,20.896452013403177,0.5716290324926376,0.7278420962393284,0.5996229592710733,22.795546101406217
696,130.932839418,222,20,0,1680,5608,1,21.218264009803534,0.499204033985734,0.863105058670044,0.6259619258344173,23.20653502829373
697,131.030275428,211,19,2,1682,5613,5,20.690416917204857,0.5710890982300043,0.769440084695816,0.6125147920101881,22.643460892140865
698,131.225222406,224,34,6,1688,5625,12,22.71411195397377,0.5757170729339123,0.8218481671065092,0.6069769151508808,24.718654109165072
700,131.420159175,235,36,13,1701,5669,44,21.937699988484383,0.5654580891132355,1.3937579933553934,0.6417508702725172,24.53866694122553
701,131.517634185,236,27,3,1704,5676,7,21.705806022509933,1.8200860358774662,0.793413957580924,0.63117197714746,24.950477993115783
702,131.615154695,243,37,8,1712,5703,27,21.598273888230324,0.5767790134996176,0.8643078617751598,0.6581321358680725,23.697492899373174
703,131.712603746,262,41,4,1716,5721,18,21.779012866318226,0.6080081220716238,0.908910995349288,0.6270431913435459,23.922975175082684
705,131.907530391,290,35,3,1719,5741,20,25.993779068812728,0.6272140890359879,0.9656769689172506,0.7847587112337351,28.3714288379997
706,132.005001567,277,34,4,1723,5760,19,23.499713046476245,1.0104409884661436,1.6209229361265898,0.7084349635988474,26.839511934667826
707,132.102504077,276,25,1,1724,5767,7,24.88038595765829,0.57071796618402,0.6986579392105341,0.6076672580093145,26.75742912106216
708,132.297413222,314,30,4,1728,5774,7,24.978740140795708,0.5729629192501307,0.7600418757647276,0.6164030637592077,26.928147999569774
709,132.394886898,325,29,2,1730,5784,10,25.71389591321349,0.5757780745625496,1.0484319645911455,0.6108821835368872,27.948988135904074
710,132.4923617,325,30,4,1734,5796,12,24.75304901599884,0.5663200281560421,0.9596261661499739,0.6138768512755632,26.89287206158042
711,132.589834085,318,27,7,1741,5819,23,25.71963705122471,0.78531913459301,0.7719038985669613,0.6827879697084427,27.959648054093122
712,132.784781938,334,35,3,1744,5826,7,28.905008221045136,0.9363719727844,0.8627439383417368,0.7463069632649422,31.450431095436215
713,132.882255822,334,25,4,1748,5838,12,26.15402895025909,0.5832219030708075,0.7288940250873566,0.6481930613517761,28.11433793976903
714,132.97972954,342,17,1,1749,5839,1,26.56988799571991,0.5855350755155087,0.6839300040155649,0.6442859303206205,28.483639005571604
715,133.07720455,340,28,2,1751,5843,4,26.138119865208864,1.1150359641760588,3.7632219027727842,0.6104332860559225,31.62681101821363
717,133.467099631,346,31,11,1762,5873,30,25.795849040150642,0.6636311300098896,0.8854968473315239,0.7718049455434084,28.116781963035464
718,133.564572683,331,29,6,1768,5887,14,25.069530121982098,0.57457503862679,1.2974580749869347,0.6188277620822191,27.56039099767804
719,133.662046067,326,31,0,1768,5893,6,25.41395486332476,0.494255218654871,0.8005988784134388,0.6393359508365393,27.34814491122961
720,133.759521535,330,29,3,1771,5898,5,25.58546606451273,0.8229499217122793,1.538749085739255,1.150011783465743,29.097176855430007
721,133.856995295,325,32,2,1773,5903,5,25.13574413023889,0.5853259935975075,0.8082529529929161,0.6217220798134804,27.151045156642795
722,133.95446668,325,33,5,1778,5911,8,24.96818103827536,0.5593760870397091,0.8151049260050058,0.6614190060645342,27.00408105738461
723,134.051942482,316,30,0,1778,5911,0,27.97796204686165,0.49597793258726597,0.7987050339579582,0.6392260547727346,29.911871068179607
724,134.149415658,318,30,2,1780,5914,3,25.2525529358536,0.569766154512763,1.2549678795039654,0.6507982034236193,27.728085173293948
726,134.53931003,339,34,8,1788,5937,23,26.250589871779084,1.6827289946377277,1.0208101011812687,0.9969251696020365,29.951054137200117
727,134.636845707,327,38,4,1792,5959,22,25.547834811732173,0.5810679867863655,0.8301229681819677,0.6206522230058908,27.579677989706397
728,134.734256717,328,35,2,1794,5967,8,27.98873302526772,0.7985341362655163,1.0476198513060808,0.7249668706208467,30.559853883460164
729,134.831731977,326,32,1,1795,5972,5,25.84638400003314,0.572902150452137,1.3945100363343954,0.635768985375762,28.449565172195435
730,134.929207486,322,34,2,1797,5980,8,26.33458818309009,1.5841040294617414,0.8820910006761551,0.7192948833107948,29.520078096538782
731,135.124153464,313,27,2,1799,5982,2,25.06586303934455,0.6104018539190292,0.7886858657002449,0.6483441684395075,27.11329492740333
732,135.221666974,315,20,0,1799,5985,3,26.01764490827918,0.49386383034288883,0.7565650157630444,0.6522613111883402,27.920335065573454
733,135.319099692,313,22,1,1800,5986,1,24.499292951077223,0.5850349552929401,0.7059110794216394,0.6305500864982605,26.420789072290063
734,135.416574452,326,23,1,1801,5987,1,26.604301994666457,0.6704139523208141,0.7125828415155411,0.7792592514306307,28.766558039933443
736,135.806469116,320,21,4,1805,5994,7,26.12172905355692,1.085139811038971,1.0553041938692331,0.6500778254121542,28.912250883877277
737,135.903943126,311,22,1,1806,5999,5,24.28754698485136,0.5725410301238298,0.7365678902715445,0.6485441699624062,26.24520007520914
738,136.001417136,307,18,1,1807,6004,5,26.53157594613731,1.202399842441082,0.8585769683122635,0.6265321280807257,29.21908488497138
739,136.098879896,312,20,0,1807,6004,0,25.364732835441828,0.5404909607023001,0.788925914093852,0.7712631486356258,27.465412858873606
740,136.196352905,298,17,0,1807,6004,0,25.022783083841205,0.5037530791014433,0.6843509618192911,0.6222128868103027,26.833100011572242
741,136.293829207,299,19,0,1807,6005,1,24.779648054391146,0.49105891957879066,0.6993180140852928,0.7347250357270241,26.704750023782253
742,136.39129105,298,15,0,1807,6006,1,25.681675877422094,0.49446593038737774,0.8802169468253851,0.6417902186512947,27.698148973286152
743,136.683691913,302,13,0,1807,6006,0,23.815223015844822,0.9740518871694803,0.6813548970967531,0.737341120839119,26.207970920950174
745,136.878628974,307,14,2,1809,6012,6,24.43435089662671,0.5661291070282459,0.694961054250598,0.5997428670525551,26.29518392495811
746,136.976090567,306,14,0,1809,6013,1,25.388638023287058,1.3184368144720793,1.0003219358623028,0.6397971883416176,28.347193961963058
747,137.073564285,304,12,0,1809,6013,0,25.267691118642688,0.5246822256594896,0.7261589635163546,0.6933268159627914,27.211859123781323
748,137.171026753,307,12,1,1810,6016,3,26.413775980472565,0.6380039267241955,0.7176829967647791,0.6598951295018196,28.42935803346336
749,137.268501138,304,18,3,1813,6023,7,28.974367072805762,1.0261498391628265,1.3801020104438066,0.9590249974280596,32.339643919840455
750,137.365964981,296,14,1,1814,6028,5,23.66021298803389,0.5806959234178066,0.7002600468695164,0.6259020883589983,25.567071046680212
751,137.463438866,296,16,1,1815,6032,4,24.920952040702105,0.6541740149259567,1.4372190926223993,0.8643676992505789,27.87671284750104
753,137.85338078,298,18,3,1818,6037,5,24.96829000301659,0.6268429569900036,0.7406859658658504,0.6368220783770084,26.972641004249454
754,137.950808498,296,21,4,1822,6046,9,24.287526961416006,0.5904349964112043,0.7119218353182077,0.6214822642505169,26.211366057395935
755,138.048280508,297,17,1,1823,6049,3,25.001042056828737,0.568554038181901,1.3041000347584486,0.6170247215777636,27.49072085134685
756,138.145755226,303,20,1,1824,6053,4,26.07019292190671,0.5906948354095221,0.78158313408494,0.7339431904256344,28.176414081826806
757,138.243228319,300,15,2,1826,6055,2,24.768206058070064,0.5724010989069939,0.6658360362052917,0.6119848694652319,26.61842806264758
758,138.340702121,298,20,3,1829,6067,12,25.01594997011125,0.568924006074667,0.7404848001897335,0.619090162217617,26.94444893859327
759,138.438175422,286,17,0,1829,6071,4,23.425493855029345,0.7097579073160887,0.9605679661035538,0.901687191799283,25.99750692024827
760,138.730598285,284,16,3,1832,6078,7,22.3981321323663,0.5747962277382612,0.6933067925274372,0.6238867063075304,24.29012185893953
761,138.828071711,278,16,3,1835,6082,4,23.478182032704353,0.5774209275841713,0.6902220193296671,0.6289370357990265,25.374762015417218
762,138.925544971,275,13,2,1837,6082,0,22.11970998905599,0.5569919012486935,0.6704449187964201,0.5998832639306784,23.947030073031783
763,139.023027606,287,16,2,1839,6087,5,24.809362832456827,0.5653779953718185,0.6982358172535896,0.6235484033823013,26.696525048464537
764,139.217966334,275,20,1,1840,6090,3,23.955275071784854,1.081082969903946,0.7157500367611647,0.8789149578660727,26.631023036316037
766,139.412955103,263,13,2,1842,6094,4,23.096479009836912,0.5783319938927889,0.7348251529037952,0.6303389091044664,25.039975065737963
767,139.51038853,263,12,1,1843,6095,1,23.4886531252414,0.587669899687171,1.7780771013349295,0.6234857719391584,26.477885898202658
768,139.607861248,258,13,1,1844,6095,0,22.68839511089027,0.561560969799757,0.6705448031425476,0.6249391008168459,24.54543998464942
769,139.802822059,239,12,1,1845,6097,2,20.595026900991797,0.5797548219561577,0.7437719032168388,0.6298893131315708,22.548442939296365
770,139.900282944,235,11,1,1846,6099,2,20.534473937004805,0.5953740328550339,0.689410138875246,0.6338257808238268,22.45308388955891
771,139.997756121,233,14,1,1847,6099,0,21.320885978639126,0.5983589217066765,0.6904918700456619,1.0311901569366455,23.64092692732811
772,140.192703099,231,14,0,1847,6099,0,20.658998051658273,0.5468530580401421,0.8156457915902138,0.6380041595548391,22.659501060843468
773,140.290177775,228,10,1,1848,6099,0,21.172778913751245,0.5709689576178789,1.1418270878493786,0.6071750540286303,23.492750013247132
775,140.485128045,232,13,1,1849,6101,2,20.322877913713455,0.5867881700396538,0.6709659937769175,0.6114249117672443,22.19205698929727
776,140.582598763,235,13,1,1850,6103,2,20.498696947470307,1.2083910405635834,3.6555908154696226,0.6854522507637739,26.048131054267287
777,140.777592741,224,14,2,1852,6111,8,20.660790847614408,0.5847839638590813,0.7249668706208467,0.6450572982430458,22.61559898033738
778,140.875062209,208,9,1,1853,6113,2,19.059875048696995,0.567941926419735,0.6810748018324375,0.604251166805625,20.913142943754792
779,140.972494094,197,13,3,1856,6125,12,19.183486932888627,0.5872589536011219,0.7047390099614859,0.6294471677392721,21.104932064190507
780,141.069967645,192,10,1,1857,6125,0,20.54666681215167,0.7424999494105577,0.7467868272215128,0.6563183851540089,22.69227197393775
781,141.264915748,204,13,2,1859,6134,9,19.50789289548993,0.571348937228322,0.7241750136017799,0.6498272996395826,21.453244145959616
783,141.459862559,195,14,4,1863,6145,11,20.912962965667248,0.8952750358730555,0.6948099471628666,0.6651550065726042,23.168202955275774
784,141.557336694,200,12,1,1864,6149,4,21.583336871117353,0.5851341411471367,0.7293550297617912,0.6504179909825325,23.548244033008814
785,141.752284505,209,14,2,1866,6154,5,20.360107999294996,0.571028096601367,0.6829178892076015,0.6228059064596891,22.236859891563654
787,141.947231733,212,18,3,1869,6159,5,21.27022109925747,0.7607731968164444,1.330479048192501,0.980365788564086,24.3418391328305
788,142.044705201,221,21,4,1873,6171,12,20.02423000521958,0.5700169131159782,0.6997589953243732,0.6085282657295465,21.902534179389477
789,142.142180128,211,20,4,1877,6175,4,20.610335981473327,0.5872389301657677,0.710480147972703,0.829590717330575,22.737645776942372
790,142.239642679,198,21,4,1881,6182,7,20.23183787241578,1.4284828212112188,0.7266299799084663,0.7309082429856062,23.117858916521072
792,142.43462924,171,20,3,1884,6189,7,17.831216100603342,2.826979849487543,0.9153531864285469,0.7612737827003002,22.334822919219732
793,142.532065167,151,24,2,1886,6193,4,19.38009401783347,0.7693590596318245,0.709467101842165,0.9106749203056097,21.76959509961307
794,142.727038686,148,14,3,1889,6198,5,16.588991973549128,0.5732320714741945,0.6729790475219488,0.8680550381541252,18.703258130699396
796,142.921991498,144,20,3,1892,6219,21,17.062086146324873,0.5747450049966574,0.71727205067873,0.6212536245584488,18.97535682655871
797,143.019451549,144,17,2,1894,6220,1,16.391510842368007,0.5646371282637119,0.6901510059833527,0.6118360906839371,18.25813506729901
798,143.116885809,153,23,3,1897,6233,13,16.894232016056776,0.679240794852376,0.7211200427263975,0.6391459610313177,18.933738814666867
799,143.214363735,145,20,0,1897,6233,0,17.18609919771552,0.4767719656229019,0.6887991912662983,0.6113937124609947,18.963064067065716
800,143.311832912,154,21,2,1899,6237,4,17.729975981637836,0.7340430747717619,0.7068021222949028,0.7556849159300327,19.926506094634533
801,143.409328297,158,16,2,1901,6241,4,17.446245066821575,1.3492940925061703,1.0579200461506844,0.8971698116511106,20.75062901712954
802,143.506769848,169,18,0,1901,6245,4,18.134552985429764,0.48405607230961323,0.7093481253832579,0.614499906077981,19.942457089200616
803,143.701721201,179,19,0,1901,6245,0,20.208574132993817,1.1224700137972832,0.8697081357240677,0.7722347509115934,22.97298703342676
805,143.896665304,191,15,1,1902,6247,2,17.939018085598946,0.5704979412257671,0.6884681060910225,0.6078558508306742,19.80583998374641
806,143.99413873,207,16,3,1905,6256,9,22.10431103594601,0.5838721990585327,0.6840399000793695,0.6400886923074722,24.012311827391386
807,144.091611824,212,17,2,1907,6258,2,21.582775050774217,0.5856261122971773,0.6829081103205681,0.6148107349872589,23.46612000837922
808,144.286560843,201,14,2,1909,6263,5,19.061628030613065,0.5789529532194138,0.6969149690121412,0.6085780914872885,20.94607404433191
809,144.384066686,182,14,3,1912,6270,7,19.247595919296145,0.5681028123944998,0.6917249411344528,0.609460286796093,21.11688395962119
810,144.481509904,171,10,1,1913,6276,6,17.64184096828103,0.5915169604122639,0.703275902196765,0.6113341078162193,19.54796793870628
811,144.676454091,156,10,4,1917,6287,11,18.127631163224578,0.8451121393591166,1.5997928567230701,0.6811837665736675,21.253719925880432
812,144.7739326,166,10,2,1919,6295,8,18.83385214023292,1.1397430207580328,1.430185977369547,0.6456777919083834,22.049458930268884
814,144.96887737,170,12,1,1920,6300,5,18.330469960346818,0.6050518713891506,0.7791779935359955,0.699338037520647,20.41403786279261
815,145.066353838,153,15,1,1921,6301,1,17.724356148391962,1.2802258133888245,1.028514001518488,0.6203909870237112,20.653486950322986
816,145.261297733,157,16,5,1926,6304,3,17.45924004353583,0.6202410440891981,1.455443911254406,0.8188111241906881,20.35373612307012
817,145.358828909,152,13,2,1928,6306,2,16.946010058745742,0.9324150159955025,0.6965540815144777,1.2692438904196024,19.844223046675324
818,145.456245711,145,14,3,1931,6308,2,18.34309403784573,0.7247671019285917,0.6975550204515457,1.0278429836034775,20.793259143829346
819,145.651193022,123,14,2,1933,6314,6,15.43714595027268,1.11104897223413,0.9179080370813608,0.6826869212090969,18.148789880797267
820,145.748705948,129,11,3,1936,6317,3,15.284159919247031,1.2353819329291582,0.9554170537739992,0.831075944006443,18.30603484995663
822,145.94361501,120,10,3,1939,6323,6,16.06561290100217,0.5644559860229492,0.7012521382421255,0.7188839372247458,18.05020496249199
823,146.041088144,121,12,0,1939,6332,9,18.690804950892925,0.5255839787423611,0.7758720312267542,0.6563970819115639,20.648658042773604
824,146.236079247,125,12,3,1942,6337,5,16.280954936519265,0.7401849143207073,0.6965538486838341,0.655757263302803,18.37345096282661
825,146.333511674,128,9,2,1944,6342,5,16.46444806829095,0.5647959187626839,0.6789099425077438,0.619090162217617,18.327244091778994
826,146.431020225,132,11,2,1946,6347,5,16.28759689629078,0.590404961258173,0.6888490170240402,0.6597952451556921,18.226646119728684
827,146.625931537,146,13,2,1948,6351,4,16.291735926643014,0.5966760218143463,1.7165718600153923,0.6294972263276577,19.23448103480041
828,146.723403921,133,11,4,1952,6357,6,17.258054111152887,0.550710828974843,1.1498818639665842,0.6481711752712727,19.606817979365587
830,146.918397566,124,12,1,1953,6362,5,17.027241876348853,0.5785028915852308,0.6892399396747351,0.6422502920031548,18.937234999611974
831,147.015825492,134,19,3,1956,6365,3,16.598539892584085,0.5813378375023603,0.703996978700161,0.6671273149549961,18.551002023741603
832,147.210773512,183,22,4,1960,6385,20,18.77233712002635,1.0971729643642902,1.9579429645091295,0.8847159333527088,22.71216898225248
833,147.30829023,164,22,2,1962,6393,8,18.705430906265974,0.9002650622278452,0.7284728344529867,1.3166542630642653,21.65082306601107
834,147.405720365,181,26,6,1968,6405,12,19.552927929908037,0.5950839258730412,0.7831458933651447,0.628485344350338,21.55964309349656
835,147.600668926,180,23,4,1972,6418,13,17.67024421133101,0.568874878808856,0.6870259530842304,0.6084281485527754,19.53457319177687
836,147.698141353,193,25,3,1975,6423,5,18.299693008884788,1.0452261194586754,0.8514628279954195,1.3858331367373466,21.58221509307623
837,147.795616946,178,23,4,1979,6437,14,19.160914001986384,1.3521399814635515,1.060364069417119,0.9053938556462526,22.478811908513308
838,147.893092081,182,20,1,1980,6442,5,19.42931697703898,0.623597064986825,0.7252269424498081,0.8183710742741823,21.596512058749795
840,148.282984411,234,23,2,1982,6453,11,20.723908906802535,0.6019067950546741,0.891589093953371,0.6871740333735943,22.904578829184175
841,148.380470296,221,23,2,1984,6464,11,19.516980974003673,0.5880009848624468,0.7206890732049942,0.6110018584877253,21.43667289055884
842,148.477991056,223,24,3,1987,6471,7,21.013129968196154,1.9453198183327913,0.7340139709413052,0.6386453751474619,24.331109132617712
843,148.575427482,212,21,3,1990,6477,6,19.803776871412992,0.577450031414628,0.7343639153987169,0.614530174061656,21.730120992287993
844,148.672912951,208,19,2,1992,6484,7,19.495279993861914,0.8490090258419514,0.871941214427352,0.7668747566640377,21.983104990795255
845,148.770395669,207,21,5,1997,6493,9,20.766578149050474,0.8848961442708969,1.0031668934971094,0.891207717359066,23.545848904177547
846,149.062839531,209,24,8,2005,6515,22,18.892511958256364,0.628775916993618,0.7460659835487604,0.6197802722454071,20.88713413104415
847,149.160323125,212,19,2,2007,6522,7,19.455485977232456,0.5867681466042995,0.6992779672145844,0.6396770477294922,21.381209138780832
848,149.257847051,212,21,3,2010,6533,11,21.2366278283298,0.5691950209438801,0.69021200761199,0.6030881777405739,23.099123034626245
849,149.355281186,215,16,1,2011,6537,4,20.325944060459733,0.6767269223928452,0.7332020904868841,0.6706048734486103,22.406477946788073
851,149.745230725,207,27,6,2017,6559,22,19.11884592846036,0.5757380276918411,0.8181510493159294,0.5932089406996965,21.105943946167827
852,149.842712068,191,26,5,2022,6573,14,18.941433168947697,0.6223449017852545,0.7997171487659216,0.6284257397055626,20.991920959204435
853,149.940134578,193,25,4,2026,6589,16,19.540784880518913,0.5716301966458559,0.7171519100666046,0.5949730984866619,21.424540085718036
854,150.037608254,174,25,4,2030,6598,9,17.943104961887002,0.7873538415879011,1.0691711213439703,0.797793036326766,20.59742296114564
855,150.135081931,178,23,3,2033,6603,5,19.267893861979246,0.6621188949793577,0.7496518082916737,0.6941603496670723,21.37382491491735
856,150.232617024,181,30,10,2043,6630,27,19.880990963429213,0.9838510304689407,1.1741470079869032,0.6545449141412973,22.693533916026354
857,150.3300292,172,27,5,2048,6645,15,17.923137871548533,0.6022369489073753,0.8630550000816584,0.6275949999690056,20.016024820506573
859,150.719933198,178,21,2,2050,6651,6,19.055436830967665,0.7397839799523354,0.7209591567516327,0.9372241329401731,21.453404100611806
860,150.817401958,200,23,6,2056,6663,12,19.22625582665205,0.5719598848372698,0.6802729330956936,0.6058744620531797,21.084363106638193
861,151.012345311,235,21,1,2057,6669,6,21.6019619256258,0.8486381266266108,0.7153889164328575,0.9231159929186106,24.08910496160388
862,151.109821029,248,22,3,2060,6673,4,21.58506982959807,0.594293000176549,0.6831781938672066,0.7684079464524984,23.630948970094323
864,151.304767423,275,22,6,2066,6681,8,22.098430898040533,0.5827508866786957,0.7114619947969913,0.6267111748456955,24.019354954361916
865,151.402242433,285,17,1,2067,6686,5,22.809341084212065,0.5975579842925072,3.573305904865265,0.6121259648352861,27.592330938205123
866,151.597199994,296,21,2,2069,6694,8,24.15906684473157,0.5783920641988516,0.7103788666427135,0.6126572843641043,26.06049505993724
867,151.694673796,275,22,2,2071,6699,5,23.183892015367746,0.5835320334881544,0.7127439603209496,0.6497958675026894,25.12996387667954
868,151.792156972,278,22,2,2073,6703,4,23.81970197893679,0.5759578198194504,0.8078210521489382,0.7061811629682779,25.909662013873458
869,152.08459046,292,20,5,2078,6722,19,23.893679957836866,0.6269931327551603,0.7512459997087717,0.6724079139530659,25.944327004253864
871,152.279538855,280,13,2,2080,6731,9,24.13223613984883,0.5734928417950869,0.8159370627254248,0.6862848531454802,26.20795089751482
872,152.377023156,286,17,0,2080,6733,2,23.476328933611512,0.49249199219048023,0.7182639092206955,0.6250990554690361,25.312183890491724
873,152.571971676,292,15,1,2081,6734,1,24.808882968500257,0.6238268688321114,0.7206189911812544,0.6342963315546513,26.787625160068274
874,152.669443352,292,17,3,2084,6744,10,24.757306091487408,0.7075141184031963,0.7471588905900717,0.7287028711289167,26.940681971609592
875,152.766918779,281,14,1,2085,6749,5,24.435743922367692,0.916395103558898,1.5089840162545443,0.904932850971818,27.766055893152952
876,152.864389705,286,18,2,2087,6754,5,25.774027919396758,0.5644559860229492,0.682466896250844,0.6094211712479591,27.63037197291851
877,153.059338558,285,20,1,2088,6757,3,24.670433020219207,0.5733130965381861,0.7739879656583071,0.6268240977078676,26.644558180123568
878,153.254285869,297,19,8,2096,6790,33,25.0456549692899,1.2816088274121284,1.141425920650363,0.6545553915202618,28.123245108872652
879,153.351759504,289,15,3,2099,6798,8,25.09055915288627,0.8563820738345385,0.6876070983707905,0.6051226519048214,27.239670976996422
880,153.6441807,271,15,0,2099,6801,3,22.323712008073926,0.4813109990209341,0.714397057890892,0.618987949565053,24.138408014550805
881,153.741655127,279,16,2,2101,6808,7,23.953682044520974,0.5767589900642633,0.6963429041206837,0.6316520739346743,25.858436012640595
882,153.839128136,275,17,2,2103,6814,6,22.712199948728085,0.6549449171870947,0.88656903244555,0.6644732784479856,24.918187176808715
883,153.936602563,259,13,1,2104,6816,2,22.468702867627144,0.6927771028131247,0.9701349772512913,1.0117529891431332,25.143367936834693
884,154.131549916,269,14,1,2105,6820,4,22.348228143528104,1.00224488414824,1.1160480789840221,0.8052068296819925,25.27172793634236
885,154.229023467,267,16,2,2107,6826,6,22.98721414990723,0.5750560667365789,0.7064619567245245,0.6308897864073515,24.899621959775686
886,154.326497019,266,10,1,2108,6827,1,23.88001512736082,1.1640381999313831,3.007427789270878,0.8252328261733055,28.876713942736387
887,154.618917881,273,13,1,2109,6830,3,23.875345941632986,0.5580640863627195,0.6891901139169931,0.5978788249194622,25.72047896683216
889,154.813866318,271,13,5,2114,6844,14,22.29646104387939,0.5689649842679501,0.6915340200066566,0.6063038017600775,24.163263849914074
890,154.911339869,259,12,1,2115,6845,1,21.984928054735065,1.5402419958263636,0.680763041600585,0.616756035014987,24.822689127177
891,155.106287264,255,16,2,2117,6856,11,22.2584898583591,0.6202610675245523,0.7896269671618938,0.6224650423973799,24.290842935442924
893,155.301235533,253,14,0,2117,6856,0,21.147652063518763,0.48998696729540825,0.7087970152497292,0.6192370783537626,22.965673124417663
894,155.398709168,254,10,2,2119,6861,5,22.562579018995166,0.5932699423283339,0.7026439998298883,0.6835800595581532,24.54207302071154
895,155.593657396,242,13,4,2123,6875,14,22.139227017760277,0.5743249785155058,0.7059508934617043,0.6284450646489859,24.047947954386473
897,155.788604999,256,11,1,2124,6879,4,21.157138980925083,0.628035981208086,0.7024749647825956,0.6441052537411451,23.13175518065691
898,155.886079425,256,12,2,2126,6883,4,23.94949388690293,0.8141540456563234,1.2246209662407637,1.199154183268547,27.187423082068563
899,155.983552393,254,8,2,2128,6887,4,22.437844891101122,0.5811578594148159,1.483035972341895,0.8106273598968983,25.31266608275473
900,156.081025237,244,9,0,2128,6890,3,21.924103843048215,0.7594309281557798,0.8132720831781626,0.7643410935997963,24.261147947981954
902,156.275973839,249,17,4,2058,6902,12,21.181966178119183,0.6087790243327618,0.7338530849665403,0.6479627918452024,23.172561079263687
903,156.470909734,248,13,4,2062,6912,10,21.88192494213581,0.5628031212836504,0.6861540023237467,0.6108738016337156,23.741755867376924
904,156.568384077,250,16,2,2064,6918,6,23.24926503933966,0.5913169588893652,0.8644780609756708,0.7438499014824629,25.44890996068716
905,156.66585812900001,248,12,0,2064,6919,1,22.255123825743794,0.49587804824113846,0.7436010055243969,0.9298902004957199,24.42449308000505
906,156.958318033,243,14,2,2066,6930,11,22.431293036788702,0.6019670981913805,0.7601121906191111,0.6733096670359373,24.46668199263513
908,157.153227594,241,13,4,2070,6933,3,21.887765964493155,0.5967160686850548,0.730948057025671,0.6511288229376078,23.86655891314149
909,157.250744771,241,19,3,2073,6951,18,22.921830881386995,0.6051620002835989,0.7426799274981022,0.6528620142489672,24.922534823417664
910,157.445649165,234,13,0,2073,6954,3,21.59106102772057,0.49864407628774643,0.7230129558593035,0.6275528576225042,23.440270917490125
912,157.640596393,209,11,4,2077,6961,7,19.61132581345737,0.5854659248143435,0.7096680346876383,0.6149110849946737,21.521370857954025
913,157.738069653,204,14,3,2080,6970,9,19.306326052173972,0.636440934613347,0.7238439284265041,0.6432640366256237,21.309874951839447
914,157.83554383,217,17,0,2080,6976,6,19.26812413148582,3.2919300720095634,1.0887680109590292,0.6292478647083044,24.278070079162717
915,157.933054089,238,17,1,2081,6985,9,20.431952085345984,0.5615008994936943,0.7211000192910433,0.6180759519338608,22.332628956064582
916,158.128002901,256,18,4,2085,6992,7,23.061812855303288,0.592568889260292,0.6900019943714142,0.618617283180356,24.96300102211535
917,158.225476119,260,18,0,2085,6996,4,22.502786945551634,0.49235112965106964,0.7402049377560616,0.6465199403464794,24.381862953305244
918,158.517859981,245,21,2,2087,7000,4,22.121693938970566,0.5747461691498756,0.8480169344693422,0.6078367587178946,24.152293801307678
919,158.615334616,241,15,3,2090,7005,5,20.758723840117455,0.587499001994729,0.7106198463588953,0.630941241979599,22.687783930450678
920,158.712807668,216,19,3,2093,7010,5,19.532539881765842,0.8389090653508902,0.8858470246195793,0.7995269261300564,22.05682289786637
921,158.907755479,249,17,2,2095,7016,6,22.141271037980914,0.8979809936136007,0.7226930465549231,0.6178948096930981,24.379839887842536
922,159.005228322,265,15,0,2095,7016,0,22.66188501380384,0.49171014688909054,0.8575441315770149,0.6360607221722603,24.647200014442205
923,159.102701957,238,18,3,2098,7031,15,22.058255970478058,0.6013249512761831,0.7324100006371737,0.6369119510054588,24.028902873396873
924,159.200186592,252,16,3,2101,7034,3,23.160408018156886,0.5780819337815046,0.8324880618602037,0.6179050542414188,25.188883068040013
925,159.492596538,231,16,3,2104,7041,7,21.20360592380166,0.9327149018645287,0.711400993168354,2.664657309651375,25.512379128485918
926,159.590071506,224,17,1,2105,7049,8,20.528933964669704,2.929020905867219,0.9606678504496813,1.2778602540493011,25.696482975035906
927,159.687545599,233,15,0,2105,7049,0,22.562979953363538,0.6909528747200966,0.8930910844355822,0.7003112696111202,24.847335182130337
928,159.979967378,221,14,5,2110,7057,8,19.546065013855696,0.5852149333804846,0.6859940476715565,0.6267919670790434,21.44406596198678
930,160.174914815,245,14,3,2113,7068,11,22.97399891540408,0.8777820039540529,0.6820959970355034,0.5926601588726044,25.126537075266242
931,160.272388783,249,20,4,2117,7079,11,21.53441496193409,0.9475531987845898,0.6992889102548361,0.6001130677759647,23.78137013874948
932,160.467336136,247,16,2,2119,7083,4,22.720924811437726,0.7811819668859243,0.9548971429467201,0.7779859006404877,25.234989821910858
934,160.662283905,271,20,7,2126,7103,20,21.49692503735423,0.5806570407003164,0.7503039669245481,0.6328839808702469,23.460770025849342
935,160.759757415,276,18,2,2128,7112,9,22.917804075405,1.8827328458428383,0.7513859309256077,0.9484242182224989,26.500347070395947
936,160.857230175,265,15,2,2130,7118,6,23.819151101633906,0.5733328871428967,0.7019329350441694,0.6092400290071964,25.70365695282817
937,161.052177903,246,18,3,2133,7125,7,21.569831063970923,1.1793070007115602,0.7291650399565697,0.9717079810798168,24.45001108571887
938,161.149651829,224,19,1,2134,7132,7,20.66589007154107,0.723404111340642,0.704428181052208,0.712231732904911,22.805954096838832
939,161.344600224,261,20,2,2136,7135,3,22.210641065612435,0.5954639054834843,0.7482899818569422,0.6568592507392168,24.21125420369208
940,161.442072984,250,17,4,2140,7142,7,20.275099202990532,0.5769100971519947,0.6782789714634418,0.6069445516914129,22.13723282329738
941,161.53954666,234,18,2,2142,7150,8,20.61662799678743,0.5886710714548826,0.8057781960815191,0.7166718132793903,22.72774907760322
942,161.831969398,245,17,7,2149,7166,16,22.226120112463832,0.569384777918458,0.7041268981993198,0.6459990981966257,24.145630886778235
943,161.929433199,266,17,6,2155,7180,14,22.884050849825144,0.5824500694870949,0.7099180947989225,0.654163770377636,24.830582784488797
944,162.026906751,259,21,2,2157,7186,6,22.266776068136096,0.5800761282444,0.7188150193542242,0.6265109404921532,24.192178156226873
945,162.31930828,268,19,4,2161,7203,17,23.40743993408978,1.4118722174316645,1.0826059151440859,0.6100309547036886,26.51194902136922
947,162.514263008,275,18,3,2164,7212,9,27.08087395876646,0.9124369826167822,0.722832977771759,0.7064510136842728,29.422594932839274
948,162.611727018,275,19,1,2165,7221,9,25.565668009221554,0.6423520389944315,0.7543510291725397,0.8946049492806196,27.856976026669145
949,162.806710996,251,19,5,2170,7240,19,21.644731052219868,0.5921279080212116,0.7137360516935587,0.6380639970302582,23.588659008964896
951,163.001612015,261,15,4,2174,7246,6,21.776898996904492,0.5773699376732111,0.9540650062263012,0.6391771603375673,23.947511101141572
952,163.099084983,262,24,3,2177,7255,9,22.546649910509586,0.942243030294776,0.7313380483537912,0.8107370231300592,25.030968012288213
953,163.294032503,258,15,1,2178,7257,2,21.54508512467146,0.5722709465771914,0.699508935213089,0.6158228497952223,23.432687856256962
955,163.488981398,258,12,0,2178,7258,1,24.43132596090436,0.5513920914381742,0.7229030597954988,0.7370288949459791,26.442650007084012
956,163.586492782,251,11,1,2179,7259,1,20.77586599625647,0.5799259524792433,0.6865048781037331,0.6417692638933659,22.684066090732813
957,163.781412094,239,14,2,2181,7262,3,21.42506092786789,0.6156619638204575,0.711522065103054,0.7194050122052431,23.471649968996644
959,163.97637028,216,8,0,2181,7262,0,19.81979701668024,0.4798069130629301,0.6791809573769569,0.5891532637178898,21.567938150838017
960,164.073845415,215,14,0,2181,7262,0,20.341211929917336,0.9883190505206585,0.7278118282556534,0.6603871006518602,22.717729909345508
961,164.171318591,211,11,1,2182,7265,3,20.88336693122983,0.6002930458635092,0.8988319896161556,0.6113338749855757,22.99382584169507
962,164.268831643,207,10,2,2184,7273,8,20.978995831683278,0.6278639193624258,0.7348249200731516,0.6941603496670723,23.035845020785928
964,164.463739746,207,12,2,2186,7284,11,19.40269721671939,0.571488868445158,0.6654749158769846,0.6098018493503332,21.249462850391865
965,164.65868864,191,10,4,2190,7292,8,18.94070114940405,0.5877800285816193,0.7254870142787695,0.6233677268028259,20.877335919067264
966,164.756161317,185,12,0,2190,7295,3,21.55095594935119,0.4916100297123194,0.7055508904159069,0.621141167357564,23.36925803683698
967,164.853634243,171,9,1,2191,7299,4,17.945158993825316,0.6317421793937683,0.7036770693957806,0.6451467052102089,19.925724947825074
968,165.146056814,175,8,3,2194,7303,4,18.472325056791306,0.6149411201477051,0.6845009047538042,0.6265027914196253,20.39826987311244
970,165.341004375,174,15,2,2196,7320,17,18.419225933030248,0.61228615231812,0.7333820685744286,0.6250787992030382,20.389972953125834
971,165.438477552,170,14,1,2197,7326,6,17.346970038488507,0.6850219797343016,0.7341040764003992,0.63151097856462,19.397607073187828
972,165.633425696,190,16,2,2199,7333,7,19.730078987777233,0.5901639815419912,0.8916980586946011,0.6291780155152082,21.841119043529034
974,165.828422508,193,11,1,2200,7335,2,18.33674102090299,0.5869378801435232,0.7033958099782467,0.643435399979353,20.270510111004114
975,165.925865726,215,16,0,2200,7340,5,20.53884300403297,0.5141119472682476,1.2944529298692942,0.6192980799823999,22.96670596115291
976,166.023331777,226,12,0,2200,7342,2,21.46172896027565,1.0057019535452127,0.6974660791456699,0.6341859698295593,23.799082962796092
978,166.315801015,247,6,1,2201,7343,1,20.887654973194003,0.5694450810551643,0.6829279009252787,0.591327203437686,22.731355158612132
979,166.413236566,237,12,1,2202,7346,3,21.48891007527709,0.563435023650527,0.6856329273432493,0.6085480563342571,23.346526082605124
980,166.608241753,227,10,0,2202,7347,1,20.56475100107491,1.7768649850040674,1.3655549846589565,0.8834230247884989,24.590593995526433
981,166.705694971,229,12,1,2203,7348,1,23.221482057124376,0.6231858860701323,0.7329611107707024,0.7054910529404879,25.2831201069057
982,166.803142981,208,11,0,2203,7348,0,19.031882053241134,0.5046040751039982,0.6799818947911263,0.6259619258344173,20.842429948970675
983,166.998091042,202,9,1,2204,7350,2,22.054117871448398,1.4256280846893787,1.8034849781543016,0.8635451085865498,26.146776042878628
984,167.095564302,211,11,0,2204,7351,1,18.885760102421045,0.505504896864295,1.6659670509397984,0.7561559323221445,21.813387982547283
985,167.193037353,224,11,4,2208,7363,12,21.314664045348763,0.5771201103925705,0.676455907523632,0.6692530587315559,23.237493121996522
986,167.485459549,221,13,1,2209,7369,6,22.178049897775054,0.566679984331131,0.6876271218061447,0.6148898974061012,24.04724690131843
987,167.582934392,231,9,0,2209,7369,0,23.4647779725492,0.5174789112061262,0.7265699096024036,0.6918832659721375,25.400710059329867
988,167.68040811,238,7,1,2210,7370,1,23.420162964612246,0.9027291089296341,0.6877768319100142,0.8438499644398689,25.854518869891763
989,167.972829181,229,8,1,2211,7375,5,21.13028895109892,0.5994420498609543,0.6739520467817783,0.6122649647295475,23.0159480124712
991,168.167775284,205,7,0,2211,7376,1,20.924343960359693,0.5008969455957413,0.7359778974205256,0.629086047410965,22.790304850786924
992,168.265250586,207,4,0,2211,7377,1,19.02554091066122,0.5177489947527647,0.6891600787639618,0.650305999442935,20.882755983620882
993,168.460197605,195,6,0,2211,7378,1,18.44772882759571,0.4820721223950386,1.3982569798827171,0.6237770430743694,20.951834972947836
995,168.655144917,190,9,1,2212,7381,3,19.92265903390944,0.6600550841540098,2.897030906751752,0.6258219946175814,24.105567019432783
996,168.752619343,173,4,0,2212,7382,1,18.406893126666546,0.5173881072551012,0.6964229978621006,0.7379709277302027,20.35867515951395
997,168.947565904,167,9,1,2213,7385,3,19.03371582739055,1.2208539992570877,0.6768458988517523,0.9043542668223381,21.83576999232173
999,169.142514466,146,6,0,2213,7386,1,17.218949971720576,0.5295111332088709,1.056646928191185,0.6262620445340872,19.43137007765472
1000,169.239988559,119,6,1,2214,7387,1,15.071431174874306,0.553936930373311,0.6746419239789248,0.9004550520330667,17.20046508125961
1001,169.337510277,115,7,0,2214,7387,0,15.271617099642754,0.4830840043723583,0.6781988777220249,0.6406581960618496,17.073558177798986
1002,169.434934787,116,6,1,2215,7392,5,17.655476927757263,0.6609270349144936,0.7491619326174259,0.7028542459011078,19.76842014119029
1004,169.62988264,124,6,0,2215,7393,1,17.52059510909021,0.5281190387904644,0.6995289586484432,0.6298879161477089,19.378131022676826
1005,169.824830951,127,5,1,2216,7395,2,18.645720090717077,0.5977081600576639,0.7073029410094023,0.6270939484238625,20.577825140208006
1006,169.922305294,122,5,0,2216,7395,0,15.78576909378171,0.5018790252506733,3.5846279934048653,0.6600338965654373,20.532310009002686
1007,170.019776929,125,7,0,2216,7399,4,16.60958002321422,0.4841859918087721,0.6907919887453318,0.6041210144758224,18.388679018244147
1008,170.312198916,133,6,0,2216,7399,0,17.007834976539016,0.4823729395866394,0.680312979966402,0.6037401035428047,18.774260999634862
1010,170.507147478,133,4,0,2216,7399,0,17.216645879670978,0.4817319568246603,0.6856131367385387,0.6116640288382769,18.995655002072453
1011,170.604661904,131,4,0,2216,7399,0,17.620380967855453,0.49400399439036846,0.6966739892959595,0.6457890849560499,19.45684803649783
1012,170.79956984,133,6,0,2216,7400,1,17.27561606094241,0.5029810126870871,0.6936790887266397,0.6237858906388283,19.096062052994967
1014,170.994517277,131,6,0,2216,7400,0,16.250978922471404,0.493012135848403,0.6917349528521299,0.7045881357043982,18.140314146876335
1015,171.09199187,129,7,1,2217,7403,3,16.184874810278416,0.7372288964688778,0.688658794388175,0.702195568010211,18.31295806914568
1016,171.189463505,125,7,1,2218,7407,4,15.578140038996935,0.5883509293198586,0.7273710798472166,0.6406388711184263,17.534500919282436
1017,171.286944556,123,7,0,2218,7407,0,15.438589034602046,0.506256939843297,0.7600618992000818,0.6363312713801861,17.34123914502561
1019,171.481885076,134,6,1,2219,7408,1,15.978548908606172,0.5986611358821392,0.7169211748987436,0.6297188811004162,17.92385010048747
1020,171.676833137,128,7,2,2221,7414,6,17.46627315878868,0.5760379135608673,0.6762249395251274,0.5981791764497757,19.31671518832445
1021,171.774308647,127,6,1,2222,7416,2,18.420318141579628,0.6294178310781717,0.7661739364266396,0.7780161686241627,20.593926077708602
1022,171.871781865,134,7,0,2222,7420,4,16.664542956277728,0.4786860663443804,0.6960530299693346,0.6081769242882729,18.447458976879716
1023,172.164203394,131,6,1,2223,7423,3,17.772214952856302,0.5595569964498281,0.6833679508417845,0.6006350740790367,19.61577497422695
1025,172.359150164,110,8,2,2225,7425,2,17.19955401495099,0.5769499111920595,0.7190660107880831,0.6463080644607544,19.141878001391888
1026,172.456625674,104,7,0,2225,7427,2,15.767183154821396,0.503953080624342,0.6997999735176563,0.9345186408609152,17.90545484982431
1027,172.65160836,109,6,2,2227,7428,1,15.880555845797062,0.5548978224396706,0.6687811110168695,0.6245092954486609,17.728744074702263
1029,172.846518671,124,7,1,2228,7433,5,15.885795000940561,0.7605231367051601,0.9045018814504147,1.3807248324155807,18.931544851511717
1030,172.943992014,127,10,0,2228,7438,5,16.61582081578672,0.48876507207751274,0.7101490627974272,0.6197500042617321,18.43448495492339
1031,173.138953826,123,8,1,2229,7442,4,16.741296974942088,0.6551758851855993,0.7188650779426098,0.6515178829431534,18.76685582101345
1033,173.333887262,121,9,0,2229,7444,2,15.042347135022283,0.5148330237716436,0.725527061149478,0.6194198504090309,16.902127070352435
1034,173.431361022,113,6,0,2229,7444,0,15.184131916612387,0.7236439269036055,0.8427170105278492,0.6241991650313139,17.374692019075155
1035,173.528834073,119,10,2,2231,7449,5,14.856891008093953,0.5835220217704773,0.695331022143364,0.7249061018228531,16.860650153830647
1036,173.626308916,124,10,0,2231,7451,2,16.32358506321907,0.49367290921509266,0.7181039545685053,0.6182470824569464,18.153609009459615
1038,173.821256769,125,9,0,2231,7451,0,16.268311999738216,0.5020101089030504,0.7405958604067564,0.6472091190516949,18.158127088099718
1039,174.016204955,122,7,1,2232,7453,2,15.636758878827095,1.3375431299209595,0.6981159094721079,0.6277351640164852,18.300153082236648
1040,174.113677965,124,6,0,2232,7453,0,15.761442948132753,0.4775330889970064,0.6652048323303461,0.6139292381703854,17.51811010763049
1042,174.308625943,130,6,1,2233,7458,5,16.686473973095417,0.596997095271945,0.6890089716762304,0.651288777589798,18.62376881763339
1043,174.503573879,136,8,0,2233,7461,3,16.352518927305937,0.5788430571556091,0.7601920515298843,0.6533931009471416,18.344947136938572
1045,174.698520941,126,7,1,2234,7466,5,16.55229297466576,0.5814679898321629,0.6922460161149502,0.6349270697683096,18.460934050381184
1046,174.7960362,130,5,0,2234,7466,0,16.063497867435217,0.47713308595120907,0.6931670941412449,0.5827408749610186,17.81653892248869
1047,174.990960387,131,6,0,2234,7466,0,16.307373996824026,0.5115468520671129,0.680191908031702,0.6177772302180529,18.116889987140894
1049,175.185890615,129,8,3,2237,7477,11,16.696993028745055,0.7030158303678036,0.7553538307547569,0.6914632394909859,18.8468259293586
1050,175.283364624,135,9,1,2238,7479,2,16.91359910182655,0.5598871503025293,0.6923049222677946,0.6105739157646894,18.776365090161562
1051,175.478312019,133,7,0,2238,7479,0,15.766652999445796,0.5267849192023277,0.6885889451950788,0.7024342194199562,17.68446108326316
1053,175.673258663,132,7,0,2238,7480,1,16.97937212884426,0.9267739951610565,1.3778081629425287,0.7939457427710295,20.077900029718876
1054,175.77073259,137,6,1,2239,7483,3,16.515935072675347,0.7881850469857454,0.719867181032896,0.6699836812913418,18.69397098198533
1055,175.868206933,131,5,0,2239,7483,0,15.748939011245966,0.4880828782916069,0.6948311347514391,0.6390861235558987,17.57093914784491
1056,175.965728985,136,6,0,2239,7483,0,17.262561013922095,0.5895630456507206,0.7129251025617123,0.6874168757349253,19.252466037869453
1057,176.063154703,139,7,1,2240,7485,2,16.912075923755765,0.5699570756405592,0.6722880061715841,0.6003021262586117,18.75462313182652
1058,176.355575774,149,7,0,2240,7488,3,16.427058028057218,0.4808299709111452,0.6941282190382481,0.6221255753189325,18.224141793325543
1060,176.550523918,154,8,2,2242,7494,6,19.96014011092484,0.5895530339330435,0.7054698653519154,0.6321719847619534,21.887334994971752
1061,176.64799872,153,9,0,2242,7494,0,16.925391042605042,0.4758599679917097,0.6941889878362417,0.6010148208588362,18.69645481929183
1062,176.842944656,140,8,0,2242,7494,0,15.869575086981058,0.48688100650906563,0.6758850067853928,0.604911707341671,17.637252807617188
1064,177.037892384,144,10,4,2246,7502,8,17.833851044997573,0.8510730694979429,0.7243549916893244,0.6628998089581728,20.072178915143013
1065,177.135365477,136,7,0,2246,7506,4,16.916344175115228,0.4940149374306202,0.8925399743020535,0.6702938117086887,18.97319289855659
1066,177.330314413,130,5,0,2246,7506,0,16.85950788669288,0.5298210307955742,0.7061208598315716,0.6679100915789604,18.763359868898988
1068,177.525261516,137,5,0,2246,7506,0,15.950456028804183,0.4831538535654545,0.6654951721429825,0.5949540063738823,17.694059060886502
1069,177.622734651,138,5,1,2247,7508,2,15.70418500341475,0.5802561063319445,0.6671990267932415,0.6450868677347898,17.596727004274726
1070,177.817682379,135,5,1,2248,7509,1,17.253004014492035,0.5723610520362854,0.6686209235340357,0.6116239819675684,19.105609972029924
1072,178.01263019,131,7,0,2248,7510,1,16.522597055882215,1.344966934993863,1.1318980250507593,0.701091019436717,19.700553035363555
1073,178.110103867,136,7,1,2249,7514,4,17.611103830859065,0.5895229987800121,0.7208690512925386,0.664873979985714,19.58636986091733
1074,178.30505197,136,5,0,2249,7517,3,16.00197283551097,1.2466930784285069,0.785469077527523,0.764802098274231,18.79893708974123
1076,178.499999364,132,8,0,2249,7518,1,17.312885960564017,0.501848990097642,0.7162599358707666,0.627855071797967,19.158849958330393
1077,178.597473166,135,6,1,2250,7519,1,16.47964701987803,0.5954639054834843,0.6627908442169428,0.6146992091089487,18.352600978687406
1078,178.792420685,137,5,1,2251,7520,1,17.559817992150784,0.614359974861145,0.7111299782991409,0.7872339338064194,19.67254187911749
1080,178.98741358,134,4,2,2253,7522,2,16.313735861331224,0.5978189874440432,0.6675389595329762,0.7176033686846495,18.296697176992893
1081,179.08484259,135,6,0,2253,7524,2,16.476670978590846,0.5131510552018881,0.7134550251066685,0.6529318634420633,18.356208922341466
1082,179.182316933,140,5,0,2253,7526,2,17.91389100253582,0.5005770362913609,0.70616090670228,0.625670189037919,19.74629913456738
1083,179.279789026,136,5,0,2253,7528,2,16.394468024373055,0.4750590305775404,0.6774079520255327,0.8848849684000015,18.43181997537613
1085,179.474738504,134,6,0,2253,7529,1,15.884362859651446,0.47679198905825615,0.697525218129158,0.6015258841216564,17.660205950960517
1086,179.669738482,141,7,0,2253,7530,1,18.835435155779123,0.5158651620149612,0.720408046618104,0.7096275221556425,20.78133588656783
1087,179.76715945,141,8,0,2253,7532,2,18.31331802532077,0.8901061955839396,0.9157040622085333,0.8471736218780279,20.96630190499127
1088,179.864633793,143,5,0,2253,7532,0,16.204190906137228,0.48129004426300526,0.6585619412362576,0.6248310673981905,17.96887395903468
1089,180.157054239,143,6,1,2254,7534,2,16.716459998860955,0.5633740220218897,0.7757111452519894,0.6141697522252798,18.669714918360114
1091,180.352049425,137,8,2,2256,7542,8,17.647841945290565,0.564156100153923,0.6656760815531015,0.5971167702227831,19.474790897220373
1092,180.449475435,142,12,2,2258,7548,6,17.51059596426785,0.603680033236742,0.9766980074346066,0.677627045661211,19.76860105060041
1093,180.644472121,145,10,0,2258,7550,2,18.206016859039664,0.5880410317331553,0.7323299068957567,0.6771371699869633,20.20352496765554
1095,180.839371141,142,6,3,2261,7558,8,17.159138107672334,0.5667200312018394,0.6742819678038359,0.6251400336623192,19.025280140340328
1096,180.936845942,141,7,1,2262,7562,4,16.890184953808784,0.5653281696140766,0.6696931086480618,0.5976979155093431,18.722904147580266
1097,181.131791754,137,9,0,2262,7563,1,18.303269986063242,1.027833903208375,0.7441930938512087,1.0097071062773466,21.085004089400172
1099,181.326739357,142,11,1,2263,7567,4,17.40821497514844,1.4855500776320696,0.701091019436717,0.6696830969303846,20.26453916914761
1100,181.424213116,136,8,1,2264,7569,2,17.34512601979077,0.5860370583832264,0.6947999354451895,0.7078538183122873,19.333816831931472
1101,181.619206344,139,7,1,2265,7573,4,17.46562193147838,1.296777045354247,0.8431179448962212,0.6245682016015053,20.230085123330355
1103,181.814099114,143,8,2,2267,7579,6,16.278730938211083,0.5663901101797819,0.6671389564871788,0.6213721353560686,18.133632140234113
1104,181.911562499,138,8,1,2268,7584,5,16.470378963276744,0.5718001630157232,0.6788999307900667,0.6194999441504478,18.34057900123298
1105,182.009034592,140,8,1,2269,7585,1,16.654975013807416,0.6592129357159138,0.8225501514971256,0.6890888325870037,18.82582693360746
1106,182.106509143,146,9,0,2269,7586,1,17.789738019928336,0.5575239192694426,0.6890799850225449,0.6133159622550011,19.649657886475325
1107,182.203985903,149,8,0,2269,7589,3,16.594711923971772,0.5018389783799648,0.6997899617999792,0.6156919989734888,18.412032863125205
1108,182.496384516,135,3,0,2269,7590,1,15.935308067128062,0.4834940191358328,0.6512789987027645,0.6013258825987577,17.671406967565417
1109,182.5938574,138,4,0,2269,7590,0,19.15158610790968,0.8241420146077871,0.7940048817545176,0.7501151412725449,21.51984814554453
1110,182.691332952,144,6,1,2270,7592,2,16.14707405678928,0.5770400166511536,0.6695629563182592,0.6255300249904394,18.01920705474913
1111,182.983731731,148,4,0,2270,7592,0,16.953232930973172,0.4902970977127552,0.6715559866279364,0.6254520267248154,18.74053804203868
1113,183.178677959,147,6,0,2270,7594,2,16.523809172213078,0.5507110618054867,0.8016601204872131,0.666947802528739,18.543128157034516
1114,183.276180677,145,4,0,2270,7594,0,16.5790228638798,0.4897261969745159,0.6624599918723106,0.6160519551485777,18.347261007875204
1115,183.471088405,146,6,2,2272,7597,3,16.97988319210708,0.5589460488408804,0.6773879285901785,0.6093797273933887,18.82559689693153
1117,183.666025883,154,7,0,2272,7599,2,17.807430820539594,0.5222170148044825,0.7071839645504951,0.6311610341072083,19.66799283400178
1118,183.76350031,158,6,0,2272,7599,0,17.30729592964053,0.4942850209772587,0.6680600345134735,0.6440849974751472,19.11372598260641
1119,183.958441663,166,3,1,2273,7600,1,19.738534931093454,0.5939209368079901,0.6629100535064936,0.9268561843782663,21.922222105786204
1121,184.153362516,169,5,2,2275,7606,6,17.57234102115035,0.5935709923505783,0.684390077367425,0.6131879054009914,19.463489996269345
1122,184.250826442,161,8,2,2277,7618,12,17.979854019358754,0.5985600873827934,0.7151179015636444,0.6598748732358217,19.953406881541014
1123,184.348278618,158,8,1,2278,7623,5,17.965156119316816,0.6006038747727871,0.6916839629411697,0.6071161478757858,19.86456010490656
1124,184.445742003,154,7,0,2278,7625,2,18.394920974969864,0.5117980763316154,0.7098780479282141,0.6568089593201876,20.27340605854988
1125,184.738120199,153,6,1,2279,7626,1,17.6604560110718,0.5738937761634588,0.7723148446530104,0.6437045522034168,19.650369184091687
1126,184.835585667,152,8,1,2280,7630,4,17.00062188319862,0.5920380353927612,0.6770070176571608,0.6073960103094578,18.877062946558
1127,184.933048011,158,7,0,2280,7630,0,18.643845804035664,0.5087819881737232,0.8430969901382923,0.6507693324238062,20.646494114771485
1128,185.225437623,166,10,3,2283,7634,4,17.604782013222575,1.5779230743646622,3.4683800768107176,0.765632838010788,23.416718002408743
1129,185.322899425,165,8,0,2283,7636,2,19.68165789730847,1.392334932461381,1.0633300989866257,0.6207721307873726,22.758095059543848
1130,185.420363018,160,7,0,2283,7637,1,19.94391903281212,0.6935179699212313,0.6940879393368959,0.6747532170265913,22.006278159096837
1131,185.712802172,160,8,1,2284,7644,7,17.220362089574337,0.5524130538105965,0.679010059684515,0.6002746522426605,19.05205985531211
1133,185.907703817,145,11,5,2289,7661,17,17.725878162309527,0.5982189904898405,0.7767230272293091,0.61784777790308,19.718667957931757
1134,186.005175118,141,5,0,2289,7661,0,17.74267992004752,0.5069179460406303,0.6902208551764488,0.6476230919361115,19.587441813200712
1135,186.200122221,153,8,1,2290,7664,3,16.88335300423205,0.609060050919652,0.7300160359591246,0.7072919979691505,18.929721089079976
1137,186.395069866,134,11,3,2293,7676,12,15.893290052190423,0.5808270070701838,0.6901009473949671,0.6120449397712946,17.77626294642687
1138,186.492533751,133,9,3,2296,7682,6,18.300303956493735,0.561191001906991,0.6805730517953634,0.6801921408623457,20.222260151058435
1139,186.687471062,142,13,2,2298,7690,8,16.515704104676843,0.5728108808398247,0.7098477799445391,0.601898180320859,18.400260945782065
1141,186.882407915,170,10,0,2298,7690,0,19.384863087907434,1.2759470846503973,1.0455669835209846,0.6262119859457016,22.332589142024517
1142,186.979871341,154,8,0,2298,7692,2,18.057038076221943,0.5163960158824921,0.7648209575563669,1.1553619988262653,20.493617048487067
1143,187.174816986,156,7,0,2298,7692,0,18.43525585718453,0.4830639809370041,0.6745520513504744,0.9323952253907919,20.5252671148628
1145,187.369743922,158,8,0,2298,7692,0,17.365484032779932,0.4769430961459875,0.6880878936499357,0.6073249969631433,19.137840019539
1146,187.467206349,156,8,4,2302,7707,15,17.16803410090506,0.5839529912918806,0.7594511844217777,0.7199477404356003,19.23138601705432
1147,187.56467065,156,9,0,2302,7709,2,18.4215500485152,0.5405910778790712,0.7087569683790207,0.7746201008558273,20.44551819562912
1148,187.662132701,161,13,1,2303,7711,2,17.955077113583684,1.6544659156352282,0.7156790234148502,0.610151793807745,20.935373846441507
1149,187.857069763,166,11,0,2303,7715,4,19.073630217462778,1.2233499437570572,1.063019037246704,0.8666308131068945,22.226630011573434
1150,188.051996657,168,8,0,2303,7715,0,17.547243973240256,0.49320305697619915,0.6669578142464161,0.6293181795626879,19.33672302402556
1151,188.149470584,171,8,2,2305,7717,2,20.393840968608856,0.5799548234790564,0.696313101798296,0.6358399987220764,22.305948892608285
1152,188.441905655,190,12,3,2308,7727,10,19.66215204447508,0.6293978076428175,0.6635708268731833,0.8123612497001886,21.767481928691268
1153,188.53933454,193,6,0,2308,7727,0,18.75615702010691,0.4807400982826948,0.6775679066777229,0.6139480974525213,20.52841312251985
1155,188.734260184,192,11,1,2309,7729,2,20.661521004512906,0.6016150582581758,0.7305571343749762,0.7321017328649759,22.725794930011034
1156,188.929186995,222,11,1,2310,7732,3,20.73157299309969,0.6831081118434668,3.620665054768324,0.707403989508748,25.742750149220228
1158,189.12411314,215,13,1,2311,7736,4,19.657382974401116,0.6061249878257513,0.7503738161176443,0.9245502296835184,21.93843200802803
1159,189.2215784,216,11,0,2311,7736,0,22.051742998883128,0.5432069301605225,0.7049390114843845,0.6612271536141634,23.9611160941422
1160,189.416482836,203,9,2,2313,7739,3,20.867757964879274,0.5704269278794527,0.74737798422575,0.6192000582814217,22.8047629352659
1162,189.611405147,195,8,1,2314,7745,6,20.591030130162835,1.5335299540311098,0.932144932448864,0.6290548481047153,23.685759864747524
1163,189.708859657,190,8,0,2314,7745,0,19.558256957679987,0.5070180632174015,0.6798719987273216,0.6187998224049807,21.36394684202969
1164,189.903778177,190,10,2,2316,7749,4,18.485328881070018,0.5654678680002689,0.6773869972676039,0.6099932361394167,20.338176982477307
1166,190.098711946,181,7,1,2317,7755,6,20.127541851252317,0.557874096557498,0.6827381439507008,0.5946028977632523,21.96275698952377
1167,190.196177789,180,7,0,2317,7755,0,19.16650403290987,0.591927208006382,0.7057508919388056,0.6380747072398663,21.102256840094924
1168,190.391101767,182,11,3,2320,7762,7,17.724365927278996,0.5580149590969086,4.005454946309328,0.6150000263005495,22.90283585898578
1170,190.586039579,174,10,2,2322,7767,5,20.661490969359875,0.5958650726824999,1.2295509222894907,0.6303300615400076,23.117237025871873
1171,190.683512088,178,11,3,2325,7770,3,19.494848791509867,0.6232559680938721,0.7307580672204494,0.6734391208738089,21.522301947697997
1172,190.878460483,178,10,4,2329,7770,0,22.170495940372348,0.6016059778630733,1.2430159840732813,0.6236571352928877,24.63877503760159
1174,191.073407878,178,9,2,2331,7773,3,18.424596870318055,0.6482531316578388,0.7429199758917093,0.6981461774557829,20.513916155323386
1175,191.268355897,180,13,6,2337,7783,10,20.603564102202654,0.6227351259440184,0.7166010327637196,0.641439575701952,22.584339836612344
1176,191.36582974,173,9,1,2338,7788,5,21.5284142177552,1.1972000356763601,0.7042170036584139,0.8393607567995787,24.26919201388955
1178,191.560776968,182,10,2,2340,7793,5,20.171614829450846,0.9626420214772224,0.6904918700456619,1.3721573632210493,23.19690608419478
1179,191.755724696,193,11,2,2342,7798,5,19.14334110915661,0.6006739567965269,0.7317289710044861,0.6990679539740086,21.17481199093163
1181,191.950673549,190,15,6,2348,7810,12,18.80223280750215,0.6246790289878845,0.7289240602403879,0.6464892067015171,20.80232510343194
1182,192.048147309,187,13,0,2348,7810,0,19.20150895603001,0.47833495773375034,0.7031559944152832,0.6179572083055973,21.000957116484642
1183,192.243093828,201,13,4,2352,7813,3,21.063995081931353,0.5511611234396696,0.7044780068099499,0.6192389409989119,22.938873153179884
1185,192.438042098,205,11,6,2358,7822,9,20.61623800545931,0.5787829868495464,0.6857127882540226,0.603729160502553,22.48446294106543
1186,192.535518858,203,13,1,2359,7828,6,21.384094143286347,0.5840631201863289,0.6744018755853176,0.6108628585934639,23.253421997651458
1187,192.730463336,213,19,6,2365,7843,15,20.00552392564714,0.6015049293637276,0.715348869562149,0.6062451284378767,21.928622853010893
1189,192.925410147,234,21,7,2372,7871,28,21.6978311073035,0.5760181229561567,0.7518469356000423,0.8841638918966055,23.909860057756305
1190,193.022885198,240,25,3,2375,7894,23,23.849227000027895,0.9721189271658659,0.9009859059005976,0.7821032777428627,26.50443511083722
1191,193.217831426,254,21,5,2380,7913,19,23.7752478569746,0.5948231555521488,0.7522669620811939,0.6165038794279099,25.738841854035854
1193,193.412779321,272,19,2,2382,7919,6,25.334325851872563,0.5746150854974985,0.7071942090988159,0.6249279249459505,27.24106307141483
1194,193.510253747,295,20,6,2388,7935,16,24.660504888743162,0.5911160260438919,0.7345250342041254,0.7497519254684448,26.735897874459624
1195,193.705202475,317,29,9,2397,7964,29,26.5180307906121,0.6545351352542639,0.8609909564256668,0.7385620847344398,28.772118967026472
1197,193.900188078,339,29,11,2408,7985,21,27.878466062247753,0.602558022364974,0.7940260693430901,0.6194587331265211,29.89450888708234
1198,194.095095473,350,42,5,2413,8014,29,26.626873994246125,0.8039539679884911,2.0346969831734896,0.7593820337206125,30.22490697912872
1200,194.387516502,359,34,18,2431,8069,55,27.380704879760742,0.6270639132708311,0.8861080277711153,0.7489712443202734,29.642848065122962
1201,194.485039637,357,31,11,2421,8102,33,27.45627611875534,0.575407175347209,0.8196139242500067,0.6337957456707954,29.48509296402335
1202,194.582464855,350,32,4,2425,8116,14,25.8404731284827,0.5679819732904434,1.5422860160470009,0.6227158010005951,28.57345691882074
1203,194.777476416,348,33,7,2432,8136,20,26.51411318220198,1.0428710374981165,1.292359083890915,0.767044723033905,29.616388026624918
1204,194.87500351,351,31,5,2437,8141,5,27.3821079172194,0.5580540746450424,0.7629068568348885,0.8980212733149529,29.601090122014284
1205,195.167520372,327,23,8,2445,8164,23,25.86454711854458,0.6238168571144342,0.7430198602378368,0.7277231197804213,27.95910695567727
1207,195.362532683,309,16,4,2449,8179,15,27.70726615563035,1.9346210174262524,0.7137260399758816,0.7323988247662783,31.088012037798762
1208,195.557532036,296,16,5,2454,8198,19,23.64633698016405,0.5729719996452332,1.781814033165574,0.7542821113020182,26.755405124276876
1209,195.65502688,287,20,4,2458,8207,9,25.361796841025352,0.6331251934170723,0.7214599754661322,0.7243149448186159,27.440696954727173
1211,195.850026816,298,25,15,2473,8228,21,24.396791122853756,1.1026330757886171,1.2554798740893602,0.6338558159768581,27.38875988870859
1212,196.045029294,311,26,11,2484,8253,25,27.294724015519023,1.4288239181041718,0.782273942604661,0.9945901110768318,30.500411987304688
1214,196.240058022,296,16,7,2491,8265,12,22.808909881860018,0.591004965826869,0.7128240540623665,0.6579221226274967,24.77066102437675
1215,196.435000041,249,12,1,2492,8270,5,20.87926911190152,0.7087369449436665,0.8610710501670837,0.6825667805969715,23.131643887609243
1216,196.629956352,227,8,3,2495,8275,5,22.508618189021945,0.9316529612988234,0.8050659671425819,0.7779567968100309,25.02329391427338
1217,196.727441362,213,7,1,2496,8279,4,19.150323932990432,0.5661689210683107,0.6747720763087273,0.6009161006659269,20.992181031033397
1219,197.117315485,175,7,3,2499,8280,1,20.22686181589961,0.5826209671795368,0.681465957313776,0.7856811862438917,22.276629926636815
1220,197.214778453,178,9,3,2502,8284,4,19.662626087665558,0.9160749614238739,0.8343521039932966,0.7426007650792599,22.15565391816199
1221,197.312252379,176,14,3,2505,8287,3,18.032504012808204,0.571470009163022,0.804186100140214,0.6257507484406233,20.033910870552063
1222,197.507178774,178,12,3,2508,8291,4,18.772028852254152,0.5800961516797543,0.6829879712313414,0.6407001055777073,20.675813080742955
1223,197.604651534,177,11,0,2508,8294,3,18.714571138843894,0.5207050126045942,0.7251168135553598,0.6772989872843027,20.63769195228815
1224,197.702114752,181,16,5,2513,8297,3,19.535462837666273,0.616858946159482,0.7014179136604071,0.6352441851049662,21.48898388259113
1225,197.994503906,172,10,0,2513,8299,2,20.152298035100102,0.5905600264668465,0.7180990651249886,0.8496157824993134,22.31057290919125
1227,198.189433009,176,15,2,2515,8303,4,18.913881853222847,0.5928338505327702,0.6872308440506458,0.6028825882822275,20.79682913608849
1228,198.286904436,182,13,1,2516,8303,0,20.389853976666927,0.9114218410104513,1.2366930022835732,0.6567852105945349,23.194754030555487
1229,198.481841039,168,11,0,2516,8304,1,18.18267907947302,0.5071631167083979,0.6898951251059771,0.6153346039354801,19.995071925222874
1231,198.676781266,185,16,2,2518,8314,10,19.53580998815596,1.4407569542527199,1.0767730418592691,0.6224890239536762,22.675829008221626
1232,198.871725536,179,15,1,2519,8315,1,17.77071412652731,0.5710730329155922,0.677773030474782,0.6208857521414757,19.64044594205916
1233,198.969200504,172,11,0,2519,8317,2,19.07999417744577,0.49882708117365837,0.7346300408244133,0.6385087035596371,20.951960003003478
1234,199.066673764,173,15,1,2520,8317,0,19.04081995598972,0.5753608420491219,0.6805590819567442,0.616827979683876,20.91356785967946
1235,199.359095002,181,12,4,2524,8327,10,18.13345612026751,0.591691117733717,0.698181102052331,0.6362656131386757,20.059593953192234
1236,199.554044646,167,6,0,2524,8327,0,17.479666974395514,1.21298898011446,0.7486268877983093,0.9290953166782856,20.37037815898657
1237,199.748990499,163,11,1,2525,8333,6,19.08918097615242,0.5869218148291111,0.6795458029955626,0.6908383220434189,21.046486916020513
1238,199.846464467,164,10,0,2525,8335,2,17.710521118715405,0.5508251488208771,0.7544169202446938,0.6616928149014711,19.677456002682447
1239,200.04141057,167,8,0,2525,8336,1,18.068913836032152,1.1105570010840893,0.8776690810918808,0.6417452823370695,20.69888520054519
1240,200.236359673,163,9,2,2527,8341,5,18.893673084676266,1.1218180879950523,0.7569519802927971,0.864814966917038,21.637258119881153
1242,200.431307026,157,10,1,2528,8345,4,18.889364786446095,0.6072008982300758,0.7166860159486532,0.6311770994216204,20.844428800046444
1243,200.626254546,156,8,2,2530,8350,5,17.767256824299693,0.9678779169917107,0.763363903388381,0.6628953851759434,20.161394029855728
1245,200.918675158,151,11,2,2532,8354,4,16.840205062180758,0.8401090744882822,0.742725096642971,1.1378268245607615,19.560866057872772
1246,201.016151043,157,10,1,2533,8356,2,18.96411506459117,1.2195110321044922,0.7898539770394564,0.7856558077037334,21.75913588143885
1247,201.113622928,153,7,1,2534,8360,4,18.64200085401535,0.5958790425211191,0.6828019395470619,0.6166291423141956,20.537310978397727
1248,201.308571739,147,7,0,2534,8360,0,18.069644924253225,0.5170109216123819,0.7028901018202305,0.6195351015776396,19.909081049263477
1249,201.601024852,162,10,3,2537,8377,17,17.444630851969123,0.6003379821777344,0.7127691060304642,0.6754591595381498,19.43319709971547
1250,201.698552487,160,7,2,2539,8383,6,17.850543837994337,0.5732770077884197,1.7921458929777145,0.6361764390021563,20.852143177762628
1251,201.795995163,153,7,1,2540,8384,1,17.201182898133993,0.5684178322553635,0.6660819053649902,0.6315363571047783,19.067218992859125
1252,202.088437151,160,12,3,2543,8396,12,17.783318180590868,0.5474179051816463,0.7087620906531811,0.593964708968997,19.633462885394692
1254,202.283404879,145,7,0,2543,8396,0,17.554938094690442,0.5010711029171944,0.7410121615976095,0.6243826355785131,19.42140399478376
1255,202.380900639,138,8,1,2544,8399,3,16.98737102560699,0.6304350681602955,0.7464631926268339,0.6795257795602083,19.043795065954328
1256,202.575851117,144,10,0,2544,8402,3,16.867756843566895,0.5259579047560692,0.7401509210467339,0.6255651824176311,18.75943085178733
1258,202.770804928,143,8,2,2546,8409,7,16.35145698674023,0.5894878413528204,0.6994039285928011,0.6055072881281376,18.24585604481399
1259,202.965806864,148,6,0,2546,8409,0,16.647021984681487,0.5769738927483559,2.2104119416326284,0.6519851740449667,20.086392993107438
1260,203.063291916,153,8,2,2548,8414,5,18.185092136263847,0.7404410280287266,0.7224881555885077,0.6749355234205723,20.322956843301654
1262,203.258206768,150,6,0,2548,8414,0,19.777341978624463,0.485030934214592,0.6773120258003473,0.62547717243433,21.565162111073732
1263,203.453176496,154,7,1,2549,8416,2,19.033435033634305,0.6129918619990349,0.6826631724834442,0.7981490343809128,21.127239102497697
1265,203.648133474,164,9,1,2550,8419,3,20.5456861294806,0.6538680754601955,0.6933019030839205,0.6502419710159302,22.543098079040647
1266,203.843102702,170,5,1,2551,8422,3,17.186686163768172,0.5846479907631874,0.6738961674273014,0.6140437908470631,19.059274112805724
1267,203.940575379,154,9,1,2552,8425,3,16.963226022198796,0.5800791550427675,0.6871798541396856,0.6087648216634989,18.83924985304475
1269,204.135545357,152,8,0,2552,8427,2,17.998741008341312,0.5152369849383831,0.7028200197964907,0.646206084638834,19.86300409771502
1270,204.330513585,150,6,0,2552,8427,0,19.64803901501,0.483507988974452,1.1532860808074474,0.5944878794252872,21.879320964217186
1272,204.525510937,139,9,4,2556,8439,12,17.62613095343113,0.5694201681762934,0.6633771117776632,0.6015289109200239,19.46045714430511
1273,204.623006489,143,8,1,2557,8443,4,16.23833505436778,1.0407748632133007,0.9957309812307358,0.8461792021989822,19.1210201010108
1274,204.817937842,155,8,0,2557,8443,0,16.963456058874726,0.4861240740865469,0.7001250050961971,0.6056169513612986,18.75532208941877
1276,205.01284032,150,5,0,2557,8443,0,17.763689858838916,0.5341831129044294,0.7502990774810314,0.6136130541563034,19.66178510338068
1277,205.207789089,148,9,4,2561,8452,9,18.004962941631675,0.7988510187715292,0.771739985793829,1.7787609249353409,21.354314871132374
1278,205.305261766,150,7,0,2561,8453,1,17.835824051871896,0.504438066855073,0.7188708987087011,0.6119299214333296,19.671062938869
1279,205.500210119,144,7,2,2563,8456,3,17.205280950292945,0.5842568352818489,0.6794659420847893,0.597173348069191,19.066177075728774
1281,205.890151575,148,7,0,2563,8457,1,19.314642995595932,0.633900985121727,0.6964991334825754,1.1750860139727592,21.820129128172994
1282,205.987580668,146,9,4,2567,8464,7,17.472361912950873,0.5724250804632902,0.67889504134655,0.6062798202037811,19.329961854964495
1283,206.085052094,145,10,4,2571,8480,16,17.5573721062392,0.5737179890275002,1.7581228166818619,0.6079410668462515,20.497153978794813
1284,206.280000572,149,9,1,2572,8484,4,18.370889825746417,0.5916119553148746,0.6922108586877584,0.6235092878341675,20.278221927583218
1286,206.474954925,151,8,1,2573,8491,7,18.760271137580276,0.5791180301457644,0.6867500487715006,0.6161567289382219,20.642295945435762
1287,206.669894486,153,10,5,2578,8502,11,19.217560067772865,0.5711929406970739,1.6930699348449707,0.6266981363296509,22.10852107964456
1288,206.767412746,159,8,2,2580,8509,7,19.91985901258886,0.5903288256376982,1.1406929697841406,0.6488892249763012,22.299770032987
1289,207.059791442,171,20,12,2592,8543,34,20.29693708755076,0.7609489839524031,0.7701560389250517,0.6402547005563974,22.46829681098461
1290,207.157264827,174,10,3,2595,8546,3,19.175261026248336,0.6980919279158115,0.7248821202665567,0.6018290296196938,21.200064104050398
1292,207.35221293,173,13,1,2596,8550,4,19.80494405142963,1.253774855285883,0.8595248218625784,0.8871261961758137,22.805369924753904
1293,207.547160449,194,14,6,2602,8556,6,22.4989450071007,0.9815329685807228,0.7762578316032887,1.3327542692422867,25.589490076527
1295,207.742107136,212,19,4,2606,8579,23,22.439252119511366,0.5744488444179296,0.7151542231440544,0.6112277042120695,24.34008289128542
1296,207.937064572,230,23,7,2613,8610,31,22.446556016802788,1.0946260299533606,1.0284420568495989,0.7117970380932093,25.281421141698956
1297,208.03452829,244,24,5,2618,8621,11,22.431638091802597,0.5961800925433636,0.7187901064753532,0.7864967919886112,24.533105082809925
1298,208.229477393,263,29,10,2628,8654,33,23.545960895717144,0.5957488901913166,0.8051129989326,0.6222082301974297,25.56903101503849
1300,208.619371432,290,33,14,2642,8699,45,24.10618308931589,0.5918110255151987,0.835358863696456,0.6171911954879761,26.150544174015522
1301,208.716845192,301,29,10,2652,8721,22,25.304323993623257,0.5686981603503227,0.790274003520608,0.5996369291096926,27.26293308660388
1302,208.91180392,321,27,1,2653,8727,6,24.630096973851323,0.9385740850120783,0.7883410435169935,0.8412697352468967,27.19828183762729
1303,209.009277055,320,32,7,2660,8751,24,25.560103822499514,0.6012299563735723,0.8170348592102528,0.6447401829063892,27.623108820989728
1305,209.204280074,320,27,7,2667,8760,9,27.5262170471251,0.9180950000882149,0.7983800023794174,0.7714377716183662,30.0141298212111
1306,209.399183469,345,24,8,2675,8782,22,28.48455705679953,0.6103559862822294,0.7854460272938013,0.7348209619522095,30.61518003232777
1307,209.59414128,348,24,4,2679,8802,20,25.615978986024857,0.5760618951171637,0.7293098606169224,0.6371473427861929,27.558498084545135
1308,209.886572976,334,27,10,2689,8827,25,27.561473194509745,0.6876420229673386,0.9090669918805361,0.7946628611534834,29.952845070511103
1310,210.081520621,337,18,3,2692,8842,15,27.83808298408985,0.803869916126132,1.0381799656897783,0.7488171104341745,30.428949976339936
1311,210.179004797,328,21,2,2694,8854,12,25.848345132544637,0.6150549743324518,0.7889620028436184,0.683824997395277,27.936187107115984
1314,210.568900086,334,28,9,2703,8888,34,25.80820000730455,0.5896571092307568,0.8597150444984436,0.6806689780205488,27.9382411390543
1315,210.666375596,336,29,5,2708,8904,16,28.76346092671156,0.9592720307409763,0.8359411731362343,0.6837728433310986,31.24244697391987
1316,210.861320991,335,44,10,2718,8937,33,26.18088899180293,0.6451918743550777,1.1216469574719667,0.6443602032959461,28.59208802692592
1318,211.056269469,333,39,10,2728,8962,25,27.23658294416964,0.5647311918437481,0.7977588102221489,0.6304029375314713,29.22947588376701
1319,211.251216822,332,36,5,2733,8977,15,26.871656998991966,0.5762928631156683,0.8047020528465509,0.6248732097446918,28.877525124698877
1320,211.348690665,341,34,3,2736,8992,15,27.96725509688258,1.3640320394188166,0.8097109384834766,0.6176808383315802,30.758678913116455
1321,211.641157069,335,35,14,2750,9027,35,28.534721117466688,0.5736779421567917,0.8065248839557171,0.751120038330555,30.666043981909752
1323,211.933533682,332,40,17,2767,9074,47,26.52136911638081,1.673834165558219,1.5086038038134575,0.6655796896666288,30.369386775419116
1324,212.031007275,335,41,2,2769,9087,13,25.570712983608246,1.1418650392442942,0.8129270281642675,0.9517769794911146,28.477282030507922
1326,212.323428221,344,27,9,2778,9107,20,25.61296196654439,1.2091509997844696,0.7912160363048315,0.8589448407292366,28.472273843362927
1327,212.420903522,337,42,4,2782,9129,22,28.861265163868666,0.5939060356467962,0.846480019390583,0.6402807775884867,30.94193199649453
1328,212.615850042,336,37,4,2786,9146,17,27.891021920368075,0.5776949692517519,2.1449390333145857,0.6512131076306105,31.264869030565023
1330,212.908272238,335,30,8,2794,9168,22,27.309939032420516,0.6530759856104851,1.0072418954223394,0.8567001204937696,29.82695703394711
1331,213.103209758,330,35,5,2799,9185,17,25.981344049796462,0.583756947889924,0.8064350113272667,0.6236201152205467,27.9951561242342
1333,213.298157652,323,29,5,2804,9200,15,25.671681854873896,0.5652918480336666,0.7785719353705645,0.6068812217563391,27.622426860034466
1334,213.395629745,329,37,8,2812,9223,23,26.424155104905367,0.6511630490422249,0.8574312087148428,0.6395315285772085,28.572280891239643
1335,213.59057739,327,27,0,2812,9226,3,26.126465993002057,0.5439110100269318,0.8117649704217911,0.6898269057273865,28.171968879178166
1337,213.78556316,333,30,7,2819,9245,19,30.76076111756265,0.6275780033320189,0.8546351455152035,0.8697859011590481,33.11276016756892
1338,214.077946522,332,27,3,2822,9255,10,27.894706930965185,0.6415548268705606,0.8938990067690611,0.9935172274708748,30.42367799207568
1340,214.272895833,335,31,5,2827,9289,34,30.67019092850387,0.5943060386925936,0.8439149241894484,0.6630360148847103,32.77144790627062
1343,214.760262799,328,22,4,2831,9300,11,30.244101071730256,0.5947269964963198,0.7408109959214926,0.6201157812029123,32.19975484535098
1344,214.857738559,329,26,4,2835,9316,16,27.404507156461477,1.4681369066238403,1.090537989512086,0.6254161708056927,30.588598223403096
1345,214.955213069,330,28,3,2838,9324,8,27.30127307586372,0.6080931052565575,0.785475829616189,0.8256989531219006,29.520540963858366
1346,215.05268437,327,31,4,2842,9336,12,26.10149886459112,0.5937851965427399,0.8371318690478802,0.6624751258641481,28.19489105604589
1347,215.24767639,331,26,8,2850,9368,32,25.325421011075377,0.5894580390304327,0.8336158934980631,0.6353431381285191,27.383838081732392
1348,215.540054377,332,26,3,2853,9378,10,28.339873999357224,0.6009889766573906,0.8959530387073755,0.715112779289484,30.551928794011474
1350,215.73500273,321,28,6,2859,9396,18,25.479319971054792,0.5911909975111485,0.7851750124245882,0.599374994635582,27.45506097562611
1351,215.929938625,320,24,6,2865,9415,19,27.406329987570643,0.5855700001120567,0.7417639717459679,0.6219870410859585,29.355651000514627
1352,216.02741276,323,27,2,2867,9426,11,29.14944407530129,0.6194328889250755,0.7913769222795963,0.7187200244516134,31.278973910957575
1353,216.319824081,316,31,9,2876,9459,33,25.376406963914633,0.5790169816464186,0.8152511436492205,0.6514338310807943,27.422108920291066
1355,216.612235194,323,31,6,2882,9477,18,27.11804793216288,0.5981540307402611,0.845438102260232,0.6308648735284805,29.192504938691854
1356,216.709698912,320,24,0,2882,9479,2,26.127628050744534,0.6879731081426144,2.5508319959044456,0.7483649533241987,30.114798108115792
1358,217.002108066,327,25,4,2886,9498,19,25.847461074590683,1.5355139039456844,1.7673801630735397,0.8992999792098999,30.049655120819807
1359,217.099572284,333,27,3,2889,9508,10,26.823324151337147,1.4551139902323484,1.8248178530484438,0.8375321049243212,30.94078809954226
1360,217.392025439,329,26,7,2896,9520,12,26.741740992292762,0.5966001190245152,1.919355010613799,0.6700200028717518,29.927716124802828
1362,217.586909166,326,22,2,2898,9528,8,25.37445304915309,0.5866321735084057,0.6975899450480938,0.6039149593561888,27.262590127065778
1363,217.781834103,308,24,5,2903,9547,19,24.515758967027068,0.6054369732737541,0.7383269257843494,0.6358451209962368,26.49536798708141
1365,218.074234674,316,24,4,2907,9560,13,25.756359100341797,0.6005680188536644,0.7739539723843336,0.640263082459569,27.771144174039364
1366,218.269173193,313,21,3,2910,9574,14,24.94417387060821,0.59115095064044,0.7452699355781078,0.6410032510757446,26.921598007902503
1368,218.464109088,295,23,9,2919,9607,33,25.840739021077752,0.5903488490730524,0.7237291429191828,0.6348518654704094,27.789668878540397
1369,218.659056441,303,25,3,2922,9618,11,25.660549057647586,0.5883551202714443,0.7132489699870348,0.6235027685761452,27.58565591648221
1370,218.756532617,305,20,4,2926,9628,10,24.26404715515673,0.5737468600273132,0.7476639002561569,0.6356751546263695,26.22113307006657
1371,218.951488095,290,23,8,2934,9651,23,23.401586106047034,0.5735070444643497,0.7085010875016451,0.6256047636270523,25.30919900164008
1373,219.341373509,301,21,4,2938,9665,14,25.285334791988134,0.6162070203572512,1.1098738759756088,3.317141206935048,30.328556895256042
1374,219.438848394,292,18,3,2941,9678,13,23.87157897464931,0.6668218411505222,0.7251121569424868,0.6529469974339008,25.91645997017622
1375,219.633795872,285,23,3,2944,9691,13,24.73040297627449,0.5761119537055492,0.7376058492809534,0.6407832261174917,26.684904005378485
1376,219.731308799,290,21,3,2947,9701,10,26.77036402747035,0.8339060004800558,0.7690039929002523,0.7212648633867502,29.09453888423741
1377,220.023691453,277,20,2,2949,9705,4,22.252167109400034,0.5843881517648697,0.6963179912418127,0.5765429232269526,24.10941617563367
1378,220.121165338,273,23,6,2955,9727,22,23.491965839639306,0.5793888121843338,1.138858962804079,0.6630853749811649,25.873298989608884
1379,220.413585242,283,24,5,2960,9748,21,27.649504831060767,0.7982600945979357,1.234979834407568,0.6675743497908115,30.350319109857082
1381,220.706007647,282,22,3,2963,9757,9,22.959034889936447,0.5991349462419748,0.7350509986281395,0.6250550504773855,24.918275885283947
1382,220.900956166,273,23,4,2967,9769,12,25.490340078249574,0.6511728279292583,0.7622919511049986,0.6617521867156029,27.565557043999434
1384,221.095947561,271,25,6,2973,9787,18,22.55401387810707,1.406020950525999,0.8166939951479435,0.7686130702495575,25.54534189403057
1385,221.290849205,273,28,5,2978,9802,15,25.197820039466023,0.6307337898761034,2.1086500491946936,0.6633172743022442,28.600521152839065
1387,221.583270276,268,19,2,2980,9806,4,23.92396703362465,0.5754311569035053,0.7157048676162958,0.9109610691666603,26.12606412731111
1388,221.778235421,277,29,8,2988,9834,28,22.85421686246991,0.6474459078162909,0.8915038779377937,0.6855293177068233,25.07869596593082
1390,221.973193232,289,30,6,2994,9855,21,23.726094979792833,0.7297599222511053,0.8040599059313536,0.6001282017678022,25.860043009743094
1391,222.168145918,282,28,3,2997,9864,9,23.030869895592332,1.1038030497729778,1.244578044861555,0.9317188523709774,26.310969842597842
1393,222.460588531,281,32,8,3005,9881,17,27.026104042306542,0.6284199189394712,0.822876114398241,0.6491797976195812,29.126579873263836
1394,222.558074833,276,34,4,3009,9901,20,22.658910136669874,0.5820831283926964,0.8396070916205645,0.6748887244611979,24.755489081144333
1396,222.850494737,275,35,6,3015,9926,25,25.08739219047129,0.5943570286035538,0.8094408549368382,0.6362239364534616,27.127414010465145
1397,222.94797033,283,39,3,3018,9941,15,24.44016607478261,0.6159469485282898,0.8384750690311193,0.6074600387364626,26.50204813107848
1398,223.142937308,282,30,7,3025,9960,19,23.42862612567842,0.664078164845705,0.8493349887430668,0.6480778101831675,25.59011708945036
1400,223.435369129,291,30,4,3029,9973,13,25.02595609985292,0.5802297964692116,0.8256400469690561,0.6439010612666607,27.075727004557848
1401,223.630328024,282,30,4,3033,9982,9,24.95304890908301,0.5919819232076406,0.7870178669691086,0.6233411841094494,26.955389883369207
1403,223.825285293,279,32,6,3039,10000,18,24.879179894924164,0.5726860836148262,0.8147999178618193,0.6060590967535973,26.872724993154407
1404,224.020233396,289,33,4,3043,10017,17,26.90341300331056,0.5821129307150841,0.8208518847823143,0.9153191931545734,29.221697011962533
1405,224.117707281,295,33,7,3050,10042,25,23.749147076159716,0.5694900173693895,0.7980091031640768,0.6128607783466578,25.72950697503984
1406,224.410129102,300,29,10,3060,10065,23,27.613716898486018,1.1602691374719143,1.4471681788563728,0.6152058485895395,30.836360063403845
1408,224.702562465,302,33,6,3066,10089,24,27.01624482870102,0.5766430404037237,0.8029378950595856,0.6222492083907127,29.01807497255504
1409,224.897508193,297,31,6,3072,10120,31,24.93401407264173,0.574077945202589,0.7996619679033756,0.6068998482078314,26.914653833955526
1411,225.092509796,325,36,7,3079,10151,31,25.617216946557164,1.0144358966499567,0.9013330563902855,0.7264930754899979,28.259478975087404
1412,225.384899408,313,27,5,3084,10162,11,24.651031009852886,0.5787268746644258,0.8011250756680965,0.635884003713727,26.666766963899136
1414,225.579848011,321,33,11,3095,10191,29,25.318805826827884,2.4458339903503656,1.2893618550151587,1.0744882747530937,30.1284899469465
1415,225.774804197,316,33,5,3100,10213,22,26.00809116847813,0.5721040070056915,0.8009939920157194,0.6313158664852381,28.01250503398478
1417,226.067226852,323,31,7,3107,10241,28,25.231562089174986,0.5795890465378761,0.8186579216271639,0.6114479620009661,27.241257019340992
1418,226.262173996,318,28,5,3112,10262,21,25.45433002524078,0.7349911611527205,0.8222740143537521,0.6366258021444082,27.64822100289166
1420,226.457123974,321,29,6,3118,10284,22,25.912391021847725,0.5925130099058151,0.8200500160455704,0.6032430101186037,27.928197057917714
1421,226.652111536,329,24,4,3122,10292,8,26.219567051157355,0.5848689470440149,0.7328069768846035,0.633459072560072,28.170702047646046
1422,226.749545504,324,33,2,3124,10307,15,28.521019965410233,0.6060781888663769,0.8576209656894207,0.676340889185667,30.661060009151697
1423,227.139437626,319,27,5,3129,10320,13,28.0187560711056,2.3099989630281925,1.1802769731730223,0.7974279578775167,32.30645996518433
1425,227.334385563,318,27,9,3138,10356,36,26.209498988464475,0.7210839539766312,1.1041038669645786,0.7577731739729643,28.79245998337865
1426,227.52933329,340,32,4,3142,10372,16,28.366459999233484,0.605056993663311,0.8505380246788263,0.6557600572705269,30.47781507484615
1427,227.72428181,337,28,10,3152,10397,25,27.55212993361056,0.5778050981462002,1.5625448431819677,0.6117201410233974,30.304200015962124
1428,228.016705006,338,30,3,3155,10411,14,27.85951690748334,1.918863970786333,1.224209787324071,0.654429430142045,31.65702009573579
1430,228.211650859,341,27,5,3160,10428,17,26.996787171810865,0.6166081875562668,0.7920379284769297,0.6015198305249214,29.006953118368983
1431,228.406644712,311,29,9,3169,10460,32,26.80431492626667,0.5797590129077435,0.8998401463031769,0.6221679504960775,28.906082035973668
1433,228.699020366,336,30,7,3176,10483,23,25.878105778247118,0.5954380612820387,0.8232258260250092,0.6659612990915775,27.962730964645743
1434,228.893968219,303,22,6,3182,10503,20,26.35304699651897,0.5728560499846935,0.7157151121646166,0.6273377221077681,28.268955880776048
1435,229.08891428,344,29,8,3190,10531,28,26.67340892367065,0.5947970785200596,0.8394969627261162,0.6379790138453245,28.74568197876215
1436,229.283908342,336,24,3,3193,10539,8,30.99813195876777,0.7175679784268141,0.8582719601690769,2.155998954549432,34.729970851913095
1438,229.576284538,320,28,2,3195,10559,20,28.15540204755962,0.6035629194229841,0.8540039416402578,0.6204871460795403,30.2334560547024
1439,229.771238974,326,27,3,3198,10570,11,27.90347905829549,0.5542810540646315,0.8017360232770443,0.6238818168640137,29.883377952501178
1441,229.966178327,316,20,9,3207,10585,15,28.142739087343216,0.6008991040289402,0.72531308978796,0.6201725918799639,30.08912387304008
1442,230.161129138,325,30,7,3214,10611,26,29.97552091255784,0.5841772072017193,0.7997020147740841,0.6868098862469196,32.04621002078056
1444,230.453547793,323,24,3,3217,10619,8,29.190356144681573,0.6388898473232985,0.7913769222795963,0.7212350610643625,31.34185797534883
1445,230.648495937,328,26,5,3222,10633,14,28.36976503022015,2.1567910443991423,0.8336550090461969,0.639340840280056,31.999551923945546
1448,230.9409173,346,24,9,3231,10667,34,29.657163191586733,0.6153860595077276,0.7746049668639898,0.7590048480778933,31.806159066036344
1449,231.135853861,373,22,4,3235,10685,18,28.0930339358747,0.5693489219993353,0.7324859034270048,0.6510734092444181,30.04594217054546
1451,231.330802422,372,25,12,3247,10720,35,28.914698166772723,0.6857980042695999,0.7933201268315315,0.6538776215165854,31.04769391939044
1452,231.525739442,349,23,5,3252,10732,12,27.941288892179728,0.7332670502364635,2.2813051473349333,0.7516727782785892,31.707533868029714
1454,231.818149263,349,24,11,3263,10764,32,28.340318938717246,0.8329250849783421,0.9473990648984909,0.8078878745436668,30.928530963137746
1455,232.013098116,342,23,6,3269,10795,31,27.28101913817227,0.563537934795022,0.7083909586071968,0.6832429207861423,29.23619095236063
1457,232.208034594,340,23,9,3278,10817,22,28.529604896903038,0.5985640455037355,0.711947213858366,0.6187818944454193,30.45889805071056
1458,232.402972363,341,23,3,3281,10834,17,29.986331006512046,0.5762320943176746,0.7171870674937963,0.6454118993133307,31.925162067636847
1460,232.695392935,347,24,8,3289,10855,21,27.833546977490187,0.6309549789875746,0.7479148916900158,0.6320681422948837,29.84448499046266
1461,232.890332162,354,30,5,3294,10875,20,27.821052819490433,0.6095550488680601,0.8692019619047642,0.6366372108459473,29.936447041109204
1462,233.085266349,343,23,4,3298,10891,16,30.255835969001055,0.5654520355165005,0.7288989145308733,0.6170389242470264,32.167225843295455
1463,233.377710545,346,27,4,3302,10901,10,27.409820817410946,0.5729771219193935,0.7630130276083946,0.6039529107511044,29.34976387768984
1464,233.670036116,345,25,7,3309,10919,18,26.84576204046607,0.5859909579157829,0.7202720735222101,0.611298019066453,28.763323090970516
1465,233.767539709,359,33,5,3314,10942,23,28.68166984990239,0.8582519367337227,2.5800447911024094,0.7334784604609013,32.853445038199425
1466,234.157276956,351,33,9,3323,10967,25,30.83325014449656,1.140932785347104,0.8289369288831949,0.9866231121122837,33.78974297083914
1468,234.352193684,358,30,10,3333,10984,17,26.8743340857327,0.5954981315881014,0.7869778200984001,0.724452082067728,28.981262119486928
1469,234.547129454,360,26,4,3337,11002,18,27.73619396612048,0.6114079151302576,0.7891620043665171,0.6499208975583315,29.786684783175588
1471,234.839550692,356,20,5,3342,11017,15,28.810712043195963,0.5650909151881933,0.7098130881786346,0.6285100243985653,30.714126070961356
1472,235.034499003,356,34,7,3349,11047,30,31.193105969578028,0.9291749447584152,1.2677719350904226,0.8516982197761536,34.24175106920302
1473,235.229447564,354,27,9,3358,11081,34,29.660408152267337,0.5663640331476927,0.7969459984451532,0.605445820838213,31.629164004698396
1474,235.52191201,360,28,7,3365,11105,24,29.042216017842293,0.6322269327938557,0.8335949387401342,0.6976420991122723,31.205679988488555
1476,235.716815363,344,26,9,3374,11138,33,29.54743499867618,0.5620960146188736,0.7715390529483557,0.6112379487603903,31.4923080150038
1477,236.009281476,360,24,3,3377,11147,9,30.158643145114183,0.7027899846434593,0.7468429394066334,0.8759137708693743,32.48418984003365
1479,236.204270662,360,24,7,3384,11161,14,27.813298162072897,0.5831150338053703,0.9518680162727833,0.7781109306961298,30.12639214284718
1480,236.399250765,366,23,5,3389,11176,15,27.685016859322786,0.7414028514176607,0.7325150072574615,0.8486243896186352,30.007559107616544
1482,236.691762961,370,31,14,3403,11221,45,29.45661498233676,0.6173399742692709,0.8377141784876585,0.6821588613092899,31.59382799640298
1483,236.886692564,363,39,12,3415,11269,48,27.894160011783242,0.5696101579815149,0.8491349872201681,0.6201737560331821,29.933078913018107
1484,237.0816625,378,31,13,3428,11298,29,27.88338903337717,0.6479269359260798,0.8698939345777035,0.6639359053224325,30.065145809203386
1485,237.374104155,378,28,7,3435,11319,21,27.94741909019649,0.5879041273146868,0.8087591268122196,0.6608618423342705,30.004944186657667
1486,237.569062549,366,29,9,3444,11344,25,28.1736240722239,0.5942468997091055,0.939924968406558,0.6580459885299206,30.365841928869486
1487,237.764021652,361,29,13,3457,11387,43,26.624014135450125,0.5841969978064299,0.7849140092730522,0.6278390064835548,28.62096414901316
1489,238.05650164,367,30,8,3465,11425,38,29.84634507447481,0.6011191289871931,2.4447820615023375,0.6351028569042683,33.52734912186861
1490,238.251421701,362,18,5,3470,11434,9,26.48455207236111,0.7048440165817738,2.296142978593707,0.7494757883250713,30.235014855861664
1491,238.641330449,364,26,16,3486,11480,46,28.317243792116642,2.424041973426938,0.799692003056407,0.636315206065774,32.17729297466576
1492,238.738829958,363,30,7,3493,11512,32,29.59251799620688,0.5662639159709215,0.7995420601218939,0.6117189768701792,31.570042949169874
1494,239.226232507,357,27,11,3504,11542,30,30.59439011849463,0.573446974158287,0.7844341453164816,0.5974108353257179,32.549682073295116
1495,239.323646267,353,28,2,3506,11546,4,26.376428082585335,0.6369960028678179,0.8155910763889551,0.6436698604375124,28.47268502227962
1498,239.811082441,367,26,9,3515,11577,31,29.027197044342756,1.7011051531881094,1.4779651537537575,1.6165166161954403,33.82278396748006
1499,239.908491034,363,22,8,3523,11597,20,30.91666498221457,0.5674660205841064,0.7644849829375744,0.6209970451891422,32.86961303092539
1501,240.200912522,361,23,12,3535,11638,41,26.875816052779555,0.5951269995421171,0.7506599649786949,0.6384889129549265,28.860091930255294
1502,240.29838549,342,24,3,3538,11650,12,29.959707986563444,0.6568338721990585,0.7810359820723534,0.7307431660592556,32.12832100689411
1504,240.688280821,353,27,12,3550,11681,31,27.174125891178846,0.5781559739261866,0.7923680823296309,0.5959291011095047,29.14057904854417
1505,240.785755664,367,23,5,3555,11697,16,28.514764038845897,0.7992011960595846,0.7525640539824963,0.9375396184623241,31.0040689073503
1506,240.980702434,357,25,5,3560,11718,21,26.514146011322737,0.6964979693293571,0.7632831111550331,0.6517448928207159,28.625671984627843
1507,241.175650203,353,24,10,3570,11754,36,27.26313308812678,0.5908389575779438,0.7173069752752781,0.6277598440647125,29.199038865044713
1508,241.468077858,356,29,5,3575,11769,15,28.43466284684837,0.5988250486552715,0.829378142952919,0.9177529718726873,30.780619010329247
1509,241.760495179,357,26,8,3583,11789,20,29.63433600962162,0.577304046601057,0.8431628812104464,0.6488699000328779,31.703672837466
1510,241.95544099,375,30,6,3589,11810,21,28.640208998695016,0.61844103038311,0.852612080052495,0.7228769827634096,30.83413909189403
1511,242.247862061,368,33,11,3600,11845,35,30.153732048347592,0.5736579187214375,5.974360974505544,0.7651550695300102,37.466906011104584
1512,242.442809872,380,28,6,3606,11876,31,29.605811927467585,0.6221579387784004,1.8176028970628977,2.018091268837452,34.063664032146335
1513,242.73523286,385,30,8,3614,11908,32,31.326895114034414,0.6032830569893122,0.8278649765998125,0.6653089076280594,33.4233520552516
1514,242.930180296,388,31,8,3622,11924,16,29.800747986882925,0.59138098731637,0.8399069774895906,0.6213472224771976,31.853383174166083
1515,243.222600367,373,29,5,3627,11948,24,29.378795996308327,0.5831860471516848,0.8027178701013327,0.6336490623652935,31.398348975926638
1517,243.41754797,375,30,9,3636,11967,19,27.767379069700837,0.5675558932125568,0.7980680093169212,0.6151169072836637,29.74811987951398
1518,243.709977875,363,30,8,3644,11985,18,27.042448054999113,0.5895071662962437,0.8014258928596973,0.6085818167775869,29.04196293093264
1519,244.002391904,354,24,9,3653,12017,32,28.18278898485005,0.5677258595824242,0.7336579728871584,0.7638451643288136,30.248017981648445
1522,244.39228761,358,26,11,3664,12065,48,27.258602902293205,0.6078518927097321,0.7925489917397499,0.6492892280220985,29.308293014764786
1523,244.489760078,358,27,7,3671,12076,11,27.930335141718388,0.5676459986716509,0.7867380045354366,0.6540180183947086,29.938737163320184
1524,244.684706973,375,24,7,3678,12092,16,27.49567897990346,0.833204947412014,1.6240498516708612,0.8401081431657076,30.793041922152042
1525,244.977128294,356,17,8,3686,12119,27,27.384309098124504,0.5625069607049227,0.7283380255103111,0.6454819813370705,29.32063606567681
1527,245.172076771,364,22,7,3693,12150,31,29.78540793992579,0.5979929119348526,1.6885309014469385,0.6301943212747574,32.70212607458234
1528,245.464498843,350,16,10,3703,12179,29,27.201064862310886,0.9020839352160692,1.9226009026169777,0.6860892754048109,30.711838975548744
1529,245.756919289,358,21,6,3709,12199,20,27.62154396623373,0.5896179936826229,0.7349499501287937,0.6341713014990091,29.580283211544156
1530,245.951869516,349,21,10,3719,12219,20,28.680533170700073,0.5723349750041962,0.7160250097513199,0.6130707915872335,30.581963947042823
1531,246.244330879,363,30,14,3733,12274,55,31.28911298699677,0.8885390125215054,0.8357390761375427,0.6419550627470016,33.65534613840282
1532,246.439285232,356,22,4,3737,12284,10,27.802363969385624,1.2829490005970001,1.4233330730348825,0.7207139860838652,31.22936002910137
1533,246.731657512,355,27,12,3749,12326,42,29.458033153787255,0.5700401961803436,0.8346568793058395,0.6446519400924444,31.507382169365883
1534,247.024078874,343,20,7,3756,12343,17,26.30664501339197,0.5624659825116396,0.7062461227178574,0.6234617903828621,28.19881890900433
1535,247.21902681,344,21,4,3760,12354,11,27.824325021356344,0.6004269234836102,0.7593159098178148,0.648068031296134,29.832135885953903
1536,247.511450298,345,26,6,3766,12372,18,27.9180109500885,0.6723219994455576,0.8824870456010103,0.6817721296101809,30.15459212474525
1537,247.706407318,353,28,10,3776,12405,33,29.292591847479343,0.6614529993385077,0.8089491166174412,0.667354092001915,31.430348055437207
1539,248.19377645,371,23,10,3786,12441,36,28.7759720813483,0.5823138635605574,0.7394389249384403,0.6305940914899111,30.72831896133721
1540,248.388724636,373,20,4,3790,12454,13,28.9674021769315,0.5810419097542763,0.7280169520527124,0.6548790261149406,30.93134006485343
1542,248.681194916,350,20,15,3805,12499,45,27.90523716248572,1.7360900528728962,0.9778761304914951,0.7291997317224741,31.348403077572584
1545,249.071041705,337,20,12,3817,12521,22,25.33516986295581,0.5980739369988441,0.7059760391712189,0.6442191079258919,27.283438947051764
1546,249.168515006,327,25,5,3822,12538,17,28.450169134885073,0.6336697842925787,0.803058035671711,0.666552921757102,30.553449876606464
1547,249.363505901,337,22,5,3827,12562,24,27.744604973122478,1.3428009115159512,1.0563740506768227,0.6434191018342972,30.78719903714955
1548,249.558454004,342,22,9,3836,12583,21,25.437042117118835,0.5934340879321098,0.7564208935946226,0.6469939835369587,27.433891082182527
1549,249.850832033,324,23,7,3843,12608,25,25.965081993490458,0.5701310001313686,0.7478450424969196,0.8023858536034822,28.085443889722228
1550,250.143253438,346,26,5,3848,12621,13,25.956206023693085,0.6298930384218693,0.8235969580709934,0.6270268931984901,28.036722913384438
1551,250.338199999,351,20,3,3851,12629,8,27.264273026958108,0.6956560537219048,0.7235591765493155,0.727716600522399,29.411204857751727
1552,250.630634903,353,22,5,3856,12649,20,26.39591204933822,0.7015480659902096,0.7925690151751041,0.8635697886347771,28.753598919138312
1554,250.923066141,353,22,7,3863,12662,13,27.52822800539434,0.619643134996295,4.347683861851692,0.6810599006712437,33.17661490291357
1555,251.118013452,355,20,1,3864,12670,8,26.423332979902625,0.5920918192714453,0.7129388395696878,0.6572443526238203,28.38560799136758
1556,251.507907033,342,18,7,3871,12691,21,26.986359851434827,0.6165679078549147,0.718338880687952,0.6382493302226067,28.9595159702003
1557,251.605388751,354,19,3,3874,12700,9,28.355301124975085,0.882006948813796,0.725453021004796,0.6036919075995684,30.566453002393246
1560,252.190223977,348,18,8,3882,12721,21,28.442764887586236,0.5671661347150803,0.7028300315141678,0.5976120010018349,30.31037305481732
1561,252.287698695,351,25,5,3887,12755,34,28.728841803967953,0.9791690390557051,1.0227109305560589,0.7033911533653736,31.43411292694509
1564,252.677643734,350,19,5,3892,12767,12,26.213197968900204,0.5827439017593861,0.689745182171464,0.6355338264256716,28.121220879256725
1565,252.775067619,347,18,0,3892,12769,2,29.09744414500892,1.309029059484601,1.6183590050786734,1.0384097695350647,33.06324197910726
1566,252.970016263,347,20,6,3898,12777,8,27.859108988195658,0.5797890480607748,2.447265898808837,0.6433769594877958,31.529540894553065
1567,253.262438126,311,19,3,3901,12788,11,26.708948891609907,1.0483888909220695,0.8938789833337069,0.8586221374571323,29.509838903322816
1568,253.55485803,299,20,5,3906,12796,8,25.444794911891222,0.6313750054687262,0.7181689143180847,0.6597391329705715,27.454077964648604
1569,253.749854883,265,14,7,3913,12808,12,22.049386985599995,0.5701009649783373,0.6984819192439318,0.632287934422493,23.950257804244757
1570,254.042227996,232,15,3,3916,12809,1,22.03800599090755,0.5595709662884474,0.6697778590023518,0.6202151998877525,23.8875700160861
1571,254.432126702,197,14,5,3921,12820,11,19.062187988311052,0.5928140599280596,0.6866988260298967,0.6316571962088346,20.973358070477843
1572,254.529597003,192,11,2,3923,12826,6,19.9796911329031,1.203400082886219,1.0103369131684303,0.6641577929258347,22.857585921883583
1573,254.919493584,190,9,0,3923,12826,0,20.361437927931547,0.5053388886153698,0.7070379797369242,0.6265363190323114,22.200351115316153
1575,255.114440062,194,11,2,3925,12830,4,20.281737903133035,0.6126509979367256,1.0239831171929836,0.6400409620255232,22.558412980288267
1578,255.601809528,177,4,1,3926,12832,2,19.627679837867618,0.5764421075582504,0.6539181340485811,0.5910200998187065,21.449060179293156
1579,255.699283079,180,6,2,3928,12834,2,18.05810211226344,0.6131019908934832,0.6788352038711309,0.6432067602872849,19.99324606731534
1580,255.796756256,183,8,0,3928,12836,2,19.444966921582818,0.8278349414467812,0.6801171693950891,0.6228990387171507,21.57581807114184
1581,256.186653503,166,5,2,3930,12837,1,18.387170042842627,0.6012690719217062,0.7093630265444517,0.6792948115617037,20.377096952870488
1583,256.381599064,176,10,5,3935,12844,7,22.117065032944083,0.8766870014369488,0.6878920830786228,0.6465220358222723,24.328166153281927
1586,256.868969905,160,6,3,3938,12849,5,17.045389860868454,0.5877839867025614,0.6808990146964788,0.6163769867271185,18.930449848994613
1587,256.966452707,171,7,2,3940,12851,2,19.53433407470584,0.7427639793604612,0.6913479883223772,0.6040858570486307,21.57253189943731
1590,257.356340121,178,5,0,3940,12851,0,20.958709064871073,0.5301148630678654,0.7255531381815672,0.638479134067893,22.8528562001884
1591,257.453812922,178,7,2,3942,12853,2,19.549472024664283,0.6372660864144564,0.7130790036171675,0.6885037291795015,21.588320843875408
1592,257.843706545,175,3,2,3944,12854,1,17.602265113964677,0.5711629055440426,0.6595889572054148,0.5971111822873354,19.43012815900147
1593,257.941182846,170,4,1,3945,12856,2,21.953437011688948,0.596360070630908,0.6968989036977291,0.654940027743578,23.901636013761163
1596,258.526075197,157,5,2,3947,12858,2,18.04172107949853,0.7515919860452414,0.679075950756669,0.6192408036440611,20.0916298199445
1597,258.623498915,160,4,1,3948,12860,2,17.290910938754678,0.5854801274836063,0.6834841333329678,0.6276878993958235,19.187563098967075
1598,258.720971883,155,5,1,3949,12862,2,21.32137888111174,0.6034830585122108,0.6683049723505974,0.65031205303967,23.24347896501422
1599,259.110867464,166,3,0,3949,12862,0,17.962321871891618,0.4965818952769041,0.6784440483897924,0.6184321828186512,19.755779998376966
1600,259.208391015,169,4,2,3951,12865,3,19.963609986007214,1.1257841251790524,1.2941299937665462,0.6340907420963049,23.017614847049117
1603,259.793173199,149,6,2,3953,12873,8,16.88177208416164,0.5822530947625637,0.6701878737658262,0.777791952714324,18.912005005404353
1604,259.890653209,146,6,1,3954,12874,1,16.50453289039433,0.9633188601583242,1.1466629803180695,0.6398733239620924,19.254388054832816
1607,260.280532415,171,6,0,3954,12875,1,19.233979051932693,0.4887380637228489,0.6689259316772223,0.6105958018451929,21.002238849177957
1608,260.378009966,167,7,2,3956,12879,4,18.845398910343647,0.5959500558674335,0.6924897897988558,0.6156063172966242,20.74944507330656
1610,260.572954527,160,7,3,3959,12882,3,17.175614135339856,0.6790950428694487,0.704954145476222,0.6690556183457375,19.228718942031264
1611,260.865374807,159,1,0,3959,12882,0,17.07131788134575,0.5454940255731344,0.0019639264792203903,0.6228191778063774,18.24159501120448
1612,261.157797211,152,6,2,3961,12884,2,16.689480980858207,0.5489210598170757,0.6550599355250597,0.6066788919270039,18.500140868127346
1615,261.547691834,144,5,3,3964,12891,7,18.642118200659752,1.5717721544206142,0.7000351324677467,0.6977485027164221,21.611673990264535
1616,261.64520876,150,6,3,3967,12899,8,16.152201918885112,0.5747000686824322,0.658427132293582,0.601097010076046,17.986426129937172
1618,261.840158946,157,4,2,3969,12902,3,17.262907000258565,0.6555309519171715,0.7012169808149338,0.6227190606296062,19.242373993620276
1619,262.132555351,155,4,0,3969,12904,2,18.958340864628553,0.672212103381753,0.6615619640797377,0.6346029695123434,20.926717901602387
1620,262.424956672,156,7,2,3971,12907,3,17.241516849026084,0.5580179858952761,0.6738051306456327,0.5994359962642193,19.072775961831212
1623,262.814853252,164,7,1,3972,12917,10,19.3009739741683,0.567164970561862,0.6595689337700605,0.6084032356739044,21.136111114174128
1624,262.912327054,167,7,0,3972,12917,0,18.01789505407214,0.49004005268216133,0.9134351275861263,0.6080816965550184,20.029451930895448
1625,263.10727374,155,8,3,3975,12925,8,18.918486079201102,0.7483051158487797,0.7441879715770483,0.597802922129631,21.00878208875656
1626,263.399697728,163,6,0,3975,12925,0,18.022052943706512,0.5529779009521008,0.7368838414549828,0.6688563153147697,19.980771001428366
1627,263.692162966,175,8,1,3976,12930,5,20.455251913517714,0.5909500177949667,0.6938828155398369,0.5965002346783876,22.336584981530905
1628,263.887066027,170,6,1,3977,12934,4,19.39487992785871,0.5671049002557993,0.672672875225544,0.6017002742737532,21.236357977613807
1629,264.179490223,185,6,2,3979,12939,5,18.848705105483532,0.5837460048496723,0.6775730289518833,0.609604874625802,20.71962901391089
1630,264.569381345,176,8,4,3983,12949,10,21.892990916967392,0.6068700458854437,0.730432104319334,0.9896578267216682,24.219950893893838
1631,264.66685548,180,10,3,3986,12959,10,19.434295129030943,0.5875939968973398,0.666832085698843,0.6084416527301073,21.297162864357233
1634,265.251699039,168,7,4,3990,12969,10,17.60753383859992,0.7451290730386972,0.9520978201180696,0.7324661128222942,20.03722684457898
1635,265.349161382,158,7,2,3992,12976,7,18.869322957471013,0.5664629861712456,0.6748971063643694,0.6100067403167486,20.720689790323377
1636,265.446636684,162,7,1,3993,12980,4,19.611046882346272,0.8696028962731361,0.7651259656995535,0.7621012628078461,22.007877007126808
1637,265.836532223,168,7,0,3993,12982,2,18.33805604837835,0.8672280237078667,0.7093020249158144,0.6444600876420736,20.559046184644103
1639,266.031480534,168,9,5,3998,12994,12,18.28739116899669,0.6003270391374826,0.8512388449162245,0.6359231192618608,20.37488017231226
1640,266.323902563,167,6,2,4000,12999,5,18.254738999530673,0.5589390639215708,0.6539181340485811,0.5957998801022768,20.0633960776031
1641,266.616323176,172,7,0,4000,13003,4,17.92955887503922,0.4941881634294987,0.7513710297644138,0.6131110712885857,19.788229139521718
1642,266.908744664,174,8,2,4002,13010,7,19.702478079125285,0.613231910392642,0.6957559380680323,0.641093123704195,21.652559051290154
1645,267.298639453,182,6,2,4004,13013,3,18.91034096479416,0.5816819611936808,0.6586471572518349,0.5965989548712969,20.74726903811097
1646,267.396112213,178,5,1,4005,13014,1,17.700388096272945,0.5895369686186314,0.674867071211338,0.6593887228518724,19.624180858954787
1647,267.591060482,170,5,1,4006,13017,3,19.147043814882636,0.6031529046595097,0.7278870325535536,0.6380882114171982,21.116171963512897
1648,267.883483637,157,7,1,4007,13022,5,18.458041129633784,0.5981530994176865,0.6881221197545528,0.6482978351414204,20.392614183947444
1649,268.175904916,162,6,4,4011,13030,8,18.37354199960828,0.8491340558975935,2.193107968196273,0.6375580560415983,22.053342079743743
1650,268.370852102,173,6,0,4011,13030,0,19.707096042111516,0.5167599301785231,0.7297999691218138,0.6760898977518082,21.62974583916366
1651,268.66327359,165,6,2,4013,13036,6,18.79532402381301,0.58763287961483,0.6809290498495102,0.6553512066602707,20.71923715993762
1652,269.053168546,171,8,2,4015,13048,12,19.695503870025277,1.1107150930911303,1.314518041908741,0.7106459233909845,22.831382928416133
1653,269.150641972,167,9,0,4015,13048,0,20.08586679585278,0.4836579319089651,0.6762798875570297,0.6062095053493977,21.852014120668173
1656,269.735485156,164,8,1,4016,13052,4,17.02165394090116,0.5820528604090214,0.6729131564497948,0.6005270406603813,18.877146998420358
1657,269.832958958,165,8,2,4018,13058,6,17.539174994453788,0.715453177690506,0.7860860787332058,0.7544676773250103,19.79518192820251
1660,270.222853955,159,7,3,4021,13065,7,18.940145149827003,0.9006520267575979,0.7572721224278212,0.6317656952887774,21.2298349943012
1661,270.32032809,161,7,0,4021,13065,0,18.932119943201542,0.5031048785895109,0.684645026922226,0.6441001314669847,20.763969980180264
1662,270.417804308,159,9,1,4022,13073,8,18.334829015657306,0.8949399925768375,0.8050811011344194,0.7397399749606848,20.774590084329247
1663,270.807699139,169,8,1,4023,13076,3,20.099070854485035,0.5695801228284836,2.6881780941039324,0.6511227693408728,24.007951840758324
1664,271.100120168,165,7,2,4025,13083,7,19.818515051156282,0.5684781353920698,0.6685960106551647,0.5941137205809355,21.649702917784452
1666,271.392541198,162,8,2,4027,13090,7,19.490709993988276,0.5904880817979574,0.6714300252497196,0.6201649084687233,21.372793009504676
1667,271.587488301,169,6,2,4029,13095,5,18.44284194521606,0.5604529287666082,0.6639170460402966,0.6093932315707207,20.276605151593685
1668,271.977384631,163,7,2,4031,13100,5,21.789034828543663,0.5715829320251942,0.6848860066384077,0.6160871125757694,23.661590879783034
1669,272.074907891,165,6,1,4032,13103,3,17.398250056430697,0.5793171003460884,0.6993231363594532,0.6066898349672556,19.283580128103495
1670,272.367279837,155,5,1,4033,13107,4,17.015110002830625,0.5753198638558388,0.6948148366063833,0.5973924417048693,18.882637144997716
1671,272.562228232,162,6,2,4035,13111,4,17.539756139740348,0.6427972111850977,0.6706290878355503,0.7966244593262672,19.649806898087263
1672,272.854691095,164,4,0,4035,13111,0,17.70411408506334,0.5182730965316296,0.7030698470771313,0.6354029756039381,19.560860004276037
1673,273.147075957,153,7,2,4037,13121,10,20.164934918284416,0.6102859042584896,0.7260830607265234,0.6755180656909943,22.176821948960423
1674,273.342011185,152,7,2,4039,13127,6,18.371636979281902,0.587834045290947,0.6906569469720125,0.6268969736993313,20.277024945244193
1675,273.634418756,155,7,1,4040,13132,5,18.34350498393178,0.7462708745151758,0.7567310240119696,0.6691862363368273,20.515693118795753
1676,274.024302879,177,6,1,4041,13133,1,17.675490118563175,0.5808309651911259,0.6781439296901226,0.6071391981095076,19.54160421155393
1677,274.121766514,170,5,0,4041,13133,0,17.762323142960668,0.7519219070672989,0.961364945396781,0.7627119775861502,20.238321973010898
1680,274.706599781,163,8,4,4045,13147,14,17.58148311637342,0.5982629954814911,0.7115860935300589,0.618671765550971,19.51000397093594
1681,274.804068874,163,9,3,4048,13156,9,18.01856397651136,0.588614959269762,0.6829730700701475,0.6267060525715351,19.916858058422804
1682,274.901536009,159,9,1,4049,13162,6,18.17782293073833,0.9325810242444277,1.2426238972693682,0.6099850870668888,20.963012939319015
1683,275.291422464,153,10,6,4055,13182,20,19.27910093218088,0.5863010883331299,0.6957771256566048,0.6093527190387249,21.17053186520934
1685,275.486368651,158,12,1,4056,13189,7,17.245683120563626,0.5716939922422171,0.7000148762017488,0.6017880514264107,19.119180040434003
1688,275.973695783,158,7,1,4057,13193,4,18.818426178768277,1.5332091134041548,1.4431299641728401,0.616756733506918,22.41152198985219
1689,276.071158626,159,12,1,4058,13197,4,17.105469945818186,0.5725761875510216,0.7073280867189169,0.5768106784671545,18.96218489855528
1690,276.266089479,169,9,3,4061,13201,4,18.589986953884363,0.5765331443399191,0.7046740502119064,0.6424339953809977,20.513628143817186
1691,276.558456967,155,9,1,4062,13204,3,17.825860995799303,0.5986541509628296,0.7029699627310038,0.6172498688101768,19.744734978303313
1692,276.850768788,154,10,2,4064,13212,8,22.134452126920223,1.2047220952808857,1.5889429487287998,0.747443875297904,25.675561046227813
1693,277.045654432,154,8,2,4066,13218,6,18.99187103845179,0.5741179920732975,0.6756081711500883,0.6297628860920668,20.871360087767243
1694,277.337948753,170,3,0,4066,13218,0,17.616519005969167,0.48320810310542583,0.696077011525631,0.6274068728089333,19.423210993409157
1695,277.727694043,159,6,3,4069,13222,4,19.60359001532197,1.055822940543294,1.1279881000518799,0.9196060709655285,22.707007126882672
1696,277.825114386,164,6,1,4070,13226,4,20.258700009435415,0.6145038641989231,0.7094019092619419,0.7013261783868074,22.283931961283088
1699,278.409756194,139,6,4,4074,13230,4,18.305270932614803,0.574338948354125,0.6956160068511963,0.5991661455482244,20.17439203336835
1700,278.507208038,138,7,1,4075,13234,4,19.931135000661016,0.6374160293489695,0.6642169319093227,0.6169190164655447,21.849686978384852
1703,278.897029535,157,14,9,4084,13251,17,17.444896046072245,1.436377177014947,1.0155369527637959,0.6246427074074745,20.521452883258462
1704,278.994493587,148,15,1,4085,13255,4,17.117290990427136,0.6594590377062559,1.0810699313879013,1.0265971068292856,19.88441706635058
1705,279.189460023,156,7,1,4086,13256,1,17.06607500091195,2.6872761081904173,1.5759291127324104,0.6579447071999311,21.98722492903471
1706,279.481829636,140,10,3,4089,13262,6,15.903481980785728,0.5717531312257051,0.6617619656026363,0.6145250517874956,17.751522129401565
1707,279.871725258,157,19,7,4096,13297,35,17.68151018768549,2.683869795873761,0.9849399793893099,0.6246021948754787,21.97492215782404
1708,279.969198518,148,17,2,4098,13307,10,17.81836710870266,0.574279110878706,0.7124680560082197,0.5940347909927368,19.699149066582322
1711,280.554042243,143,13,3,4101,13313,6,16.946149989962578,0.5888461600989103,0.7161838002502918,0.621928134933114,18.873108085244894
1712,280.651515461,128,12,2,4103,13321,8,17.62088597752154,0.9754009079188108,0.697028124704957,0.6192140281200409,19.912529038265347
1713,280.74899068,124,6,0,4103,13321,0,17.203071853145957,0.48822700046002865,0.6786950398236513,0.6114670541137457,18.981460947543383
1714,281.138949052,124,6,1,4104,13323,2,16.968440962955356,0.5801899824291468,0.6771020125597715,0.6095739081501961,18.83530686609447
1716,281.333971488,124,7,0,4104,13325,2,15.531792771071196,1.1255128774791956,1.099704997614026,0.8342885412275791,18.591299187391996
1719,281.821563829,146,4,4,4108,13331,6,16.426744172349572,0.5369281861931086,0.6893340032547712,0.6059175357222557,18.258923897519708
1720,281.919080464,142,6,0,4108,13337,6,17.664727987721562,0.4917229525744915,0.6647577974945307,0.603595282882452,19.424804020673037
1721,282.114081817,147,10,1,4109,13347,10,16.4736220613122,0.5896668881177902,0.6923601031303406,0.606458866968751,18.36210791952908
1722,282.406640429,142,7,1,4110,13349,2,16.24314789660275,0.5827739369124174,0.6602590437978506,0.6117001175880432,18.09788099490106
1723,282.699083417,139,6,0,4110,13349,0,16.71743905171752,0.5350748542696238,2.8978309128433466,0.744418241083622,20.894763059914112
1724,282.89407302,146,7,1,4111,13352,3,16.230494948104024,0.5916908849030733,0.6743061821907759,0.6439099088311195,18.140401924028993
1725,283.186558091,135,9,3,4114,13361,9,18.362357979640365,0.559770967811346,0.7501791696995497,0.6096248980611563,20.281933015212417
1726,283.576516839,125,6,1,4115,13365,4,15.248902840539813,0.5751100834459066,0.6708188448101282,0.5958792753517628,17.09071104414761
1728,283.868970868,138,6,1,4116,13366,1,18.712124088779092,0.5955679807811975,0.7728710770606995,0.6059389561414719,20.68650210276246
1731,284.258869907,148,7,2,4118,13370,4,16.561996890231967,0.5822328384965658,0.7124179974198341,0.5932452622801065,18.449892988428473
1732,284.356341292,160,8,1,4119,13370,0,19.15375399403274,0.6276080384850502,0.6592879071831703,0.6026821210980415,21.043332060799003
1733,284.551318937,147,11,2,4121,13373,3,16.52161218225956,0.6306341383606195,0.7118161302059889,0.6226897239685059,18.486752174794674
1734,284.843711341,151,7,2,4123,13380,7,17.39168493077159,0.8999998681247234,0.6953058764338493,0.8298482280224562,19.816838903352618
1735,285.038657027,152,6,1,4124,13383,3,17.28446315973997,0.6301931571215391,0.699132913723588,0.6234908942133188,19.237280124798417
1736,285.331078723,172,8,6,4130,13386,3,17.76672899723053,0.9052199311554432,0.7722501177340746,0.6735739298164845,20.117772975936532
1737,285.720977137,154,7,1,4131,13388,2,18.256629118695855,0.5842770915478468,0.671351095661521,0.6461627781391144,20.158420084044337
1738,285.81844898,148,7,0,4131,13391,3,16.58733398653567,0.5285430233925581,0.7401301991194487,0.6835928652435541,18.53960007429123
1741,286.403291581,153,7,2,4133,13394,3,17.381746089085937,0.5661430768668652,0.6943740881979465,0.5946166347712278,19.236879888921976
1742,286.500803132,157,8,3,4136,13406,12,19.944517873227596,0.7651271298527718,0.6749869789928198,0.6224289536476135,22.0070609357208
1745,286.890706213,168,5,2,4138,13411,5,20.4105528537184,0.6279600784182549,0.701728044077754,0.6194519810378551,22.359692957252264
1746,286.988136223,148,7,2,4140,13417,6,19.325895933434367,0.5742481444031,0.9718551300466061,0.6770817562937737,21.549080964177847
1747,287.378031387,150,6,1,4141,13422,5,17.32880691997707,1.3240259140729904,0.7611589971929789,0.5920410621911287,20.006032893434167
1748,287.475505272,149,5,1,4142,13423,1,16.48449106141925,1.835295930504799,0.8237969595938921,3.4587939735502005,22.60237792506814
1749,287.767929176,156,6,2,4144,13428,5,19.711880944669247,0.5699498578906059,0.6591971032321453,0.6036551203578711,21.54468302614987
1750,288.157821257,160,6,1,4145,13433,5,17.558197025209665,0.5877939984202385,0.6798470858484507,0.6210757419466972,19.44691385142505
1752,288.450242787,161,6,2,4147,13440,7,19.620239036157727,0.5962788127362728,0.6744761485606432,0.6797879468649626,21.570781944319606
1755,288.840138701,161,6,2,4149,13446,6,18.076970940455794,0.5798388738185167,0.669937813654542,0.6055075209587812,19.932255148887634
1756,288.937610669,156,6,0,4149,13446,0,20.18764498643577,0.5067719612270594,0.7008558604866266,0.6221262738108635,22.01739908196032
1759,289.327506916,174,7,2,4151,13453,7,17.594604985788465,0.6312960758805275,0.7212541531771421,0.6463637109845877,19.593518925830722
1761,289.619929487,165,8,0,4151,13456,3,17.622316954657435,0.504177063703537,0.6858680862933397,0.5997759290039539,19.412138033658266
1762,289.717401664,171,4,1,4152,13458,2,19.536140840500593,0.7112349849194288,0.7048139814287424,0.6368451286107302,21.589034935459495
1763,289.912351475,160,6,1,4153,13464,6,17.452578991651535,0.5958890542387962,0.7349997758865356,0.7539552170783281,19.537423038855195
1764,290.302246223,163,7,3,4156,13473,9,19.160174997523427,0.5630268715322018,0.6698078941553831,0.597081147134304,20.990090910345316
1765,290.594666669,151,9,4,4160,13483,10,19.33315908536315,0.640403013676405,0.7179081439971924,0.6337298545986414,21.32520009763539
1766,290.789655022,153,6,0,4160,13483,0,18.343251198530197,0.5460460670292377,0.6965678185224533,0.6254429463297129,20.2113080304116
1767,291.082038426,146,9,3,4163,13492,9,17.94570405036211,0.5746788810938597,0.6946241483092308,0.6176899187266827,19.832696998491883
1768,291.471932549,148,8,1,4164,13500,8,18.674161983653903,1.0810100939124823,0.7072980515658855,0.6092428229749203,21.07171295210719
1769,291.569405475,143,8,2,4166,13505,5,16.707660164684057,0.6426770705729723,0.6856168620288372,0.9607227984815836,18.99667689576745
1772,292.1542492,151,8,2,4168,13512,7,18.30658200196922,0.7417020387947559,0.7620910182595253,0.6924609187990427,20.502835977822542
1773,292.251724335,150,8,1,4169,13514,2,19.136860966682434,0.5576771218329668,0.6853870581835508,0.6080209277570248,20.987946074455976
1776,292.641618249,163,11,3,4172,13526,12,17.07496913149953,0.5843669641762972,0.8168439380824566,0.624632928520441,19.100812962278724
1777,292.739090634,152,12,1,4173,13529,3,16.73359819687903,0.8182867895811796,0.8625800255686045,0.8471189066767693,19.261583918705583
1778,292.93404157,153,8,4,4177,13543,14,18.29732395708561,0.5781359504908323,0.6823909934610128,0.6114072166383266,20.16925811767578
1779,293.226460891,164,11,3,4180,13550,7,20.41670400649309,0.7745451293885708,0.8414299227297306,0.7789810188114643,22.811660077422857
1780,293.518883004,174,15,4,4184,13565,15,17.93810003437102,1.7906518187373877,0.7683630101382732,0.6388290785253048,21.135943941771984
1781,293.71383981500003,192,16,2,4186,13571,6,19.788875011727214,0.5737480241805315,3.5071049351245165,0.6249519065022469,24.49467987753451
1783,294.201253656,224,21,9,4195,13610,39,23.59166508540511,0.5811310838907957,0.7500988431274891,0.6066879723221064,25.529582984745502
1784,294.396210551,250,16,3,4198,13618,8,21.666579879820347,0.5570058710873127,0.6994830910116434,0.6035433616489172,23.52661220356822
1786,294.688653997,249,21,5,4203,13626,8,23.049706825986505,0.5924419965595007,0.732415122911334,0.621437095105648,24.996001040562987
1787,294.883611641,259,12,3,4206,13637,11,24.923834018409252,0.8364911191165447,0.7016370072960854,0.7098428905010223,27.171805035322905
1788,295.273530222,263,16,5,4211,13654,17,24.105409160256386,0.5981628783047199,0.7645748555660248,0.6616420578211546,26.129788951948285
1789,295.371013107,271,12,4,4215,13666,12,24.659277871251106,0.632748007774353,0.8256398141384125,0.6802373100072145,26.797903003171086
1792,295.955971249,341,13,9,4224,13695,29,30.353880021721125,0.9332629851996899,0.7137700449675322,0.6398698315024376,32.640782883390784
1793,296.053373176,349,15,2,4226,13700,5,26.435944018885493,0.5870719905942678,0.8513180073350668,0.6585968658328056,28.532930882647634
1796,296.443289715,367,23,21,4247,13749,49,26.83088486082852,0.7011259440332651,1.3331030495464802,0.6126821972429752,29.47779605165124
1797,296.540778349,371,23,8,4255,13778,29,26.808091904968023,0.5884850397706032,0.7246108725667,0.6200643256306648,28.74125214293599
1798,296.930701222,337,10,9,4264,13790,12,26.666125049814582,0.6081319879740477,0.7618300151079893,0.6412048824131489,28.677291935309768
1801,297.32067097,305,13,10,4274,13823,33,25.109232170507312,0.5678869783878326,0.6772319320589304,0.6165269296616316,26.970878010615706
1802,297.418092979,308,9,7,4281,13837,14,25.411900831386447,0.6158759351819754,0.7151830941438675,0.6500012241303921,27.392961084842682
1803,297.80798731,292,8,6,4287,13841,4,25.770114036276937,0.5657218862324953,0.6756989751011133,0.6136011797934771,27.625136077404022
1804,297.905461778,296,13,6,4293,13853,12,25.503343204036355,0.6699578370898962,0.7619301322847605,0.6647277623414993,27.59995893575251
1807,298.490306962,242,7,4,4297,13856,3,20.668115001171827,0.6287400610744953,0.6889728829264641,0.6514228880405426,22.63725083321333
1808,298.587777638,244,6,0,4297,13857,1,21.935293916612864,0.4914230667054653,0.71285804733634,0.6089629605412483,23.748537991195917
1811,298.977673178,177,10,7,4304,13865,8,17.88947801105678,0.6357228849083185,0.726534053683281,0.6743462290614843,19.926081178709865
1812,299.075146979,158,9,5,4309,13886,21,17.03409105539322,0.5962790455669165,0.695275142788887,0.6258857902139425,18.951531033962965
1813,299.465095102,100,5,0,4309,13886,0,14.122063992545009,0.5617639981210232,0.7044430822134018,0.6380078848451376,16.02627895772457
1814,299.562516195,91,5,0,4309,13887,1,17.005937872454524,0.48587191849946976,0.7115059997886419,0.6133923307061195,18.816708121448755
1817,300.147361462,96,4,0,4309,13887,0,16.42044889740646,0.5105589516460896,0.6822310388088226,0.6144330836832523,18.227671971544623
1818,300.244835097,93,6,0,4309,13887,0,15.13998513109982,0.8016559295356274,0.7815579883754253,0.7332449313253164,17.45644398033619
1819,300.439782783,91,4,0,4309,13887,0,16.373130027204752,0.47980109229683876,0.6835039239376783,0.5983719602227211,18.13480700366199
1820,300.732202021,88,4,0,4309,13889,2,16.43556682392955,0.47223689034581184,0.6658700294792652,0.6373971700668335,18.21107091382146
1821,301.122088393,100,4,1,4310,13891,2,15.184928895905614,0.5777350161224604,0.6647980771958828,0.6227889098227024,17.05025089904666
1822,301.21956107,98,6,1,4311,13895,4,18.502316903322935,0.5715931765735149,0.6779930554330349,0.6373666692525148,20.389269804582
1825,301.804353503,98,7,3,4314,13901,6,16.604033997282386,0.5996059626340866,0.7895519956946373,0.664727995172143,18.657919950783253
1826,301.901814263,96,4,1,4315,13903,2,13.874027878046036,0.5759908817708492,0.6580650806427002,0.6039740983396769,15.712057938799262
1827,302.096719699,90,4,2,4317,13907,4,16.467547044157982,0.5788570269942284,0.6630849093198776,0.6294210907071829,18.33891007117927
1828,302.389077437,99,3,0,4317,13909,2,17.428822116926312,0.5251250695437193,1.018282026052475,1.0019917972385883,19.974221009761095
1829,302.778879226,89,5,1,4318,13915,6,14.006717130541801,1.7796410247683525,0.6787341553717852,0.7702866569161415,17.23537896759808
1830,303.071256339,85,3,0,4318,13915,0,15.727808000519872,0.48315711319446564,0.6483579054474831,0.6190410349518061,17.478364054113626
1833,303.461078628,102,4,1,4319,13918,3,16.533329850062728,0.867338152602315,0.980570912361145,0.8635420817881823,19.24478099681437
1834,303.558585596,96,6,2,4321,13921,3,14.050418976694345,0.5738269537687302,0.6605510134249926,0.6039130967110395,15.888710040599108
1835,303.850942542,111,7,1,4322,13925,4,18.838207004591823,0.6069389637559652,0.8186670020222664,0.8130772039294243,21.07689017429948
1836,304.045890895,107,5,2,4324,13926,1,17.401339951902628,0.5672750994563103,0.655350973829627,0.6112968549132347,19.2352628801018
1838,304.533319653,117,7,3,4327,13932,6,15.619624871760607,0.5692790728062391,0.690557062625885,0.939082121476531,17.818543128669262
1839,304.728290172,116,7,2,4329,13939,7,15.37829078733921,0.6034229882061481,0.7061150390654802,0.6212173029780388,17.309046117588878
1842,305.118229586,111,5,2,4331,13944,5,17.19083497300744,0.5879639647901058,0.6787239108234644,0.6154850125312805,19.07300786115229
1843,305.215703596,110,6,1,4332,13946,2,14.63445508852601,1.519703073427081,0.8146399632096291,0.6042937748134136,17.573091899976134
1844,305.605586385,101,5,3,4335,13951,5,17.531574005261064,0.7440471090376377,1.6915160231292248,0.6305237766355276,20.597660914063454
1845,305.703041937,98,4,0,4335,13951,0,15.342124039307237,0.4898090846836567,0.6718209479004145,0.605056993663311,17.10881106555462
1848,306.287824621,102,6,3,4338,13956,5,15.543301124125719,1.1376559268683195,0.6750570610165596,0.6713699549436569,18.027384066954255
1849,306.385295839,101,7,2,4340,13963,7,13.988152146339417,0.5866419523954391,0.9856310207396746,0.6082998588681221,16.168724978342652
1852,306.775210253,105,5,2,4342,13968,5,17.316529992967844,0.9068618528544903,0.6717010401189327,0.6339920219033957,19.529084907844663
1853,306.872675221,103,4,1,4343,13969,1,18.187965964898467,0.5875630304217339,0.6913880351930857,0.6937431171536446,20.16066014766693
1854,307.26254826,108,6,3,4346,13974,5,15.23122494108975,0.5783659871667624,0.665710074827075,0.624020816758275,17.09932181984186
1855,307.36002152,108,5,0,4346,13974,0,15.484439907595515,0.9320799726992846,1.0065799579024315,0.8124662563204765,18.235566094517708
1858,307.944876454,127,5,1,4347,13975,1,16.25368488021195,0.5825038533657789,0.655229901894927,0.611958559602499,18.103377195075154
1859,308.04238188,125,5,2,4349,13978,3,16.08872483484447,0.576813006773591,0.6669519934803247,0.5917102098464966,17.924200044944882
1862,308.432415503,117,2,0,4349,13978,0,15.369975008070469,0.5756011232733727,0.6696479395031929,0.7147409487515688,17.329965019598603
1863,308.529931262,124,4,1,4350,13979,1,18.137732055038214,0.5754299927502871,0.6679641082882881,0.5933637730777264,19.974489929154515
1864,308.919911343,101,2,0,4350,13979,0,14.809663873165846,0.5656320136040449,0.6897849962115288,0.6834622472524643,16.748543130233884
1865,309.017407645,106,3,1,4351,13981,2,20.015747053548694,0.8223939221352339,0.7836108561605215,0.7038421463221312,22.32559397816658
1868,309.602314704,108,4,2,4353,13984,3,16.591649036854506,0.5950869526714087,0.6684351246803999,0.6060379091650248,18.46120902337134
1869,309.699787797,100,4,0,4353,13986,2,16.469439957290888,0.49574021250009537,0.719711184501648,0.6726626306772232,18.357553984969854
1872,310.089682461,107,4,1,4354,13988,2,17.246708972379565,0.6536270957440138,0.6876909174025059,0.6040842272341251,19.19211121276021
1874,310.382104407,105,4,2,4356,13992,4,17.03018182888627,0.7527230773121119,1.341568073257804,0.602461164817214,19.7269341442734
1875,310.577052801,102,3,0,4356,13993,1,14.435030985623598,0.5031349137425423,0.7142310496419668,0.6445380859076977,16.296935034915805
1877,310.869474039,103,4,1,4357,13994,1,18.04248197004199,0.6517341826111078,0.8740308694541454,0.6305438000708818,20.198790822178125
1878,311.064423309,103,5,1,4358,13999,5,16.81340509094298,1.0849370155483484,1.0337100829929113,0.5974918603897095,19.529544049873948
1879,311.356888671,58,8,4,4362,13999,0,12.228647014126182,0.5774539895355701,0.565691851079464,0.6248441059142351,13.99663696065545
1882,311.746765002,0,0,0,4362,13999,0,9.618498152121902,0.015079043805599213,0.0014330726116895676,0.5655195564031601,10.20052982494235
1883,311.84417072,1,1,0,4362,13999,0,14.352174010127783,0.5137140396982431,0.002525048330426216,1.609060913324356,16.47747401148081
1884,312.23402801,103,6,3,4365,14010,11,15.943862032145262,0.5761310458183289,0.6671128794550896,0.6141131743788719,17.801219131797552
1886,312.526348914,99,5,0,4365,14013,3,15.030397102236748,0.5199259612709284,1.2994799762964249,2.7219599578529596,19.57176299765706
1889,312.916148787,96,5,0,4365,14013,0,15.681840013712645,0.6758389063179493,0.9713240433484316,0.6221570074558258,17.95115997083485
1890,313.013601088,100,5,0,4365,14013,0,15.051247086375952,1.0188429150730371,0.9446840267628431,0.8435619529336691,17.8583359811455
1891,313.208496441,97,5,0,4365,14014,1,14.841372845694423,0.47160498797893524,0.6672630552202463,0.634671188890934,16.61491207778454
1892,313.500854054,102,9,2,4367,14018,4,16.418874030932784,0.5608529318124056,0.6582159548997879,0.6005670875310898,18.238510005176067
1893,313.890654759,100,4,1,4368,14018,0,16.6075280867517,0.579318031668663,0.655490905046463,0.627125846222043,18.46946286968887
1894,314.183023331,95,5,1,4369,14020,2,14.254930894821882,0.5610140506178141,0.6584059447050095,0.6185711827129126,16.09292207285762
1897,314.572918411,100,5,1,4370,14025,5,14.899221016094089,1.6086099203675985,0.6850468926131725,0.592381227761507,17.785259056836367
1898,314.670394838,99,5,0,4370,14027,2,15.465714037418365,0.4828160163015127,0.6603898946195841,0.6204049568623304,17.229324905201793
1899,314.962820159,112,7,1,4371,14030,3,16.735998913645744,0.6325768772512674,0.8494849316775799,0.7274462841451168,18.94550700671971
1900,315.157774095,112,6,0,4371,14031,1,18.241664860397577,0.47229696065187454,0.6641268264502287,0.594255281612277,19.972343929111958
1902,315.645257061,112,8,2,4373,14037,6,17.430922947824,1.0428770910948515,0.6596078164875507,0.689636217430234,19.823044072836637
1903,315.840236622,125,7,1,4374,14043,6,15.134481946006417,1.1636139824986458,0.7885301019996405,2.982639940455556,20.06926597096026
1905,316.13268236,114,8,2,4376,14050,7,15.083475969731808,0.9680981747806072,0.702759949490428,0.6256739143282175,17.38000800833106
1908,316.522617899,123,6,0,4376,14050,0,17.216280102729797,0.5875630304217339,0.7892309222370386,0.6832138169556856,19.276287872344255
1909,316.717615918,113,6,0,4376,14050,0,18.663907889276743,1.0113180615007877,0.8816649205982685,0.9413480293005705,21.49823890067637
1910,316.815060303,118,6,0,4376,14051,1,16.127627110108733,0.561293913051486,0.8675989229232073,0.8330629207193851,18.38958286680281
1913,317.399947279,116,6,4,4380,14062,11,16.614609863609076,0.5842170212417841,0.6695170886814594,0.6496901623904705,18.51803413592279
1914,317.497420205,107,5,1,4381,14064,2,15.288861934095621,1.200432889163494,0.6817600224167109,0.5973521620035172,17.768407007679343
1916,317.887305786,114,8,5,4386,14079,15,17.77168200351298,0.5823040846735239,0.6781329866498709,0.5973207298666239,19.629439804702997
1917,317.984769754,110,7,0,4386,14082,3,15.682750847190619,0.48522092401981354,0.6794058717787266,0.6042344029992819,17.45161204598844
1919,318.47211897,114,5,1,4387,14086,4,17.480576178058982,0.5714031867682934,0.7968251593410969,0.5995053797960281,19.4483099039644
1920,318.667064698,110,6,1,4388,14088,2,15.730560990050435,0.6754279602319002,0.6553609855473042,0.5991340149194002,17.66048395074904
1923,319.056960112,111,6,0,4388,14089,1,14.695438090711832,0.47796708531677723,0.6717408541589975,0.5985840689390898,16.443730099126697
1924,319.154433955,109,8,3,4391,14095,6,15.400159871205688,0.5707310047000647,0.6659000646322966,0.6083031184971333,17.245094059035182
1925,319.446856443,117,9,4,4395,14112,17,15.129182022064924,2.236508997157216,1.0466249659657478,3.518615150824189,21.930931136012077
1926,319.641835462,121,11,2,4397,14121,9,17.590783070772886,0.6371859926730394,0.6657799240201712,0.9350050240755081,19.828754011541605
1927,319.934330533,108,8,2,4399,14124,3,15.16974694095552,0.5558528937399387,0.6702379323542118,0.5972322542220354,16.993070021271706
1928,320.324314656,109,7,1,4400,14127,3,15.422621974721551,0.5598810967057943,0.6809080950915813,0.6626448594033718,17.3260560259223
1929,320.616798227,133,8,1,4401,14130,3,15.409376937896013,0.5582170560956001,0.6522550247609615,0.6140440236777067,17.23389304243028
1932,321.006744808,125,8,2,4403,14134,4,17.490645172074437,0.5636878777295351,0.6793560460209846,0.6017978303134441,19.3354869261384
1933,321.104219818,127,8,2,4405,14138,4,15.41671110317111,0.5527068860828876,0.668184133246541,0.705846818163991,17.34344894066453
1934,321.494135565,128,4,1,4406,14139,1,18.67650100030005,0.5637288559228182,0.6564529612660408,0.6058360449969769,20.502518862485886
1935,321.786558344,159,7,1,4407,14142,3,19.976611016318202,0.5620550364255905,0.6586960516870022,0.5868119187653065,21.7841740231961
1936,321.884031021,167,11,2,4409,14147,5,18.06481322273612,0.8674080017954111,0.6767809391021729,0.6175076123327017,20.226509775966406
1939,322.468873788,262,10,2,4411,14150,3,24.27781606093049,0.6389489863067865,0.6773911882191896,0.7697157561779022,26.36387199163437
1940,322.566348298,271,15,2,4413,14166,16,23.35581509396434,0.6217770278453827,5.356485955417156,0.6852159276604652,30.019294004887342
1941,322.761295609,286,11,2,4415,14175,9,25.64474195241928,0.8689709939062595,0.6685950793325901,0.6242110393941402,27.80651906505227
1944,323.346139001,301,11,1,4416,14175,0,26.898223906755447,0.5873620975762606,0.6810580380260944,0.7845938671380281,28.95123790949583
1945,323.443612678,303,10,0,4416,14176,1,24.752866942435503,0.49282610416412354,0.6802869029343128,0.6102649495005608,26.5362448990345
1948,323.8335088,296,11,3,4419,14183,7,24.740845197811723,0.8579608984291553,0.7230779156088829,0.7547659333795309,27.076649945229292
1950,324.125931329,300,10,0,4419,14183,0,26.73644106835127,0.4838579334318638,0.6747969891875982,0.6007980555295944,28.495894046500325
1951,324.320881182,290,12,4,4423,14200,17,23.75539392232895,0.5751990247517824,0.7543859537690878,0.6623351946473122,25.74731409549713
1954,324.710773347,227,12,4,4427,14208,8,23.26624607667327,0.5716828163713217,0.6849758792668581,0.6057871505618095,25.12869192287326
1955,324.808247606,222,14,4,4431,14217,9,20.108258118852973,0.6086630746722221,0.7454389706254005,0.6684537511318922,22.130813915282488
1956,325.198141937,153,16,16,4447,14217,0,17.8579930216074,0.5510339979082346,0.5392329767346382,0.6085929926484823,19.556852988898754
1957,325.490563883,187,16,10,4457,14217,0,23.89629906974733,0.9649810381233692,0.5197960417717695,0.6892138626426458,26.070290012285113
1960,325.880461547,159,14,6,4463,14217,0,17.555725993588567,0.6732339970767498,0.5573059897869825,0.7185598369687796,19.50482581742108
1962,326.172882368,148,16,5,4468,14217,0,17.667456064373255,0.5671449471265078,0.48476015217602253,0.5876016803085804,19.306962843984365
1963,326.36782893,173,16,1,4469,14217,0,20.77336609363556,0.6354928482323885,0.5087349563837051,0.6431480869650841,22.560741985216737
1966,326.757725177,189,19,6,4475,14218,1,19.70352791249752,0.570761039853096,0.6181199569255114,0.619133235886693,21.51154214516282
1967,326.855199729,175,15,2,4477,14218,0,19.30661196820438,0.5820130463689566,0.4642209969460964,0.5947069730609655,20.947552984580398
1968,327.245094351,131,19,9,4486,14218,0,16.71299384906888,0.6114779971539974,0.5016119685024023,0.8639311417937279,18.690014956519008
1969,327.342569403,125,19,2,4488,14218,0,17.591683194041252,0.6073398981243372,0.5093859508633614,0.6255749613046646,19.333984004333615
1972,327.927410045,142,17,9,4497,14218,0,16.250306041911244,1.2528619263321161,0.6348518654704094,0.6779022514820099,18.81592208519578
1973,328.024885055,155,13,2,4499,14218,0,17.735292902216315,0.6353831849992275,0.5590999498963356,0.7861040066927671,19.715880043804646
1974,328.414817135,157,10,4,4503,14218,0,17.072147922590375,0.5635779816657305,0.4710641223937273,0.5976618267595768,18.70445185340941
1975,328.512248229,157,14,4,4507,14218,0,18.1759400293231,0.7121372036635876,0.5270191468298435,0.63276756554842,20.047863945364952
1978,329.097064996,125,15,8,4515,14218,0,15.560881001874804,0.576663063839078,0.48753595910966396,0.6103040650486946,17.23538408987224
1979,329.194528214,135,14,1,4516,14219,1,16.101334942504764,0.5718031898140907,0.6420849822461605,0.7143719121813774,18.029595026746392
1982,329.584415378,156,12,4,4520,14221,2,16.304837074130774,0.5903181154280901,0.663575017824769,0.6115688011050224,18.170299008488655
1984,329.876835324,122,11,3,4523,14221,0,15.745968092232943,5.223284941166639,0.5828340072184801,0.6828829646110535,22.234970005229115
1985,330.071773427,142,18,9,4532,14224,3,17.070634989067912,0.6266271229833364,0.7997008506208658,0.6225579418241978,19.119520904496312
1986,330.364175206,126,11,5,4537,14224,0,15.41856280528009,0.563969137147069,0.4855808801949024,0.6119993049651384,17.0801121275872
1989,330.754059245,156,14,4,4541,14225,1,17.78589701279998,0.5602119490504265,0.6376970559358597,0.5958487745374441,19.57965479232371
1990,330.851468339,134,12,0,4541,14225,0,15.51428297534585,0.5060299299657345,0.4967818967998028,0.643598148599267,17.160692950710654
1991,331.241269044,117,11,6,4547,14225,0,15.309076989069581,0.557467108592391,0.4679979756474495,0.5902978591620922,16.924839932471514
1992,331.338732263,112,11,1,4548,14225,0,14.944292837753892,0.622148159891367,0.49598095938563347,0.6455520633608103,16.707974020391703
1994,331.826028853,137,17,7,4555,14225,0,19.222714006900787,0.5687081720679998,0.47568301670253277,0.6035116966813803,20.8706168923527
1995,331.923478488,134,12,2,4557,14225,0,15.933740185573697,0.5748190451413393,0.47239684499800205,0.597883015871048,17.578839091584086
1996,332.020932831,117,13,1,4558,14225,0,17.243077978491783,1.570938853546977,0.47943019308149815,0.6006071344017982,19.894054159522057
1997,332.118351883,98,12,1,4559,14225,0,13.837045058608055,0.5557830445468426,0.4947381094098091,0.6038537248969078,15.491419937461615
2000,332.410349954,93,7,1,4560,14225,0,15.394227113574743,0.655309995636344,0.5057188682258129,0.6565840449184179,17.211840022355318
2001,332.507664172,81,7,0,4560,14225,0,15.46966889873147,0.4787789657711983,0.47909910790622234,0.6174889858812094,17.0450359582901
