frame_index,frame_timestamp_sec,num_input_points,num_valid_cells,num_nodes,num_edges,num_frontiers,t_parse_ms,t_emap_ms,t_local_ms,t_merge_ms,t_other_ms,t_graph_total_ms,t_frame_total_ms
2,61.140880498,42507,2859,37,357,7,3.0597669538110495,166.29308089613914,117.61998990550637,52.70616989582777,77.2059471346438,247.53210693597794,417.58546605706215
3,61.238354383,42504,3332,45,471,7,2.2747269831597805,2.088728826493025,8.244100958108902,3.276112023741007,6.960135884582996,18.480348866432905,23.408354027196765
4,61.335826851,42546,3629,51,556,9,2.388800960034132,2.0418919157236814,5.760862026363611,1.9358641002327204,5.099935922771692,12.796662049368024,17.76923891156912
5,61.433302527,42503,3776,55,636,9,2.465955913066864,1.6712681390345097,8.163610007613897,2.3577329702675343,5.059079034253955,15.580422012135386,20.249791909009218
6,61.530774329,42565,3920,59,722,8,2.556645078584552,2.1628879476338625,5.858215037733316,2.5660130195319653,6.064030108973384,14.488258166238666,19.81576904654503
7,61.62824963,42582,3995,60,430,17,2.406264189630747,1.72233278863132,5.283619975671172,16.062153037637472,5.790036870166659,27.135809883475304,31.815168913453817
8,61.725721598,42537,4062,63,774,9,2.33988999389112,1.8513449467718601,6.034734891727567,2.350019058212638,7.407746044918895,15.7924999948591,21.505401004105806
9,61.8231964,42551,4102,64,808,8,2.4797110818326473,2.4068751372396946,7.003088016062975,2.456478076055646,8.318620035424829,17.77818612754345,23.20812805555761
10,61.920670243,42624,4165,66,827,9,2.353245159611106,2.870803000405431,5.722059868276119,7.6457110699266195,6.058319006115198,19.426089944317937,25.297960033640265
11,62.018143169,42566,4221,68,875,8,2.337263897061348,1.7073049675673246,5.514941876754165,2.0820170175284147,7.706603966653347,15.303562860935926,19.8816719930619
12,62.115617887,42578,4258,68,875,7,2.3319339379668236,1.848118845373392,6.509574130177498,1.968905096873641,7.459871703758836,15.938350930809975,20.738085033372045
13,62.213090272,42586,4316,72,659,14,2.7384550776332617,1.8987739458680153,6.042099092155695,3.053705906495452,5.93064003624022,15.026445034891367,20.224343985319138
14,62.310565865,42577,4329,72,973,8,2.3341288324445486,1.744534820318222,7.0925450418144464,2.6791049167513847,5.580204073339701,15.351854031905532,19.99379205517471
15,62.408037958,42560,4338,73,1021,7,2.4147199001163244,1.7730691470205784,6.171891000121832,3.1724979635328054,5.412762053310871,14.757151016965508,19.504496129229665
16,62.505512218,42582,4364,73,1021,7,2.4820058606565,1.7765650991350412,7.1343230083584785,2.245954005047679,6.607347168028355,15.987624181434512,20.802155137062073
17,62.602986061,42586,4399,74,1035,7,2.3426751140505075,1.7820261418819427,6.878264946863055,2.0469611044973135,5.592296831309795,14.517522882670164,19.217530032619834
18,62.700459821,42590,4412,75,1049,7,2.494008047506213,1.7317910678684711,6.56559900380671,2.0973149221390486,5.634727189317346,14.297641115263104,19.090030808001757
19,62.797932998,42577,4429,75,617,17,2.3500779643654823,1.6982881352305412,6.0285229701548815,3.3041341230273247,5.31219388358295,14.644850976765156,19.2687448579818
20,62.895407674,42643,4448,75,1027,6,2.4215520825237036,1.7813241574913263,6.450963905081153,2.867406001314521,5.806970177218318,15.125340083613992,19.894015975296497
21,62.992880642,42603,4467,76,1058,6,2.304492983967066,1.7757629975676537,6.030326941981912,2.6722908951342106,5.6735503021627665,14.376168139278889,19.296467071399093
22,63.090354819,42588,4505,77,1076,7,2.3315739817917347,3.1964329537004232,6.224870914593339,1.9269371405243874,5.4599689319729805,13.611776987090707,19.713297951966524
23,63.187830245,42526,4559,78,1101,6,2.2777130361646414,1.6799939330667257,5.73007483035326,1.948487013578415,6.540482165291905,14.21904400922358,18.762637861073017
24,63.285303047,42499,4609,79,1101,6,2.387608867138624,2.4619281757622957,5.655304994434118,1.9959460478276014,5.128839984536171,12.78009102679789,18.166482914239168
25,63.382778056,42495,4646,80,749,17,3.1945789232850075,3.8958718068897724,6.916234968230128,3.5790090914815664,6.414295872673392,16.909539932385087,24.82355199754238
26,63.480249233,42436,4672,81,1113,7,2.3377761244773865,1.7640909645706415,5.6089679710567,2.445877995342016,5.610601045191288,13.665447011590004,18.483876017853618
27,63.577722993,42438,4719,82,1158,6,2.310223877429962,2.7939199935644865,5.125222960487008,1.9987409468740225,5.547624081373215,12.671587988734245,18.323166063055396
28,63.675197502,42381,4718,82,1161,6,2.503987168893218,1.7651738598942757,6.458768853917718,1.9586458802223206,6.173344328999519,14.590759063139558,19.43172002211213
29,63.772671637,42371,4782,84,1211,7,2.8549840208142996,2.87717510946095,5.132836988195777,2.4011540226638317,6.334847072139382,13.868838082998991,20.191102055832744
30,63.870144272,42386,4827,84,1212,7,2.6733640115708113,2.0168740302324295,6.653712829574943,2.1872040815651417,5.6388950906693935,14.479812001809478,19.75560700520873
31,63.967624657,42369,4889,84,886,17,2.4478610139340162,2.9737059958279133,5.925901932641864,3.7281280383467674,4.936149111017585,14.590179082006216,20.55752812884748
32,64.065137417,42450,4951,84,1190,9,2.418417017906904,2.3204630706459284,6.015469087287784,1.9195431377738714,6.784678669646382,14.719690894708037,20.018218085169792
33,64.162565968,42412,5036,88,1291,7,2.4614769499748945,2.757050096988678,5.954985041171312,3.514347830787301,8.938621263951063,18.407954135909677,24.204033194109797
34,64.260040228,42447,5113,88,1297,7,2.28470703586936,2.887764945626259,5.802169907838106,2.455506008118391,5.4269980173558,13.684673933312297,19.39880894497037
35,64.357513071,42542,5184,89,1320,5,2.3756870068609715,3.050009021535516,6.180027034133673,2.1560448221862316,5.916274152696133,14.252346009016037,20.25564294308424
36,64.454988331,42595,5244,90,1346,7,2.387208165600896,2.0087689626961946,5.708003882318735,2.7603658381849527,9.006488369777799,17.474858090281487,22.49289001338184
37,64.552461799,42534,5333,90,759,16,2.33766483142972,3.001516917720437,7.017494877800345,3.1281551346182823,5.870898021385074,16.0165480338037,22.003212943673134
38,64.649934392,42545,5432,95,1372,10,2.323199063539505,2.847498981282115,5.9146510902792215,2.3148830514401197,5.136903841048479,13.36643798276782,19.143651006743312
39,64.747408027,42475,5545,99,1477,9,2.3077090736478567,2.9352139681577682,5.883142119273543,2.615315141156316,5.362746538594365,13.861203799024224,19.682890037074685
40,64.84488687,42624,5659,100,1519,9,2.3449189029634,1.6885700169950724,6.147176027297974,2.183116041123867,6.4630969427526,14.79338901117444,19.41944705322385
41,64.942355213,42651,5778,101,1570,8,2.810330130159855,3.2681371085345745,7.018747041001916,5.88200893253088,6.1061999294906855,19.00695590302348,25.708047905936837
42,65.039829348,42732,5880,103,1619,7,3.1960918568074703,3.877297043800354,7.926705991849303,5.2180669736117125,8.98872409015894,22.133497055619955,29.80878297239542
43,65.137349691,42691,5950,105,1008,14,2.3163750302046537,2.76158913038671,6.638955790549517,2.8863127809017897,5.149308359250426,14.674576930701733,20.29725001193583
44,65.234778659,42797,6012,107,1684,6,2.3360028862953186,1.9597280770540237,7.191490847617388,2.163458848372102,5.78277325257659,15.13772294856608,20.00822895206511
45,65.332253044,42701,6073,110,1787,7,2.630172995850444,3.094211919233203,8.591630961745977,2.578586107119918,6.607427028939128,17.777644097805023,24.083346826955676
46,65.429725512,42661,6163,110,1791,6,2.2776329424232244,2.809758996590972,8.043756010010839,2.0857739727944136,5.676805041730404,15.806335024535656,21.57762716524303
47,65.527239605,42743,6241,113,1884,6,2.3120478726923466,1.676026964560151,5.7614638935774565,1.9650680478662252,5.58905117213726,13.315583113580942,17.918869154527783
48,65.624709865,42773,6323,113,1884,5,2.315524034202099,2.7910941280424595,5.628103855997324,2.234793035313487,4.9969530664384365,12.859849957749248,18.50095810368657
49,65.722145541,42742,6402,116,1132,16,2.3267350625246763,2.8121541254222393,6.332421908155084,2.896049991250038,5.074509186670184,14.302981086075306,20.00492298975587
50,65.819619968,42966,6451,117,1917,5,2.41682305932045,3.2330809626728296,7.102543953806162,2.959989942610264,6.013314938172698,16.075848834589124,22.318304050713778
51,65.917093228,42962,6522,119,1963,6,2.3922778200358152,3.4786409232765436,6.750925909727812,2.0868361461907625,6.05151685886085,14.889278914779425,21.375688957050443
52,66.014567946,42910,6558,120,1966,5,2.301278058439493,1.8400540575385094,5.948263918980956,2.1830860059708357,5.174323916435242,13.305673841387033,21.020282991230488
53,66.112041206,42943,6628,123,2025,8,2.633608877658844,5.251578986644745,8.1390340346843,3.0055257957428694,8.248237194493413,19.392797024920583,27.892787009477615
54,66.209514424,42971,6701,125,2086,7,2.347504021599889,3.2886150293052197,7.449573837220669,2.3092220071703196,8.83397413417697,18.592769978567958,24.785621091723442
55,66.306989017,43010,6810,125,1373,17,2.8160910587757826,2.869579941034317,6.565748946741223,14.126391150057316,6.624538917094469,27.31667901389301,33.56721787713468
56,66.404462652,43089,6880,126,2053,6,2.6759491302073,1.9629541784524918,6.817229790613055,3.5040690563619137,6.315521197393537,16.636820044368505,21.85266208834946
57,66.501978786,43152,6935,126,2114,6,2.3104038555175066,2.807395067065954,6.410269066691399,2.8524890076369047,5.619897972792387,14.88265604712069,20.524895982816815
58,66.599410046,43097,6982,127,2134,7,2.3822891525924206,2.99274199642241,7.0827670861035585,2.2641578689217567,6.108742905780673,15.455667860805988,21.411746041849256
59,66.696883348,43079,7015,128,2169,5,2.358284080401063,4.077951889485121,6.60034385509789,2.481956034898758,7.073859218508005,16.156159108504653,23.34358193911612
60,66.794394274,43101,7037,130,2196,7,2.363713923841715,1.7623291350901127,6.8361349403858185,3.156167920678854,5.637301364913583,15.629604225978255,20.310034044086933
61,66.891829992,43141,7142,130,1398,16,3.113929182291031,3.857370000332594,8.368833921849728,3.9267800748348236,6.3510669860988855,18.646680982783437,26.197433937340975
62,66.98930396,43250,7239,134,2178,12,2.339129103347659,2.9844860546290874,7.119816029444337,2.4786898866295815,5.781861953437328,15.380367869511247,21.5225531719625
63,67.086778095,43227,7313,134,2224,11,3.1782391015440226,3.477969905361533,6.977749988436699,2.263306174427271,5.40533778257668,14.64639394544065,21.8790911603719
64,67.184251938,43306,7384,135,2263,10,2.3537161760032177,3.166306996718049,6.676004966720939,1.9422960467636585,5.131284007802606,13.749585021287203,19.85609484836459
65,67.281724656,43306,7412,136,2293,9,2.5349450297653675,1.9707789178937674,7.159701082855463,1.9902451895177364,5.5826997850090265,14.732646057382226,19.778409972786903
66,67.379200333,43310,7441,137,2313,10,2.289875876158476,3.1522801145911217,8.070235140621662,2.1809821482747793,5.898649804294109,16.14986709319055,22.20794721506536
67,67.476672343,43479,7486,138,1230,23,2.3379959166049957,2.8978539630770683,9.569610934704542,2.817122032865882,5.556922173127532,17.943655140697956,23.795558139681816
68,67.574153394,43481,7589,140,2302,12,3.137202002108097,3.558139083907008,7.002996979281306,2.027645939961076,5.278259050101042,14.308901969343424,21.573869045823812
69,67.671621404,43779,7693,141,2366,11,2.323238179087639,1.7521590925753117,6.536083994433284,2.5199968367815018,5.501496372744441,14.557577203959227,19.17143282480538
70,67.769095414,43906,7780,142,2391,11,2.413606969639659,3.0868169851601124,7.363392040133476,2.393048955127597,5.872091045603156,15.62853204086423,21.710145054385066
71,67.866568257,43860,7829,143,2416,11,2.3837119806557894,3.679828019812703,10.765539947897196,2.133323112502694,5.993016762658954,18.891879823058844,25.532258907333016
72,67.964042267,44002,7765,145,2465,10,2.3224169854074717,3.3717008773237467,6.837217137217522,2.0207019988447428,5.838227923959494,14.696147060021758,20.977152045816183
73,68.061515693,44018,7632,146,1619,17,2.5804699398577213,2.9206869658082724,7.741238921880722,3.559011034667492,6.265948060899973,17.566198017448187,23.66809919476509
74,68.158988828,44054,7614,147,2399,14,2.6313350535929203,3.421684028580785,6.725188111886382,2.596680074930191,6.661657942458987,15.98352612927556,22.693946957588196
75,68.256463879,44048,7685,148,2472,12,2.3350000847131014,1.754523953422904,7.542456965893507,3.1423219479620457,5.783194210380316,16.46797312423587,21.177208051085472
76,68.353937431,44184,7796,151,2557,11,2.7668080292642117,3.478189930319786,8.830216946080327,4.542702110484242,6.069049937650561,19.44196899421513,26.541137136518955
77,68.451410649,44184,7911,152,2572,10,2.392587950453162,2.943149069324136,6.24704291112721,2.571302931755781,6.166261155158281,14.984606998041272,21.024000830948353
78,68.54888445,44319,7931,153,2598,10,2.5252560153603554,3.3316859044134617,6.619309075176716,1.9609809387475252,6.391693139448762,14.971983153373003,21.38026710599661
79,68.646359169,44369,7825,153,1845,16,2.416512928903103,3.325995057821274,7.68900103867054,3.6987420171499252,6.552485981956124,17.94022903777659,24.266129126772285
80,68.743841637,44507,7676,155,2517,11,2.9134030919522047,5.303726997226477,7.238818798214197,2.6549200993031263,5.860899109393358,15.754638006910682,24.542215978726745
81,68.841348438,44604,7648,158,2638,11,2.455275971442461,3.7091420963406563,6.734905997291207,2.1405259612947702,5.651158047839999,14.526590006425977,21.27034217119217
82,68.938817448,44870,7795,159,2664,11,2.361009130254388,3.029800020158291,6.397083168849349,2.983825048431754,6.180768832564354,15.561677049845457,21.505892043933272
83,69.036252458,45130,8027,161,2712,10,2.3566309828311205,2.976961899548769,6.876119878143072,1.9333988893777132,5.891847191378474,14.70136595889926,20.59781295247376
84,69.133727759,45434,8218,162,2719,11,2.70156585611403,2.8433019760996103,7.189495954662561,2.033977070823312,5.814112024381757,15.03758504986763,21.23778103850782
85,69.231200769,45696,8218,162,1815,17,2.394501818343997,2.919043181464076,6.8690660409629345,2.77867098338902,7.402505958452821,17.050242982804775,23.02652900107205
86,69.328674362,45942,8035,164,2642,12,2.387759042903781,3.1942580826580524,5.902437958866358,2.5787469930946827,6.554267136380076,15.035452088341117,21.314915036782622
87,69.42616908,46091,7934,168,2763,12,2.4232259020209312,2.972192829474807,6.021400913596153,2.0053330808877945,6.055172998458147,14.081906992942095,20.21469594910741
88,69.523621173,46296,7990,170,2813,11,2.3145831655710936,2.1048791240900755,11.186318006366491,2.1463779266923666,6.885687122121453,20.21838305518031,25.19943588413298
89,69.621136433,46465,8142,172,2862,12,2.4539439473301172,3.649601014330983,6.905966205522418,2.0323339849710464,6.432779831811786,15.37108002230525,22.00563787482679
90,69.718568901,46503,8340,174,2869,12,2.3911658208817244,3.2681371085345745,6.443260004743934,1.9334789831191301,5.571407964453101,13.948146952316165,20.14822093769908
91,69.816044786,46581,8513,177,1833,18,2.365828026086092,3.0028701294213533,7.270216941833496,2.5742780417203903,6.501799914985895,16.34629489853978,22.287054918706417
92,69.913523588,46630,8138,178,2788,14,2.512803068384528,3.0305630061775446,6.521567003801465,2.5724139995872974,6.012212950736284,15.106193954125047,21.2028450332582
93,70.011034931,46600,7858,179,2894,12,3.264930797740817,3.378533059731126,7.1644100826233625,2.6430769357830286,6.043531000614166,15.851018019020557,23.07808492332697
94,70.108464065,46729,7751,182,2966,12,3.2637689728289843,3.3277778420597315,8.593033999204636,2.1293258760124445,6.612636148929596,17.334996024146676,24.51995387673378
95,70.205941617,46845,7958,184,3046,12,2.34222412109375,1.822441117838025,6.696143187582493,1.956382067874074,6.1724018305540085,14.824927086010575,19.533401122316718
96,70.303459335,46949,8254,186,3103,12,2.4013048969209194,2.8740488924086094,6.849450059235096,1.9628137815743685,6.028803996741772,14.841067837551236,20.70113690569997
97,70.400886553,47080,8597,187,2041,19,2.391085959970951,3.049206919968128,6.958433892577887,4.074416123330593,6.362247979268432,17.39509799517691,23.468466009944677
98,70.498358896,47250,8741,188,3006,11,3.1218428630381823,3.446830902248621,6.554347928613424,2.13833199813962,6.431296933442354,15.123976860195398,22.30150206014514
99,70.595832781,47265,8543,193,3240,12,2.447851002216339,2.9101769905537367,7.024538004770875,2.2944449447095394,6.178673822432756,15.49765677191317,21.455598063766956
100,70.693306833,47300,8306,195,3292,12,3.2971107866615057,3.382821101695299,7.77237699367106,3.217322053387761,7.544510997831821,18.534210044890642,25.862957816570997
101,70.790779676,47320,8225,195,3306,10,2.3750150576233864,2.8223830740898848,6.432379130274057,2.135787857696414,6.709148176014423,15.277315163984895,21.023910958319902
102,70.888253935,47329,8421,196,3313,11,2.465014113113284,2.8301971033215523,7.248756941407919,2.555452985689044,6.000131135806441,15.804341062903404,21.70952409505844
103,70.985729987,47308,8816,197,2058,19,2.4216631427407265,2.861324930563569,7.326934020966291,2.7247900143265724,5.763135850429535,15.814859885722399,21.67232404462993
104,71.083202288,47267,8803,198,3059,13,3.176935948431492,3.415952902287245,8.47968109883368,2.1409671753644943,5.596765782684088,16.217414056882262,23.399777011945844
105,71.180675381,47317,8508,200,3242,13,2.3646459449082613,2.9852171428501606,6.782955955713987,2.266201889142394,5.926852114498615,14.976009959354997,20.902452990412712
106,71.278195266,47392,8243,204,3360,12,2.6277790311723948,3.8699530996382236,10.86799195036292,3.0079400166869164,6.100957980379462,19.9768899474293,27.02938113361597
107,71.375623693,47412,8083,205,3394,11,2.346101915463805,3.341444069519639,6.318256026133895,1.9974380265921354,5.863916128873825,14.179610181599855,20.413958933204412
108,71.473097578,47450,8145,206,3427,11,2.5538199115544558,2.898935927078128,6.695552030578256,1.9825899507850409,6.0337441973388195,14.711886178702116,20.718068815767765
109,71.570584171,47520,8375,209,2121,20,3.1687309965491295,3.538514021784067,8.312067948281765,3.4447279758751392,6.672827992588282,18.429623916745186,25.936825899407268
110,71.668046347,47595,8548,212,3240,13,3.1539429910480976,2.8426810167729855,6.615462014451623,2.516159089282155,5.9203519485890865,15.051973052322865,21.622880827635527
111,71.765517815,47662,8405,214,3365,14,2.457910217344761,3.0239999759942293,6.0394140891730785,2.950082067400217,6.200374802574515,15.189870959147811,21.244172006845474
112,71.8629912,47714,8165,215,3422,14,2.353054005652666,2.9163281433284283,6.593480939045548,2.1577889565378428,6.228848127648234,14.980118023231626,20.79569292254746
113,71.960465668,47818,8091,216,3485,12,2.318057930096984,3.0229378025978804,6.103323074057698,2.1937659475952387,5.836084019392729,14.133173041045666,20.04002803005278
114,72.057938636,47930,8203,217,3509,12,2.609262941405177,3.94553504884243,6.281967973336577,2.0631919614970684,7.7618269715458155,16.10698690637946,23.222594987601042
115,72.155412188,47932,8398,218,2295,21,2.3784220684319735,2.8939771000295877,7.631604094058275,3.010906046256423,6.473345914855599,17.115856055170298,23.106658132746816
116,72.252897989,47954,8590,220,3248,17,3.165334928780794,3.1919439788907766,7.406151853501797,2.0519299432635307,5.5675620678812265,15.025643864646554,21.95408195257187
117,72.350361457,47971,8509,221,3387,16,2.5586080737411976,3.2653219532221556,6.787383928894997,2.1316190250217915,6.499535869807005,15.418538823723793,21.82110189460218
118,72.447834217,47900,8354,223,3444,15,3.3814790658652782,3.315926995128393,6.9538860116153955,2.4161830078810453,6.263351999223232,15.633421018719673,22.900382056832314
119,72.545349227,47891,8378,226,3495,15,2.3402899969369173,3.0576330609619617,5.99062186665833,2.443362958729267,6.566751282662153,15.00073610804975,21.026484901085496
120,72.64278982,47865,8411,228,3536,16,2.548829885199666,3.475464880466461,6.3489030580967665,2.1494741085916758,6.017111008986831,14.515488175675273,21.47427387535572
121,72.740255455,47870,8513,229,2235,19,2.4144791532307863,3.0663800425827503,6.622935878112912,3.2754000276327133,6.28289021551609,16.181226121261716,22.227623034268618
122,72.837730256,47846,8641,233,3215,19,2.330521820113063,2.786664990708232,6.72318390570581,2.7952310629189014,6.127689033746719,15.64610400237143,21.320234052836895
123,72.935202766,47889,8727,237,3398,20,2.3762669879943132,3.227740991860628,6.295033032074571,2.5938248727470636,7.768951123580337,16.65780902840197,23.05320813320577
124,73.032678734,47944,8646,239,3486,19,2.3282079491764307,2.7558179572224617,6.211245898157358,2.375866984948516,5.693936254829168,14.281049137935042,19.92217800579965
125,73.130150244,47998,8617,243,3574,21,3.251435002312064,3.7875589914619923,6.561702117323875,2.190039027482271,5.956007866188884,14.70774901099503,22.319234907627106
126,73.227625587,48109,8655,246,3671,22,2.439595991745591,3.1270920298993587,5.936131114140153,2.2540390491485596,5.570545792579651,13.760715955868363,19.88012995570898
127,73.325098514,48178,8783,247,2143,26,2.9091949108988047,3.2360469922423363,6.847697077319026,2.670327899977565,5.843928083777428,15.361953061074018,22.094914922490716
128,73.422572982,48265,8932,248,3279,22,2.4437028914690018,3.3884020522236824,6.465621991083026,2.606418915092945,5.827577086165547,14.899617992341518,21.30024810321629
129,73.520046408,48223,9022,250,3460,21,3.183468943461776,3.21219302713871,6.644095992669463,2.913482952862978,5.7798579800873995,15.33743692561984,22.30344503186643
130,73.617520043,48259,8977,252,3572,20,2.3626929614692926,2.789490856230259,6.2490159180015326,2.077789045870304,6.029946031048894,14.35675099492073,20.06175904534757
131,73.714993386,48198,8817,258,3697,21,2.3574018850922585,4.232861800119281,6.775731919333339,2.3647258058190346,6.407543085515499,15.548000810667872,22.72993396036327
132,73.812467104,48058,8811,258,3712,21,2.409910084679723,3.0234181322157383,5.784637061879039,2.242047106847167,5.691692931577563,13.718377100303769,19.685203908011317
133,73.909940072,47995,8921,264,2738,24,2.4002729915082455,1.71749503351748,5.655033979564905,2.816400956362486,6.6032500471919775,15.074684983119369,19.760013790801167
134,74.007412916,48048,9050,265,3498,19,2.3598370607942343,2.7517799753695726,5.382715025916696,2.0534431096166372,6.075200857594609,13.511358993127942,19.174037966877222
135,74.1048878,48005,9174,265,3651,18,2.4420111440122128,3.3441889099776745,6.546451942995191,1.985996961593628,5.9851540718227625,14.517602976411581,20.912912907078862
136,74.202362102,48041,9291,266,3688,20,2.4180759210139513,3.1535420566797256,6.73782080411911,3.2552829943597317,6.0439333319664,16.037037130445242,22.367965895682573
137,74.299836112,47995,9262,268,3747,20,2.3728308733552694,2.7843709103763103,5.969422869384289,2.808517077937722,5.839480087161064,14.617420034483075,20.33994998782873
138,74.397308496,47943,9153,268,3760,20,2.7250200510025024,4.031375981867313,6.508302176371217,2.222229028120637,6.019075866788626,14.74960707128048,22.05000096000731
139,74.494782923,47899,9039,271,2706,21,2.4648031685501337,2.905467990785837,6.125624990090728,3.4575217869132757,5.790548166260123,15.373694943264127,21.334049990400672
140,74.592256183,47885,9157,272,3363,18,2.7102918829768896,3.136490937322378,6.217346992343664,2.1948080975562334,5.963222123682499,14.375377213582397,20.76346310786903
141,74.689733234,47852,9562,276,3663,18,2.2932831197977066,3.1351279467344284,6.60041393712163,2.0318329334259033,6.254276027902961,14.886522898450494,20.858241012319922
142,74.787204161,47875,9762,283,3817,16,2.6253440883010626,2.8346951585263014,8.609303971752524,2.364545129239559,6.394458934664726,17.36830803565681,23.369129979982972
143,74.884677712,47816,9726,286,3925,15,2.3511401377618313,2.8913309797644615,7.013116963207722,2.255511935800314,5.77494828030467,15.043577179312706,20.844625076279044
144,74.982152388,47773,9550,287,3974,16,2.9922309331595898,3.016154980286956,7.9215760342776775,2.2526259999722242,9.398962836712599,19.5731648709625,26.273176074028015
145,75.07962619,47744,9337,289,2882,21,2.4927048943936825,4.25951206125319,7.022985024377704,6.415246985852718,11.870517861098051,25.308749871328473,32.68341301009059
146,75.177098991,47743,9168,290,3596,18,3.2378300093114376,3.198476042598486,6.206236081197858,2.865432994440198,6.5174889750778675,15.589158050715923,22.718752035871148
147,75.274611876,47707,9367,291,3688,18,2.4332250468432903,2.8853409457951784,5.674451123923063,2.9398221522569656,5.748789757490158,14.363063033670187,20.2226007822901
148,75.372047594,47725,9708,291,3775,18,2.45563592761755,4.30908496491611,9.78459301404655,2.182475058361888,6.42805197276175,18.395120045170188,25.714289164170623
149,75.469520271,47613,9787,295,3873,20,2.8602140955626965,5.171680124476552,8.987481007352471,2.0255011040717363,6.25801389105618,17.270996002480388,25.882012909278274
150,75.567032322,47587,9399,296,3913,21,2.3100930266082287,3.3862381242215633,7.860473124310374,2.110790926963091,8.303761016577482,18.275025067850947,24.51121690683067
151,75.664506165,47539,8913,296,2805,27,2.454774919897318,2.9262469615787268,6.335919024422765,4.609266994521022,7.8128729946911335,18.75805901363492,24.795148987323046
152,75.761941633,47490,8707,301,3536,23,2.3252118844538927,3.346203127875924,8.87211482040584,2.2411050740629435,7.3716482147574425,18.484868109226227,24.754652986302972
153,75.85941606,47467,8964,303,3762,23,2.50957696698606,3.106173826381564,9.087319020181894,2.3133400827646255,9.250352857634425,20.651011960580945,27.045961935073137
154,75.956889028,47479,9359,306,3913,23,2.329810056835413,2.8354369569569826,8.230083854869008,2.472116844728589,7.004791405051947,17.706992104649544,23.44102505594492
155,76.054362955,47595,9628,307,3978,24,2.3871581070125103,3.4950817935168743,8.07128706946969,2.385074971243739,6.249375874176621,16.70573791489005,23.1992918998003
156,76.151839964,47643,9380,307,3988,24,2.3824290838092566,2.8234950732439756,7.623067824169993,2.4638320319354534,5.755983293056488,15.842883149161935,21.632760064676404
157,76.249320016,47607,8984,313,3084,33,2.3662589956074953,3.5487220156937838,8.021253161132336,2.7307309210300446,6.412392016500235,17.164376098662615,23.635038174688816
158,76.346783359,47709,8809,317,3683,26,2.3560200352221727,3.0828099697828293,8.874009130522609,2.1982539910823107,5.90660679154098,16.9788699131459,22.991302888840437
159,76.444279369,47746,8821,323,3916,28,2.5043170899152756,4.11789701320231,8.38604592718184,2.8123040683567524,6.956180091947317,18.15453008748591,25.38093482144177
160,76.541731378,47775,9029,326,4017,27,2.384413033723831,2.9887440614402294,7.438993081450462,2.232539001852274,6.289150798693299,15.960682881996036,22.00012793764472
161,76.639205888,47773,9207,331,4152,27,2.3382268846035004,2.996267983689904,6.73251086845994,2.2985918913036585,5.810586269944906,14.841689029708505,20.718988962471485
162,76.73667844,47781,9246,334,4232,24,2.3602580185979605,2.862658118829131,7.819405989721417,1.956431893631816,5.867422092705965,15.643259976059198,21.41210692934692
163,76.8341532,47859,9118,338,2867,32,2.363224048167467,3.075577085837722,8.234551874920726,2.9641480650752783,8.093910058960319,19.292609998956323,25.43452614918351
164,76.931625959,47822,8927,338,3866,28,2.787546953186393,3.1435831915587187,9.782549925148487,2.9160180129110813,6.671827053651214,19.370394991710782,25.87033179588616
165,77.029100094,47766,8868,339,4000,27,3.3368051517754793,3.212663112208247,6.7141258623450994,2.640511840581894,5.708816461265087,15.06345416419208,22.16630894690752
166,77.126574729,47803,9037,345,4098,26,2.4543940089643,2.744266064837575,6.548136007040739,2.34718294814229,6.287859985604882,15.183178940787911,20.989506039768457
167,77.224048447,47691,9237,349,4213,27,2.312728902325034,2.741751028224826,7.601386867463589,2.34187301248312,5.5695450864732265,15.512804966419935,21.1477919947356
168,77.321521582,47740,9406,350,4254,26,2.477566944435239,3.4238980151712894,6.536785047501326,2.956463024020195,7.140895817428827,16.634143888950348,23.13906908966601
169,77.418996592,47722,9404,353,2860,29,2.3621912114322186,2.9860390350222588,8.512903936207294,6.667139008641243,6.362478015944362,21.5425209607929,27.45517692528665
170,77.516470226,47671,9258,354,3875,27,2.4288571439683437,3.5636299289762974,7.139262044802308,2.131890971213579,6.827197968959808,16.098350984975696,22.674079053103924
171,77.613943528,47747,8927,355,4014,30,2.45855120010674,2.936887089163065,6.939388113096356,2.1312290336936712,6.318716797977686,15.389333944767714,21.647437009960413
172,77.711417121,47755,8684,358,4077,30,2.380305901169777,3.1502461060881615,7.038444047793746,2.583615016192198,6.43603689968586,16.058095963671803,22.407389944419265
173,77.808890464,47774,8851,362,4121,33,2.4004229344427586,3.2983229029923677,7.140724919736385,2.23318999633193,6.69120391830802,16.065118834376335,22.33814005739987
174,77.906365349,47830,9090,366,4197,31,2.394031034782529,2.8697610832750797,7.4595618061721325,3.6938439588993788,6.576269399374723,17.729675164446235,23.65685789845884
175,78.003837692,47850,9232,368,3217,36,2.5095571763813496,3.0411819461733103,6.652822019532323,3.3415849320590496,6.653723074123263,16.648130025714636,22.79429300688207
176,78.10132391,47959,8983,371,4012,29,2.3897530045360327,2.8970518615096807,6.674682954326272,2.0454488694667816,6.122920196503401,14.843052020296454,20.704803057014942
177,78.198784962,47954,8717,372,4128,29,2.400333061814308,3.215789096429944,7.630481850355864,2.6750261895358562,7.6988800428807735,18.004388082772493,24.233448086306453
178,78.296259638,48045,8531,375,4168,28,3.084322903305292,3.531399881467223,7.544931955635548,2.7351388707756996,7.606167113408446,17.886237939819694,25.136176962405443
179,78.39378569,48066,8587,376,4204,28,2.358814934268594,4.103050101548433,7.606116123497486,2.1067329216748476,6.444412982091308,16.15726202726364,23.298657033592463
180,78.491207324,48112,8906,379,4270,30,2.437292132526636,3.1347780022770166,8.172946982085705,2.7263727970421314,6.106029264628887,17.005349043756723,23.176168091595173
181,78.588680417,48214,9138,380,2866,38,2.3420939687639475,2.934082178398967,7.497662911191583,2.7892799116671085,6.145172286778688,16.43211510963738,22.309235064312816
182,78.686153594,48236,9001,383,3920,36,2.543350216001272,3.665852127596736,6.83108507655561,2.807674929499626,8.361942134797573,18.00070214085281,24.879836943000555
183,78.783628479,48226,8530,386,4055,30,2.4425219744443893,3.3368158619850874,8.005613926798105,2.199215814471245,6.471693282946944,16.676523024216294,23.032499942928553
184,78.881100947,48299,8319,388,4106,27,2.3948820307850838,1.8852679058909416,7.051058113574982,2.0197699777781963,6.204912904649973,15.275740996003151,20.13935404829681
185,78.978575748,48354,8336,389,4164,30,2.357793040573597,2.896732185035944,6.008095107972622,2.6390100829303265,5.636869929730892,14.28397512063384,20.096333930268884
186,79.076050841,48345,8540,390,4184,28,2.370978007093072,2.8100188355892897,6.403124891221523,2.036039950326085,6.391905248165131,14.831070089712739,20.580289885401726
187,79.17352231,48349,8873,391,3137,32,2.3834810126572847,3.0305529944598675,6.279023131355643,3.1907819211483,5.711238831281662,15.181043883785605,21.147671155631542
188,79.270996069,48329,9016,393,3876,29,2.484189113602042,4.547420889139175,6.498343078419566,2.1271309815347195,6.043631816282868,14.669105876237154,22.390378173440695
189,79.368470538,48346,8612,393,4007,28,2.3467119317501783,3.018509829416871,6.524992873892188,2.127772895619273,6.484265206381679,15.13703097589314,21.059586899355054
190,79.465944381,48329,8074,394,4055,26,2.4318520445376635,3.021816024556756,6.3834479078650475,2.013087971135974,6.075782235711813,14.472318114712834,20.500960992649198
191,79.563420849,48345,7872,395,4083,23,2.373703056946397,3.234863979741931,6.138328928500414,1.9660100806504488,6.159768905490637,14.2641079146415,20.41311818175018
192,79.660891484,48362,8042,398,4126,24,3.164342138916254,4.196434048935771,6.345066009089351,4.009986063465476,7.459541782736778,17.814593855291605,25.849251076579094
193,79.758365618,48413,8308,400,3120,27,2.346551977097988,3.2488908618688583,6.446596002206206,3.567066974937916,6.564675830304623,16.578338807448745,22.793050855398178
194,79.855840878,48408,8299,402,3862,24,3.1239769887179136,3.544854000210762,6.37933099642396,2.139313844963908,6.213910179212689,14.732555020600557,22.229406982660294
195,79.953313555,48471,7862,404,3971,25,2.910116920247674,2.967954846099019,6.154499016702175,2.60224100202322,5.6545729748904705,14.411312993615866,20.83357283845544
196,80.050787273,48459,7299,406,4013,24,2.5075040757656097,3.700505942106247,5.831995978951454,2.239051042124629,6.162903970107436,14.23395099118352,21.072922041639686
197,80.148260783,48477,7099,406,4031,24,2.635451965034008,3.834777045994997,8.318668929859996,2.627268200740218,7.605956867337227,18.55189399793744,25.57059982791543
198,80.245733876,48538,7141,406,4049,24,2.424889011308551,2.936315955594182,5.910082021728158,3.333680098876357,5.770980846136808,15.014742966741323,20.956353982910514
199,80.343246219,48525,7306,408,3073,27,2.4142381735146046,4.49131615459919,6.958445068448782,3.07265087030828,8.271140046417713,18.302235985174775,25.86900908499956
200,80.440681979,48561,7499,410,3682,25,2.3535648360848427,2.8236149810254574,6.014607148244977,2.0428241696208715,6.584724644199014,14.642155962064862,20.363464020192623
201,80.53815578,48596,7512,410,3778,25,2.4064339231699705,2.793207997456193,5.506075918674469,2.9377080500125885,7.909103063866496,16.352887032553554,22.09449396468699
202,80.63563004,48587,7428,412,3929,22,2.407446037977934,1.6829399392008781,6.343052024021745,2.05444497987628,6.347812013700604,14.745309017598629,19.39199515618384
203,80.733103216,48628,7300,412,3955,24,2.4767161812633276,3.5544431302696466,5.719766020774841,2.2897059097886086,6.138789001852274,14.148260932415724,20.759114995598793
205,80.928053694,48659,7318,413,4026,23,2.378020901232958,3.0463319271802902,5.9982361271977425,2.0335360895842314,6.503653712570667,14.535425929352641,20.499788923189044
206,81.025526912,48576,7443,414,2894,29,2.5024141650646925,3.339270129799843,7.153328973799944,3.2894969917833805,7.207029033452272,17.649854999035597,24.087473982945085
207,81.122998755,48464,7341,417,3641,25,2.3651469964534044,2.868858864530921,7.866894127801061,2.282021101564169,6.027622846886516,16.176538076251745,21.965553052723408
208,81.22047089,48424,7086,421,3859,25,2.721132943406701,4.115082090720534,5.732488818466663,2.4823760613799095,5.84620307199657,14.061067951843143,21.476496942341328
209,81.317945233,48381,6739,423,3956,26,2.3819380439817905,3.0755361076444387,7.084158947691321,2.2201561369001865,6.719757104292512,16.02407218888402,22.057885071262717
210,81.415419035,48391,6629,424,3985,24,2.359186066314578,2.8010730165988207,6.201457930728793,2.0744220819324255,5.3981030359864235,13.673983048647642,19.388488959521055
211,81.512893711,48459,6705,425,3998,24,3.1162130180746317,3.4475428983569145,5.962058901786804,2.3342990316450596,5.714325001463294,14.010682934895158,21.15518506616354
212,81.610366388,48502,6778,427,3139,29,2.7910741046071053,3.539685159921646,6.217185873538256,3.141711000353098,5.516475299373269,14.875372173264623,21.759978029876947
213,81.707840523,48414,6653,428,3657,24,2.4395259097218513,3.0820979736745358,5.703365197405219,3.141829976812005,6.104285828769207,14.949481002986431,21.039679879322648
214,81.805314491,48439,6302,428,3781,25,2.413257025182247,2.9070908203721046,6.576239131391048,1.9515631720423698,5.927051650360227,14.454853953793645,20.332355983555317
215,81.902787125,48399,6049,429,3829,25,3.2807299867272377,3.6962381564080715,6.048610899597406,2.861104905605316,7.529383292421699,16.43909909762442,24.27824097685516
216,82.000263677,48427,6148,430,3864,25,2.3608289193361998,2.9073921032249928,6.167883984744549,2.0981968846172094,6.40124105848372,14.667321927845478,20.48318786546588
217,82.097744103,48450,6424,432,3906,24,2.411013003438711,2.894988050684333,6.352670025080442,2.3428050335496664,7.124554831534624,15.820029890164733,21.736063063144684
218,82.195208905,48497,6691,434,2894,30,2.360587939620018,3.0497880652546883,7.670066086575389,2.7565499767661095,5.64551493152976,16.07213099487126,22.056332090869546
219,82.292694373,48447,6671,435,3574,26,3.385355928912759,3.7769200280308723,6.313838064670563,2.742683980613947,6.376923993229866,15.433446038514376,23.200093070045114
220,82.390156258,48419,6246,436,3728,27,2.3558589164167643,2.9195838142186403,6.179375806823373,3.404302056878805,6.579916225746274,16.163594089448452,22.02600589953363
221,82.487630268,48477,5885,438,3768,26,2.3311430122703314,2.834225073456764,5.464276997372508,2.162809018045664,5.282035795971751,12.909121811389923,18.600724870339036
222,82.585148277,48520,5740,440,3799,27,2.383030019700527,3.4208321012556553,5.776111036539078,2.373632974922657,6.2537239864468575,14.403467997908592,20.79487103037536
223,82.682578787,48575,5837,442,3850,27,2.494849031791091,3.076778957620263,7.198382867500186,3.6633769050240517,6.380231119692326,17.241990892216563,23.39014899916947
224,82.78005138,48597,6052,443,2799,35,2.368001965805888,2.8249570168554783,6.191097898408771,2.703750040382147,5.784376990050077,14.679224928840995,20.4474909696728
225,82.877571265,48498,6166,445,3474,29,2.332485979422927,3.7479549646377563,6.1970490496605635,2.0159129053354263,6.298197899013758,14.511159854009748,21.161828190088272
226,82.9749994,48520,6001,445,3616,29,3.2857588957995176,3.525048028677702,7.075092988088727,2.224724041298032,8.057320024818182,17.35713705420494,24.878475116565824
227,83.072472785,48512,5768,445,3652,30,3.0384769197553396,4.1195000521838665,6.603780202567577,2.754426095634699,7.939770584926009,17.297976883128285,25.258846813812852
228,83.169946044,48538,5775,446,3691,30,2.610566094517708,4.8069271724671125,6.184315076097846,2.0968851167708635,6.353761767968535,14.634961960837245,22.64448394998908
229,83.267421304,48589,5975,448,3745,28,2.3392580915242434,2.767018973827362,5.620278883725405,1.9956750329583883,6.586338160559535,14.202292077243328,19.849631935358047
230,83.364895189,48535,6015,450,2950,33,2.4251788854599,3.4624000545591116,5.543516017496586,2.504827920347452,5.930881015956402,13.97922495380044,20.44943510554731
231,83.462367282,48514,5802,452,3556,28,2.422213088721037,3.0124380718916655,6.541082868352532,3.4254908096045256,6.336099235340953,16.30267291329801,22.34479319304228
232,83.559842,48393,5460,452,3643,28,2.817212836816907,3.757162019610405,7.019818993285298,2.45106709189713,6.408174987882376,15.879061073064804,23.024374153465033
233,83.657316093,48369,5294,455,3711,28,2.3451189044862986,2.874210011214018,6.173264002427459,2.3842419032007456,6.0240961611270905,14.581602066755295,20.360708935186267
234,83.754796937,48415,5313,456,3731,28,2.3568219039589167,3.0263641383498907,6.331891054287553,2.4187471717596054,5.848296917974949,14.598935144022107,20.53830213844776
235,83.852263446,48463,5508,457,3762,28,2.4346469435840845,2.706805942580104,5.485727218911052,1.9408930093050003,5.478874780237675,12.905495008453727,18.726701149716973
236,83.949736456,48423,5584,459,2682,35,2.4075759574770927,2.772828796878457,5.6972329039126635,2.69899214617908,6.293098907917738,14.689323958009481,20.409038988873363
237,84.047210216,48395,5563,461,3302,33,2.372461138293147,3.1162030063569546,5.617924965918064,1.8772031180560589,8.625895017758012,16.121023101732135,22.152221063151956
238,84.144684976,48332,5304,461,3399,32,2.385344123467803,2.7015958912670612,5.7390418369323015,1.996898092329502,6.173935020342469,13.909874949604273,19.543198868632317
239,84.242157861,48358,5175,461,3493,33,2.449213992804289,2.7991689275950193,5.628865910694003,1.9624729175120592,6.1572042759507895,13.748543104156852,19.553858088329434
240,84.339631995,48401,5166,462,3520,30,2.425700193271041,4.663068102672696,6.028092931956053,3.098560031503439,5.5452079977840185,14.67186096124351,22.354671033099294
241,84.437105422,48490,5342,462,3557,29,2.4564180057495832,2.7486449107527733,5.738120060414076,2.207391895353794,5.475528072565794,13.421040028333664,19.160883966833353
242,84.53462489,48487,5356,464,2791,36,2.4168428499251604,2.8366700280457735,6.153939059004188,2.565982984378934,8.071746909990907,16.791668953374028,22.5898209027946
243,84.6320524,48418,5166,466,3327,33,2.3875990882515907,2.75971507653594,5.273881135508418,2.258016960695386,5.3293039090931416,12.861202005296946,18.565729027613997
244,84.729525951,48349,4931,469,3424,33,3.185502951964736,3.4971050918102264,5.703686038032174,2.628740156069398,5.491356831043959,13.82378302514553,21.067771827802062
245,84.827054628,48372,4885,470,3489,33,2.421342069283128,3.095553955063224,5.940668983384967,2.2908279206603765,6.3620570581406355,14.593553962185979,20.655088825151324
246,84.924474804,48418,5036,470,3508,32,2.3984189610928297,3.1121750362217426,6.087523885071278,2.075694967061281,5.7294543366879225,13.892673188820481,19.966721069067717
247,85.021948189,48384,5341,472,3551,33,2.354936907067895,2.8983349911868572,5.123598966747522,2.122011035680771,6.12834095954895,13.373950961977243,19.182634074240923
248,85.119422324,48367,5395,472,2808,35,2.394953044131398,3.143042791634798,6.394417956471443,2.491392893716693,5.184283014386892,14.070093864575028,20.182996056973934
249,85.2169355,48312,5167,474,3313,32,2.3981379345059395,3.2971720211207867,5.936831934377551,2.527529839426279,6.2138710636645555,14.678232837468386,20.91278205625713
250,85.31437051,48241,5008,475,3420,29,2.71752686239779,2.9941238462924957,5.962490104138851,3.257547039538622,7.655067835003138,16.87510497868061,23.167481878772378
251,85.411843478,48248,5135,475,3436,29,2.4063840974122286,3.318530973047018,5.606884136795998,2.0084690768271685,5.796719808131456,13.412073021754622,19.719879142940044
252,85.509315821,48335,5428,478,3480,29,2.797886962071061,3.197354031726718,5.794445052742958,2.1283228415995836,6.371466210111976,14.294234104454517,20.893455017358065
253,85.606789039,48304,5495,480,3487,31,2.3837920743972063,3.1842300668358803,5.640367045998573,2.513323910534382,5.855770083144307,14.009461039677262,20.13950515538454
254,85.704265216,48301,5418,483,2784,38,2.823333954438567,3.0725400429219007,6.243164883926511,4.730924963951111,6.404818035662174,17.378907883539796,23.842014838010073
255,85.801738642,48286,5227,483,3238,32,2.7477929834276438,3.39251896366477,7.030589040368795,1.985045149922371,5.769278854131699,14.784913044422865,21.477818954735994
256,85.899210402,48234,5016,486,3343,31,2.389561850577593,3.207162953913212,6.407432025298476,2.157066948711872,5.9031599666923285,14.467658940702677,20.66138107329607
257,85.996684328,48263,5151,487,3383,32,2.3452099412679672,3.578348085284233,6.239148089662194,2.6760478504002094,6.431327201426029,15.346523141488433,21.838504122570157
258,86.094159172,48282,5335,488,3439,31,3.136781044304371,3.5766649525612593,6.1085030902177095,2.631715964525938,7.283312035724521,16.02353109046817,23.649374023079872
259,86.19163239,48244,5372,490,3461,29,2.3734429851174355,2.8430211823433638,5.576718132942915,2.4314499460160732,5.903600016608834,13.911768095567822,19.717845134437084
260,86.289106525,48165,5185,491,2743,34,2.4919139686971903,2.7623209170997143,5.828269058838487,2.669306006282568,5.999749060720205,14.49732412584126,20.315474132075906
261,86.386581076,48068,4891,491,3174,30,2.3431358858942986,2.8685592114925385,8.665750036016107,2.0519299432635307,5.4456929210573435,16.16337290033698,21.91326511092484
262,86.484053336,48060,5049,492,3239,30,2.396645024418831,3.1737100798636675,5.621591117233038,2.3092320188879967,7.076465990394354,15.007289126515388,21.134696900844574
263,86.581528262,48167,5420,493,3325,30,2.38671712577343,2.9033950995653868,6.570196943357587,4.42661507986486,6.121939048171043,17.11875107139349,23.04393006488681
264,86.679043314,48140,5534,494,3360,28,2.406884916126728,2.8418588917702436,5.985453026369214,2.2635869681835175,6.169926840811968,14.4189668353647,20.220867125317454
265,86.776474657,48151,5337,497,3414,27,2.4121750611811876,2.8290851041674614,6.886019138619304,3.0227871611714363,5.838447716087103,15.747254015877843,21.538603119552135
266,86.873989958,48088,4863,498,2726,35,2.401164034381509,3.0747249256819487,6.021531065925956,2.78955209068954,6.5084099769592285,15.319493133574724,21.48322993889451
267,86.971422968,48090,4669,498,3130,28,2.3525841534137726,2.8964311350136995,7.48805608600378,2.016454003751278,5.498690763488412,15.00320085324347,20.805601961910725
268,87.068895728,48059,4792,498,3160,28,2.407536841928959,3.1436639837920666,5.374219035729766,1.830877037718892,5.177099024876952,12.38219509832561,18.478916957974434
269,87.166370571,48101,4993,499,3219,26,2.334258984774351,2.771127037703991,4.870275966823101,2.2239231038838625,5.800876999273896,12.89507606998086,18.698617815971375
270,87.263844622,48108,5017,501,3300,25,2.774552907794714,2.9343131463974714,6.613848963752389,2.058343030512333,7.195115787908435,15.867307782173157,22.257318953052163
271,87.361317882,48018,4629,504,3358,24,3.2676858827471733,3.9585689082741737,5.369399907067418,2.381887985393405,6.06248714029789,13.813775032758713,21.846198942512274
272,87.458792225,47945,4312,509,2739,32,2.4170640390366316,2.901890780776739,5.989559926092625,3.8531520403921604,6.429254077374935,16.27196604385972,22.154656006023288
273,87.556304194,47983,4426,509,3153,26,2.5171409361064434,2.9403630178421736,6.606935989111662,1.9016689620912075,5.921934032812715,14.430538984015584,20.4362899530679
274,87.653739828,48124,4753,510,3218,27,2.365417080000043,2.90202209725976,5.415717139840126,2.290557138621807,5.806476809084415,13.512751087546349,19.333366071805358
275,87.75121413,48155,4860,510,3281,28,2.3902039974927902,4.442324861884117,5.965404910966754,1.8071518279612064,6.812031380832195,14.584588119760156,22.001560078933835
276,87.848687181,48063,4733,511,3302,27,2.8848599176853895,2.808347111567855,5.615249974653125,2.5757011026144028,5.76104293577373,13.951994013041258,20.226958906278014
277,87.946163649,47995,4473,513,3323,27,2.3673810064792633,3.5664751194417477,4.878150066360831,1.9023010972887278,5.155608989298344,11.936060152947903,18.41920497827232
279,88.141108919,47913,4223,513,2763,30,3.260592930018902,3.9895668160170317,7.11079896427691,4.037467064335942,6.044774083420634,17.193040112033486,25.056899059563875
280,88.238582387,47906,4539,517,3146,27,2.413766924291849,2.888206159695983,7.019398035481572,2.408077009022236,5.666716955602169,15.094192000105977,21.00475411862135
281,88.33605798,47790,4620,519,3249,27,2.3422138765454292,2.8674760833382607,5.901656113564968,2.064754022285342,5.942563060671091,13.908973196521401,19.684422994032502
282,88.43352924,47797,4378,519,3270,27,2.3920270614326,2.985167084261775,4.924356006085873,3.580972086638212,5.389998899772763,13.895326992496848,19.853899953886867
283,88.5310025,47758,4173,520,3312,28,2.4407680612057447,2.799991052597761,5.635739071294665,2.5670749600976706,6.242403062060475,14.445217093452811,20.324221113696694
284,88.628475843,47771,4269,524,3406,28,2.4599540047347546,4.165245918557048,6.144510116428137,2.114909002557397,6.164849037304521,14.424268156290054,21.626587957143784
285,88.725951519,47765,4577,525,2906,33,2.3672909010201693,3.194730030372739,5.713684018701315,3.1157720368355513,5.96792995929718,14.797386014834046,20.89639101177454
286,88.823429238,47745,4673,527,3251,30,2.348996000364423,3.401034977287054,4.877849947661161,2.2925410885363817,6.632953882217407,13.80334491841495,20.336191868409514
287,88.920897539,47732,4589,529,3308,30,2.3510800674557686,3.106463933363557,5.183231085538864,3.118696855381131,6.025438196957111,14.327366137877107,20.33305703662336
288,89.018372715,47721,4349,529,3330,29,2.3764080833643675,2.82468693330884,5.257640965282917,2.155875088647008,5.509190959855914,12.922707013785839,18.748420989140868
289,89.115845517,47669,4217,530,3367,28,2.510779071599245,2.8468880336731672,5.588178988546133,2.1053811069577932,5.798922851681709,13.492482947185636,19.431289983913302
290,89.213320027,47703,4404,531,3394,28,3.3438890241086483,4.275052109733224,6.517698988318443,3.0641949269920588,6.450744112953544,16.032638028264046,24.21383000910282
291,89.310792411,47749,4607,531,2834,29,2.42576003074646,2.9173200018703938,8.502012817189097,3.4883690532296896,5.536040989682078,17.526422860100865,23.44367909245193
292,89.408266255,47702,4604,534,3235,29,2.3512712214142084,2.863289089873433,5.832867929711938,2.003289991989732,5.734392208978534,13.570550130680203,19.35104886069894
293,89.505740556,47624,4413,536,3299,27,2.3112259805202484,2.805982017889619,7.3189688846468925,2.203654032200575,6.752819055691361,16.27544197253883,21.969199180603027
294,89.603213774,47495,4295,536,3337,26,2.327636117115617,2.9416049364954233,6.553116021677852,2.1404260769486427,5.598027026280761,14.291569124907255,20.15465311706066
295,89.700689826,47595,4452,537,3358,26,2.5003699120134115,2.823052927851677,6.169657921418548,2.6821799110621214,6.6771970596164465,15.529034892097116,21.88470191322267
296,89.798160627,47690,4824,538,3430,28,2.4129459634423256,3.011527005583048,6.737831048667431,2.8648818843066692,6.057668011635542,15.660380944609642,22.57278887555003
297,89.895636345,47708,4978,540,2805,30,3.219965845346451,3.730673110112548,6.989812944084406,2.797626191750169,8.131298935040832,17.918738070875406,25.551954982802272
298,89.993109438,47598,4835,541,3221,27,2.352462848648429,3.4062250051647425,6.279502995312214,2.079431898891926,6.209362298250198,14.568297192454338,21.057502832263708
299,90.090582781,47529,4437,542,3293,29,2.383571118116379,2.9166480526328087,6.971477996557951,2.1641207858920097,7.118132198229432,16.253730980679393,22.193067939952016
300,90.188058291,47526,4263,543,3320,27,2.6430769357830286,4.049459006637335,5.678078159689903,2.4792698677629232,7.159389788284898,15.316737815737724,22.58587395772338
301,90.285531301,47676,4397,544,3336,28,2.604966051876545,2.873328048735857,5.894963163882494,3.284947946667671,6.748941959813237,15.928853070363402,21.97322598658502
302,90.383003519,47754,4649,545,3365,29,2.4039901327341795,2.8543220832943916,5.968240089714527,2.8898289892822504,5.649594822898507,14.507663901895285,20.350768929347396
303,90.480476904,47601,4733,548,2833,29,2.3880889639258385,3.0510101933032274,6.672699004411697,4.393353126943111,6.536163855344057,17.602215986698866,23.7795680295676
304,90.577951539,47512,4526,549,3198,28,2.3805759847164154,3.122413996607065,5.767896072939038,2.220946829766035,5.360892973840237,13.34973587654531,19.417904084548354
305,90.675463424,47565,4293,550,3257,28,2.35911482013762,3.0330971349030733,6.481681950390339,2.587022027000785,6.689531030133367,15.75823500752449,21.797477966174483
306,90.7728976,47580,4313,550,3262,28,2.3979179095476866,2.9255258850753307,5.792931886389852,2.0616690162569284,6.805918179452419,14.6605190820992,20.551796071231365
307,90.870372985,47632,4652,552,3324,29,2.452349988743663,2.9752289410680532,10.729992995038629,2.3616498801857233,10.589741170406342,23.681384045630693,29.724835883826017
308,90.967846995,47613,4785,554,3349,28,2.732715103775263,3.061290131881833,6.376204080879688,3.5033070016652346,6.286456948146224,16.165968030691147,22.52691308967769
309,91.065318879,47613,4686,554,2912,31,3.2640299759805202,2.930163871496916,5.533547140657902,2.554822014644742,5.903959972783923,13.992329128086567,20.78158687800169
310,91.162793431,47656,4360,555,3179,29,2.3479750379920006,3.2053200993686914,5.364471115171909,2.1307480055838823,5.075990920886397,12.571210041642189,18.674873048439622
311,91.260276149,47748,4172,558,3272,29,2.351851901039481,2.8284841682761908,5.516955861821771,3.4473019186407328,6.404156098142266,15.36841387860477,21.16320002824068
312,91.357741617,47859,4329,558,3297,29,2.5401348248124123,3.406836185604334,5.513629876077175,2.0134991500526667,6.516375811770558,14.0435048379004,20.570300985127687
313,91.455216752,47912,4668,560,3377,29,2.3799841292202473,3.1829779036343098,6.647290894761682,2.169541083276272,6.505094934254885,15.321926912292838,21.43217413686216
314,91.552689095,47726,4909,561,3397,30,2.5969708804041147,3.0328668653964996,5.272938869893551,2.1790380124002695,6.398236146196723,13.850213028490543,20.032244035974145
315,91.650161355,47656,4707,563,2989,31,2.5162301026284695,2.856908133253455,5.44053316116333,3.597123082727194,6.095086690038443,15.132742933928967,21.077420096844435
316,91.747635948,47677,4302,563,3246,30,2.509546931833029,3.243852173909545,7.644498022273183,2.134104026481509,6.096550961956382,15.875153010711074,22.192757111042738
317,91.845110124,47687,4213,565,3310,30,2.3653169628232718,3.0055150855332613,5.423099966719747,2.4089489597827196,5.804212996736169,13.636261923238635,19.57364589907229
318,91.942583093,47769,4559,567,3338,32,2.5424081832170486,3.7170571740716696,5.5000740103423595,2.069263020530343,8.164281956851482,15.733618987724185,22.55574706941843
319,92.040057977,47803,4895,567,3373,32,2.335973083972931,3.0465819872915745,5.911353975534439,2.496772911399603,5.7079242542386055,14.116051141172647,20.004651974886656
320,92.137571654,47946,4909,568,3395,31,2.5345240719616413,2.8974430169910192,7.317957002669573,2.4709049612283707,5.758287152275443,15.547149116173387,21.53354394249618
321,92.23500533,47935,4575,568,2881,34,3.2564850989729166,4.168682033196092,8.348205126821995,2.8782570734620094,5.727720912545919,16.954183112829924,24.933156091719866
322,92.332480382,48035,4286,569,3200,31,2.365637104958296,3.1017749570310116,6.7222819197922945,2.8308990877121687,6.316812010481954,15.869993017986417,21.895991871133447
323,92.429952475,48083,4145,570,3243,30,2.5303459260612726,3.345712088048458,5.724094109609723,1.996477134525776,6.865558680146933,14.586129924282432,21.08085690997541
325,92.624905869,47980,4605,571,3262,32,2.331474097445607,3.313802881166339,6.34055701084435,2.7675500605255365,6.103192921727896,15.211299993097782,21.406946936622262
326,92.722374088,47830,4500,572,3294,33,2.3817080073058605,2.78596393764019,4.845780087634921,2.30423198081553,6.018234882503748,13.168246950954199,18.88720109127462
327,92.819846681,47877,4251,575,3348,31,3.273536916822195,3.892165143042803,5.4808680433779955,2.464733086526394,7.3577407747507095,15.303341904655099,23.040323983877897
328,92.917371732,47991,4261,575,2835,34,2.430097898468375,2.901199972257018,5.195755045861006,3.257327014580369,6.0026750434190035,14.455757103860378,20.349737955257297
329,93.014795909,48056,4634,576,3153,31,2.3455799091607332,2.852438949048519,5.599149968475103,2.6645269244909286,6.688008084893227,14.951684977859259,20.720311906188726
330,93.112269293,48061,4891,576,3192,30,2.3875690530985594,3.1783790327608585,7.871774025261402,3.5012331791222095,6.302555790171027,17.67556299455464,23.816497065126896
331,93.209741303,48045,4833,579,3265,31,2.3637250997126102,2.79481103643775,6.101931212469935,2.024719025939703,5.719074746593833,13.845724985003471,19.540874054655433
332,93.307217188,47968,4467,580,3299,31,2.386556938290596,2.864941954612732,5.779978120699525,2.761637791991234,6.70395907945931,15.245574992150068,21.10152505338192
333,93.404690156,47894,4257,582,3360,30,2.3844530805945396,3.436482045799494,5.618155002593994,2.253446960821748,5.586628103628755,13.458230067044497,19.957304000854492
334,93.502220708,47883,4214,583,2961,32,3.1774169765412807,3.692119847983122,6.877160863950849,2.8920029290020466,5.368528189137578,15.137691982090473,22.585834143683314
335,93.599638467,47878,4459,583,3218,31,2.404519822448492,2.782817929983139,5.681344075128436,4.668517969548702,6.235230015590787,16.585092060267925,22.348228143528104
336,93.697110311,47819,4634,585,3252,32,2.6138119865208864,3.117784857749939,5.176138132810593,3.8951910100877285,7.6332667376846075,16.70459588058293,23.01228092983365
337,93.794603195,47785,4468,585,3254,31,2.328106900677085,2.7757748030126095,5.954274907708168,2.0214631222188473,5.5623408406972885,13.538078870624304,19.18668090365827
338,93.892058622,47724,4090,587,3266,32,2.425690181553364,2.7926869224756956,6.2794729601591825,2.1295349579304457,5.9189992025494576,14.328007120639086,20.094810985028744
339,93.989541465,47807,4001,591,3346,32,2.439084928482771,3.4423628821969032,5.442647030577064,2.568376949056983,6.308678071945906,14.319702051579952,20.983263151720166
340,94.087006058,47840,4215,592,2833,35,2.376368036493659,3.1237569637596607,6.654364988207817,2.768691862002015,5.8663401287049055,15.289396978914738,21.32943202741444
341,94.184481068,47874,4564,595,3197,31,2.339729107916355,3.2135448418557644,6.092553026974201,2.608482027426362,5.3857609163969755,14.086795970797539,20.192674128338695
342,94.281954119,47823,4621,595,3275,32,2.4615770671516657,2.8751108329743147,5.350162973627448,1.9211058970540762,6.058880127966404,13.330148998647928,19.216546788811684
343,94.379426837,47769,4355,595,3282,32,2.305986126884818,3.1604659743607044,5.735235055908561,2.539173001423478,5.627801874652505,13.902209931984544,19.95837618596852
344,94.476940431,47724,4159,596,3299,32,2.3746450897306204,3.32836015149951,5.157202947884798,2.5861510075628757,5.393004044890404,13.136358000338078,19.38285888172686
345,94.574375482,47722,4133,598,3333,32,2.36157001927495,2.9325790237635374,5.95685001462698,1.9619420636445284,5.372955929487944,13.291748007759452,19.14705685339868
346,94.671848825,47742,4373,600,2953,36,2.408748958259821,2.920266008004546,6.420176941901445,3.6539090797305107,5.446211900562048,15.520297922194004,21.65387896820903
347,94.769322127,47634,4679,601,3246,32,2.3422238882631063,2.916347933933139,5.378476111218333,3.083490999415517,5.740614840760827,14.202581951394677,20.04647091962397
348,94.866795678,47699,4698,602,3319,32,3.0418229289352894,5.2254709880799055,5.8545079082250595,1.9302729051560163,6.9357710890471935,14.72055190242827,23.66529288701713
349,94.964268938,47618,4509,603,3349,32,2.92363204061985,3.5846398677676916,6.423481972888112,2.1381820552051067,6.755875889211893,15.317539917305112,22.42574281990528
350,95.061744531,47637,4360,605,3396,32,2.401525154709816,3.4940398763865232,6.767116021364927,2.630193019285798,6.597287952899933,15.994596993550658,22.600000025704503
351,95.159219874,47685,4499,606,3419,33,2.4919749703258276,4.1242188308387995,5.179774947464466,2.6585659943521023,5.287927109748125,13.126268051564693,20.285458071157336
352,95.256692717,47657,4681,606,2942,35,3.2543810084462166,4.17838990688324,6.411780137568712,2.753694076091051,6.128009641543031,15.293483855202794,23.295201128348708
353,95.35416581,47654,4664,606,3281,33,3.208103822544217,3.973196027800441,5.542864790186286,2.0271940156817436,5.311150103807449,12.881208909675479,20.61333111487329
354,95.451638945,47584,4415,607,3333,34,2.405972918495536,6.370312999933958,5.250016925856471,2.31695594266057,7.776716258376837,15.343689126893878,24.75173701532185
355,95.54911383,47534,4158,610,3443,33,2.373953117057681,3.1810940708965063,5.693285958841443,4.831902915611863,6.700392113998532,17.22558098845184,23.359831189736724
356,95.646585048,47538,4072,611,3468,32,2.4308799766004086,3.0631329864263535,6.076502846553922,2.366660162806511,5.753529025241733,14.196692034602165,20.231496077030897
357,95.744058808,47639,4290,612,3484,32,2.3893120232969522,2.924584085121751,7.4215910863131285,2.4591819383203983,5.86984702385962,15.750620048493147,21.66919782757759
358,95.841532943,47658,4488,613,2983,35,2.327165100723505,2.9950549360364676,6.2383669428527355,3.90578992664814,6.516715977340937,16.660872846841812,22.552391048520803
359,95.939007452,47632,4527,615,3353,33,2.403329126536846,2.876303857192397,4.937571007758379,2.9017000924795866,11.3937568385154,19.233027938753366,25.15493193641305
360,96.036482462,47515,4352,615,3417,31,2.395462943241,8.517992915585637,5.521995946764946,2.497224137187004,5.305829923599958,13.325050007551908,24.77781497873366
361,96.133953847,47506,4200,616,3432,33,2.3426038678735495,3.4440772142261267,5.433389917016029,4.675470991060138,5.837435135617852,15.94629604369402,22.313243011012673
362,96.231427398,47607,4222,617,3458,32,2.3831301368772984,2.893656026571989,5.172851029783487,2.7341581881046295,10.242910822853446,18.149920040741563,24.03925289399922
363,96.328902283,47639,4516,619,3498,34,2.3890009615570307,3.2239339780062437,10.20691404119134,2.567415125668049,5.87785174138844,18.65218090824783,24.881490040570498
364,96.426375543,47704,4663,620,2883,40,2.394591923803091,4.3285510037094355,5.529368994757533,6.071463925763965,5.522085120901465,17.122918041422963,24.395470041781664
366,96.621362771,47568,3961,622,3201,36,3.112535923719406,4.804162075743079,10.138536104932427,2.2838348522782326,5.412450060248375,17.834821017459035,26.45971393212676
367,96.718835739,47545,3774,623,3266,36,2.478458918631077,3.5218719858676195,6.5940620843321085,7.646281970664859,11.280712904408574,25.52105695940554,32.082888996228576
368,96.816270499,47659,3943,623,3283,35,3.184461034834385,4.170486005023122,5.495665827766061,3.6044761072844267,7.591769099235535,16.691911034286022,24.619820062071085
369,96.913744384,47667,4261,624,3322,37,2.407556166872382,3.0820390675216913,6.67412206530571,2.3532339837402105,5.858324933797121,14.885680982843041,21.020013140514493
370,97.011218644,47614,4412,625,3377,38,2.510298974812031,4.981423960998654,5.7646899949759245,10.292914928868413,5.474175093695521,21.53178001753986,29.62354593910277
371,97.108692445,47537,4237,625,2966,40,2.4258000776171684,2.8523888904601336,9.39725898206234,2.66455695964396,5.391730926930904,17.453546868637204,23.320348002016544
372,97.20616658,47535,4037,626,3260,37,2.411884954199195,2.888747025281191,5.390078062191606,4.178039962425828,5.515845026820898,15.083963051438332,20.96586092375219
373,97.303640423,47626,4063,629,3318,37,2.4534419644623995,2.9178010299801826,5.282386904582381,2.1243258379399776,6.742189405485988,14.148902148008347,20.07538382895291
374,97.401151266,47609,4249,630,3342,39,2.360448008403182,2.8375110123306513,9.786125971004367,2.060917904600501,6.356226280331612,18.20327015593648,23.98431091569364
375,97.498588734,47683,4601,631,3410,39,3.1332538928836584,4.069607006385922,5.368428071960807,2.277933992445469,6.732460809871554,14.37882287427783,22.251115879043937
376,97.596062244,47619,4507,632,3421,39,2.411013003438711,3.0918170232325792,5.948815029114485,2.0152220968157053,5.525341024622321,13.489378150552511,19.566270988434553
377,97.693534129,47627,4158,634,2949,44,3.1833690591156483,4.247720818966627,5.229117115959525,2.637597033753991,6.305681774392724,14.17239592410624,22.172880126163363
378,97.791049514,47633,3881,635,3292,40,2.4117641150951385,4.7835130244493484,5.078816087916493,2.0457589998841286,10.01507486216724,17.13964994996786,24.920762982219458
379,97.888482607,47693,3919,636,3367,38,2.3920470848679543,3.0925178434699774,5.176528124138713,2.2688868921250105,5.593118956312537,13.03853397257626,19.077837001532316
380,97.985994366,47704,4099,637,3381,38,3.1734099611639977,3.706658026203513,6.370102055370808,2.4124151095747948,5.833019036799669,14.615536201745272,22.062062984332442
381,98.08342921,47595,4271,637,3387,38,2.419529017060995,4.205039935186505,5.316019989550114,2.7011949568986893,10.195943992584944,18.213158939033747,25.49481811001897
382,98.180945261,47562,4125,638,3403,37,2.3608491756021976,3.0203331261873245,10.61224308796227,2.02959799207747,6.330528995022178,18.972370075061917,25.244990130886436
383,98.278377521,47574,3980,639,2968,41,2.3817280307412148,3.061149036511779,7.1269189938902855,3.1933868303894997,11.038420256227255,21.35872608050704,27.424369007349014
384,98.375849614,47667,4002,641,3303,39,2.426241058856249,3.595610149204731,5.41854090988636,2.1666958928108215,10.783634148538113,18.368870951235294,25.07400093600154
385,98.473325249,47723,4209,643,3364,37,2.382239094004035,7.135064108297229,5.311461165547371,2.5638388469815254,10.49623591825366,18.371535930782557,28.531630989164114
386,98.5708028,47772,4456,644,3411,37,2.397877862676978,3.331855870783329,6.396492011845112,2.301728120073676,8.300986839458346,16.999206971377134,23.284570779651403
387,98.668272477,47672,4415,644,3439,37,2.4356089998036623,3.10158496722579,7.222799118608236,2.0122660789638758,7.7853817492723465,17.02044694684446,23.127557011321187
388,98.765747986,47605,4191,645,3471,36,2.392577938735485,7.327985018491745,5.874634953215718,6.4377388916909695,5.619677947834134,17.932051792740822,28.292154194787145
389,98.86322033,47610,3956,645,3016,40,2.3980189580470324,3.6412449553608894,5.598929012194276,2.5563251692801714,10.137724922969937,18.292979104444385,24.90003500133753
390,98.960692548,47628,3957,646,3281,37,3.3301429357379675,7.1502928622066975,5.145329982042313,7.6341391541063786,6.018002983182669,18.79747211933136,29.898790875449777
391,99.058166849,47761,4149,646,3353,37,2.6057371869683266,3.5175129305571318,5.390218924731016,2.077748067677021,8.423856925219297,15.891823917627335,23.027889896184206
392,99.155641442,47684,4299,647,3388,36,2.371688839048147,2.9891349840909243,5.555717973038554,2.113636117428541,7.030469831079245,14.69982392154634,20.629892125725746
393,99.25311366,47658,4280,647,3389,36,2.3668401408940554,2.9249549843370914,7.487463997676969,2.2482979111373425,5.998116917908192,15.733878826722503,21.574429934844375
394,99.350588962,47541,4120,648,3394,37,2.6435779873281717,2.826190087944269,8.221417898312211,3.2986539881676435,6.446004146710038,17.966076033189893,24.059752002358437
395,99.448062722,47503,3976,649,3039,41,2.4254389572888613,3.143022069707513,6.723032798618078,3.7145919632166624,7.31523334980011,17.75285811163485,23.90612382441759
396,99.54553844,47601,4014,650,3300,37,2.5234329514205456,6.4446821343153715,5.64067717641592,3.1063840724527836,8.879118831828237,17.62618008069694,27.309424011036754
397,99.643010866,47678,4213,651,3364,37,2.356970915570855,7.185229100286961,7.488335948437452,2.0611779764294624,5.466090049594641,15.015603974461555,25.129374116659164
398,99.740484043,47793,4255,651,3394,37,2.4723270907998085,3.5619670525193214,5.089825950562954,2.6333588175475597,5.718824220821261,13.442008988931775,20.040829898789525
399,99.837956636,47882,4190,652,3394,36,2.3559590335935354,3.532230854034424,4.739671014249325,2.9782140627503395,5.065592005848885,12.783477082848549,19.208071054890752
400,99.935430354,47965,4019,654,3408,37,2.3803648073226213,3.236547112464905,8.068541996181011,1.9911359995603561,5.851031048223376,15.910709043964744,22.077511064708233
401,100.032904155,47891,3876,656,3036,41,2.3623709566891193,2.7241380885243416,6.6501370165497065,3.4136290196329355,5.664811935275793,15.728577971458435,21.371059119701385
402,100.130378832,47996,3979,656,3297,37,2.321734791621566,3.1704839784651995,6.461454089730978,3.323569893836975,9.549284121021628,19.33430810458958,25.37273894995451
403,100.227852675,48020,4120,659,3346,39,2.3148430045694113,2.7924159076064825,5.351796979084611,3.771719057112932,5.505374167114496,14.62889020331204,20.265228813514113
404,100.325326102,47912,4329,661,3400,39,2.3915760684758425,2.9860089998692274,6.523258984088898,2.0435149781405926,6.266369018703699,14.83314298093319,20.8685090765357
405,100.422801611,47845,4331,663,3419,40,2.3788020480424166,2.82854400575161,6.900455104187131,2.0373829174786806,5.801458843052387,14.739296864718199,20.48256597481668
407,100.617754006,47689,3711,665,3441,41,3.1536519527435303,3.0911960639059544,7.109896978363395,2.24395003169775,5.650375969707966,15.00422297976911,21.81466994807124
408,100.715256932,47793,3893,667,3101,43,2.3552679922431707,3.191945143043995,4.641697974875569,3.511713119223714,5.68248494528234,13.835896039381623,19.926707027480006
409,100.812693525,47892,4124,668,3354,39,2.450966974720359,4.124039085581899,5.342298885807395,3.001848002895713,6.560910260304809,14.905057149007916,22.04596297815442
410,100.91017191,47952,4155,671,3424,39,3.0445989686995745,3.082308918237686,7.571069989353418,1.9960659556090832,5.32431504689157,14.891450991854072,21.587153896689415
411,101.007642045,47947,3933,673,3461,40,2.950221998617053,3.5435520112514496,6.894374033436179,2.777176909148693,6.539169931784272,16.210720874369144,23.274321807548404
412,101.105135138,47921,3811,675,3484,40,2.3470229934901,3.1472009140998125,4.271835088729858,3.090113867074251,5.788795184344053,13.150744140148163,19.18800314888358
413,101.202590315,47909,3877,676,3497,41,2.44931410998106,3.234163159504533,4.626519046723843,2.3938098456710577,6.589043186977506,13.609372079372406,19.85304895788431
414,101.300064116,47996,4036,678,3175,44,2.4457380641251802,3.277875017374754,5.7387209963053465,3.088932018727064,6.048970855772495,14.876623870804906,21.192003972828388
415,101.397536709,47926,4223,679,3388,43,2.4065040051937103,3.4147719852626324,4.771029809489846,2.054775832220912,7.292389404028654,14.118195045739412,20.494579104706645
416,101.495010969,47778,4242,681,3453,45,2.3970359470695257,3.320505144074559,6.545540876686573,2.0471420139074326,5.577910225838423,14.170593116432428,20.475512836128473
417,101.592484145,47774,4135,683,3498,43,2.4347270373255014,3.0728208366781473,4.778573988005519,3.591221058741212,5.4834638722240925,13.853258918970823,19.91967298090458
418,101.689963364,47788,4138,686,3569,42,2.3400899954140186,2.9162191785871983,6.233557127416134,3.3400519751012325,6.91920006647706,16.492809168994427,22.326527861878276
419,101.787433415,47862,4376,687,3585,43,2.3719791788607836,2.887394977733493,5.968440789729357,2.353434916585684,6.972230272367597,15.294105978682637,21.4213530998677
420,101.884905758,47805,4614,690,3307,48,3.139746841043234,2.9882830567657948,5.859686993062496,3.6792969331145287,5.899893119931221,15.438877046108246,22.138847038149834
421,101.982380643,47750,4659,692,3554,43,3.1345770694315434,2.9135840013623238,5.571208195760846,1.9879098981618881,7.802683860063553,15.361801953986287,22.07191102206707
422,102.079855861,47734,4532,695,3633,42,2.3826498072594404,3.1189080327749252,6.074509816244245,1.9920188933610916,6.2590232118964195,14.325551921501756,20.38049604743719
423,102.177326788,47703,4482,697,3687,41,2.402887213975191,4.015827085822821,5.818891106173396,2.6409029960632324,7.315071066841483,15.774865169078112,22.812627954408526
424,102.274800381,47732,4557,699,3738,41,2.411453053355217,3.1453671399503946,6.677387980744243,2.025530906394124,6.236974149942398,14.939893037080765,21.051691845059395
425,102.372308391,47758,4822,702,3776,43,2.378331031650305,3.0670210253447294,7.231235038489103,3.052312880754471,6.512308027595282,16.795855946838856,22.801936836913228
426,102.469748692,47574,5052,704,3311,48,2.3802549112588167,4.108899971470237,5.6632698979228735,2.6217270642518997,8.105291053652763,16.390288015827537,23.49294093437493
427,102.567222827,47472,5228,709,3734,43,2.4096700362861156,3.4106532111763954,6.133408984169364,2.1095480769872665,6.023053778335452,14.266010839492083,20.692680031061172
428,102.664697212,47376,5331,712,3795,44,2.352092182263732,3.4264330752193928,7.271789945662022,2.3228181526064873,6.73824199475348,16.33285009302199,22.679107962176204
429,102.762169763,47433,5507,716,3940,44,2.4785390123724937,3.548030974343419,6.402723025530577,2.7914049569517374,5.738781997933984,14.932909980416298,21.497515961527824
430,102.859643439,47595,5788,718,3969,45,2.3568510077893734,2.8121229261159897,6.028824020177126,2.6243110187351704,6.63634086959064,15.289475908502936,21.01302915252745
431,102.957158574,47491,6189,723,4060,43,2.842731075361371,5.489774979650974,5.995361832901835,2.1210098639130592,8.395553333684802,16.511925030499697,25.429164990782738
432,103.054631459,47476,6484,725,3559,51,2.990828128531575,3.931127954274416,6.84561301022768,3.298684023320675,6.974203046411276,17.11850007995963,24.631842970848083
433,103.152075261,47503,6521,733,4176,43,2.400111872702837,3.0164560303092003,6.446475861594081,3.6141551099717617,5.704085109755397,15.76471608132124,21.750348852947354
434,103.249536854,47357,6607,738,4306,44,2.4593230336904526,4.42291796207428,7.587631931528449,2.5824541226029396,6.447056075558066,16.617142129689455,24.04838101938367
435,103.347053488,46937,6696,742,4382,43,2.4026972241699696,3.1310701742768288,6.010360084474087,3.232320072129369,6.1312648467719555,15.373945003375411,21.460355957970023
436,103.444484665,46896,6821,745,4450,43,2.3984189610928297,2.9903368558734655,8.279506815597415,2.0956231746822596,5.5211728904396296,15.896302880719304,21.824819035828114
437,103.54195805,46779,7129,747,4492,43,2.3737528827041388,2.8104509692639112,6.39722403138876,2.0305709913372993,6.014856044203043,14.442651066929102,20.174148958176374
438,103.639433268,46391,7341,752,3798,54,2.3939309176057577,3.058905014768243,6.802250863984227,2.7907739859074354,6.417582277208567,16.01060712710023,22.112997947260737
439,103.736906069,46193,7118,753,4483,42,2.381677972152829,3.997131949290633,8.191021159291267,2.1794589702039957,6.0832148883491755,16.45369501784444,23.41291098855436
440,103.834398371,45963,6940,760,4708,42,2.4963931646198034,3.148874035105109,7.6427150052040815,2.154442947357893,7.930702995508909,17.727860948070884,23.941490799188614
441,103.931897797,45821,6864,762,4762,42,2.389041008427739,3.116512903943658,7.3924369644373655,3.2767229713499546,7.059982977807522,17.729142913594842,23.870097007602453
442,104.029327974,45745,7234,765,4813,42,2.3985090665519238,2.84999399445951,7.769131101667881,2.9438300989568233,6.313125835731626,17.02608703635633,22.84017880447209
443,104.126801317,45512,7648,768,4968,41,2.4369710590690374,2.655169926583767,8.993734139949083,4.5888591557741165,6.683928659185767,20.266521954908967,25.94129298813641
444,104.224275743,45352,7953,771,4263,48,2.3561089765280485,3.0357821378856897,6.679060868918896,6.387895904481411,5.544438259676099,18.611395033076406,24.550790898501873
445,104.321748836,44922,7974,774,5006,41,2.387177897617221,2.7598650194704533,7.0473800878971815,1.9841429311782122,6.09370693564415,15.125229954719543,20.82748105749488
446,104.419222388,44775,7767,776,5077,41,2.38519418053329,3.296690061688423,9.07200900837779,2.0796828903257847,5.7207869831472635,16.87247888185084,23.15105078741908
447,104.516696231,44542,7739,780,5210,41,2.339799189940095,1.7169429920613766,6.722321966663003,4.407047992572188,5.9350288938730955,17.064398853108287,21.6939439997077
448,104.614169949,44566,7668,780,5213,41,2.331733936443925,2.922018989920616,7.856164127588272,2.0400190260261297,5.588167812675238,15.48435096628964,21.28772297874093
449,104.711643417,44153,8079,782,5255,41,2.3642750456929207,3.09094600379467,6.970516871660948,2.017705934122205,6.532988045364618,15.52121085114777,21.610147086903453
450,104.80911826,43918,8295,785,4328,47,3.767151152715087,3.234954783692956,10.980210965499282,2.863700035959482,5.637482041493058,19.481393042951822,27.0608589053154
451,104.90659177,43648,8135,788,5267,42,2.2933718282729387,2.969588153064251,7.708757882937789,2.2606919519603252,12.090018251910806,22.05946808680892,27.92199095711112
452,105.004065572,43511,8078,793,5438,42,2.313670003786683,3.0939511489123106,9.728017961606383,2.128263935446739,6.060902960598469,17.91718485765159,23.891886929050088
453,105.101583248,43425,8080,796,5506,42,2.3131188936531544,2.8778058476746082,9.022185811772943,2.4380329996347427,5.68506121635437,17.145280027762055,22.893958957865834
454,105.199052341,43338,8511,800,5634,41,2.5118410121649504,3.1001230236142874,7.492192788049579,3.7732019554823637,6.056336220353842,17.321730963885784,23.50763790309429
455,105.296487018,43373,8816,802,5689,41,2.271672012284398,2.823765156790614,7.570510031655431,2.4224440567195415,9.482677793130279,19.47563188150525,25.12201014906168
456,105.393960819,43198,8685,805,4456,52,2.5703709106892347,8.488476974889636,7.657242007553577,5.164646077901125,6.422651000320911,19.244539085775614,30.873524025082588
457,105.491433787,43107,8378,807,5680,42,2.3481750395148993,2.8002108447253704,8.452330017462373,4.242490045726299,5.655565764755011,18.350385827943683,24.041748140007257
458,105.588945255,43104,7820,807,5751,42,2.391194924712181,3.073162166401744,10.01351187005639,2.7079791761934757,6.467123981565237,19.188615027815104,25.22589499130845
459,105.686383057,43142,8008,808,5803,42,3.019370837137103,3.5903900861740112,8.308199932798743,3.4994399175047874,5.733441095799208,17.54108094610274,24.715468054637313
460,105.7838559,43153,8401,813,5928,40,2.3945318534970284,2.8309691697359085,6.94512901827693,2.0470519084483385,7.22595420666039,16.21813513338566,21.992191905155778
461,105.881328785,42898,8712,814,5954,40,2.9318369925022125,3.951155114918947,9.330724133178592,2.0194388926029205,6.19957409799099,17.549737123772502,25.12533706612885
462,105.978854003,42894,8645,819,4700,43,2.3522020783275366,2.9834138695150614,7.835514843463898,3.290097927674651,5.615771282464266,16.741384053602815,22.617651848122478
463,106.076277304,42950,8563,823,6000,40,2.335239900276065,3.6188731901347637,10.852512205019593,4.054368007928133,6.267961813136935,21.17484202608466,27.69140899181366
464,106.173750106,42780,8029,826,6130,40,2.3648759815841913,3.3734741155058146,7.0151700638234615,2.139474032446742,9.00939293205738,18.164037028327584,24.47748393751681
465,106.271223657,42811,8211,826,6143,40,2.3489559534937143,2.7601260226219893,7.433112012222409,2.0009749568998814,6.231263047084212,15.665350016206503,21.315715042874217
466,106.368698959,42787,8456,828,6197,40,2.559980843216181,4.0957750752568245,7.626483915373683,2.2511030547320843,6.355425110086799,16.233012080192566,23.470979183912277
467,106.46617126,42894,8873,831,6278,40,2.329499926418066,2.758102025836706,7.668592967092991,4.274530801922083,6.157103227451444,18.100226996466517,23.771593114361167
469,106.661119238,42697,7325,831,4767,47,2.838683081790805,5.0041761714965105,7.1960079949349165,4.592997021973133,8.11045989394188,19.89946491084993,28.302472084760666
470,106.758593206,42573,6482,834,5916,40,2.444474957883358,3.666932927444577,7.588673150166869,3.1267821323126554,8.360838750377297,19.076294032856822,25.862015085294843
471,106.856066299,42613,6705,838,6186,39,2.6561510749161243,3.074344014748931,8.06444394402206,5.072553874924779,5.797120044007897,18.934117862954736,25.25537903420627
472,106.953540142,42635,7483,839,6267,40,2.3204528260976076,3.2560541294515133,7.129533914849162,3.0647260136902332,6.19146809913218,16.385728027671576,22.544275037944317
473,107.051014277,42444,8141,844,6441,40,2.3684529587626457,3.3460319973528385,8.004090981557965,2.713529160246253,6.94594974629581,17.663569888100028,23.960856953635812
474,107.14849587,42652,7976,847,6511,40,3.0317939817905426,4.0522548370063305,9.237890131771564,2.5176519993692636,8.241214789450169,19.996756920590997,27.7239300776273
475,107.245962464,42686,7593,850,5086,45,2.6338789612054825,4.125701962038875,9.00359102524817,3.235264914110303,7.895397953689098,20.13425389304757,27.602022048085928
476,107.343474015,42847,7605,853,6329,40,2.3286989890038967,2.9319878667593002,7.1765221655368805,3.382100025191903,6.118711782619357,16.67733397334814,22.513516945764422
477,107.440909733,43039,8174,853,6491,40,2.3820889182388783,3.1983668450266123,6.831777049228549,2.7273749001324177,7.112501887604594,16.67165383696556,22.802549181506038
478,107.538428035,43083,8773,856,6608,40,2.292520133778453,2.9597789980471134,6.960507947951555,2.2112089209258556,9.918393101543188,19.0901099704206,24.916063994169235
479,107.635857419,43245,8872,858,6671,41,2.344256965443492,1.7547348979860544,7.020229939371347,1.9981199875473976,6.888702977448702,15.907052904367447,20.544552011415362
480,107.733334971,43265,8198,860,6714,41,2.4139778688549995,3.429147880524397,6.056905956938863,1.9429258536547422,6.746368017047644,14.746199827641249,21.12459810450673
481,107.830803564,43314,7791,862,5412,49,2.3609891068190336,1.7953009810298681,7.53538403660059,2.616656944155693,6.631621858105063,16.783662838861346,21.47054485976696
482,107.928277865,43370,7707,862,6499,41,2.3514111526310444,3.036573063582182,8.02934798412025,2.6652191299945116,5.55047788657248,16.24504500068724,22.203627973794937
483,108.025751709,43455,7745,866,6710,41,2.399069955572486,1.8117108847945929,7.226004963740706,3.6137530114501715,5.518758902326226,16.358516877517104,21.11218497157097
484,108.12322601,43314,8332,869,6831,41,2.535545965656638,2.965010004118085,8.840726921334863,2.095912816002965,5.68930828012526,16.625948017463088,22.676181979477406
485,108.220699103,43382,8727,871,6897,39,2.313649980351329,2.930914983153343,8.448543027043343,2.075433963909745,5.808001151308417,16.331978142261505,22.352916887030005
486,108.318172821,43377,8358,874,6963,39,2.3539159446954727,4.279219079762697,7.393078180029988,2.749064937233925,6.224839948117733,16.366983065381646,23.66042393259704
487,108.415646873,43573,8158,877,5617,42,2.3251210805028677,2.760977018624544,6.937344092875719,3.1471909023821354,6.6076768562197685,16.692211851477623,22.361292969435453
488,108.513120091,43709,8167,877,6767,39,2.307938877493143,3.0289089772850275,7.567744003608823,3.0146329663693905,6.078526144847274,16.660903114825487,22.583549143746495
489,108.610593684,43812,8771,879,6942,39,2.4928059428930283,3.274888964369893,8.873207960277796,4.786628996953368,6.440844153985381,20.100681111216545,26.458591921254992
490,108.708066985,43885,9284,884,7126,39,2.3861860390752554,3.079744055867195,9.508687071502209,2.150906017050147,5.5988088715821505,17.258401960134506,23.311291122809052
491,108.805542245,43868,9013,888,7237,39,2.3533948697149754,2.662493148818612,7.315100869163871,3.3436878584325314,6.307326257228851,16.966114984825253,22.666805190965533
492,108.903053255,43917,8309,888,7239,39,2.6372759602963924,2.864581998437643,6.846294039860368,3.1502058263868093,5.622423021122813,15.61892288736999,21.691578906029463
493,109.000488598,43961,7559,892,5464,47,3.1394760590046644,4.323452012613416,9.259651182219386,2.939591882750392,6.955497898161411,19.15474096313119,27.33744611032307
494,109.098008358,44193,7398,892,6623,39,2.5417981669306755,3.357494017109275,8.654258213937283,2.1046290639787912,6.641169777140021,17.400057055056095,24.41207109950483
495,109.195436951,44308,7809,895,7058,39,2.315534045919776,2.937999088317156,10.716898133978248,2.5881039910018444,6.168154766783118,19.47315689176321,25.399680016562343
496,109.292909961,44670,8735,899,7248,39,2.3894619662314653,2.882244996726513,10.269531980156898,2.180450828745961,7.852417416870594,20.302400225773454,26.102233910933137
497,109.390385096,44722,8871,901,7323,39,2.354036085307598,3.700766945257783,8.45561595633626,2.3179480340331793,6.371075054630637,17.144639045000076,23.760691983625293
498,109.487859147,44700,8624,903,7396,39,2.3564109578728676,1.6729109920561314,8.647094946354628,2.619583159685135,6.887159775942564,18.153837881982327,22.75824500247836
499,109.58533149,44854,8383,906,5930,46,2.3641549050807953,3.0143018811941147,6.7392929922789335,3.0825489666312933,6.3141691498458385,16.136011108756065,22.069797152653337
501,109.780279802,45113,8863,912,7363,40,2.9796769376844168,3.519487101584673,7.772918092086911,2.324039814993739,7.732733152806759,17.82969105988741,24.91452102549374
502,109.877752603,45207,9035,914,7546,40,2.3635041434317827,3.002219134941697,8.678623009473085,2.4753829929977655,6.3790499698370695,17.53305597230792,23.45656300894916
503,109.975227321,45243,8855,918,7656,40,2.331753959879279,2.7078979182988405,7.9968280624598265,2.759855007752776,6.581156747415662,17.337839817628264,22.93104911223054
504,110.072701331,45234,8243,920,7723,40,2.3845629766583443,6.431397050619125,9.113037027418613,2.5986330583691597,6.450222805142403,18.161892890930176,27.552227955311537
505,110.170173007,45200,7680,921,7751,40,2.441949909552932,2.8062518686056137,6.085500121116638,2.1697410847991705,8.494037901982665,16.749279107898474,22.60319492779672
506,110.2676486,45267,8138,922,5772,45,2.3680219892412424,2.742802957072854,9.096825961023569,2.763171913102269,5.529919173568487,17.389917047694325,23.043119115754962
507,110.365121569,45341,8355,925,7338,40,2.3838409688323736,2.879729960113764,6.780319847166538,3.4668990410864353,6.214811932295561,16.462030820548534,22.423790069296956
508,110.462595578,45186,8794,929,7667,40,2.374605042859912,2.986860927194357,8.634481113404036,2.197022084146738,5.941769806668162,16.773273004218936,22.685288917273283
509,110.560079588,45489,9123,932,7815,40,2.426540944725275,3.1762749422341585,10.99239313043654,3.552729031071067,7.384702796116471,21.929824957624078,28.174892999231815
510,110.657543431,45766,8816,933,7831,40,2.3308121599256992,2.8518878389149904,7.833059877157211,3.116773907095194,5.526404129341245,16.47623791359365,22.19926891848445
511,110.755016941,46031,8717,936,7917,40,2.451147884130478,3.009102074429393,10.162029881030321,2.6525049470365047,5.886507220566273,18.7010420486331,24.712693877518177
512,110.852490493,46193,8923,938,5869,45,2.3784812074154615,3.0491671059280634,6.281726993620396,3.7306430749595165,8.812292944639921,18.824663013219833,24.839882040396333
513,110.949965669,46234,9267,940,7573,40,2.3575129453092813,2.8426810167729855,8.259839843958616,2.060326049104333,9.287342196330428,19.607508089393377,25.37229796871543
514,111.04743797,46312,9424,943,7868,40,2.4163529742509127,3.2699911389499903,8.479922078549862,2.446418860927224,7.207578979432583,18.13391991890967,24.39523907378316
515,111.144913064,46318,8675,943,7896,40,2.412565052509308,2.8567658737301826,10.71570604108274,3.967585973441601,6.18230109103024,20.86559310555458,26.67061798274517
516,111.242387073,46341,8858,947,8005,40,2.3865571711212397,1.6647358424961567,11.716138105839491,2.1552639082074165,7.760835811495781,21.63223782554269,26.33351692929864
517,111.339860042,46325,8305,952,8113,40,2.3696450516581535,2.797535853460431,7.170089986175299,2.052751835435629,5.64910308457911,14.871944906190038,20.584156969562173
518,111.437332885,46413,8313,953,6012,47,2.370106056332588,4.6461960300803185,7.32073187828064,3.0002049170434475,7.22558400593698,17.546520801261067,25.126237189397216
519,111.534806519,46284,8735,955,7612,40,2.3955130018293858,4.984318045899272,7.558236131444573,2.010262105613947,7.603902602568269,17.17240083962679,25.357489939779043
520,111.632280946,46235,8676,958,7871,40,2.4392760824412107,2.916608937084675,8.521960116922855,1.9571930170059204,6.245228694751859,16.724381828680634,22.61990704573691
521,111.729754622,46113,8260,959,7936,40,2.4408188182860613,2.8878049924969673,6.65095797739923,3.7274269852787256,5.808732006698847,16.187116969376802,22.07438601180911
522,111.827228216,46109,7986,961,8030,40,2.398999873548746,2.839515218511224,8.78142612054944,2.2398019209504128,5.644744960591197,16.66597300209105,22.528435103595257
523,111.924702892,46132,8330,963,8116,40,2.3943320848047733,2.825758885592222,8.196150185540318,4.398602992296219,5.536522716283798,18.131275894120336,23.91316695138812
525,112.11964887,46196,9089,967,6398,52,3.0918270349502563,3.809369169175625,11.58857997506857,2.9486289713531733,9.775456041097641,24.312664987519383,31.863267067819834
526,112.217164213,46286,9085,970,7889,40,2.454885048791766,2.012307057157159,10.116816032677889,2.1334930788725615,6.161812925711274,18.412122037261724,23.441625060513616
527,112.314599598,46550,8451,971,8013,40,2.346180845052004,3.1187571585178375,8.346681948751211,2.2775321267545223,7.609362946823239,18.233577022328973,24.288860149681568
528,112.412071066,46715,8098,971,8075,40,2.425119047984481,3.1572398729622364,8.561264025047421,2.870492869988084,7.388718193396926,18.82047508843243,25.020318804308772
529,112.509583117,46905,8462,975,8195,40,2.3728611413389444,2.8565970715135336,7.664073957130313,3.3951441291719675,5.376232787966728,16.43545087426901,22.21862506121397
530,112.607017336,47031,9069,976,8227,40,2.9203658923506737,2.9687669593840837,8.023868082091212,2.1087070927023888,6.3439239747822285,16.47649914957583,23.056312929838896
531,112.704511804,47073,9247,978,6150,47,2.373222028836608,3.4217550419270992,7.6522319577634335,3.5220219288021326,6.345896981656551,17.520150868222117,23.88016600161791
532,112.80196598,46924,8940,979,7845,41,2.4073959793895483,3.4529329277575016,8.218382019549608,2.604174893349409,7.982460083439946,18.805016996338964,25.43693990446627
533,112.899439532,46962,8618,981,8099,41,2.391667105257511,1.8547109793871641,7.178755942732096,3.3856460358947515,9.410504018887877,19.974905997514725,24.789677001535892
534,112.996913333,47138,7901,981,8139,41,2.403449034318328,2.8799099382013083,7.448441116139293,5.525131011381745,5.642169853672385,18.615741981193423,24.459319189190865
535,113.094426843,47346,8105,981,8145,40,2.411364112049341,3.9229029789566994,6.938196020200849,1.9490579143166542,6.722392048686743,15.609645983204246,22.472030017524958
536,113.191861019,47490,8900,986,8239,40,2.3780108895152807,2.785384189337492,10.643561137840152,2.4128558579832315,5.722460802644491,18.778877798467875,24.52655485831201
537,113.289336321,47485,9206,988,6507,49,2.371016889810562,2.8848990332335234,8.932688971981406,2.6967478916049004,5.582107231020927,17.211544094607234,22.99516904167831
539,113.48428334,47657,7453,989,7759,44,2.5434100534766912,4.164383979514241,7.240220904350281,2.097055083140731,5.468073999509215,14.805349987000227,22.066100034862757
540,113.581758892,47690,7545,991,7920,44,2.361560007557273,3.987202886492014,7.040507160127163,2.713077934458852,6.471872795373201,16.225457889959216,23.151892004534602
541,113.67923036,47688,7817,992,7980,45,2.3585439193993807,2.6682738680392504,8.655620971694589,2.9771518893539906,6.1435881070792675,17.776360968127847,23.35696597583592
542,113.776704495,47623,8046,995,8118,43,2.4016147945076227,3.9986539632081985,7.676879176869988,2.1169830579310656,5.648239748552442,15.442101983353496,22.466829977929592
543,113.874224046,47668,8221,996,8164,43,2.3571618366986513,3.011175896972418,8.275920059531927,4.8833799082785845,6.026589078828692,19.185889046639204,25.12787003070116
544,113.971691931,47669,7673,996,5879,53,2.3954131174832582,3.6600609309971333,10.69643092341721,2.85588507540524,6.787201855331659,20.33951785415411,26.965840021148324
545,114.069124899,47626,6916,997,7460,44,2.6661900337785482,4.137853858992457,6.547484779730439,2.2094750311225653,7.524172076955438,16.281131887808442,23.632401134818792
546,114.166597201,47647,6446,997,7693,44,2.362932078540325,2.901761094108224,8.673113072291017,2.0891299936920404,5.4251039400696754,16.187347006052732,22.013711975887418
547,114.264072502,47676,6535,997,7780,44,2.3510209284722805,1.6455498989671469,6.264834897592664,1.9632440526038408,5.564485210925341,13.792564161121845,18.33166996948421
548,114.361546137,47597,7015,998,7820,43,2.410741988569498,3.239772981032729,8.679565042257309,2.0976669620722532,5.412290105596185,16.189522109925747,22.369919111952186
550,114.556494115,47754,5289,999,7832,44,2.3879399523139,3.797448007389903,7.426148978993297,2.199596958234906,6.164687918499112,15.790433855727315,22.542421938851476
551,114.653966791,47787,5165,1000,6004,50,2.371699083596468,2.7694329619407654,7.539862068369985,2.778060035780072,5.6932049337774515,16.01112703792751,21.68912417255342
552,114.751441634,47797,5409,1001,7113,46,2.3619611747562885,5.707944044843316,6.768909050151706,4.236279055476189,5.768576869741082,16.773764975368977,25.42044804431498
553,114.848914436,47736,6278,1002,7357,45,2.4047407787293196,2.9772832058370113,8.224953897297382,2.0805741660296917,7.085591787472367,17.39111985079944,23.493412183597684
554,114.946389029,47761,6802,1004,7528,46,2.348575973883271,3.366480814293027,6.468868115916848,2.493015956133604,6.1259649228304625,15.087848994880915,21.393791073933244
555,115.043861705,47787,6329,1005,7574,44,2.4335351772606373,3.0337378848344088,9.471758035942912,2.3868270218372345,5.963010946288705,17.82159600406885,23.84694293141365
556,115.141337298,47755,5579,1005,7574,44,2.3981179110705853,3.017597133293748,5.068266065791249,4.5165440533310175,7.959666894748807,17.544477013871074,23.55783199891448
557,115.238810517,47721,5020,1008,5794,51,2.386706881225109,2.7631521224975586,5.123810144141316,4.401558078825474,5.320006748661399,14.845374971628189,20.54184698499739
558,115.33628286,47725,5254,1008,6965,45,2.422525081783533,4.0684950072318316,6.981357000768185,3.018108895048499,7.993520237505436,17.99298613332212,25.035398080945015
559,115.43375687,47625,5788,1009,7264,44,2.3804958909749985,4.042315995320678,6.421708967536688,4.245517076924443,5.558863980695605,16.226090025156736,23.19410117343068
560,115.531231254,47563,6180,1009,7339,44,2.430227817967534,6.42661820165813,5.863193888217211,3.1195690389722586,7.717273896560073,16.700036823749542,26.1581689119339
561,115.628706222,47499,5910,1009,7369,44,2.4844801519066095,3.04621085524559,7.999602006748319,2.062499988824129,6.173996953293681,16.23609894886613,22.351333871483803
562,115.726178982,47430,4495,1010,7383,45,2.3522318806499243,2.876613987609744,6.778456037864089,2.2907170932739973,5.566149018704891,14.635322149842978,20.43102914467454
563,115.823652242,47317,4648,1011,5562,49,2.3604771122336388,3.5381719935685396,6.531805964186788,2.867136150598526,5.949435057118535,15.348377171903849,21.98965707793832
564,115.921126377,47350,5659,1013,6731,45,2.390665002167225,3.5819250624626875,6.223859032616019,2.077138051390648,5.460188956931233,13.7611860409379,20.289334934204817
565,116.018639845,47251,6598,1016,7132,43,2.3544570431113243,2.841118024662137,6.815256085246801,2.0176570396870375,5.663790041580796,14.496703166514635,20.23829915560782
566,116.116074605,47205,6921,1020,7284,44,2.3901942186057568,1.8219901248812675,8.231946965679526,2.078329911455512,5.82101522013545,16.13129209727049,20.923360949382186
567,116.213547323,47163,6681,1023,7364,44,2.301718108355999,2.9398719780147076,7.65753211453557,2.521849935874343,7.372619118541479,17.552001168951392,23.42213806696236
568,116.311021708,47171,6155,1024,7384,43,2.367050154134631,3.318781964480877,5.979791982099414,2.094330033287406,6.787282880395651,14.86140489578247,21.077929995954037
569,116.408495967,47099,5807,1026,6000,50,2.3761680349707603,2.8668357990682125,7.470441982150078,2.718578092753887,5.540970945730805,15.72999102063477,21.524115931242704
570,116.505968561,46963,5980,1027,7106,43,2.3383561056107283,3.2797178719192743,5.300129996612668,3.0208940152078867,6.809093989431858,15.130118001252413,21.289395866915584
571,116.603443112,46894,6722,1029,7254,43,2.442020922899246,3.646525088697672,6.380461854860187,2.929141977801919,6.32975809276104,15.639361925423145,22.274770075455308
572,116.700917455,46804,7096,1034,7381,44,2.369845053181052,3.1353288795799017,8.003690047189593,3.432474099099636,6.168685853481293,17.604849999770522,23.78852409310639
574,116.895862891,46689,6254,1034,7410,44,2.3774600122123957,4.190362989902496,5.814051954075694,2.158109098672867,9.147922042757273,17.120083095505834,24.24624003469944
575,116.993381068,46603,6399,1038,7520,44,2.4311698507517576,3.392148995772004,8.720972109586,2.7873169165104628,12.94056000187993,24.448849027976394,30.93928680755198
576,117.090852286,46512,6923,1042,5789,53,2.378973178565502,8.007366908714175,10.952930897474289,7.992108119651675,10.025033028796315,28.97007204592228,40.21432693116367
577,117.188284712,46485,7595,1045,7200,45,2.4242980871349573,1.6803550533950329,13.986066915094852,6.440303986892104,7.416210137307644,27.8425810392946,32.543390057981014
578,117.285758306,46392,7357,1047,7432,44,2.4214829318225384,2.8265598230063915,7.618729956448078,2.3231180384755135,5.417970009148121,15.359818004071712,21.145195933058858
579,117.383232149,46398,7413,1053,7577,43,2.4270920548588037,2.9690470546483994,6.567370845004916,2.0723389461636543,7.093927124515176,15.733636915683746,21.86051500029862
580,117.480705825,46370,7045,1054,7603,43,2.391695976257324,2.93335085734725,6.707343040034175,2.337665995582938,5.4684451315552,14.513454167172313,20.394911989569664
581,117.578179793,46394,7318,1054,7603,43,2.36710999161005,2.9619939159601927,7.222397951409221,2.283843932673335,5.401510046795011,14.907751930877566,20.766386995092034
582,117.675656845,46380,7342,1055,6224,51,2.440697979182005,1.8723339308053255,6.616343045607209,3.5632899962365627,7.377387955784798,17.55702099762857,22.49538293108344
583,117.773126938,46474,7347,1056,7343,43,2.311565913259983,2.915186109021306,7.479869993403554,2.1703720558434725,8.496201829984784,18.14644387923181,23.92606087960303
584,117.870637864,46549,6767,1056,7435,43,2.3467920254915953,3.7002749741077423,6.188221974298358,1.9261948764324188,5.386141128838062,13.500557979568839,20.073170075193048
585,117.968075541,46522,6223,1058,7486,43,2.7571909595280886,2.720833057537675,7.347552105784416,3.1565779354423285,5.307604093104601,15.811734134331346,21.847550990059972
586,118.065548801,46621,5867,1058,7486,43,2.408909145742655,2.9037247877568007,5.664601922035217,1.9085018429905176,5.561870289966464,13.134974054992199,19.013306125998497
588,118.260538195,46779,6934,1062,7599,43,3.1453368719667196,4.5415598433464766,7.743021938949823,3.438606159761548,6.500636925920844,17.682265024632215,25.94594215042889
589,118.35796983,46826,6662,1066,5834,49,3.1983370427042246,3.4914249554276466,7.011792855337262,3.310676198452711,7.041178876534104,17.363647930324078,24.62255395948887
590,118.455486756,46849,6338,1067,7119,43,2.4297169875353575,3.1301379203796387,9.04988800175488,2.7487240731716156,7.355616893619299,19.154228968545794,25.299792177975178
591,118.5529181,46856,6218,1067,7248,43,3.0828099697828293,4.130379995331168,7.4120331555604935,2.8947778046131134,5.927404155954719,16.234215116128325,24.107621051371098
592,118.650391401,46967,6317,1070,7394,43,2.38133710809052,1.7192279919981956,6.1286999844014645,2.6402620133012533,6.3515580259263515,15.12052002362907,19.840204156935215
593,118.747865286,46978,6738,1071,7484,43,2.372981049120426,3.583296900615096,9.514087112620473,2.1249069832265377,6.890225689858198,18.52921978570521,25.051797972992063
594,118.845338546,46934,7259,1073,7539,43,2.4546750355511904,3.07323201559484,7.409256882965565,2.7550358790904284,5.864257225766778,16.02854998782277,22.093981970101595
595,118.942812347,46963,7092,1074,5988,53,2.431781031191349,2.938259160146117,9.390165098011494,2.7104129549115896,7.149240933358669,19.249818986281753,25.21536499261856
596,119.040287565,46931,6872,1076,7248,44,2.3658680729568005,3.0878998804837465,6.39347592368722,2.5283831637352705,6.611823802813888,15.533682890236378,21.534324856474996
597,119.13776045,46996,6490,1076,7362,43,2.346691908314824,3.5070341546088457,6.523398915305734,2.668654080480337,6.663192063570023,15.855245059356093,22.25593593902886
599,119.332708803,47084,7463,1077,7446,44,3.0605888459831476,3.0644158832728863,9.008631110191345,2.1915819961577654,6.127297878265381,17.32751098461449,23.99397804401815
600,119.430181479,47010,7431,1079,7480,44,2.4180160835385323,3.2735271379351616,7.080713054165244,2.6035630144178867,7.226093905046582,16.910369973629713,23.24518607929349
601,119.527655906,47103,7266,1083,7548,46,2.3799750488251448,3.052623011171818,7.329758955165744,2.260530134662986,6.694240029901266,16.284529119729996,22.316768998280168
602,119.625149041,47051,7047,1086,6131,53,2.395543036982417,2.8913021087646484,7.198212901130319,5.118269938975573,5.5697530042380095,17.8862358443439,23.72080716304481
603,119.722602509,47273,7295,1088,7249,47,2.3595259990543127,2.798347966745496,6.7230830900371075,1.9965360406786203,5.566358799114823,14.285977929830551,19.970308057963848
604,119.820075769,47298,7956,1092,7444,47,2.706316066905856,2.974467119202018,8.03648098371923,2.646252978593111,6.003235932439566,16.685969894751906,22.92846399359405
605,119.917557862,47211,8068,1093,7499,46,2.3725908249616623,2.7945099864155054,9.028288070112467,2.7234070003032684,5.712741985917091,17.464437056332827,23.17754994146526
606,120.015025122,47165,7802,1095,7573,46,2.390744164586067,3.009101841598749,9.937138995155692,2.3930389434099197,5.804424174129963,18.134602112695575,24.080400122329593
607,120.112497715,47166,7338,1095,7573,46,2.6334591675549746,4.479994997382164,7.454192033037543,2.465684898197651,8.578765206038952,18.498642137274146,26.127290911972523
608,120.209970933,47015,7331,1097,6151,51,2.2974698804318905,2.8323610313236713,9.497486054897308,2.8639701195061207,5.628874991089106,17.990331165492535,23.67085311561823
609,120.307493276,47014,7434,1099,7297,46,2.372800838202238,3.103899070993066,6.610973039641976,2.947075990960002,5.563502898439765,15.121551929041743,21.161868004128337
610,120.404919661,46885,7676,1100,7439,46,2.3428150452673435,3.662033937871456,5.973089952021837,3.1675889622420073,11.670703068375587,20.811381982639432,27.410141890868545
611,120.502392837,46809,8195,1105,7569,46,2.4644630029797554,3.1761350110173225,7.940683048218489,2.1004921291023493,5.791407776996493,15.832582954317331,22.011888911947608
612,120.599866222,46725,8077,1106,7594,46,2.4205308873206377,3.1753031071275473,8.798417169600725,2.0057340152561665,5.76844671741128,16.57259790226817,22.74242602288723
613,120.697340023,46669,7819,1108,7641,47,2.386996988207102,3.535857889801264,6.488514831289649,2.442101016640663,8.203573059290648,17.13418890722096,23.614719044417143
615,120.89232646,46623,7970,1111,6177,59,2.350569935515523,3.7514320574700832,7.8724350314587355,2.932267962023616,8.22228891775012,19.02699191123247,25.82367300055921
616,120.989761261,46680,8515,1117,7501,45,2.466025995090604,4.737746901810169,10.277254972606897,2.1028961054980755,5.710989935323596,18.09114101342857,25.859841145575047
617,121.087235104,46596,8577,1119,7610,44,2.4574489798396826,3.4143601078540087,8.668504189699888,3.0885098967701197,7.3127178475260735,19.06973193399608,25.47785616479814
618,121.184709781,46485,8403,1121,7649,44,2.3646759800612926,2.933020005002618,7.509055081754923,3.3136720303446054,6.09762198291719,16.920349095016718,22.79661688953638
619,121.282182457,46500,8069,1121,7649,44,2.410411834716797,3.9141960442066193,8.089940994977951,2.1510859951376915,7.43879284709692,17.679819837212563,24.578651878982782
620,121.379657467,46522,7815,1122,7671,44,2.385905012488365,2.8330220375210047,7.551523158326745,2.004070905968547,6.438170792534947,15.99376485683024,21.74696186557412
621,121.477131018,46566,8055,1123,6223,51,2.3910049349069595,2.762821037322283,11.159396963194013,2.8087871614843607,6.086771842092276,20.05495596677065,25.776244001463056
622,121.574613528,46354,8345,1124,7405,45,2.705153077840805,3.8534430786967278,7.029966916888952,1.9849149975925684,6.567853270098567,15.582735184580088,22.732847137376666
623,121.672077455,46358,8580,1124,7491,46,2.3956240620464087,2.836609026417136,8.762930985540152,2.0750940311700106,6.276518106460571,17.114543123170733,22.89934898726642
624,121.769600131,46204,8385,1126,7557,46,2.3827790282666683,3.5640511196106672,8.52068793028593,2.617579186335206,8.594634709879756,19.732901826500893,26.244370033964515
625,121.867051391,45968,7848,1127,7613,46,2.5191449094563723,3.9286029059439898,10.134177980944514,2.151296939700842,6.8311241921037436,19.1165991127491,26.11918607726693
626,121.964498984,45895,7374,1128,7639,46,2.349176909774542,2.829174976795912,8.09107394888997,2.1687590051442385,6.192460190504789,16.452293144539,22.17151806689799
627,122.061974327,45757,7411,1128,6090,55,2.376026939600706,1.6698450781404972,8.310132892802358,2.4977850262075663,6.7107712384313345,17.51868915744126,22.182977991178632
628,122.159448004,45675,7796,1130,7325,47,2.4230550043284893,5.210431991145015,7.624120218679309,2.8271819464862347,5.685009993612766,16.13631215877831,24.32897500693798
629,122.256920263,45542,8066,1131,7450,46,2.3607690818607807,1.6612100880593061,7.9011679627001286,2.0286361686885357,6.849050056189299,16.778854187577963,21.380848018452525
630,122.354395523,45495,7395,1133,7509,46,2.3832109291106462,3.5897791385650635,6.584253162145615,2.0933079067617655,7.832329021766782,16.509890090674162,23.151010973379016
631,122.451868991,45299,7520,1133,7511,46,2.3619208950549364,3.344148863106966,7.183986017480493,2.701777033507824,8.241844829171896,18.127607880160213,24.37642402946949
632,122.549341376,45177,7942,1136,7586,45,2.3654180113226175,3.4940089099109173,8.389452006667852,2.895809942856431,6.294782040640712,17.580043990164995,23.988889064639807
633,122.646815594,45003,8186,1137,6143,54,2.37537594512105,2.9520350508391857,6.297506857663393,4.188448889181018,5.509151378646493,15.995107125490904,21.889940137043595
634,122.744290312,44999,8807,1142,7513,45,2.396354917436838,2.89979693479836,6.41724094748497,2.5782061275094748,7.468037074431777,16.463484149426222,22.321107098832726
635,122.841802614,44824,8774,1144,7601,44,2.4324029218405485,2.8416390996426344,10.20312705077231,2.0404790993779898,6.073045777156949,18.316651927307248,24.127288023009896
636,122.939277874,44751,8402,1146,7658,44,2.4215220473706722,3.639611881226301,7.187683135271072,2.04079900868237,8.421873906627297,17.65035605058074,24.305921979248524
637,123.036710467,44630,8118,1148,7713,45,2.3697649594396353,2.8483609203249216,6.956399884074926,1.9926100503653288,7.563275983557105,16.51228591799736,22.264400962740183
638,123.134183935,44552,8177,1148,7714,45,2.387317828834057,1.6936089377850294,7.5298938900232315,3.2443220261484385,5.995872197672725,16.770088113844395,21.37467614375055
640,123.329132829,44373,8460,1151,6248,57,2.5010909885168076,3.760718973353505,10.263670003041625,2.8441729955375195,7.28743989020586,20.395282888785005,27.29629911482334
641,123.426606298,44391,8148,1152,7389,46,2.4053319357335567,3.78976296633482,6.447708001360297,2.502243034541607,7.17040104791522,16.120352083817124,22.9168520309031
642,123.524079932,44312,7719,1152,7517,46,2.8468179516494274,3.4325439482927322,7.060264004394412,3.7137209437787533,5.951720057055354,16.72570500522852,23.591415025293827
643,123.621552901,44302,7692,1153,7541,45,2.4308189749717712,4.394595045596361,6.983170052990317,2.114257076755166,5.873963935300708,14.971391065046191,22.355420980602503
644,123.71902641,44287,7825,1154,7572,45,2.4424009025096893,2.7986278291791677,7.027623010799289,3.623242024332285,5.729723954573274,16.380588989704847,22.15237100608647
645,123.816501212,44128,8338,1159,7680,45,2.3974678479135036,3.1057531014084816,10.972966905683279,2.1624478977173567,6.758599309250712,19.894014112651348,25.962221901863813
646,123.913974263,44114,8451,1159,6413,55,3.037205198779702,3.4771179780364037,6.384289124980569,3.416473977267742,6.427750922739506,16.228514024987817,23.295741993933916
647,124.011448565,44016,8145,1161,7501,45,2.326394198462367,4.368877038359642,6.143638864159584,2.23816791549325,6.856664316728711,15.238471096381545,22.479713894426823
648,124.108922241,44037,7653,1162,7577,46,2.451799111440778,4.005808150395751,7.468899013474584,2.4388248566538095,5.668318131938577,15.57604200206697,22.57586386986077
649,124.206396751,44192,7539,1163,7625,46,2.3856949992477894,2.9450419824570417,6.719646044075489,4.202716052532196,5.599630996584892,16.521993093192577,22.385818185284734
650,124.303870011,44274,7869,1166,7653,46,2.3921269457787275,2.878307132050395,7.001203019171953,1.9365351181477308,6.730296881869435,15.66803501918912,21.468129940330982
651,124.401380479,44224,8780,1170,7741,45,2.4074758403003216,2.86599388346076,7.069913204759359,3.1394248362630606,5.701560759916902,15.910898800939322,21.71803917735815
652,124.498855322,44187,8715,1177,6349,55,2.465824829414487,3.2446528784930706,7.249617949128151,3.7972370628267527,6.82654813863337,17.873403150588274,24.21491197310388
653,124.596291082,44194,8039,1177,7547,46,2.3720299359411,3.5459769424051046,6.5636548679322,4.00565704330802,6.622525164857507,17.191837076097727,23.64984410814941
654,124.693765008,44153,8163,1178,7658,45,2.434325870126486,3.3205251675099134,8.263266179710627,2.3435659240931273,6.031388882547617,16.63822098635137,23.00418494269252
655,124.791242143,44254,8636,1182,7771,46,2.3487659636884928,1.7040690872818232,8.449114160612226,2.433354966342449,5.680229747667909,16.562698874622583,21.145355887711048
656,124.888752695,44150,9239,1188,7867,47,2.380595076829195,3.11998906545341,6.553785875439644,3.2625459134578705,6.696634227409959,16.512966016307473,22.598576033487916
657,124.986186246,44174,9752,1194,7994,46,2.3972869385033846,2.933591138571501,9.416723856702447,2.1660239435732365,6.199163151904941,17.781910952180624,23.69265491142869
658,125.083660381,44124,9611,1196,6514,54,2.318659098818898,2.9004591051489115,6.7327311262488365,2.580188913270831,6.238135742023587,15.551055781543255,21.300375927239656
659,125.181134224,44120,9368,1197,7806,48,2.3356820456683636,2.683542901650071,7.74404383264482,2.02200491912663,6.290363147854805,16.056411899626255,21.69177890755236
660,125.2786069,44017,8950,1200,7949,47,2.6976389344781637,3.2023440580815077,7.639477960765362,3.5115720238536596,6.529340986162424,17.680390970781446,24.124552961438894
662,125.473594128,44023,9886,1207,8081,47,2.827421994879842,3.315255045890808,8.350468939170241,3.300888929516077,6.731458008289337,18.382815876975656,25.097243022173643
663,125.57102768,43912,9620,1211,8179,47,2.3668999783694744,3.017607843503356,7.787745911628008,2.349267015233636,7.0404671132564545,17.1774800401181,23.103972198441625
664,125.668501523,43819,9010,1214,8235,49,2.358524827286601,3.2816720195114613,7.859450066462159,4.354570060968399,6.938685895875096,19.152706023305655,25.345898931846023
665,125.765976116,43742,8666,1214,6729,54,2.3885900154709816,3.7235890049487352,7.427881937474012,2.807134063914418,6.9458510261029005,17.18086702749133,23.847384145483375
666,125.863449792,43869,8901,1216,7910,49,2.3363830987364054,2.7733310125768185,6.808974081650376,5.649754079058766,6.704998668283224,19.163726828992367,24.79591895826161
667,125.960923302,43716,9354,1220,8162,50,2.39174603484571,3.0754259787499905,7.455372950062156,2.7353500481694937,6.607035873457789,16.79775887168944,22.836741991341114
668,126.058398145,43568,9259,1224,8246,49,2.3583839647471905,2.9554020147770643,6.59519387409091,2.1161509212106466,6.201837211847305,14.913182007148862,20.772207994014025
669,126.155871739,43577,8691,1227,8315,51,2.3255429696291685,3.0495179817080498,7.809857139363885,3.0662391800433397,5.85932657122612,16.735422890633345,22.675320971757174
670,126.25334404,43507,8244,1228,8344,51,2.3537061642855406,2.848271047696471,7.760804845020175,2.0259320735931396,6.534881191328168,16.321618109941483,22.065248107537627
671,126.350818633,43489,8635,1229,6708,59,2.3409409914165735,2.8764440212398767,10.580894071608782,2.762590069323778,5.568863824009895,18.912347964942455,24.656637804582715
672,126.448292351,43585,9498,1235,8165,52,2.3676310665905476,2.8785180766135454,7.1139950305223465,3.1137377955019474,6.290484219789505,16.5182170458138,22.29417604394257
673,126.545767319,43365,9935,1236,8276,50,2.5269100442528725,2.3877990897744894,7.792014162987471,1.9971581641584635,7.2312436532229185,17.020415980368853,22.679727990180254
674,126.643240287,43276,10151,1240,8392,49,2.3773000575602055,2.787918085232377,7.198573090136051,2.146677812561393,7.62847694568336,16.973727848380804,22.774526150897145
675,126.740714422,43236,9665,1242,8415,50,2.563968999311328,2.8563360683619976,8.253958076238632,3.2223709858953953,6.158006144687533,17.63433520682156,23.617373080924153
677,126.935661817,43034,9157,1243,8425,51,2.4432928767055273,4.460077034309506,7.413756102323532,2.246665069833398,7.725829724222422,17.38625089637935,24.973621126264334
678,127.033134785,42844,9651,1246,6882,55,2.4203399661928415,2.872035140171647,7.792535005137324,4.0855370461940765,5.6895490270107985,17.5676210783422,23.43996101990342
679,127.130608336,42984,10054,1251,8253,51,2.334319055080414,3.147280076518655,7.4072841089218855,3.7158241029828787,6.044583627954125,17.16769183985889,23.208999074995518
680,127.228082221,42864,9746,1252,8370,51,2.3139910772442818,2.8905700892210007,7.856965996325016,2.3137209936976433,10.151528986170888,20.322215976193547,26.140656089410186
681,127.325556231,42849,9696,1256,8467,50,2.322948072105646,2.7724888641387224,7.794769015163183,2.0165638998150826,5.669221049174666,15.480553964152932,21.132421912625432
682,127.423029824,42737,9450,1256,8477,50,2.373602008447051,2.811752026900649,8.549331920221448,5.365933058783412,7.182702887803316,21.097967866808176,27.24999189376831
683,127.520503084,42690,9587,1256,8486,50,2.3443279787898064,3.8609160110354424,10.390357114374638,2.8919230680912733,6.691162707284093,19.973442889750004,26.735750027000904
684,127.617978094,42678,9857,1258,6948,60,2.3229168727993965,2.7971649542450905,8.368973853066564,2.654207870364189,5.673328181728721,16.696509905159473,22.347467020154
685,127.715451729,42521,10130,1263,8282,52,2.3514709901064634,2.8339039999991655,9.27958800457418,2.9468759894371033,5.8333370834589005,18.059801077470183,23.827996803447604
686,127.812925738,42438,9273,1266,8406,52,2.3538749665021896,2.8643810655921698,8.187204133719206,2.896200865507126,5.8139911852777,16.897396184504032,22.650794126093388
687,127.910398998,42348,9248,1269,8468,53,3.0973469838500023,2.1850301418453455,7.908822037279606,3.5712341777980328,6.36487384326756,17.8449300583452,23.72481394559145
688,128.007873966,42251,9155,1270,8502,53,2.356890821829438,5.756694125011563,7.31609296053648,3.1279248651117086,8.551254170015454,18.995271995663643,27.66929706558585
689,128.105347518,42211,9327,1272,8561,53,2.3387379478663206,2.8940869960933924,10.393872857093811,2.123784041032195,7.000705227255821,19.518362125381827,25.292056845501065
690,128.202820444,41882,9822,1274,6935,58,2.3427149280905724,4.1638631373643875,7.161122979596257,4.190914100036025,7.732962956652045,19.085000036284328,26.137199020013213
691,128.300293662,41947,10060,1275,8253,50,2.359334845095873,2.7280759532004595,11.162152048200369,2.7934680692851543,6.618437822908163,20.574057940393686,26.235332945361733
692,128.397766964,41756,9672,1277,8376,51,2.3004061076790094,2.936176024377346,10.315688094124198,2.068210858851671,5.668489029631019,18.052387982606888,23.834339110180736
693,128.495278432,41607,9394,1279,8436,52,2.326503861695528,2.8915819711983204,8.058151928707957,2.1405669394880533,6.131364963948727,16.330083832144737,22.084753960371017
694,128.592715525,41645,9564,1283,8489,53,2.329509938135743,2.988543128594756,6.587639218196273,2.1088069770485163,6.148788845166564,14.845235040411353,20.706955110654235
695,128.690188285,41657,9911,1286,8557,52,2.4131168611347675,2.9923508409410715,7.967241806909442,2.042032079771161,5.905462196096778,15.914736082777381,21.87758614309132
696,128.787663503,41733,10072,1290,7180,53,2.320102183148265,1.654887106269598,8.54804809205234,2.563968999311328,5.702153779566288,16.814170870929956,21.329111186787486
698,128.982609856,41683,9139,1291,8340,53,2.469422062858939,4.541160073131323,7.029947126284242,2.1161611657589674,6.8774716928601265,16.023579984903336,23.600592045113444
699,129.080084282,41591,8573,1291,8398,53,2.4282450322061777,3.4935991279780865,7.230042014271021,4.923505010083318,6.225561955943704,18.379108980298042,24.87988700158894
700,129.177557709,41546,8667,1292,8481,53,2.3547469172626734,3.2673750538378954,8.60277097672224,2.4166128132492304,9.85355325974524,20.87293704971671,27.076007099822164
701,129.275032469,41598,9173,1296,8548,51,2.4135580752044916,3.588747000321746,7.277861004695296,4.023900954052806,5.728051997721195,17.029813956469297,23.58034299686551
702,129.372506145,41730,9166,1298,8578,50,2.302419161424041,2.8558948542922735,10.452423011884093,2.3301010951399803,6.304079899564385,19.08660400658846,24.85225396230817
703,129.469979155,41670,9174,1299,7049,55,2.32206704095006,1.6764882020652294,6.71199313364923,2.9904870316386223,8.27862392179668,17.981104087084532,22.539336001500487
704,129.567453581,41751,8939,1301,8333,53,2.4200300686061382,3.082019044086337,8.981178980320692,2.9929319862276316,8.212812012061477,20.1869229786098,26.28807188011706
705,129.664926549,41787,8857,1302,8448,53,2.3443279787898064,2.8377710841596127,6.647913018241525,3.554202150553465,5.616822745651007,15.818937914445996,21.550605073571205
706,129.762400976,41926,9084,1303,8488,53,2.3115461226552725,2.8539118357002735,7.727161981165409,3.2806801609694958,8.699973812326789,19.707815954461694,25.54522198624909
707,129.859873652,41811,9151,1307,8580,51,2.3178579285740852,3.1183159444481134,7.521988125517964,3.8887481205165386,6.3606747426092625,17.771410988643765,23.80843088030815
708,129.957349037,41888,9229,1308,8597,50,2.364455023780465,2.311777090653777,7.549029076471925,2.5062100030481815,5.762475775554776,15.817714855074883,21.075095050036907
709,130.05482138,41890,8549,1308,6984,56,2.382239094004035,4.276374122127891,8.240832947194576,3.159282961860299,6.481121061369777,17.881236970424652,25.117951910942793
710,130.152296098,41949,8537,1309,8242,51,2.7806840371340513,1.9445400685071945,8.451588917523623,2.8287749737501144,6.56085810624063,17.841221997514367,23.18197814747691
711,130.24976965,41888,8430,1309,8326,51,2.3734529968351126,3.767200978472829,6.956479977816343,2.1332420874387026,6.656348938122392,15.746071003377438,22.49627490527928
712,130.347281243,41967,8531,1309,8366,51,2.33843713067472,2.8405268676579,8.611057186499238,2.0977261010557413,5.502347834408283,16.211131121963263,21.93380193784833
713,130.444758961,42350,8984,1309,8386,51,2.349768066778779,4.224797943606973,7.097974885255098,2.0767059177160263,7.013398222625256,16.18807902559638,23.347267182543874
714,130.542190763,42507,9184,1312,8429,51,2.4290860164910555,3.928723046556115,7.677440065890551,4.135600058361888,5.757455946877599,17.570496071130037,24.488162947818637
715,130.639664606,42529,8505,1313,6975,57,2.350748982280493,3.2645901665091515,6.765132071450353,2.7549760416150093,7.703819079324603,17.223927192389965,23.445169907063246
716,130.737139241,42460,8247,1314,8129,51,2.3402399383485317,3.6936330143362284,8.482737001031637,3.5074150655418634,6.83377985842526,18.82393192499876,25.3995880484581
717,130.834614917,42418,8458,1315,8298,51,2.416744129732251,4.165736958384514,10.60718297958374,2.4659850168973207,5.828338908031583,18.901506904512644,26.02830482646823
718,130.93212351,42191,8672,1317,8335,50,2.3881089873611927,2.831609919667244,7.142187096178532,2.1297961939126253,8.596429834142327,17.868413124233484,23.613887140527368
719,131.02955952,42142,8949,1317,8336,50,2.371988957747817,2.8982041403651237,7.38072395324707,2.2642179392278194,5.646347999572754,15.291289892047644,21.114297909662127
721,131.224506498,41782,7988,1317,8338,50,2.414529910311103,4.258139990270138,6.35344092734158,3.2394228037446737,6.607878254726529,16.200741985812783,23.4267960768193
722,131.321981216,41621,7949,1318,6935,56,2.4153911508619785,2.043043961748481,7.332663983106613,2.8901200275868177,6.835141917690635,17.057925928384066,22.27810607291758
723,131.419453892,41574,7767,1319,8060,52,2.3407209664583206,3.6469860933721066,9.570091031491756,2.1933051757514477,5.828038789331913,17.591434996575117,24.11948307417333
724,131.516928902,41436,8092,1319,8140,51,2.4232349824160337,2.9564627911895514,6.015829974785447,1.9120690412819386,7.608548970893025,15.536447986960411,21.471587009727955
725,131.614449412,41315,8409,1323,8222,52,2.4662259966135025,3.728589043021202,8.3424539770931,3.356772940605879,7.429844932630658,19.129071850329638,25.898050982505083
726,131.711898463,41296,8454,1324,8236,52,2.332004951313138,2.9120908584445715,10.004564886912704,2.063621999695897,6.990683963522315,19.058870850130916,24.89177812822163
727,131.809351015,41150,8308,1325,8247,50,2.363343955948949,1.949748955667019,7.0137870498001575,2.6999630499631166,7.626594975590706,17.34034507535398,22.20858703367412
728,131.906825108,41049,8129,1328,6879,61,2.4453068617731333,3.548732027411461,9.875633055344224,3.0336780473589897,6.3715658616274595,19.280876964330673,26.120417984202504
729,132.004296284,40920,8204,1328,7984,51,2.3507289588451385,2.746209967881441,10.078212944790721,2.060114871710539,6.487212143838406,18.625539960339665,24.284781888127327
730,132.101809419,40754,8958,1333,8128,51,2.4005318991839886,5.157091887667775,7.520315004512668,2.5071431882679462,9.46711772121489,19.494575913995504,27.65105292201042
731,132.199245012,40561,9308,1343,8330,49,2.3477240465581417,4.44626179523766,6.800859002396464,3.0608889646828175,9.817984886467457,19.67973285354674,27.027355041354895
733,132.39419224,40165,8201,1346,8394,49,2.5131639558821917,3.200259990990162,9.006456937640905,2.170031191781163,5.857662763446569,17.034150892868638,23.2910318300128
734,132.491667042,39973,8018,1346,8394,49,2.3458609357476234,1.64546980522573,9.162708884105086,2.2590879816561937,7.452649064362049,18.87444593012333,23.42494297772646
735,132.589139427,39758,8319,1347,7054,58,2.4009239859879017,2.9009501449763775,7.794479141011834,4.940565908327699,5.584432044997811,18.319477094337344,24.156542029231787
736,132.686613436,39264,8616,1351,8216,48,2.753554144874215,2.820979803800583,7.6261230278760195,2.16107489541173,7.907480001449585,17.694677924737334,23.84055103175342
737,132.78408728,39267,8432,1353,8314,49,2.376729156821966,2.956062788143754,6.383748026564717,2.8422700706869364,6.507168989628553,15.733187086880207,21.61313104443252
738,132.881561164,38856,8003,1353,8334,49,2.3963649291545153,4.573970101773739,7.564428029581904,3.135248087346554,8.053933968767524,18.753610085695982,26.268293848261237
739,132.979034882,38887,7748,1353,8335,49,2.3382760118693113,2.910938113927841,8.58452683314681,1.9223180133849382,5.6792390532791615,16.18608389981091,21.981680998578668
740,133.076509892,38921,7853,1354,8379,49,2.3205929901450872,4.1698741260915995,6.579664070159197,2.92866094969213,6.885988870635629,16.394313890486956,23.4040638897568
741,133.173983194,38894,8444,1355,7010,61,2.3548679891973734,1.6536249313503504,6.441395962610841,3.6237731110304594,6.523147923871875,16.588316997513175,21.16690599359572
742,133.27151062,38831,8632,1359,8259,49,2.4024569429457188,3.197123995050788,7.430857978761196,2.208804013207555,6.02509593591094,15.664757927879691,21.825298899784684
744,133.466404973,38906,8273,1361,8442,49,2.409048844128847,2.985958009958267,9.903786005452275,2.165683079510927,5.955115891993046,18.02458497695625,24.009227054193616
745,133.563878025,38973,8087,1362,8478,49,2.346581080928445,2.8857409488409758,7.322223857045174,2.1315389312803745,6.114785093814135,15.568547882139683,21.349157905206084
746,133.661351409,39357,8217,1363,8489,50,2.456237096339464,1.9088019616901875,6.0258181765675545,1.9795149564743042,7.3477728292346,15.353105962276459,20.267984131351113
747,133.758826877,39475,8350,1363,8490,50,2.338266000151634,2.728997962549329,6.106118205934763,3.4606570843607187,6.826516939327121,16.393292229622602,22.006497951224446
748,133.856300637,39420,8444,1367,7144,54,2.3683421313762665,3.346824087202549,7.557855919003487,3.540226025506854,6.211215164512396,17.309297109022737,23.574652848765254
749,133.953772022,39508,8407,1367,8263,50,2.3157638497650623,2.819826826453209,7.188613992184401,3.193367039784789,5.509621929377317,15.891602961346507,21.566333947703242
750,134.051247824,39379,8221,1367,8367,50,2.590348944067955,2.9933429323136806,9.009422967210412,2.160703996196389,6.035123951733112,17.205250915139914,23.367856163531542
751,134.148721,39447,8132,1367,8385,50,2.3319341707974672,3.555825911462307,6.791881984099746,2.2221989929676056,6.768409162759781,15.782490139827132,22.32755906879902
752,134.246194468,39562,8204,1371,8481,50,2.307248068973422,1.744213979691267,6.081341998651624,1.9649979658424854,7.935572182759643,15.981912147253752,20.61828994192183
754,134.441140738,39306,8730,1382,8742,49,2.3470730520784855,2.8687191661447287,7.717764936387539,2.140627009794116,6.098895100876689,15.957287047058344,21.74508897587657
755,134.538615372,39309,8583,1384,7326,58,2.27990816347301,3.959870897233486,7.006623083725572,4.545016912743449,6.028122967109084,17.579762963578105,24.4078419636935
756,134.636151049,39425,8234,1384,8440,50,2.3437258787453175,2.858168911188841,7.673452142626047,1.8732158932834864,5.708914017304778,15.255582053214312,20.97286400385201
757,134.733562059,39683,8158,1386,8563,48,2.3325858637690544,4.198397975414991,9.076057001948357,3.118637017905712,8.33619199693203,20.5308860167861,27.65158307738602
758,134.831037319,39871,8057,1386,8588,48,2.35217297449708,4.056262085214257,6.281877867877483,2.139543881639838,7.133080391213298,15.55450214073062,22.49787701293826
759,134.928512828,39891,8149,1388,8643,49,3.020393894985318,2.845875918865204,6.845192052423954,2.311557065695524,7.768307812511921,16.9250569306314,23.33250013180077
760,135.025984213,39876,8327,1389,8687,49,2.3917569778859615,3.925636876374483,6.605213042348623,2.9880329966545105,6.731257773935795,16.32450381293893,23.197327041998506
761,135.123458806,40177,8304,1389,7446,61,2.3808861151337624,3.857659874483943,5.843918072059751,3.8745321799069643,6.7592705599963665,16.47772081196308,23.283569142222404
762,135.220972316,40483,8311,1392,8493,49,2.3794430308043957,1.788086025044322,6.7401849664747715,3.7296609953045845,6.702384911477566,17.17223087325692,21.929023088887334
763,135.318405034,40473,8122,1393,8561,49,2.3221359588205814,2.772398991510272,11.092121014371514,2.089099958539009,6.164196180179715,19.34541715309024,24.97970312833786
764,135.415879794,40626,8135,1399,8706,51,2.325844019651413,2.9303350020200014,10.675500147044659,2.0556568633764982,6.594363134354353,19.32552014477551,25.105356937274337
765,135.513352804,40787,8328,1401,8758,51,2.5330008938908577,2.8313288930803537,7.402505027130246,2.849363023415208,6.980173988267779,17.232042038813233,23.143396014347672
767,135.70833899,40913,8242,1401,8760,51,2.357151824980974,4.714895039796829,6.194524001330137,3.2625868916511536,6.064760265871882,15.521871158853173,23.13109301030636
768,135.805774458,41024,7854,1402,7456,56,2.299303887411952,2.8636599890887737,6.962431129068136,4.250595811754465,5.517616868019104,16.730643808841705,22.427947027608752
769,135.903248468,41081,7638,1403,8452,52,2.3477638605982065,3.1882780604064465,8.150335168465972,2.0360101480036974,5.579172866418958,15.765518182888627,21.83817303739488
770,136.000722478,41100,7692,1403,8535,52,2.2976400796324015,3.577715950086713,5.969201913103461,1.9810579251497984,6.889454321935773,14.839714160189033,21.26189391128719
771,136.098195863,41177,7812,1404,8579,52,2.4012350477278233,3.106874879449606,6.059751845896244,4.90795518271625,5.992185091599822,16.959892120212317,23.077511927112937
772,136.195668872,41353,7968,1405,8594,53,2.3303020279854536,2.7765759732574224,8.836477994918823,2.2134929895401,5.510353948920965,16.56032493337989,22.190741961821914
773,136.293145174,41540,8017,1409,8725,53,2.35279300250113,2.797595923766494,9.563058847561479,2.08874000236392,5.493560107424855,17.145358957350254,22.840077988803387
774,136.390617642,41833,8037,1410,7546,60,2.3796940222382545,4.609046038240194,6.2512899748981,3.1421510502696037,9.555925847962499,18.949366873130202,26.840365026146173
775,136.488090318,42034,7904,1410,8522,54,2.3556191008538008,2.7462199795991182,10.338118998333812,2.054105047136545,5.709114950150251,18.10133899562061,23.76248501241207
776,136.585565328,42197,7947,1413,8655,54,2.4078870192170143,3.2929331064224243,8.17641313187778,3.568628802895546,6.293279118835926,18.038321053609252,24.298758013173938
777,136.683039755,42159,8033,1415,8712,55,2.3578330874443054,1.8684668466448784,6.3451360911130905,2.195458859205246,8.432593196630478,16.973188146948814,21.792847895994782
779,136.877987441,42521,8209,1420,8816,56,3.5440230276435614,3.12490900978446,7.002315949648619,2.0178258419036865,5.91893820092082,14.939079992473125,22.248470224440098
780,136.975459659,42580,8076,1421,8845,56,2.3919870145618916,2.7169750537723303,6.068727932870388,3.60788288526237,6.608228199183941,16.2848390173167,21.933180978521705
781,137.072933377,42944,7840,1422,7418,60,2.3755659349262714,2.7442758437246084,10.473191970959306,2.9191640205681324,6.391261937096715,19.783617928624153,25.66332183778286
782,137.17040647,43128,7882,1423,8556,57,2.3663390893489122,2.175952075049281,6.089677102863789,1.9461421761661768,8.816131856292486,16.85195113532245,21.95202582515776
783,137.267880855,43360,8052,1425,8660,57,2.339939121156931,2.863188972696662,9.10942885093391,2.055346965789795,5.571127170696855,16.73590298742056,22.49849890358746
784,137.365355323,43512,8107,1430,8811,57,2.3317039012908936,2.84976395778358,6.7098981235176325,2.1676369942724705,7.283161859959364,16.160696977749467,21.927749970927835
785,137.462829208,43626,8196,1433,8912,58,2.3912759497761726,2.7438458055257797,7.200836902484298,4.298695828765631,5.925961304455996,17.425494035705924,23.12574302777648
786,137.560301884,44081,8133,1434,8922,58,2.3748648818582296,3.0138709116727114,6.699068006128073,2.684233943000436,8.254379034042358,17.637680983170867,23.807910038158298
787,137.657776061,44366,8162,1434,7577,62,2.328367903828621,1.5729840379208326,7.256651995703578,4.271234851330519,5.364990094676614,16.89287694171071,21.335051162168384
788,137.755249321,44614,8092,1436,8652,59,2.4520300794392824,2.943570027127862,11.380941141396761,2.1204890217632055,5.722088739275932,19.2235189024359,25.198372080922127
790,137.95019884,44952,8182,1442,8881,58,2.479932038113475,2.7793210465461016,6.586919073015451,2.193074906244874,5.580835044384003,14.360829023644328,20.22148808464408
791,138.04767085,45030,8070,1444,8956,58,2.351371105760336,1.745015848428011,7.047670893371105,2.7948610950261354,5.9823570773005486,15.82488906569779,20.456016063690186
792,138.145145568,45353,8117,1445,8969,58,2.374354051426053,2.5744580198079348,6.1280501540750265,2.0978059619665146,8.833421859890223,17.059277975931764,22.620095871388912
793,138.242618661,45441,7724,1445,8969,58,2.3638438433408737,2.715011825785041,8.131007896736264,2.0169748459011316,5.563093116506934,15.71107585914433,21.33667399175465
794,138.340092463,45317,7587,1447,7677,63,2.440827898681164,2.6390491984784603,6.573944119736552,2.5349941570311785,6.126496708020568,15.235434984788299,20.825288025662303
795,138.437565764,45347,7610,1447,8755,59,2.4002520367503166,2.1587598603218794,7.242755964398384,2.0045919809490442,7.311234017834067,16.558581963181496,21.790303057059646
796,138.535040857,45662,7549,1448,8945,58,2.420048927888274,2.950552152469754,6.8469049874693155,2.3525829892605543,8.203514153137803,17.403002129867673,23.44316686503589
797,138.6325132,45864,7592,1449,8974,57,2.382609061896801,2.7170348912477493,7.1576968766748905,2.8760021086782217,9.446301031857729,19.48000001721084,25.16280603595078
798,138.729988627,45967,7637,1449,8980,57,2.379344077780843,4.014513920992613,6.122078979387879,3.314824076369405,7.027381798252463,16.464284854009748,23.57063489034772
799,138.827462053,46119,7408,1450,8987,58,2.423596102744341,3.095863852649927,7.429875899106264,2.916438039392233,5.950066959485412,16.29638089798391,22.37608004361391
800,138.924935313,45985,7531,1451,7748,62,2.3886901326477528,1.7155311070382595,7.824094034731388,2.7666690293699503,5.73789793998003,16.32866100408137,20.959327928721905
801,139.022417948,46042,7564,1451,8800,58,2.6001869700849056,3.066848963499069,6.569104036316276,3.5597828682512045,9.148393291980028,19.27728019654751,25.518140057101846
802,139.119883791,46031,7470,1451,8866,58,2.460554940626025,2.982382196933031,5.782643100246787,2.3676909040659666,6.284903036430478,14.435237040743232,20.430487813428044
803,139.217356676,45919,7315,1451,8914,58,2.3499978706240654,1.7163529992103577,6.281816866248846,2.2816499695181847,6.548797013238072,15.112263849005103,19.736810121685266
804,139.412345445,46108,7180,1452,8931,58,2.367050852626562,2.640120917931199,9.367682971060276,2.8627580031752586,5.598647985607386,17.82908895984292,23.392772069200873
805,139.509778872,46216,7128,1452,8932,58,2.368343062698841,4.508008016273379,5.86542789824307,4.555576015263796,6.54008099809289,16.961084911599755,24.378818226978183
807,139.704726183,46276,7215,1454,7706,61,2.378560835495591,2.667191904038191,10.267958045005798,2.9674640391021967,5.57815982028842,18.813581904396415,24.410367012023926
808,139.802212401,46290,7236,1456,8639,57,3.27824498526752,2.2229901514947414,8.95722396671772,2.75775115005672,6.684521678835154,18.399496795609593,24.472393095493317
809,139.899673286,46262,7190,1456,8782,58,2.392037073150277,3.4944601356983185,5.960765993222594,4.009976051747799,6.596184801310301,16.566926846280694,23.01633800379932
810,139.997146463,46276,7236,1456,8809,58,2.374804811552167,1.922887982800603,8.388519985601306,2.146937884390354,6.071755196899176,16.607213066890836,21.453842986375093
811,140.094620764,46483,7264,1456,8810,58,2.422122983261943,1.692446880042553,7.938769180327654,2.221186878159642,7.6164850033819675,17.776441061869264,22.44409709237516
812,140.192093441,46492,7333,1456,8810,58,2.4348869919776917,2.808466088026762,5.973630119115114,2.105601131916046,6.779859773814678,14.859091024845839,20.652384031563997
813,140.289568117,46586,7371,1457,7636,61,2.367320004850626,2.6417740155011415,8.311445824801922,2.899816958233714,5.576607305556536,16.78787008859217,22.35566219314933
814,140.484518387,47022,7492,1461,8680,56,2.3982180282473564,2.724007936194539,6.841274909675121,2.455084817484021,5.6063521187752485,14.902711845934391,21.628920920193195
815,140.581989105,47020,7493,1461,8808,56,2.379113109782338,1.6156639903783798,12.134861899539828,2.100341022014618,8.319349959492683,22.55455288104713,27.189408196136355
816,140.679464114,47112,7199,1462,8869,56,2.3916258942335844,2.5856001302599907,9.078261209651828,2.3757570888847113,6.156712770462036,17.610731068998575,23.115613963454962
817,140.776983083,47232,7215,1462,8876,56,2.3883599787950516,1.704801106825471,6.076914025470614,2.226406941190362,10.595730971544981,18.899051938205957,23.542101960629225
818,140.874452551,47206,6996,1463,8896,59,2.397086936980486,2.743565011769533,8.253387175500393,2.8443338815122843,5.747257033362985,16.844978090375662,22.53732201643288
819,140.971884436,47009,7092,1464,7746,61,2.405713079497218,1.8154578283429146,6.3483319245278835,2.5775840040296316,11.36276707984507,20.288683008402586,25.094617158174515
820,141.069357987,47111,7098,1464,8585,58,2.724600024521351,2.714260946959257,8.247105870395899,2.0195399411022663,6.042269291356206,16.30891510285437,22.33998291194439
821,141.16683183,47342,7027,1464,8712,59,2.3745140060782433,2.63620400801301,6.2420128379017115,2.7007150929421186,7.2541560512036085,16.19688398204744,21.810170961543918
822,141.361778766,47546,6865,1464,8730,58,2.3729109670966864,2.7547748759388924,7.646571844816208,1.949117984622717,5.954675143584609,15.550364973023534,21.2075631134212
823,141.459252901,47558,6758,1465,8737,57,2.392278052866459,3.6467749159783125,5.9404082130640745,3.2837260514497757,5.7995046954602,15.02363895997405,21.606318885460496
825,141.654257837,47442,6935,1467,8781,57,2.391465939581394,3.439387073740363,8.888194803148508,3.0518320854753256,7.50016700476408,19.440193893387914,25.825364980846643
826,141.751674847,47328,6904,1468,7586,65,2.4409880861639977,3.6576660349965096,5.994249135255814,3.478751052170992,14.42071981728077,23.893720004707575,30.597796896472573
827,141.849148024,47299,6722,1472,8590,60,2.4174649734050035,3.263758961111307,6.11289101652801,2.1070539951324463,6.999491015449166,15.219436027109623,21.44958614371717
828,141.946622075,47223,6715,1474,8688,59,2.4152109399437904,3.1769759953022003,6.247101817280054,2.070925896987319,5.813090363517404,14.131118077784777,20.28792118653655
829,142.044095543,47031,6626,1475,8702,59,2.3452588357031345,2.5943750515580177,7.768630050122738,3.303433069959283,5.620879819616675,16.692942939698696,22.19880884513259
830,142.239043646,46547,6811,1479,8784,59,2.4294171016663313,2.788329031318426,8.663054089993238,2.238929970189929,6.353270728141069,17.255254788324237,23.03851884789765
831,142.336519031,46531,6896,1479,8786,59,2.461927942931652,1.824995968490839,8.36025713942945,2.377900993451476,9.603112936019897,20.341271068900824,25.347471004351974
833,142.531466134,46398,6601,1479,7555,66,2.369884867221117,2.7861250564455986,5.628323880955577,2.5793169625103474,8.008901262655854,16.21654210612178,21.91875292919576
834,142.628938519,46241,6629,1479,8381,59,2.4518389254808426,2.6504010893404484,5.6120241060853004,3.4792821388691664,6.374159827828407,15.465466072782874,21.112815011292696
835,142.726450278,46155,6735,1481,8543,60,2.435477916151285,5.224949214607477,5.878953030332923,2.630883827805519,9.152310201898217,17.66214706003666,25.86038992740214
836,142.823886163,46074,6748,1483,8611,59,2.3830700665712357,2.603573026135564,9.87117481417954,2.468809951096773,8.323950227349997,20.66393499262631,26.231555035337806
837,142.92140309,46145,6812,1486,8706,57,2.417605137452483,2.9038749635219574,7.5986620504409075,1.978822983801365,6.250889040529728,15.828374074772,21.704993909224868
838,143.018873766,46159,6591,1486,8706,56,2.4493851233273745,2.939090831205249,7.249027024954557,2.0801739301532507,7.243216037750244,16.572416992858052,22.54322310909629
839,143.116308026,46232,6554,1487,7528,65,2.3905241396278143,6.137507036328316,7.533540017902851,2.856355858966708,7.0579699240624905,17.44786580093205,26.52112697251141
840,143.213785952,46264,6558,1489,8331,56,2.3956429213285446,2.6646871119737625,6.093204952776432,2.0037901122123003,6.9623400922864676,15.0593351572752,20.699582062661648
842,143.408761139,46414,6783,1495,8519,58,2.4269220884889364,3.0358219519257545,10.09536487981677,2.0850629080086946,6.7829841282218695,18.963411916047335,26.217840146273375
843,143.50620269,46471,6845,1497,8616,58,2.403748920187354,1.8116009887307882,7.098876871168613,1.9913471769541502,6.507748970761895,15.597973018884659,20.3817468136549
844,143.603676867,46472,6666,1498,8650,58,2.3997719399631023,3.2536790240556,6.951369810849428,2.454914851114154,10.120091494172812,19.526376156136394,25.816217996180058
845,143.701154043,46472,6580,1500,8723,57,2.5296551175415516,2.836919855326414,7.912358967587352,2.9344530776143074,5.923165008425713,16.769977053627372,22.761670872569084
846,143.798623595,46274,6643,1502,7810,61,2.3731018882244825,4.006188130006194,6.726620020344853,2.5814210530370474,8.524884935468435,17.832926008850336,24.806848959997296
847,143.896098146,46166,6828,1504,8481,55,2.4798610247671604,3.4043220803141594,5.974211962893605,1.9673630595207214,10.956924874335527,18.898499896749854,25.494937086477876
848,143.993571572,46053,6903,1508,8656,58,2.343405969440937,3.197152866050601,5.2242279052734375,2.4905409663915634,7.463459158316255,15.178228029981256,21.281450986862183
849,144.091044666,46141,6905,1510,8711,57,3.038346068933606,3.0414729844778776,6.488904124125838,3.273316891863942,6.073546828702092,15.835767844691873,22.477870108559728
850,144.285993685,46106,6575,1514,8814,56,2.3512011393904686,2.6674421969801188,6.487773032858968,4.98412805609405,5.719554843381047,17.191455932334065,22.755179088562727
851,144.383499528,45886,6603,1516,8868,57,2.4050308857113123,1.7901910468935966,5.910011008381844,2.4926450569182634,7.985837059095502,16.38849312439561,21.370117086917162
852,144.480942746,45760,6660,1517,7558,63,2.3644650354981422,2.619774080812931,11.350995162501931,2.613510936498642,8.17652395926416,22.141030058264732,27.71824784576893
853,144.578414423,45931,6708,1521,8481,58,2.815389074385166,2.149282954633236,6.986386142671108,3.249021014198661,7.7027559746056795,17.93816313147545,23.61315512098372
854,144.675886933,46153,6699,1524,8542,58,2.4127860087901354,1.7781681381165981,7.398827932775021,2.032663905993104,7.142799207940698,16.574291046708822,21.336595062166452
855,144.773365442,46388,6558,1527,8599,57,2.377470023930073,2.6993420906364918,6.872873054817319,2.0706059876829386,6.1770109459757805,15.120489988476038,20.79961891286075
856,144.870835911,46322,6518,1528,8634,58,2.4189280811697245,6.321580847725272,6.172893103212118,2.7556680142879486,7.134381914511323,16.06294303201139,25.357379112392664
857,144.968310212,46248,6654,1532,8751,57,2.385525032877922,4.745902959257364,5.335155175998807,3.433785866945982,6.331661017611623,15.100602060556412,22.75119093246758
858,145.163255732,46486,6718,1534,7702,61,2.651431830599904,2.825738862156868,7.958856178447604,3.930165898054838,5.764678819105029,17.65370089560747,23.681683000177145
859,145.260730575,46588,6489,1535,8420,56,2.4208510294556618,2.841006964445114,7.5861981604248285,2.1853200159966946,6.1981817707419395,15.969699947163463,21.78443199954927
861,145.455678553,46538,6404,1539,8604,56,2.3713980335742235,2.64887697994709,8.276831125840545,2.502402989193797,7.531966781243682,18.311200896278024,23.87133799493313
862,145.553152771,46453,6582,1542,8685,54,2.353955991566181,2.689603017643094,6.987066939473152,2.416362054646015,7.240833016112447,16.644262010231614,22.300598910078406
863,145.650625864,46661,6645,1545,8744,55,2.3904340341687202,3.969428827986121,5.180405918508768,2.0119152031838894,9.024479892104864,16.21680101379752,23.124038940295577
864,145.74813879,46764,6652,1547,8785,56,2.3633530363440514,1.6524521633982658,9.909386979416013,2.185750985518098,5.76978805474937,17.86492601968348,22.437855834141374
865,145.845573425,46701,6436,1549,7664,58,2.5579880457371473,2.8687899466603994,6.539981113746762,3.58151295222342,7.104255957528949,17.22575002349913,23.22213281877339
866,145.943047852,46803,6438,1549,8303,57,2.3891308810561895,2.7000941336154938,8.79765604622662,1.9889830145984888,5.902847042307258,16.689486103132367,22.32665685005486
867,146.040520986,46585,6525,1554,8503,57,2.33820709399879,3.388641867786646,6.0806008987128735,2.356480108574033,9.904396953061223,18.34147796034813,24.60504206828773
868,146.137994413,46535,6694,1557,8571,60,2.4105720221996307,3.658897941932082,5.4377480410039425,5.541972117498517,7.956220768392086,18.935940926894546,25.57501709088683
869,146.235512089,46487,6662,1560,8600,63,2.376437885686755,2.777338959276676,7.278040982782841,2.0376539323478937,6.977098062634468,16.292792977765203,21.982451900839806
871,146.430453067,46607,6260,1561,8628,63,2.512071980163455,3.049248130992055,9.031383087858558,2.14579701423645,5.9309909120202065,17.108171014115214,23.24895397759974
872,146.527889369,46679,6343,1563,7660,64,2.38396180793643,1.9355819094926119,5.97026408649981,3.2696991693228483,9.675188921391964,18.915152177214622,23.79492507316172
873,146.625364379,46426,6495,1563,8244,62,2.42880592122674,3.48319998010993,5.91115397401154,2.029258059337735,6.484295940026641,14.424707973375916,21.04144194163382
874,146.722836763,46592,6617,1569,8420,59,2.57926806807518,3.122543916106224,5.825864151120186,2.182203810662031,8.035619044676423,16.04368700645864,22.300609154626727
875,146.82031094,46650,6557,1572,8473,57,2.3723701015114784,2.790423110127449,8.210195926949382,3.181203966960311,6.273963255807757,17.66536314971745,23.538485867902637
876,146.917830408,46742,6442,1573,8486,57,2.3671709932386875,2.5210189633071423,5.237231962382793,1.9535659812390804,11.446333955973387,18.63713189959526,24.297646014019847
877,147.015258334,46610,6282,1574,8540,55,2.355508040636778,3.072800813242793,7.2139110416173935,1.9789931830018759,6.906907772645354,16.099811997264624,22.082199808210135
878,147.112734761,46562,6527,1579,7581,63,2.4170230608433485,3.9662530180066824,5.4577551782131195,3.253989852964878,7.1220300160348415,15.83377504721284,22.77651894837618
879,147.307723072,46452,6592,1580,8231,61,2.438875148072839,2.9272979591041803,7.8639681451022625,2.0867150742560625,6.112210918217897,16.062894137576222,21.984666818752885
880,147.405153207,46512,6504,1581,8334,60,2.359046135097742,2.6596079114824533,6.509613944217563,2.024129033088684,6.154949078336358,14.688692055642605,20.245772087946534
882,147.600101768,46444,6289,1582,8359,59,2.5714619550853968,2.6856770273298025,5.615169182419777,2.1048591006547213,8.967243833467364,16.687272116541862,22.4993999581784
883,147.697574195,46234,6496,1584,8402,59,2.415341092273593,2.2680950351059437,8.620143169537187,2.0547760650515556,7.410579593852162,18.085498828440905,23.32534594461322
884,147.795049788,46213,6584,1589,8485,56,2.3859660141170025,2.814427949488163,6.63110101595521,2.0109531469643116,5.824271822348237,14.466325985267758,20.19189205020666
885,147.892524923,46328,6586,1590,7720,59,2.4069950450211763,2.8697510715574026,7.705622119829059,3.294516121968627,6.1784025747329,17.178540816530585,23.041564971208572
886,147.989999307,46374,6534,1591,8139,55,2.4204200599342585,2.726202132180333,5.793933989480138,2.5027450174093246,7.880558958277106,16.17723796516657,21.880581974983215
887,148.087477817,46303,6534,1593,8253,55,2.4008029140532017,2.655689837411046,6.081933155655861,2.0694530103355646,7.6278457418084145,15.77923190779984,21.552969003096223
888,148.184944077,46153,6542,1595,8297,55,2.3788621183484793,3.15653788857162,5.188440904021263,4.459416959434748,6.864657159894705,16.512515023350716,22.604607045650482
889,148.282417253,45923,6657,1597,8327,55,2.4084870237857103,2.6936421636492014,5.429481854662299,5.701571004465222,5.759179126471281,16.890231985598803,22.53930503502488
890,148.379892513,45784,6789,1600,8370,56,2.3803149815648794,4.329594084993005,5.766391986981034,2.007066970691085,8.942417101934552,16.71587605960667,23.960896069183946
891,148.477402648,45732,6809,1604,7608,60,3.039820119738579,3.9125028997659683,7.235662080347538,2.74860393255949,7.263364968821406,17.247630981728435,24.756886065006256
892,148.574839074,45548,6476,1607,8143,54,2.3841119837015867,2.776295877993107,7.403656840324402,2.9523258563131094,7.0396652445197105,17.395647941157222,23.14174291677773
893,148.672313918,45463,6540,1607,8227,54,2.3563799913972616,1.704680034890771,8.065234869718552,1.9603399559855461,5.636288085952401,15.661862911656499,20.2548298984766
894,148.769786011,45125,6532,1608,8286,54,2.3653770331293344,2.6659900322556496,8.505058009177446,3.29466606490314,5.8203639928251505,17.620088066905737,23.220419883728027
895,148.867260729,45104,6566,1610,8341,51,2.8028760571032763,3.6139239091426134,6.109815090894699,2.9571549966931343,9.372561937198043,18.439532024785876,25.413383962586522
896,148.96473478,45167,6610,1616,8458,50,2.372320042923093,2.6572139468044043,5.654443055391312,2.0492549519985914,6.714075803756714,14.417773811146617,19.975657109171152
897,149.062208623,45346,6342,1616,7556,59,2.6049460284411907,2.7282859664410353,5.587627878412604,3.168029012158513,8.01318814046681,16.768845031037927,22.64038403518498
898,149.159681592,45199,6398,1616,8072,50,2.3649760987609625,1.8097769934684038,5.192908924072981,3.999575972557068,7.073829183354974,16.266314079985023,21.002267953008413
899,149.257194893,45107,6339,1619,8178,51,2.447941107675433,2.736070891842246,5.159416934475303,2.3718499578535557,8.402445120736957,15.933712013065815,21.69662807136774
900,149.354629028,44863,6364,1620,8223,52,2.382870065048337,3.520229132845998,5.225300090387464,2.1703620441257954,7.225853856652975,14.621515991166234,21.1402359418571
901,149.549576797,44592,6445,1623,8262,53,2.393759787082672,2.597952028736472,10.323291178792715,2.2464750800281763,6.68446091003716,19.25422716885805,24.843627121299505
902,149.647051932,44564,6627,1631,8375,54,2.412223955616355,1.9309441559016705,6.907649105414748,2.924032974988222,6.164145888760686,15.995827969163656,20.933089079335332
903,149.744567942,44524,6399,1634,7621,61,2.971361158415675,3.1387940980494022,6.948275025933981,2.8038781601935625,7.499564904719591,17.251718090847135,23.976343916729093
904,149.842049285,44579,6495,1635,8111,56,2.499738009646535,1.7088688910007477,6.236613029614091,2.1033671218901873,7.539970800280571,15.87995095178485,20.65991796553135
905,149.939471795,44394,6577,1637,8202,55,2.349577844142914,2.639169804751873,5.9777479618787766,2.0695331040769815,7.273413008078933,15.32069407403469,20.884748082607985
906,150.036945471,44431,6664,1640,8293,53,2.4522298481315374,2.7609679382294416,7.07917008548975,2.0741319749504328,6.290993886068463,15.444295946508646,21.22538606636226
907,150.134419148,44513,6824,1642,8345,53,2.4524000473320484,2.766417106613517,5.523887928575277,1.9450210966169834,9.327267063781619,16.79617608897388,22.88299798965454
908,150.231954241,44540,6869,1645,8410,53,2.419609110802412,2.6786630041897297,6.238485919311643,2.0856440532952547,9.029560023918748,17.353689996525645,23.012449964880943
909,150.329366417,44599,6744,1647,7699,59,2.4639610201120377,3.0419928953051567,5.614829016849399,2.663786057382822,7.0005920715630054,15.279207145795226,21.31380094215274
910,150.426840719,44379,6767,1649,8216,55,2.3809061385691166,2.607370028272271,5.314276088029146,2.665037987753749,8.007376920431852,15.986690996214747,21.52908407151699
911,150.621787905,43981,6830,1653,8328,54,2.534855157136917,3.8282948080450296,6.3592721708118916,2.147278981283307,6.825275020673871,15.33182617276907,22.250494919717312
912,150.719270415,44024,6935,1657,8446,54,2.4054718669503927,1.928088953718543,6.693508010357618,2.2042449563741684,7.378560025244951,16.276312991976738,21.163929952308536
914,150.914210393,43686,6622,1659,8475,54,2.3737328592687845,2.7586540672928095,5.992606049403548,2.144673839211464,7.75367091409862,15.890950802713633,21.62391087040305
915,151.011682528,43459,6658,1662,8530,54,2.34339595772326,2.6760990731418133,6.68499106541276,1.9951241556555033,6.22605299577117,14.906168216839433,20.515667973086238
916,151.109158246,43178,6722,1665,7899,65,2.452719956636429,2.886743051931262,5.729743978008628,2.5374090764671564,6.351817864924669,14.618970919400454,20.509005058556795
917,151.206631422,43022,6652,1667,8302,56,2.326775109395385,2.6612509973347187,5.264973966404796,2.7316329069435596,7.783868117257953,15.780474990606308,21.32280799560249
918,151.30410464,42827,6631,1668,8339,53,2.448461949825287,3.1779378186911345,5.2194190211594105,2.0021270029246807,8.561824914067984,15.783370938152075,21.99043706059456
919,151.40157965,42657,6618,1669,8385,53,2.348365029320121,3.4016359131783247,5.77734294347465,3.035420784726739,8.263136260211468,17.075899988412857,23.389114998281002
920,151.499052493,42515,6728,1671,8432,52,2.3771990090608597,1.6939810011535883,9.435058804228902,2.087085973471403,5.62885613180697,17.151000909507275,21.773621905595064
921,151.596526586,42298,6745,1672,8448,54,2.3503389675170183,2.6988910976797342,5.9560679364949465,3.05681093595922,5.702602211385965,14.715481083840132,20.339276874437928
922,151.694000388,42175,6719,1674,7758,66,2.364124869927764,2.7343679685145617,6.268922938033938,2.585049020126462,5.968400044366717,14.822372002527118,20.459763007238507
923,151.791472939,42118,6774,1674,8264,57,2.3493769112974405,1.709209056571126,6.742098834365606,2.771747997030616,5.941680166870356,15.455526998266578,20.098536973819137
925,151.986422167,42278,6536,1676,8346,57,2.356110140681267,2.6717009022831917,6.127248052507639,2.4936471600085497,5.5983178317546844,14.219213044270873,19.810608122497797
926,152.083895802,42290,6630,1678,8388,57,2.402836922556162,2.759684808552265,8.985797874629498,2.279035048559308,7.033023051917553,18.29785597510636,24.077452952042222
927,152.18136877,42108,6718,1680,8419,57,2.3708881344646215,2.733746077865362,8.276931010186672,2.560282126069069,5.715426756069064,16.552639892324805,22.215487901121378
928,152.278844197,42220,6869,1683,8467,55,2.341562882065773,2.7291381265968084,8.047621930018067,2.0057850051671267,5.694858031347394,15.748264966532588,21.34364703670144
929,152.376317873,42226,6777,1685,7836,64,2.529153134673834,4.32667788118124,6.020077038556337,2.6865580584853888,6.583942798897624,15.29057789593935,22.715946193784475
930,152.47379105,42301,6747,1687,8411,58,2.3372138384729624,2.708839951083064,6.798904854804277,2.484409837052226,5.480337422341108,14.763652114197612,20.33512992784381
931,152.571266393,42378,6851,1691,8475,58,2.3682829923927784,1.8680060748010874,7.744194008409977,2.1390230394899845,6.65313214994967,16.53634919784963,21.332926815375686
932,152.668738069,42248,6899,1692,8506,57,2.3038119543343782,2.6076307985931635,5.459739128127694,4.0653180330991745,8.321875939145684,17.846933100372553,23.3197461348027
933,152.766213496,42172,6875,1692,8506,57,2.3468818981200457,4.19663405045867,9.091596119105816,4.538173088803887,5.643542855978012,19.273312063887715,26.362230069935322
935,152.961160015,42380,6799,1692,8506,57,2.3440371733158827,5.106927827000618,5.435182014480233,1.9323260057717562,8.255762979388237,15.623270999640226,23.646807996556163
936,153.058633275,42400,6829,1698,8060,63,2.347924979403615,2.63569294475019,5.717129912227392,6.774879992008209,5.751495016738772,18.243504920974374,23.776881163939834
937,153.156105285,42549,6898,1702,8608,57,2.450457075610757,5.480397026985884,7.042089942842722,3.422094974666834,7.88162206299603,18.345806980505586,26.89738105982542
938,153.253580586,42329,7002,1706,8726,52,2.6037029456347227,2.350119175389409,9.438975946977735,1.956301974132657,5.874835187569261,17.270113108679652,22.786707850173116
939,153.351054221,42248,7016,1708,8757,54,2.440987853333354,5.000849952921271,6.969704991206527,3.5615349188447,6.524812197312713,17.05605210736394,25.03759996034205
940,153.448540856,42274,6974,1711,8793,54,2.337896032258868,2.855024067685008,5.2801629062741995,1.9420238677412271,6.531665334478021,13.753852108493447,19.65932408347726
941,153.546002157,42288,6946,1711,8795,54,2.3694748524576426,2.8915819711983204,5.819502053782344,2.762711141258478,7.13432184420526,15.716535039246082,21.527060074731708
942,153.643475417,42393,6940,1711,8067,65,2.430659020319581,3.8081579841673374,7.835685042664409,3.4001630265265703,5.863855825737119,17.099703894928098,23.92237400636077
943,153.740949844,42457,6960,1713,8717,55,2.4051719810813665,2.774462103843689,8.983603911474347,2.874169033020735,5.537403980270028,17.39517692476511,23.109733127057552
944,153.838422853,42375,6983,1714,8757,57,2.3343090433627367,2.6793049182742834,6.382224848493934,2.1955689880996943,6.303178146481514,14.880971983075142,20.560801960527897
946,154.033369956,42309,6905,1717,8804,57,2.3431151639670134,2.720802091062069,8.191280998289585,2.067490015178919,5.675461841747165,15.934232855215669,21.572334924712777
947,154.130844633,42206,7000,1719,8836,57,2.3374748416244984,1.6849830280989408,5.967097822576761,2.0178069826215506,6.418052362278104,14.402957167476416,18.990834010764956
948,154.228318184,42038,6986,1721,8853,57,2.3629628121852875,2.8955801390111446,7.286908105015755,2.531507983803749,6.927505834028125,16.74592192284763,22.68400602042675
949,154.325791736,41980,7015,1721,8220,65,2.423335099592805,2.792876912280917,8.184478152543306,2.505870070308447,6.856191903352737,17.54654012620449,23.308504140004516
950,154.423267037,41947,7072,1723,8847,57,2.3428150452673435,2.8781970031559467,5.506376037374139,1.974556129425764,7.157554849982262,14.638487016782165,20.60120808891952
951,154.52074038,42125,7158,1725,8943,57,2.341733081266284,2.6465128175914288,7.065163925290108,3.020143136382103,5.622180877253413,15.707487938925624,21.260862005874515
952,154.715728941,42077,7027,1726,8990,57,2.350870054215193,2.831961028277874,7.792294025421143,2.0847218111157417,5.534970201551914,15.411986038088799,21.144434111192822
953,154.813161035,42107,7070,1728,9037,57,2.393960952758789,1.740175997838378,7.920163916423917,2.013669116422534,7.187101058661938,17.12093409150839,21.846438059583306
955,155.008109137,42151,7032,1731,9086,57,2.428283914923668,2.866425085812807,5.166759947314858,1.9974280148744583,8.460926124826074,15.62511408701539,21.469272207468748
956,155.105581981,42185,7031,1733,8324,62,2.3612291552126408,2.642435021698475,6.979983998462558,2.7371530886739492,7.791051873937249,17.508188961073756,23.120192112401128
957,155.203055865,42156,6991,1733,9015,58,2.5452938862144947,2.5769839994609356,6.251158891245723,3.2480990048497915,6.296165054664016,15.79542295075953,21.484900964424014
958,155.30053025,42094,6827,1735,9074,59,2.373521914705634,3.447642084211111,6.83147506788373,2.1502338349819183,7.599665084853768,16.581373987719417,22.96224609017372
959,155.398003885,42124,6833,1737,9112,59,2.4799120146781206,3.1749329064041376,7.154990918934345,2.1879849955439568,9.868791094049811,19.211767008528113,25.53886896930635
960,155.495476978,42127,6861,1738,9112,60,2.5727851316332817,1.6959342174232006,5.1782820373773575,6.092292023822665,5.775548983365297,17.04612304456532,21.841849898919463
961,155.592952113,42352,6867,1739,9116,59,2.3362929932773113,4.3531369883567095,6.234799977391958,2.105511026456952,6.154518108814955,14.494829112663865,21.819768007844687
962,155.690425414,42573,6841,1739,8271,65,2.350047929212451,2.6929802261292934,6.304069189354777,2.7759859804064035,5.525270709767938,14.605325879529119,20.19842411391437
963,155.787899716,42814,6817,1740,9017,59,2.397567965090275,3.561927005648613,7.653914857655764,3.2940648961812258,5.828519351780415,16.776499105617404,23.33854092285037
965,155.98284711,43068,6738,1742,9121,60,2.7637321036309004,3.12338606454432,7.435204926878214,2.148170955479145,7.538760080933571,17.12213596329093,23.582205874845386
966,156.080319954,43235,6770,1744,9155,60,2.329248934984207,1.6978881321847439,6.997907068580389,1.8924421165138483,6.275314837694168,15.165664022788405,19.792312989011407
967,156.177793047,43453,6783,1745,9159,61,2.3639441933482885,2.9790448024868965,9.204847970977426,2.2960768546909094,8.13441420905292,19.635339034721255,25.632233126088977
968,156.275268556,43719,6717,1746,9170,61,2.387639135122299,2.9356349259614944,5.9839291498064995,2.42248410359025,6.022952729836106,14.429365983232856,20.30961192212999
969,156.372743025,43822,6639,1748,8373,72,3.1342259608209133,2.9175400268286467,6.423091050237417,4.415564006194472,5.532745970413089,16.37140102684498,22.965512005612254
970,156.470215076,43875,6535,1750,9121,63,2.384152030572295,3.3757879864424467,6.0049190651625395,3.6364849656820297,5.713605089113116,15.355009119957685,21.65658283047378
971,156.567689419,43961,6559,1750,9191,63,2.368201967328787,3.8585409056395292,5.914859939366579,1.9976089242845774,8.303259965032339,16.215728828683496,23.01765000447631
972,156.762683439,44210,6658,1751,9238,59,2.4035978130996227,3.413658821955323,6.284101167693734,4.015294834971428,8.45352211035788,18.752918113023043,25.12555615976453
973,156.860122407,44423,6733,1754,9277,59,2.3366729728877544,1.8477891571819782,6.706372136250138,2.1696509793400764,6.545630749315023,15.421653864905238,20.17267607152462
974,156.957623375,44575,6574,1754,9300,59,2.3740329779684544,2.6000160723924637,8.021883899345994,1.9097139593213797,5.658260080963373,15.589857939630747,21.169631043449044
975,157.055057468,44539,6616,1754,8292,70,2.3629728239029646,1.6453189309686422,10.265854187309742,3.4194900654256344,7.568604778498411,21.253949031233788,25.853337021544576
976,157.152532936,44362,6663,1757,9087,60,2.39682593382895,2.9342120978981256,6.352428812533617,2.0924359560012817,9.985489305108786,18.430354073643684,24.3557239882648
977,157.250050113,44321,6730,1758,9168,59,2.3388471454381943,2.7598259039223194,8.783319033682346,2.049204893410206,6.249367026612163,17.081890953704715,22.830540081486106
978,157.347480789,44284,6766,1761,9212,59,2.3810770362615585,2.706014085561037,9.132732870057225,2.028405899181962,7.952134124934673,19.11327289417386,24.760913103818893
979,157.444954507,44253,6648,1763,9234,61,2.4058930575847626,2.731181913986802,5.7689768727868795,4.367344081401825,6.647120928391814,16.78344188258052,22.479112958535552
980,157.542428559,44118,6536,1763,9237,61,2.348795998841524,3.926960052922368,7.764862850308418,1.9708890467882156,5.675222259014845,15.410974156111479,22.217873018234968
981,157.737374995,43587,6554,1766,8548,67,2.3692341055721045,3.022677032276988,6.563403876498342,2.6954750064760447,6.544860079884529,15.803738962858915,21.775485016405582
982,157.834849172,43529,6672,1766,9050,61,2.526679076254368,2.9582870192825794,6.756175076588988,2.8897880110889673,6.40269392170012,16.048657009378076,22.078472888097167
984,158.029796483,43580,6421,1767,9146,60,2.3529641330242157,2.6549999602138996,6.350375013425946,2.3063169792294502,6.009366828948259,14.666058821603656,20.242986967787147
985,158.127308243,43412,6429,1769,9194,59,2.3674911353737116,2.893395023420453,5.834290059283376,2.0704749040305614,8.117953082546592,16.02271804586053,21.85284998267889
986,158.224781461,43320,6468,1773,9242,60,2.386657055467367,2.8353158850222826,7.258896017447114,4.3292229529470205,6.013465113937855,17.60158408433199,23.409093031659722
987,158.322218387,42961,6444,1774,9279,60,2.3577320389449596,2.646333072334528,5.7507529854774475,2.06017610616982,7.8655320685356855,15.676461160182953,21.22798003256321
988,158.419690522,42593,6409,1775,8576,69,2.344537992030382,3.9649810642004013,7.115026004612446,3.9377999491989613,7.3711269069463015,18.42395286075771,25.369802955538034
989,158.517165323,42649,6369,1777,9105,61,2.476905006915331,2.8895679861307144,6.803503958508372,2.0065349526703358,5.67644415423274,14.486483065411448,20.412744022905827
990,158.614639958,42486,6163,1777,9146,61,2.603823086246848,3.2617850229144096,8.399080019444227,3.2976719085127115,5.856330972164869,17.553082900121808,23.972386959940195
991,158.71211301,42275,6133,1778,9163,60,2.320973901078105,2.739607123658061,5.8266050182282925,2.079281024634838,5.652809981256723,13.558696024119854,19.159909104928374
992,158.809587353,41901,6158,1781,9214,61,2.433143090456724,2.781695919111371,9.536337805911899,3.2889049034565687,5.821747239679098,18.646989949047565,24.404746014624834
993,158.907060821,41921,6204,1783,9248,60,2.616367070004344,4.377612844109535,6.505034863948822,2.2816008422523737,7.776965387165546,16.563601093366742,24.212947115302086
994,159.004533664,41921,5958,1785,8379,66,2.3379959166049957,2.6531158946454525,6.360934814438224,3.3089129719883204,5.484024062752724,15.153871849179268,20.708858966827393
995,159.102007299,42027,6004,1786,9061,62,2.3533839266747236,1.7479010857641697,6.823101080954075,2.364515094086528,6.075810641050339,15.263426816090941,19.90637695416808
996,159.199491934,42265,5953,1787,9123,60,2.8502249624580145,2.8584799729287624,5.435352912172675,3.5687200725078583,6.5399890299886465,15.54406201466918,21.808898076415062
997,159.29695561,42195,5918,1787,9134,60,2.328747883439064,2.6709388475865126,7.625351892784238,2.0709759555757046,5.917405243963003,15.613733092322946,21.185752004384995
998,159.394428953,42072,5769,1791,9202,58,2.371559152379632,2.7614280115813017,5.864667007699609,3.8971230387687683,6.831586826592684,16.59337687306106,22.301460150629282
999,159.686850941,42034,5467,1793,9226,57,2.340621082112193,3.617991926148534,7.801481056958437,1.9571830052882433,6.580495974048972,16.339160036295652,22.829398047178984
1000,159.784323701,41970,5555,1795,8553,65,2.3567110765725374,1.762819942086935,5.708273034542799,4.343959968537092,6.3544639851897955,16.406696988269687,21.116290939971805
1001,159.881799377,41783,5509,1796,9052,57,2.3434560280293226,2.6775419246405363,5.237361881881952,3.243881044909358,7.390252081677318,15.871495008468628,21.457228809595108
1002,159.97927272,41773,5555,1801,9201,59,2.301046159118414,1.6385470516979694,8.307699114084244,1.9868891686201096,6.330187665298581,16.624775948002934,21.106583066284657
1003,160.076745022,41926,5617,1802,9222,59,2.3942820262163877,2.786776050925255,5.235589109361172,2.203012816607952,7.459873100742698,14.898475026711822,20.64842591062188
1004,160.174220157,41933,5570,1802,9222,59,2.3662990424782038,3.9855199865996838,5.966267082840204,2.3133798968046904,8.021291811019182,16.300938790664077,23.29234406352043
1005,160.271694125,41901,5533,1805,9295,58,2.5655420031398535,2.700344892218709,5.795596865937114,2.012707060202956,10.042316047474742,17.850619973614812,23.669649846851826
1006,160.369165593,42260,5555,1806,8601,65,2.340650884434581,2.6921879034489393,5.605530925095081,2.902642823755741,5.862342193722725,14.370515942573547,20.017245085909963
1007,160.466641478,42777,5674,1810,9130,61,2.328959060832858,3.3720210194587708,5.810674978420138,2.0449671428650618,7.203152868896723,15.058794990181923,21.37840213254094
1008,160.564114112,43003,5895,1815,9223,64,2.3137200623750687,3.2586390152573586,6.688578985631466,2.5583780370652676,6.506436970084906,15.753393992781639,21.874912083148956
1009,160.759062757,43676,5682,1818,9263,66,2.3653670214116573,3.0205328948795795,5.214068805798888,2.0194591488689184,7.503625005483627,14.737152960151434,20.808435045182705
1010,160.856535517,44023,5766,1820,9299,68,2.3518819361925125,1.7634511459618807,6.264994852244854,3.1329430639743805,5.8567519299685955,15.25468984618783,19.90263001061976
1012,161.051483245,43292,5563,1822,9320,63,2.380145015195012,3.076016902923584,5.618765950202942,4.278217907994986,6.4993142150342464,16.396298073232174,22.389183985069394
1013,161.148957171,43144,5631,1825,8705,70,2.412275178357959,2.7017160318791866,6.776523077860475,2.58457800373435,6.377124926075339,15.738226007670164,21.39644604176283
1014,161.246430556,43018,5654,1829,9199,63,2.408909145742655,2.981229918077588,6.13175705075264,3.644350916147232,6.732890149578452,16.508998116478324,22.43820601142943
1015,161.343905566,42742,5568,1831,9303,62,2.4117438588291407,2.965630032122135,5.841783015057445,4.446452017873526,6.734383990988135,17.022619023919106,22.92128885164857
1016,161.441378326,42460,5567,1832,9322,62,2.3512099869549274,3.131871111690998,9.575121104717255,2.3867569398134947,7.896528812125325,19.858406856656075,25.888803880661726
1017,161.538852002,41847,5617,1833,9357,61,2.390023088082671,2.9369969852268696,7.54872802644968,4.618815146386623,5.989870755001903,18.157413927838206,24.01849301531911
1018,161.636327303,41264,5693,1833,9357,61,2.4232149589806795,1.7545330338180065,7.095070090144873,3.061719937250018,6.47725211456418,16.63404214195907,21.636235062032938
1019,161.733802063,40859,5769,1835,8624,73,2.3285280913114548,2.9727539513260126,5.325488047674298,2.6106960140168667,8.433943847194314,16.37012790888548,22.23454392515123
1020,161.83127474,40929,5892,1838,9169,65,3.185081062838435,4.644091939553618,5.361465038731694,2.4688211269676685,5.962547846138477,13.79283401183784,22.185151930898428
1022,162.026222718,40998,5997,1841,9257,65,2.3587250616401434,2.993443049490452,7.802292937412858,2.5884939823299646,7.626604987308383,18.017391907051206,24.064529919996858
1023,162.123762477,40771,6040,1841,9265,65,2.3646950721740723,1.6753650270402431,5.451723001897335,1.9201538525521755,8.809788152575493,16.181665007025003,20.758752012625337
1024,162.221170446,41209,6330,1841,9272,65,2.346392022445798,3.340953029692173,9.231107076629996,2.310024108737707,7.712954888120294,19.254086073487997,25.533288018777966
1025,162.318645497,41265,6505,1844,9329,65,2.50449706800282,5.427567986771464,5.3093768656253815,2.0557381212711334,6.75040390342474,14.115518890321255,22.60632999241352
1026,162.416116632,41116,6348,1847,8694,76,2.393379108980298,2.9980111867189407,8.226777892559767,3.402428003028035,6.325789261609316,17.954995157197118,23.93376501277089
1027,162.513600225,40914,6227,1848,9177,69,2.3417018819600344,4.918975988402963,5.102469120174646,1.990205142647028,8.838662644848228,15.931336907669902,23.761452175676823
1028,162.611064235,40548,6377,1851,9274,70,2.56628287024796,3.1023069750517607,9.755609091371298,2.3875690530985594,6.794024957343936,18.937203101813793,25.264926021918654
1029,162.70853887,40301,6573,1852,9298,71,2.3347099777311087,2.877356018871069,7.900856900960207,1.9823701586574316,5.947972880676389,15.831199940294027,21.581441862508655
1030,162.903485139,40436,6665,1853,9342,71,2.367500914260745,4.002351080998778,6.414043949916959,2.9659520369023085,10.053466074168682,19.43346206098795,26.406983146443963
1031,163.000959857,40858,6916,1856,9394,71,2.342293970286846,1.8138750456273556,10.456550866365433,2.0115149673074484,6.295361323282123,18.763427156955004,23.456771858036518
1032,163.098432825,41240,6863,1858,8760,77,2.361670136451721,3.036412876099348,5.953622981905937,3.791176015511155,7.0342139806598425,16.779012978076935,22.744229063391685
1033,163.19590696,41582,6981,1860,9243,72,2.4796610232442617,1.6707067843526602,5.804102867841721,5.3643700666725636,8.863169001415372,20.031641935929656,24.731827899813652
1034,163.293380345,41710,7120,1861,9302,74,2.35279300250113,2.806372009217739,7.301444886252284,1.9609699957072735,5.958923138678074,15.221338020637631,22.099921945482492
1035,163.390856646,42236,7350,1862,9349,72,2.3433261085301638,1.6659479588270187,6.8225699942559,2.0984169095754623,6.177392089739442,15.098378993570805,19.732079934328794
1036,163.48832924,42245,7291,1865,9372,74,2.4025270249694586,2.9496809002012014,6.430715788155794,2.026542089879513,6.1383291613310575,14.595587039366364,20.488156005740166
1037,163.585840624,42155,7154,1865,9376,74,2.3117470555007458,3.172206925228238,8.806702913716435,3.1491140834987164,7.798155071213841,19.753972068428993,25.813273154199123
1038,163.780749311,42226,7015,1866,8679,84,2.3787820246070623,3.1092287972569466,6.4574358984827995,3.536229021847248,7.616724120453,17.610389040783048,23.64807017147541
1039,163.878223654,42152,7088,1867,9266,74,2.365528140217066,2.8136158362030983,6.683568935841322,2.018688013777137,6.311604054644704,15.013861004263163,20.738804945722222
1041,164.073172007,41988,7004,1868,9345,73,2.3352408315986395,4.282083828002214,5.394126055762172,3.7184790708124638,6.009056000038981,15.121661126613617,22.316006012260914
1042,164.170645183,41988,6863,1868,9354,74,2.350197872146964,3.4073079004883766,6.584583781659603,2.190259052440524,9.087879210710526,17.862722044810653,24.167050840333104
1043,164.268158235,42087,6786,1870,9390,73,2.5992749724537134,3.003680845722556,6.246109958738089,2.0231360103935003,7.010983070358634,15.280229039490223,21.43615996465087
1044,164.365592494,42065,6822,1871,9397,72,2.3716080468147993,1.8345331773161888,5.685090087354183,1.972442027181387,6.113802781328559,13.771334895864129,18.52105394937098
1045,164.463066338,42006,6875,1872,8640,83,2.5334618985652924,3.3041241113096476,5.35657606087625,3.7064270582050085,8.312817895784974,17.375821014866233,23.77224201336503
1046,164.560540764,42333,6973,1875,9377,74,2.3324349895119667,2.6871589943766594,6.769169121980667,2.240061992779374,6.4186949748545885,15.42792608961463,21.004392066970468
1047,164.658015232,42955,6946,1876,9463,74,2.328949049115181,6.610593060031533,5.7416860945522785,1.9995630718767643,6.184794940054417,13.92604410648346,23.414143128320575
1048,164.755487909,43184,6851,1877,9486,72,2.354908036068082,3.031122963875532,5.109262885525823,2.0381249487400055,6.712973117828369,13.860360952094197,19.77303810417652
1049,164.852960835,43439,6759,1878,9519,71,2.364364918321371,2.639430109411478,5.237392149865627,2.3708369117230177,8.409949950873852,16.018179012462497,21.830098005011678
1051,165.047948896,44012,6881,1881,9566,71,2.355999080464244,3.395114094018936,5.474956938996911,2.1871139761060476,7.88236316293478,15.544434078037739,21.848791977390647
1052,165.145383406,44234,6925,1883,8792,80,2.4017151445150375,2.1481208968907595,8.218079805374146,2.5235838256776333,7.10778241045773,17.84944604150951,22.954510990530252
1053,165.242856916,44138,6679,1884,9434,74,2.41289590485394,4.091628128662705,5.1283580251038074,1.9773608073592186,8.824395015835762,15.930113848298788,23.249923950061202
1054,165.340330967,44223,6625,1885,9535,72,2.6159959379583597,2.789170015603304,5.202247062698007,2.0088290330022573,6.591767771169543,13.802843866869807,19.783066119998693
1055,165.437804144,44280,6527,1886,9554,68,2.375686075538397,1.6538349445909262,7.154159946367145,2.102784812450409,5.756123224273324,15.013067983090878,19.609582144767046
1056,165.535278404,44469,6486,1886,9557,68,2.411714056506753,2.965560182929039,6.893191020935774,1.8977820873260498,6.042538909241557,14.83351201750338,20.763712003827095
1057,165.632752288,44570,6530,1887,9567,70,2.383169950917363,2.9986118897795677,7.702667033299804,2.8391839005053043,6.78190216422081,17.323753098025918,23.2492929790169
1058,165.730225257,44745,6638,1887,8913,72,2.413056790828705,3.2013719901442528,5.690249847248197,2.604984911158681,6.956861354410648,15.252096112817526,21.658805897459388
1059,165.827738475,44776,6588,1889,9434,72,2.3776500020176172,2.7454278897494078,7.397124078124762,2.9864900279790163,5.8760978281497955,16.259711934253573,21.914395038038492
1060,165.925181693,44917,6600,1891,9507,70,2.418076153844595,1.8051078077405691,4.7878611367195845,2.005654154345393,11.845459695905447,18.638974986970425,23.503008065745234
1061,166.022647744,44934,6446,1893,9567,70,2.465674886479974,3.4745940938591957,6.1076609417796135,5.4779029451310635,8.825266966596246,20.410830853506923,26.967612793669105
1062,166.120120004,44998,6464,1893,9568,69,2.373612951487303,1.7758039757609367,8.08106386102736,2.7158840093761683,6.596125196665525,17.393073067069054,22.08968298509717
1063,166.217631222,44913,6576,1894,9603,69,2.3246710188686848,2.598112914711237,6.486490136012435,4.613935016095638,6.1247528064996,17.225177958607674,22.707429016008973
1064,166.315106357,44871,6673,1895,8897,75,2.3762178607285023,2.88271508179605,6.214149994775653,3.1518691685050726,6.087863817811012,15.453882981091738,21.272553829476237
1065,166.412541908,44952,6646,1897,9471,70,2.419658936560154,3.4522509668022394,6.938725942745805,5.857523065060377,6.93293591029942,19.729184918105602,26.35896299034357
1066,166.510017418,45035,6573,1899,9551,70,2.477486850693822,3.0868467874825,5.333562847226858,2.130157081410289,9.19378618709743,16.657506115734577,22.801705868914723
1067,166.802437698,44891,6578,1902,9599,70,2.4476710241287947,3.3588060177862644,7.022783858701587,2.4086779449135065,7.054263260215521,16.485725063830614,22.874432150274515
1068,166.899912207,44971,6600,1903,9613,71,2.4110230151563883,1.665246905758977,6.361175794154406,3.1620480585843325,6.621923064813018,16.145146917551756,20.77254792675376
1070,167.094859019,45331,6567,1906,9724,72,2.4098099675029516,2.8914520516991615,7.170540979132056,3.200539853423834,5.660243332386017,16.031324164941907,21.871695993468165
1071,167.19233207,45466,6573,1907,9117,79,3.1308988109230995,4.192876862362027,6.0422890819609165,4.01669810526073,8.526217890903354,18.585205078125,26.487865019589663
1072,167.289806413,45492,6565,1911,9635,72,2.381326863542199,3.3150638919323683,8.844944881275296,1.9646671134978533,6.566057913005352,17.3756699077785,23.591272998601198
1073,167.387281006,45551,6577,1911,9670,72,2.448172075673938,1.6984688118100166,6.272959988564253,2.0139990374445915,6.907277973368764,15.194236999377608,19.902959931641817
1074,167.484754266,45746,6508,1912,9730,71,2.4090190418064594,3.3690249547362328,5.787301110103726,2.000745153054595,8.67168977856636,16.459736041724682,22.804840933531523
1075,167.582229109,46049,6418,1913,9751,72,2.4313200265169144,2.7414909563958645,7.684502052143216,2.501402050256729,6.261208793148398,16.447112895548344,22.233953000977635
1076,167.679702827,46231,6383,1913,9753,72,2.371508162468672,3.900419920682907,7.655519060790539,3.4443759359419346,6.502720061689615,17.60261505842209,24.40150990150869
1077,167.874650139,46860,6344,1913,9045,78,2.400723984465003,2.7583730407059193,9.75859398022294,3.229013876989484,7.968733087182045,20.95634094439447,26.726430980488658
1078,167.972123898,46976,6351,1914,9568,73,2.3689039517194033,1.8349450547248125,5.8876401744782925,2.019460080191493,8.334767771884799,16.241868026554585,20.991127006709576
1079,168.069597783,46917,6215,1915,9665,72,2.3417528718709946,2.695915987715125,7.3678698390722275,2.6085730642080307,7.671988103538752,17.64843100681901,23.27978005632758
1080,168.167070001,47032,6222,1916,9719,71,2.417053794488311,1.593463122844696,5.917344940826297,5.341596901416779,6.672559073194861,17.931500915437937,22.632569074630737
1081,168.264545303,47231,6187,1916,9720,69,2.4350068997591734,2.705513034015894,7.441837806254625,2.1817940287292004,5.764909321442246,15.388541156426072,21.093688905239105
1082,168.362018271,47377,6191,1917,9724,70,2.410121029242873,1.6117768827825785,6.928977789357305,1.979504944756627,6.623757304623723,15.532240038737655,20.079651148989797
1083,168.459492322,47685,6174,1917,8885,73,2.386867068707943,2.6818690821528435,6.216824986040592,3.8661558646708727,7.735859137028456,17.81883998773992,23.525550961494446
1084,168.556975916,47875,6161,1917,9547,71,2.450366038829088,2.6793750002980232,9.640131844207644,2.1832960192114115,7.158939028158784,18.98236689157784,24.689899059012532
1085,168.654439634,47977,6105,1918,9594,70,2.370406175032258,2.701275981962681,9.390936000272632,2.728336025029421,5.598168121650815,17.717440146952868,23.31778104417026
1086,168.849388612,47827,6024,1919,9616,70,2.4192880373448133,2.6744860224425793,8.207861799746752,2.607248956337571,8.484259247779846,19.29937000386417,24.958623107522726
1087,168.946860621,47905,5981,1920,9651,70,2.394591923803091,2.6683739852160215,6.525813136249781,1.999502070248127,6.506117759272456,15.031432965770364,20.626305136829615
1089,169.141809183,48031,5895,1920,9657,70,2.407226013019681,2.6912169996649027,6.978600984439254,2.1405359730124474,6.378748919814825,15.497885877266526,21.261502988636494
1090,169.239283276,47993,5897,1921,9006,73,2.384623046964407,1.721902983263135,7.565921172499657,3.0813871417194605,5.835170624777675,16.482478938996792,21.15127700380981
1091,169.336804994,47947,5833,1921,9538,70,2.3465920239686966,2.8425201307982206,8.869440061971545,3.480563871562481,7.262322120368481,19.612326053902507,25.32639098353684
1092,169.434229504,48035,5746,1921,9596,70,2.4409990292042494,2.788549056276679,8.767528925091028,2.941194921731949,6.409937050193548,18.118660897016525,23.9260399248451
1093,169.531703805,48098,5755,1923,9645,70,2.4192179553210735,1.6401999164372683,5.760591011494398,3.2645598985254765,5.682486109435558,14.707637019455433,19.307445967569947
1094,169.629177357,48100,5691,1923,9651,70,2.384783932939172,2.724098041653633,5.6246069725602865,1.9808069337159395,7.695523090660572,15.300936996936798,21.08512306585908
1095,169.824125668,48175,5689,1923,9658,69,2.384522929787636,2.7503168676048517,8.76536499708891,2.774493070319295,5.903568817302585,17.44342688471079,23.14436691813171
1096,169.921600011,48218,5697,1923,8971,72,2.430899068713188,1.8151570111513138,6.343042012304068,4.127395106479526,5.762874847277999,16.233311966061592,21.042923908680677
1097,170.019071646,48327,5720,1925,9549,71,2.348095178604126,1.698278822004795,6.981406826525927,2.1596220321953297,5.999238230288029,15.140267089009285,19.89618712104857
1098,170.116549114,48356,5732,1925,9601,71,2.4131659884005785,1.7398458439856768,7.021792000159621,2.2287319879978895,6.47136103361845,15.721885021775961,20.665457006543875
1099,170.21406329,48424,5667,1926,9670,71,2.3346201051026583,2.924392931163311,9.013088885694742,2.263495931401849,5.621722200885415,16.898307017982006,22.694475017488003
1100,170.311493633,48466,5701,1927,9674,71,3.291559871286154,2.399591961875558,8.667561924085021,3.236378077417612,6.478894967585802,18.382834969088435,24.644094053655863
1101,170.40896831,48479,5628,1928,9716,70,3.612461034208536,3.6261961795389652,8.061127969995141,3.2711720559746027,8.17911815829575,19.511418184265494,27.34594000503421
1102,170.506442195,48426,5636,1928,9091,72,2.4249691050499678,1.7680989112704992,6.713415030390024,2.7893800288438797,6.495367037132382,15.998162096366286,21.01337886415422
1103,170.603956621,48168,5559,1929,9621,71,2.399421064183116,3.7817880511283875,7.839692989364266,3.3034130465239286,5.853293929249048,16.996399965137243,23.74739502556622
1104,170.798864557,47554,5496,1930,9661,71,2.472186926752329,3.8310810923576355,9.722115937620401,2.5144959799945354,5.959864240139723,18.19647615775466,25.10006702505052
1105,170.896337109,47487,5508,1931,9677,71,2.416222123429179,3.1232349574565887,5.649303086102009,2.052792115136981,5.718272877857089,13.420368079096079,19.695522030815482
1106,170.993811994,47636,5567,1932,9698,72,2.8934350702911615,2.452700864523649,6.24598003923893,2.269919030368328,8.105538785457611,16.62143785506487,22.549893939867616
1107,171.091286587,47669,5437,1933,9706,72,2.4180959444493055,2.637085970491171,6.343513028696179,4.125572042539716,5.640564952045679,16.109650023281574,21.763281896710396
1108,171.188758222,47561,5436,1934,9073,75,2.4128258228302,1.8094670958817005,7.385842967778444,3.458924125880003,6.383125903084874,17.22789299674332,22.032886976376176
1109,171.286239273,47532,5371,1935,9583,74,2.3757859598845243,2.7082490269094706,7.335269125178456,2.0559479016810656,6.480288924649358,15.87150595150888,21.480662981048226
1110,171.3837082,47546,5311,1935,9613,74,2.4107410572469234,2.9601899441331625,6.1152849812060595,1.8395029474049807,5.835802061483264,13.790589990094304,19.69062304124236
1111,171.481179793,47722,5338,1936,9650,76,2.4124248884618282,2.12750188075006,5.802850937470794,1.9993220921605825,6.560126785188913,14.36229981482029,19.451705971732736
1112,171.578654094,47732,5276,1936,9650,76,2.3889709264039993,2.879470121115446,7.3272238951176405,2.151536988094449,6.708105094730854,16.186865977942944,22.01305003836751
1113,171.871076582,47920,5116,1936,9658,77,2.65788403339684,3.2765630166977644,6.777544971555471,2.018447034060955,5.977417808026075,14.773409813642502,21.247978089377284
1114,171.968549175,47824,5050,1936,8862,76,2.4762339890003204,2.7415610384196043,6.585695082321763,2.5458140298724174,8.319281972944736,17.450791085138917,23.45941704697907
1116,172.163498111,47931,4942,1936,9421,75,2.445015823468566,2.814027015119791,6.326921982690692,2.0424118265509605,7.541875122115016,15.911208931356668,21.746901096776128
1117,172.260970329,47854,4873,1936,9532,75,2.3768991231918335,2.8955088928341866,5.910643143579364,3.2471478916704655,6.443548947572708,15.601339982822537,21.42393682152033
1118,172.358444881,47867,4883,1937,9540,76,2.5543009396642447,1.817051088437438,6.283259950578213,4.197214962914586,6.232095183804631,16.71257009729743,21.64963912218809
1119,172.455920391,48020,4817,1938,9551,77,2.4580711033195257,2.6831619907170534,5.633173976093531,2.8981941286474466,8.486733073368669,17.018101178109646,22.761881118640304
1120,172.553399484,48111,4681,1939,9591,77,2.6635651011019945,3.0184302013367414,5.836011841893196,1.9891529809683561,7.573314243927598,15.39847906678915,21.64534106850624
1121,172.650903077,48175,4692,1939,8882,80,2.4523399770259857,1.6888510435819626,8.933810982853174,2.688993001356721,5.754710175096989,17.377514159306884,22.08427293226123
1122,172.748338462,48146,4631,1939,9414,75,2.402476966381073,2.6081919204443693,6.72548683360219,2.049775794148445,6.894334219396114,15.66959684714675,21.23838011175394
1123,172.845813388,48087,4570,1939,9466,73,2.3830700665712357,2.726593054831028,8.163589052855968,3.101414069533348,6.639556959271431,17.904560081660748,23.74864788725972
1124,172.943286731,48117,4512,1940,9499,74,2.367320004850626,3.763253102079034,6.076032062992454,2.1556138526648283,5.7620040606707335,13.993649976328015,20.672992104664445
1125,173.040780783,48020,4523,1942,9519,75,2.359776059165597,1.6713980585336685,5.823540035635233,1.915845787152648,9.622198063880205,17.361583886668086,21.932177944108844
1126,173.138248543,47986,4466,1942,9523,75,2.4212009739130735,2.6847540866583586,5.086068995296955,2.2417560685425997,7.782665779814124,15.110490843653679,20.80071112141013
1127,173.235708052,47906,4489,1943,9022,77,2.405592007562518,1.9663001876324415,6.216493900865316,2.667763037607074,6.12251996062696,15.00677689909935,19.9410121422261
1128,173.333181979,48080,4419,1945,9452,76,2.390915062278509,4.546108888462186,5.561848869547248,3.2059999648481607,5.73311117477715,14.500960009172559,21.98873390443623
1129,173.430655739,48089,4355,1945,9508,76,2.377158962190151,2.7451980859041214,5.19041414372623,1.8096971325576305,5.613015731796622,12.613127008080482,18.280643969774246
1130,173.52812879,48231,4301,1945,9533,76,2.3421640507876873,3.2811108976602554,5.757926031947136,1.972392201423645,7.150481687858701,14.880799921229482,21.066537825390697
1131,173.625603633,48354,4246,1946,9537,76,2.4187068920582533,2.678452990949154,6.257000146433711,3.762412117794156,6.1340597458183765,16.153472010046244,21.791734965518117
1132,173.918025288,48359,4068,1947,9542,76,2.4010129272937775,3.038235940039158,7.373439846560359,2.821501111611724,5.4933310020715,15.688271960243583,21.686337888240814
1133,174.015499672,48415,4083,1947,8890,81,2.3775198496878147,1.63734401576221,5.710717989131808,2.5530678685754538,6.968112196773291,15.231898054480553,19.954225979745388
1135,174.21044565,48466,3961,1948,9266,77,2.3819678463041782,3.3519628923386335,6.481810938566923,2.7284768875688314,5.991213023662567,15.201500849798322,21.484179887920618
1136,174.30792066,48414,3900,1949,9402,76,2.3646859917789698,2.7636021841317415,5.793752847239375,3.932288847863674,5.493553355336189,15.219595050439239,20.889998180791736
1137,174.405394545,48453,3838,1950,9426,75,2.399981953203678,2.796343993395567,7.417321903631091,3.2171611674129963,5.862171994522214,16.4966550655663,22.253358969464898
1138,174.502868596,48503,3774,1951,9460,75,2.4491839576512575,4.002301022410393,4.9128050450235605,1.9983099773526192,6.338312989100814,13.249428011476994,20.2215570025146
1139,174.600342189,48499,3790,1951,9464,75,2.5451539549976587,1.731290016323328,4.540228052064776,3.3745861146599054,5.885394988581538,13.80020915530622,18.617995781823993
1140,174.697815658,48427,3726,1951,8959,76,2.3829799611121416,2.7757948264479637,5.11827995069325,2.5772929657250643,9.56209609284997,17.257669009268284,22.993404883891344
1141,174.795330917,48421,3659,1952,9258,74,2.5172410532832146,2.8283330611884594,5.9727991465479136,1.980937086045742,6.524590775370598,14.478327007964253,20.35558712668717
1142,174.892763635,48321,3586,1952,9287,74,2.424136968329549,3.327768063172698,4.45716199465096,1.8648200202733278,5.2928070072084665,11.614789022132754,17.886545974761248
1143,174.990255104,48288,3599,1952,9298,74,2.4110230151563883,1.8132638651877642,5.560036050155759,4.489643033593893,8.851064834743738,18.90074391849339,23.68718315847218
1145,175.185185332,48289,3461,1953,9312,73,3.3459120895713568,2.7188779786229134,4.604237154126167,3.0655479058623314,7.583892904222012,15.25367796421051,22.076718974858522
1146,175.282659341,48228,3382,1953,9317,73,2.414439106360078,2.636594930663705,4.322931170463562,2.4392050690948963,6.175386719405651,12.93752295896411,18.630949081853032
1147,175.380133059,48188,3312,1953,8972,77,2.43395590223372,3.4750038757920265,4.580341977998614,2.719108946621418,8.532991167157888,15.83244209177792,22.43531891144812
1148,175.477606736,48151,3320,1953,9122,76,2.371528185904026,1.6319048590958118,9.096675086766481,1.918260008096695,5.5168860126286745,16.53182110749185,21.07472298666835
1149,175.575079954,48237,3287,1953,9171,77,2.412644913420081,3.8034189492464066,4.2848901357501745,2.065336098894477,6.52566272765398,12.875888962298632,19.659975077956915
1150,175.67255338,48162,3223,1953,9181,76,2.383240032941103,4.414502065628767,5.305299069732428,2.0700141321867704,8.703850908204913,16.07916411012411,23.441683035343885
1151,175.770027307,48173,3142,1953,9192,75,2.392868045717478,2.6798259932547808,5.172922043129802,1.9174490589648485,5.77327492646873,12.86364602856338,18.485616892576218
1152,175.86750165,48033,3152,1954,9197,75,2.3769880644977093,1.7062029801309109,5.839840043336153,2.0279348827898502,5.732208024710417,13.59998295083642,18.218246987089515
1153,175.965023702,47984,3083,1955,8807,80,2.4349570740014315,3.4926659427583218,3.7679020315408707,2.598423045128584,6.6414999309927225,13.007825007662177,19.474437925964594
1155,176.159922471,47929,2856,1956,8946,78,2.369866007938981,2.7717379853129387,4.307230934500694,2.6524749118834734,5.8604280930012465,12.820133939385414,18.49583606235683
1156,176.257396648,47875,2873,1956,8987,76,2.358984900638461,1.606377074494958,7.232495816424489,4.578619031235576,6.771104177460074,18.58221902512014,23.10848981142044
1157,176.354870491,47806,2792,1956,9005,77,2.3830400314182043,2.6482269167900085,4.860396962612867,1.8960288725793362,5.94768114387989,12.704106979072094,18.431246047839522
1158,176.452344292,47884,2802,1956,9014,76,2.412494970485568,2.2840050514787436,4.537752829492092,1.9430569373071194,8.118484169244766,14.599293936043978,19.88259213976562
1159,176.549818635,47864,2713,1956,9014,78,2.4278140626847744,2.725921105593443,3.701968817040324,1.8616851884871721,8.292808895930648,13.856462901458144,19.759342074394226
1160,176.647293437,47954,2644,1956,8674,80,2.3933600168675184,2.6068990118801594,3.8577800150960684,4.629864823073149,5.452585173770785,13.940230011940002,19.49850399978459
1161,176.744765988,47876,2567,1957,8813,78,2.4286650586873293,2.7828780002892017,4.521602997556329,7.779228966683149,9.83483693562448,22.13566889986396,27.907481882721186
1162,176.842239373,47802,2591,1957,8864,77,2.411623951047659,2.102013910189271,5.57909207418561,2.7191198896616697,11.156168999150395,19.454380962997675,24.64746101759374
1163,176.939712133,47741,2438,1957,8869,75,2.423445926979184,2.70359986461699,4.133255919441581,3.8245280738919973,9.883898077532649,17.841682070866227,23.504831129685044
1164,177.037187101,47689,2454,1957,8884,75,2.4727177806198597,1.8191749695688486,3.8281050510704517,2.8313088696449995,7.687246194109321,14.346660114824772,19.36793909408152
1166,177.232135037,47644,2258,1958,8912,73,2.365256892517209,4.105102038010955,3.495762823149562,1.9498500041663647,5.276875104755163,10.72248793207109,17.73782796226442
1167,177.32960913,47702,2284,1959,8645,72,2.3518919479101896,2.9598099645227194,4.3655699118971825,2.809758996590972,6.514282198622823,13.689611107110977,19.62465886026621
1168,177.427082098,47625,2235,1960,8673,73,2.3831401485949755,2.650720998644829,2.9053669422864914,1.9338598940521479,8.134976029396057,12.974202865734696,18.59383098781109
1169,177.524556233,47615,2250,1960,8686,73,2.544101094827056,1.7144889570772648,3.459085011854768,5.727790063247085,5.838726880028844,15.025601955130696,19.850361859425902
1170,177.622029368,47507,2194,1960,8696,75,2.3583839647471905,3.479663049802184,4.535488085821271,2.6541368570178747,7.730520097538829,14.920145040377975,21.297840867191553
1171,177.719504128,47467,2139,1960,8696,75,2.4895789101719856,2.8663440607488155,3.5209699999541044,2.7837499510496855,7.028874941170216,13.333594892174006,19.25302413292229
1172,177.816977096,47481,2095,1960,8703,74,2.3704261984676123,2.628318965435028,2.8673969209194183,1.8331410828977823,11.31626800633967,16.01680601015687,21.585709881037474
1173,177.914450897,47470,2039,1961,8545,74,2.4083168245851994,2.747412072494626,3.5366190131753683,5.111596081405878,8.540716022253036,17.188931116834283,22.89768517948687
1174,178.011924907,47403,2057,1961,8555,73,2.4462989531457424,1.6744728200137615,2.8803308960050344,1.8001589924097061,6.394828204065561,11.075318092480302,15.715232817456126
1176,178.20687351,47290,1954,1961,8556,73,2.4610059335827827,3.1431729439646006,5.159796914085746,2.103497041389346,5.411718040704727,12.675011996179819,18.840090837329626
1177,178.304346687,47235,1923,1961,8561,73,2.4209709372371435,2.9602800495922565,3.976542968302965,2.507733879610896,7.741287350654602,14.225564198568463,20.17977903597057
1178,178.40182003,47164,1906,1963,8566,74,2.3845131509006023,2.643737941980362,5.25079807266593,2.7797729708254337,5.65916090272367,13.689731946215034,19.275846891105175
1179,178.499294081,47091,1919,1963,8570,74,3.104669973254204,2.076095901429653,7.031779969111085,2.2150350268930197,6.736760027706623,15.983575023710728,21.7478119302541
1180,178.596767883,46992,1903,1965,8490,73,2.4105410557240248,2.719049109145999,2.889749128371477,3.988766111433506,7.531584706157446,14.410099945962429,20.142478169873357
1181,178.694241184,46918,1884,1965,8496,73,2.390403999015689,2.750188112258911,4.7711089719086885,3.909267019480467,5.837635137140751,14.518011128529906,20.222308114171028
1182,178.791715402,46866,1898,1965,8501,72,2.411282854154706,3.1897800508886576,2.9439388308674097,2.101762918755412,10.567379416897893,15.613081166520715,21.774772787466645
1183,178.889189662,46840,1880,1965,8502,72,2.4144789204001427,3.177778096869588,3.877266077324748,1.8457649275660515,5.349101964384317,11.072132969275117,17.214136896654963
1184,178.986708297,46685,1921,1966,8503,73,2.5392419192939997,1.6525520477443933,3.4722290001809597,1.9002670887857676,6.075399927794933,11.44789601676166,16.271965112537146
1186,179.18161165,46598,1946,1968,8506,73,2.924734028056264,3.6951161455363035,3.77225992269814,2.5778450071811676,5.620178999379277,11.970283929258585,19.14160489104688
1187,179.279083743,46490,1923,1969,8453,73,2.348746173083782,2.7580619789659977,3.428286174312234,2.522912109270692,7.388948695734143,13.340146979317069,19.02434602379799
1188,179.376559128,46408,1933,1969,8457,73,2.3753750137984753,1.679392997175455,3.536229021847248,1.79237499833107,6.500646006315947,11.829250026494265,16.405365196987987
1189,179.474033221,46333,1936,1969,8464,72,2.5453739799559116,2.926367102190852,4.085536114871502,2.122152131050825,5.623514764010906,11.831203009933233,17.86914304830134
1190,179.571505439,46282,1952,1969,8470,73,2.399832010269165,3.2162100542336702,3.663556883111596,4.128376021981239,5.43821812607348,13.230151031166315,19.38903913833201
1191,179.669033199,46133,1942,1970,8470,73,2.3750450927764177,2.6839328929781914,3.7767491303384304,5.5462399031966925,6.219799863174558,15.54278889670968,21.133592817932367
1192,179.766454167,46138,1988,1972,8477,75,2.3751151748001575,1.6210738103836775,5.394455976784229,2.0058839581906796,6.504685152322054,13.905025087296963,18.469997914507985
1193,179.86392851,46013,1994,1973,8428,76,2.3749738465994596,2.768430858850479,3.5984651185572147,4.1456990875303745,7.450023898854852,15.194188104942441,20.91275993734598
1194,179.961400895,45900,1996,1973,8436,76,2.444234909489751,1.695843879133463,3.5152991767972708,4.461991135030985,6.50636781938374,14.483658131211996,19.207818899303675
1195,180.05887653,45712,1966,1973,8437,77,2.3738329764455557,2.790722995996475,4.10067499615252,2.18310602940619,5.423940951004624,11.707721976563334,17.406276892870665
1196,180.156348956,45661,1980,1973,8437,77,2.397658070549369,1.6458909958600998,3.8445149548351765,3.494208911433816,7.151725934818387,14.49044980108738,19.087774911895394
1197,180.253821757,45529,2001,1974,8442,77,2.3328461684286594,2.6475349441170692,2.86075402982533,4.470207029953599,6.49897288531065,13.829933945089579,19.41517787054181
1198,180.351344142,45341,2047,1974,8442,77,2.40213586948812,2.7148821391165257,3.7398601416498423,2.1683990489691496,8.657361846417189,14.56562103703618,20.38981090299785
1199,180.448770152,45207,2076,1974,8407,75,2.3524928838014603,2.776806941255927,5.413912935182452,2.6544779539108276,5.5230772122740746,13.591468101367354,19.245408941060305
1200,180.546245078,45099,2080,1974,8414,75,2.6582751888781786,1.8448331393301487,3.7251419853419065,1.9249729812145233,7.452798075973988,13.102913042530417,18.462334061041474
1201,180.643766838,45097,2066,1975,8418,76,2.4036788381636143,3.623130964115262,3.7650070153176785,2.240212867036462,8.823392912745476,14.828612795099616,21.427573869004846
1202,180.741192015,45042,2091,1976,8426,77,2.356790006160736,1.7243069596588612,3.781417850404978,1.9013790879398584,6.607165094465017,12.289962032809854,16.914607025682926
1203,180.838665858,45069,2103,1976,8426,77,2.3802039213478565,2.72156298160553,5.422648973762989,5.050661973655224,5.822096951305866,16.29540789872408,21.973665803670883
1204,180.936140659,44977,2108,1976,8426,77,2.3704860359430313,1.5931609086692333,6.20810897089541,2.515709027647972,5.395788000896573,14.119605999439955,18.62720283679664
1205,181.033613627,44905,2113,1976,8406,76,2.408908912912011,2.9813898727297783,5.059059010818601,2.859763102605939,8.52000480517745,16.43882691860199,22.411143872886896
1206,181.131086471,44751,2111,1977,8407,75,2.3970359470695257,1.6442968044430017,3.428265918046236,3.8108420558273792,6.419735960662365,13.65884393453598,18.25403398834169
1207,181.228560605,44960,2134,1978,8418,75,2.356350189074874,3.116613021120429,3.8094189949333668,2.3899630177766085,7.834143936634064,14.033525949344039,20.130846882238984
1208,181.326034074,45328,2170,1979,8420,76,2.3663591127842665,1.6766982153058052,4.3119199108332396,3.929964965209365,6.002685055136681,14.244569931179285,18.815123941749334
1209,181.423507833,45461,2172,1981,8424,77,2.3957639932632446,3.1648539006710052,7.715501124039292,3.1201390083879232,6.435684859752655,17.27132499217987,23.406597087159753
1210,181.521031885,45398,2186,1982,8430,77,2.384002087637782,2.77883093804121,4.118066979572177,6.207988830283284,5.527986213564873,15.854042023420334,21.564560011029243
1211,181.715929446,45443,2206,1982,8416,77,2.4314511101692915,3.0052550137043,5.172280827537179,2.510337857529521,5.676895380020142,13.359514065086842,19.3618880584836
1212,181.813404456,45559,2224,1982,8423,77,2.422804944217205,1.807403052225709,3.68177006021142,2.5561549700796604,9.345369879156351,15.583294909447432,20.357201108708978
1214,182.008350559,45838,2280,1982,8426,76,2.4102809838950634,2.9274888802319765,3.669657977297902,1.9287699833512306,7.8695479314774275,13.46797589212656,19.383087055757642
1215,182.10582511,45698,2271,1982,8428,76,2.447129925712943,2.8534000739455223,3.4227860160171986,5.719725042581558,5.801297025755048,14.943808084353805,20.802935119718313
1216,182.20330187,45635,2287,1983,8433,77,2.364075044170022,1.7031878232955933,3.063534153625369,2.383240032941103,7.551342947408557,12.998117133975029,17.62383384630084
1217,182.300772296,45805,2286,1984,8433,77,2.3796141613274813,4.990279907360673,3.826992819085717,2.2013001143932343,5.61220315285027,11.640496086329222,19.581738859415054
1218,182.398246723,45966,2292,1984,8423,77,2.575220074504614,2.933480776846409,4.350573057308793,2.8199278749525547,7.78020010329783,14.950701035559177,21.02970890700817
1219,182.495721733,46167,2320,1985,8432,76,2.4128251243382692,3.2032348681241274,3.07505507953465,1.9554798491299152,10.967727983370423,15.998262912034988,22.163782035931945
1220,182.593194617,46071,2310,1986,8440,76,2.3737831506878138,2.7705959510058165,3.9828838780522346,3.5708730574697256,8.02219519391656,15.57595212943852,21.26534003764391
1221,182.690670169,45771,2354,1986,8440,76,2.4010741617530584,1.702846959233284,3.046521916985512,4.544615978375077,5.568912252783775,13.160050148144364,17.81112514436245
1223,182.885615064,45593,2321,1986,8440,76,2.407756168395281,4.799511982128024,3.1165629625320435,1.889736857265234,8.564890129491687,13.571189949288964,21.49867615662515
1224,182.983090198,45811,2328,1986,8452,75,2.3553981445729733,3.325924975797534,3.5314690321683884,1.863226993009448,7.78995081782341,13.184646843001246,19.408304011449218
1225,183.080563833,45798,2344,1986,8440,74,2.3706068750470877,2.7488749474287033,2.8797700069844723,2.46094586327672,5.673648091033101,11.014363961294293,16.66310615837574
1226,183.178036426,45776,2344,1987,8452,74,2.4766952265053988,1.659695990383625,3.449726151302457,1.9268759060651064,8.266060845926404,13.642662903293967,18.355663865804672
1227,183.275549769,45638,2333,1987,8454,75,2.352723153308034,2.774382010102272,3.444827161729336,5.466561997309327,5.598076852038503,14.509466011077166,20.210395101457834
1228,183.372985988,45644,2304,1987,8454,74,2.3468220606446266,2.796043176203966,3.4576209727674723,1.8875431269407272,5.69933676160872,11.04450086131692,16.73294696956873
1229,183.470457497,45776,2322,1987,8454,74,2.361549995839596,2.8568359557539225,3.5059519577771425,1.8949569202959538,5.664682015776634,11.06559089384973,16.846037935465574
1230,183.567930965,45772,2322,1987,8454,74,2.380204852670431,3.0593560077250004,2.9452620074152946,1.8985630013048649,10.02956205047667,14.87338705919683,20.850833971053362
1232,183.762880027,45905,2301,1987,8447,74,2.3629420902580023,2.828021999448538,3.641134826466441,2.795361913740635,8.258706191554666,14.695202931761742,20.45476296916604
1233,183.860353661,45627,2319,1989,8459,74,2.3598759435117245,1.5946938656270504,5.156290950253606,2.2115090396255255,5.475407000631094,12.843206990510225,17.356734024360776
1234,183.957832005,45503,2307,1989,8462,74,2.3661490995436907,3.5811630077660084,6.523479009047151,2.5087951216846704,7.15444004163146,16.18671417236328,22.840378107503057
1235,184.055302098,45704,2331,1989,8463,74,2.459834096953273,2.816550899296999,4.759807838127017,1.8791169859468937,5.479445215314627,12.118370039388537,17.94742001220584
1236,184.152774108,45682,2365,1990,8470,74,2.3646659683436155,3.6769111175090075,4.831192083656788,1.956901978701353,5.85533888079226,12.643432943150401,19.232064951211214
1237,184.250248659,45432,2397,1990,8471,74,2.383671933785081,2.0208419300615788,3.2702309545129538,3.6386209540069103,9.899306111037731,16.808158019557595,21.79787610657513
1238,184.347722085,45212,2416,1990,8458,75,2.37350189127028,2.901720115914941,4.694815957918763,2.526909112930298,5.913949804380536,13.135674875229597,18.949154997244477
1239,184.445196095,45134,2408,1990,8475,75,2.3922480177134275,3.433485981076956,3.566575003787875,1.9046450033783913,5.864936159923673,11.33615616708994,17.77204219251871
1240,184.542671397,45215,2362,1990,8475,75,2.38957186229527,2.8220810927450657,3.014420857653022,1.9524239469319582,10.677434271201491,15.644279075786471,21.475433139130473
1241,184.640186073,45435,2374,1991,8484,75,2.3442970123142004,3.743806853890419,3.9167299401015043,2.0435049664229155,6.229399004951119,12.18963391147554,18.81580613553524
1242,184.737616791,45449,2379,1991,8484,75,2.424196805804968,4.016467137262225,3.649699967354536,3.137241117656231,5.513259908184409,12.300200993195176,19.299720879644156
1243,184.835092884,45349,2380,1991,8485,75,2.3777910973876715,2.738676033914089,3.461879910901189,1.8433299846947193,5.625107092782855,10.930316988378763,16.6047269012779
1244,184.932565853,45296,2398,1991,8467,75,2.4016639217734337,1.7846501432359219,3.547488944604993,2.444144804030657,6.061103194952011,12.05273694358766,16.779113095253706
1245,185.030038821,45238,2293,1992,8479,76,2.331614028662443,2.7948510833084583,3.449796000495553,1.938768895342946,8.507102029398084,13.895666925236583,19.590975949540734
1246,185.127513205,45236,2307,1992,8482,75,2.4352979380637407,1.8705809488892555,4.00038599036634,3.131791017949581,5.3798300214111805,12.512007029727101,17.336927819997072
1247,185.22498734,45398,2305,1993,8495,76,2.4148898664861917,2.8854210395365953,9.090422885492444,1.9746050238609314,5.464368034154177,16.529395943507552,22.360077826306224
1248,185.322459767,45361,2296,1993,8496,76,2.434105845168233,7.685945136472583,3.505981992930174,1.9073099829256535,7.289583096280694,12.702875072136521,23.394444957375526
1249,185.419933985,45072,2247,1994,8503,77,2.535755978897214,3.657005028799176,6.518390029668808,2.095330972224474,5.710708908736706,14.324429910629988,21.080915117636323
1250,185.51740787,45025,2204,1996,8488,77,2.356751123443246,3.186242887750268,5.946659948676825,2.6026510167866945,6.149358116090298,14.698669081553817,20.780571969226003
1251,185.614886129,44859,2165,1996,8497,77,2.4348271545022726,5.460089072585106,3.9499730337411165,1.890488201752305,6.026458693668246,11.866919929161668,20.321212941780686
1252,185.712405014,44972,2150,1996,8504,77,2.3569208569824696,2.7113649994134903,3.4278861712664366,2.4416190572082996,7.218019803985953,13.08752503246069,18.679741071537137
1253,185.809830607,45002,2151,1996,8507,77,2.350109163671732,5.469175986945629,3.8264719769358635,3.6309161223471165,10.923833819106221,18.3812219183892,26.761647081002593
1254,185.907306659,45193,2128,1996,8508,78,2.3692050017416477,5.092551000416279,3.6476561799645424,1.9453808199614286,5.783744854852557,11.376781854778528,19.422530895099044
1255,186.00477796,45162,2085,1996,8511,78,2.3974969517439604,3.2001188956201077,3.4222949761897326,1.8174510914832354,9.237970924004912,14.47771699167788,20.61659493483603
1256,186.10225197,45084,2041,1996,8488,78,2.3536859080195427,5.138176959007978,3.368113888427615,2.4293870665133,10.131551884114742,15.929052839055657,23.991281865164638
1257,186.199725063,45106,1995,1997,8499,78,2.8683680575340986,4.729581996798515,3.3782231621444225,1.960790017619729,5.9206197038292885,11.25963288359344,19.414074951782823
1259,186.394672708,44971,1961,1997,8504,78,2.3474739864468575,2.9146450106054544,3.6177108995616436,1.914002001285553,5.804704036563635,11.336416937410831,17.14873593300581
1260,186.492147218,44947,1967,1997,8504,78,2.3795231245458126,2.920706057921052,2.9898961074650288,2.410351997241378,8.924301946535707,14.324550051242113,20.245040068402886
1261,186.589620561,44882,1952,1997,8506,78,2.3419831413775682,2.7850819751620293,5.246218992397189,5.146451992914081,5.353719927370548,15.746390912681818,21.424697944894433
1262,186.687095154,44787,1976,1998,8509,78,2.4043701123446226,1.8963590264320374,3.6590881645679474,1.949378987774253,9.600056800991297,15.208523953333497,20.065715070813894
1263,186.78456708,44688,1962,1998,8497,79,2.379944082349539,2.850024029612541,2.862147055566311,2.6924191042780876,9.582994971424341,15.13756113126874,20.90331306681037
1264,186.882042632,44897,2011,1998,8501,79,2.492225030437112,2.8000499587506056,4.433618159964681,1.9392301328480244,5.475156707689166,11.848005000501871,17.741424962878227
1265,186.979516683,44903,2083,1999,8507,79,2.3953639902174473,2.9476468916982412,4.2935749515891075,1.9785729236900806,8.173148147761822,14.44529602304101,20.359103102236986
1266,187.076989485,45019,2112,2001,8525,79,2.3967050947248936,3.124076873064041,3.9698798209428787,1.9041839987039566,6.865529110655189,12.739592930302024,18.820003140717745
1267,187.174462328,44867,2077,2001,8525,79,2.4539430160075426,5.864717066287994,3.7176271434873343,1.9499501213431358,7.407583529129624,13.075160793960094,21.948307985439897
1268,187.271936421,44822,2068,2001,8527,79,2.446899190545082,3.388390876352787,3.041001968085766,2.394382143393159,9.006895823404193,14.442279934883118,20.86291601881385
1269,187.369410514,44737,2067,2001,8501,79,2.3932899348437786,3.646786091849208,3.5473089665174484,3.2906278502196074,6.560951238498092,13.398888055235147,19.96822189539671
1270,187.466883566,44812,2071,2002,8513,80,2.376407152041793,2.080933889374137,3.660190152004361,3.1872249674052,5.416969070211053,12.264384189620614,17.271534772589803
1271,187.564358492,44754,2155,2002,8517,81,2.3636429104954004,2.8277121018618345,3.943992080166936,4.47443500161171,6.2557070050388575,14.674134086817503,20.42616903781891
1272,187.661831168,44541,2183,2003,8522,81,2.3871981538832188,1.6433559358119965,5.014806054532528,1.9749361090362072,5.435221828520298,12.424963992089033,16.998173901811242
1273,187.759304428,44466,2192,2004,8523,82,2.5165597908198833,4.416055046021938,3.6527959164232016,2.2230809554457664,9.081436088308692,14.95731296017766,22.590380162000656
1274,187.856778855,44614,2189,2005,8528,83,2.358493860810995,3.887886879965663,5.4331079591065645,2.236215164884925,6.472814828157425,14.142137952148914,20.970206940546632
1275,187.954254948,44672,2192,2005,8510,83,2.3790020495653152,2.750809071585536,3.693553153425455,6.470859982073307,5.386140896007419,15.55055403150618,21.22120698913932
1276,188.051726999,44718,2221,2005,8525,83,2.330872928723693,2.788919024169445,4.0507318917661905,2.07682722248137,11.290439870208502,17.417998984456062,23.089915048331022
1277,188.149200926,44740,2268,2007,8537,83,2.4053319357335567,3.418196924030781,4.51412913389504,2.08693603053689,5.83566096611321,12.43672613054514,18.859857926145196
1278,188.246679144,44755,2274,2007,8537,83,2.3586240131407976,2.868188079446554,3.165004076436162,3.760086838155985,5.8876092080026865,12.812700122594833,18.8107758294791
1279,188.344152904,44651,2299,2008,8540,84,2.377048833295703,1.6300110146403313,9.751931997016072,1.9735631067305803,6.061004009097815,17.786499112844467,22.35983801074326
1280,188.441667872,44541,2280,2009,8549,84,2.3647360503673553,3.192235017195344,6.2125378753989935,1.9638959784060717,7.760403212159872,15.936837065964937,22.07259088754654
1281,188.539096757,44601,2271,2009,8528,84,2.522149821743369,4.993495065718889,3.445698879659176,2.4631000123918056,6.396311102434993,12.305109994485974,20.518962992355227
1282,188.636569141,44660,2323,2012,8541,84,2.3763279896229506,2.907621907070279,7.128792116418481,2.798096975311637,6.214109947904944,16.140999039635062,21.976951975375414
1284,188.831517578,44603,2420,2014,8557,85,2.379012992605567,2.7801028918474913,6.051294971257448,1.9437670707702637,6.112710805609822,14.107772847637534,19.84227681532502
1285,188.928991712,44392,2617,2016,8571,86,2.351511036977172,1.6635130159556866,3.611779771745205,7.434834958985448,6.754822330549359,17.801437061280012,22.357173031195998
1286,189.026466722,44173,2458,2019,8584,86,2.3572419304400682,2.9120200779289007,4.211171995848417,1.9915068987756968,8.387347916141152,14.590026810765266,20.404950017109513
1287,189.123939107,44179,2483,2019,8584,87,2.5292241480201483,1.8235619645565748,8.105930173769593,2.043394837528467,5.752034951001406,15.901359962299466,20.81309398636222
1288,189.221414992,44125,2708,2020,8568,88,2.325161127373576,2.8169220313429832,4.2980439029634,3.0525829643011093,8.7622101418674,16.11283700913191,22.038507042452693
1289,189.318888377,44038,3083,2024,8604,91,2.4842899292707443,2.8423999901860952,5.957268876954913,1.9075400196015835,5.525032058358192,13.389840954914689,19.270797027274966
1290,189.416361928,43948,3137,2027,8625,92,2.37771007232368,3.022517077624798,3.7148830015212297,1.944950083270669,13.069461099803448,18.729294184595346,24.734633043408394
1291,189.51383398,43709,3219,2030,8644,93,2.360768150538206,1.8023529555648565,3.9315081667155027,2.048733877018094,5.494563840329647,11.474805884063244,16.185843851417303
1292,189.611316114,43685,3022,2030,8645,94,2.403769176453352,8.153439965099096,3.5816540475934744,1.8680470529943705,5.687172990292311,11.136874090880156,22.24705694243312
1293,189.708781249,43757,2995,2030,8645,93,2.3531541228294373,2.717965980991721,3.4751940984278917,6.18377304635942,6.095167947933078,15.75413509272039,21.356971003115177
1295,189.903731644,43762,3244,2031,8642,93,2.364946063607931,3.9202668704092503,4.689876921474934,2.8572881128638983,6.524109747260809,14.07127478159964,20.938819041475654
1296,190.001204487,43776,3277,2031,8653,93,2.340109786018729,1.9513119477778673,3.7010370288044214,1.8162589985877275,5.674791056662798,11.192087084054947,16.03986998088658
1297,190.098676038,43616,3232,2031,8653,92,2.3609790951013565,2.707306994125247,3.6574460100382566,2.290736883878708,15.204176073893905,21.15235896781087,26.778026949614286
1298,190.196152506,43442,3182,2031,8655,93,2.3141109850257635,2.794570056721568,11.518127052113414,2.3207732010632753,5.9580206871032715,19.79692094027996,25.460751028731465
1299,190.293625641,43555,3215,2032,8663,93,2.3757158778607845,2.714300062507391,3.8882270455360413,5.4535469971597195,5.9972337912768126,15.339007833972573,20.989133045077324
1300,190.391097734,43341,3460,2035,8693,95,2.3889720905572176,5.749511066824198,3.907283069565892,2.2360351867973804,8.27538757584989,14.418705832213163,23.18475185893476
1301,190.488574202,43483,3530,2038,8675,97,2.3660280276089907,6.698465906083584,3.650532104074955,2.438213909044862,7.816468831151724,13.90521484427154,23.534106090664864
1302,190.586046171,43200,3514,2039,8706,99,2.4138179142028093,2.740269061177969,7.467006100341678,2.153621055185795,6.249024765565991,15.869651921093464,21.589526208117604
1303,190.68351868,43204,3400,2039,8714,97,2.3468430154025555,2.767980797216296,3.6181018222123384,2.1427010651677847,13.748089084401727,19.50889197178185,25.408494053408504
1304,190.878467075,43145,3472,2041,8738,98,2.351250033825636,2.7763061225414276,8.148140972480178,2.184548182412982,6.407530978322029,16.74022013321519,22.47623587027192
1305,190.975940918,42959,3427,2041,8738,98,2.3609090130776167,1.7044700216501951,3.9340630173683167,1.9388690125197172,10.506352875381708,16.379284905269742,21.413286915048957
1306,191.07341447,42808,3447,2041,8738,97,2.3186998441815376,3.1005628407001495,10.576314991340041,2.16742604970932,7.843409897759557,20.587150938808918,26.5927710570395
1307,191.170937021,42465,3487,2043,8720,99,2.3267949000000954,2.696356037631631,4.599648993462324,7.340338081121445,5.786770023405552,17.72675709798932,23.303775116801262
1308,191.268362489,42427,3355,2044,8753,99,2.37669819034636,5.869034910574555,3.809340065345168,2.3634638637304306,11.639113072305918,17.811917001381516,26.668753009289503
1309,191.365836332,42567,3452,2045,8758,99,2.3721489124000072,1.738914055749774,3.842732170596719,1.882823882624507,6.224229000508785,11.949785053730011,16.6123709641397
1310,191.463311675,42456,3550,2045,8761,101,2.371689071878791,2.8060120530426502,7.885868893936276,2.713327994570136,6.080791121348739,16.67998800985515,22.43981813080609
1311,191.56078356,42363,3863,2047,8777,102,2.360548125579953,2.9170189518481493,3.6839039530605078,2.007588045671582,5.658540176227689,11.350032174959779,17.254041973501444
1312,191.65825657,42241,3870,2048,8793,103,2.4085280019789934,3.097417065873742,4.078382859006524,1.9223280251026154,7.4967010878026485,13.497411971911788,19.586207112297416
1313,191.853204548,41935,3621,2049,8791,101,2.3352811112999916,4.274379927664995,4.954261938109994,2.5715730153024197,8.1998270470649,15.725662000477314,23.678345838561654
1314,191.950680141,41751,3587,2049,8819,100,2.373602008447051,5.30398590490222,4.296381026506424,1.906698103994131,10.745731880888343,16.948811011388898,25.187920778989792
1316,192.145626869,41253,4078,2053,8864,99,2.359416102990508,3.341754199936986,3.957215929403901,1.963916001841426,9.405913995578885,15.327045926824212,21.606598049402237
1317,192.24310042,41197,4153,2056,8884,102,2.368372865021229,2.781304996460676,4.515771986916661,1.9452408887445927,10.179932229220867,16.64094510488212,22.370677907019854
1318,192.340574264,40934,4155,2057,8884,100,2.347043016925454,2.852007979527116,4.3216480407863855,1.896440051496029,6.066042929887772,12.284131022170186,20.377258071675897
1319,192.43804869,40632,4091,2059,8906,102,2.3549969773739576,8.393299067392945,4.4315040577203035,1.9736438989639282,5.766833201050758,12.17198115773499,23.4800239559263
1320,192.53552545,40513,4238,2062,8858,104,2.4315209593623877,11.093691922724247,9.074142901226878,2.5951669085770845,6.28096517175436,17.950274981558323,32.05275908112526
1321,192.632997335,40226,4465,2064,8925,100,2.342513995245099,3.1044010538607836,4.4324558693915606,1.9569830037653446,9.476365987211466,15.865804860368371,21.860382985323668
1322,192.730469928,40126,4625,2067,8974,100,2.349016023799777,4.430212080478668,4.947328940033913,2.322918036952615,6.765170954167843,14.03541793115437,21.574969869107008
1323,192.827943771,39908,4551,2069,8999,100,2.3289090022444725,2.84921214915812,8.142078993842006,1.958776032552123,12.484815903007984,22.585670929402113,28.378291986882687
1324,192.925416739,39755,4415,2069,8999,100,2.355399075895548,3.00677795894444,8.348484057933092,4.73456084728241,6.055925041437149,19.13896994665265,25.037450017407537
1325,193.02289179,39602,4226,2071,9024,100,2.3399789351969957,2.789511112496257,7.438301108777523,3.284265985712409,6.122359773144126,16.844926867634058,22.52677083015442
1327,193.217838018,39005,4531,2073,8916,105,2.406704006716609,3.486454952508211,10.685908840969205,4.153332905843854,6.255879299715161,21.09512104652822,27.629570104181767
1328,193.315312486,38903,4816,2077,9055,100,2.348124049603939,1.7099399119615555,9.760448010638356,2.5447229854762554,9.89446695894003,22.19963795505464,26.812481926754117
1329,193.412785913,38711,4917,2080,9119,96,2.442902186885476,8.993441937491298,5.180766107514501,2.028617076575756,6.07307581230998,13.282458996400237,25.27901204302907
1330,193.510260339,38915,5026,2081,9135,96,2.3652571253478527,2.8340339194983244,5.360401934012771,2.0964539144188166,5.793472984805703,13.25032883323729,18.99389806203544
1331,193.607733558,38696,5063,2083,9166,97,2.3338180035352707,5.935829132795334,4.993245005607605,6.5193818882107735,6.001390982419252,17.51401787623763,26.354314060881734
1332,193.705209067,38557,5308,2087,9244,96,2.3652471136301756,3.723770147189498,4.987774882465601,1.9802660681307316,12.726689921692014,19.694730872288346,26.3637020252645
1333,193.80268116,38607,5701,2091,9064,109,2.959978999570012,3.330973908305168,5.446182796731591,7.863517152145505,7.68420216627419,20.993902115151286,27.919472893700004
1334,193.997629555,37798,6124,2093,9304,99,2.4179047904908657,3.1669270247220993,7.965608034282923,1.9796849228441715,6.713165203109384,16.658458160236478,22.784312954172492
1335,194.095102065,37407,6129,2094,9336,99,2.3223671596497297,2.7093011885881424,7.706503150984645,2.3821289651095867,7.321502780541778,17.41013489663601,23.284388007596135
1337,194.290050084,37005,6417,2097,9402,98,2.3225368931889534,3.1654350459575653,5.818248959258199,2.0241590682417154,9.130067890509963,16.972475918009877,23.04297685623169
1338,194.387523094,36688,6673,2097,9403,98,2.349206944927573,1.6154430340975523,7.267080945894122,1.9931199494749308,6.592930061742663,15.853130957111716,20.32864699140191
1339,194.485046229,36402,6943,2100,9438,99,2.3420429788529873,3.0616300646215677,7.019386859610677,3.874662099406123,6.7531391978263855,17.647188156843185,23.625967791303992
1340,194.582471447,36376,7051,2103,9164,106,2.627096138894558,5.464296787977219,8.167515974491835,2.637716941535473,6.289060227572918,17.094293143600225,25.763437850400805
1341,194.679944415,36442,7199,2106,9482,100,2.328878967091441,2.656221855431795,6.595573853701353,1.9992319867014885,5.896064219996333,14.490870060399175,20.020680036395788
1342,194.777419258,36812,7459,2112,9590,97,2.354336902499199,3.8169329054653645,5.715566920116544,2.0333959255367517,8.360688108950853,16.10965095460415,22.848763037472963
1343,194.972365611,37743,7648,2118,9658,98,2.2946440149098635,2.975118113681674,7.614952977746725,2.158951014280319,6.468314910307527,16.24221890233457,22.045129211619496
1344,195.069840913,37892,7592,2120,9682,96,2.6388890109956264,1.7735098954290152,7.194674806669354,2.7290980797261,7.166833151131868,17.090606037527323,22.15893194079399
1346,195.264787432,38808,7598,2125,9753,98,2.9473970644176006,2.950261114165187,6.35531498119235,2.2010088432580233,7.068118080496788,15.624441904947162,22.129167104139924
1347,195.362263025,39049,7827,2126,9339,105,2.33118305914104,2.0472321193665266,6.442137062549591,2.656803000718355,6.0111600905656815,15.110100153833628,20.033954875543714
1348,195.45973566,39457,8082,2129,9734,100,2.329349983483553,4.570613848045468,6.438841111958027,1.9703179132193327,7.592739071696997,16.001898096874356,23.62741995602846
1349,195.557209253,39601,8301,2132,9786,100,2.3409011773765087,2.6127099990844727,6.163064856082201,4.608976189047098,6.075280020013452,16.84732106514275,22.353006061166525
1350,195.654682847,39249,8360,2134,9826,99,2.4800309911370277,6.149279186502099,5.89690706692636,2.2172199096530676,7.670936174690723,15.785063151270151,24.99993913806975
1351,195.752156981,38920,8424,2136,9871,101,2.371228067204356,3.156136954203248,5.8670612052083015,5.098111927509308,6.692393682897091,17.6575668156147,23.74281594529748
1352,195.849629658,38953,8530,2139,9932,99,2.3261329624801874,2.9290919192135334,6.78340601734817,2.026693196967244,7.183113833889365,15.99321304820478,21.774993045255542
1353,195.947106001,39508,8633,2141,9422,108,2.329499926418066,2.754865912720561,9.065516060218215,3.7316340021789074,5.77769405208528,18.574844114482403,24.19490204192698
1354,196.044579011,39681,8667,2141,9900,100,2.3092629853636026,2.6474250480532646,7.534770993515849,1.9007869996130466,6.312886020168662,15.748444013297558,21.25079301185906
1356,196.239565239,39879,8699,2144,9978,97,2.3603071458637714,3.0285280663520098,7.692937972024083,2.0915050990879536,9.03849583119154,18.822938902303576,24.817607831209898
1357,196.33699904,40587,8738,2145,10000,98,2.2966680116951466,1.6318238340318203,8.176201954483986,2.108916873112321,7.464191177859902,17.74931000545621,23.713480914011598
1358,196.434475383,41145,8744,2146,10024,97,2.357762074097991,2.8509560506790876,12.11198908276856,2.9364260844886303,7.999791763722897,23.048206930980086,28.823104919865727
1359,196.531988643,41870,8719,2147,10049,97,2.5092558935284615,4.083232954144478,10.589428944513202,2.135477028787136,6.375532131642103,19.10043810494244,26.25879505649209
1360,196.629421069,42101,8654,2148,9598,103,2.3246111813932657,4.222032148391008,6.038470892235637,2.6675728149712086,7.197220344096422,15.903264051303267,22.97759405337274
1361,196.824369797,42568,8599,2150,10025,98,2.3808861151337624,2.7391870971769094,5.380641203373671,2.417664974927902,8.722453843802214,16.520760022103786,22.195580881088972
1362,196.921844599,42932,8611,2152,10099,97,2.3377861361950636,2.688250970095396,5.979672074317932,2.001785906031728,8.340410189703107,16.321868170052767,21.91300201229751
1364,197.116790827,43710,8454,2152,10151,97,2.3665798362344503,2.673062961548567,5.471379961818457,2.3036308120936155,6.56675104983151,14.341761823743582,19.96007701382041
1365,197.21426442,44388,8468,2153,10164,97,2.3246200289577246,1.6136202029883862,9.692921070381999,3.751941956579685,7.947013946250081,21.391876973211765,26.07302716933191
1366,197.311738346,44924,8419,2154,10188,97,2.4779278319329023,3.1652741599828005,9.068591985851526,2.258347114548087,8.622266817837954,19.949205918237567,26.144720846787095
1367,197.409212481,44997,8351,2155,9674,103,2.404589904472232,2.718548057600856,10.033999104052782,2.755907829850912,6.837698165327311,19.627605099231005,25.312825106084347
1368,197.506685991,45356,8362,2156,10158,100,2.384643070399761,1.6272058710455894,7.436617976054549,2.0947600714862347,5.786180030554533,15.317558078095317,19.918879959732294
1369,197.701632594,45572,8268,2157,10192,101,2.3864670656621456,2.62376107275486,7.08318711258471,2.0223550964146852,7.556792814284563,16.66233502328396,22.242547944188118
1370,197.799106812,45341,8309,2159,10217,101,2.371288137510419,1.9538369961082935,10.422746883705258,2.669556997716427,6.67344918474555,19.765753066167235,24.650905979797244
1372,197.994053623,45453,8144,2160,10247,98,2.3796739988029003,2.6832520961761475,6.924498826265335,1.9780320581048727,5.785437999293208,14.687968883663416,20.27592808008194
1373,198.091528841,45630,8165,2161,10269,94,2.3801650386303663,1.6787617933005095,8.765696082264185,5.338700953871012,6.477723829448223,20.58212086558342,25.223958073183894
1374,198.189003976,45700,8086,2163,9806,103,2.372249960899353,2.627416979521513,8.081544889137149,2.8748500626534224,7.657974259927869,18.61436921171844,24.171649012714624
1375,198.286475403,45724,8054,2163,10208,96,2.513023093342781,3.0259538907557726,7.41581991314888,2.907912014052272,6.222724914550781,16.546456841751933,22.633661050349474
1376,198.481422631,46179,7961,2164,10243,96,2.3470830637961626,2.6139530818909407,7.307515945285559,2.120769117027521,5.869295913726091,15.297580976039171,20.7982559222728
1377,198.578895849,46344,7934,2164,10270,95,2.3435959592461586,2.69816885702312,10.246156016364694,2.2088540717959404,6.209090817719698,18.664100905880332,24.26696801558137
1378,198.676373483,46626,7965,2164,10281,96,2.336131874471903,1.7266911454498768,5.727990064769983,1.945100026205182,6.410499103367329,14.083589194342494,18.698805943131447
1379,198.773845577,46742,7841,2164,10285,96,2.3794639855623245,2.829556120559573,6.063448032364249,2.04957602545619,6.023092893883586,14.136116951704025,19.885918125510216
1380,198.871317753,46700,7860,2165,9762,103,2.3733219131827354,2.0194200333207846,5.938283866271377,3.01414099521935,8.897443069145083,17.84986793063581,22.859363118186593
1381,198.968792721,46615,7814,2166,10227,99,2.354998141527176,2.645239932462573,8.360096951946616,2.542108064517379,6.898469990119338,17.800675006583333,23.362034000456333
1382,199.066265981,46860,7786,2166,10254,97,2.3769279941916466,3.4234269987791777,5.869705928489566,1.9604989793151617,6.698927143588662,14.52913205139339,20.87048999965191
1383,199.358687219,46835,7562,2167,10272,96,2.399782184511423,3.97162395529449,5.1774499006569386,1.971640158444643,6.610892945900559,13.759983005002141,20.78123390674591
1384,199.456163228,46415,7539,2168,10294,96,2.3427349515259266,2.691366942599416,5.824952153488994,2.0119959954172373,5.906142760068178,13.743090908974409,19.320548977702856
1386,199.651114248,46177,7386,2170,10344,94,2.395393094047904,3.694565035402775,5.943072959780693,3.2973720226436853,6.436866009607911,15.67731099203229,22.310946136713028
1387,199.748582716,46387,7420,2172,9709,101,2.430279040709138,2.5841668248176575,6.323415087535977,2.75359395891428,9.053753921762109,18.130762968212366,23.755730129778385
1388,199.846056684,46634,7377,2173,10130,97,2.441209042444825,3.406825941056013,5.373597145080566,2.3348000831902027,10.022416710853577,17.730813939124346,24.149236967787147
1389,199.943530611,46682,7287,2175,10274,95,2.414178103208542,4.899269202724099,5.3512961603701115,2.0226649940013885,8.815678767859936,16.189639922231436,24.062834912911057
1390,200.138516547,46918,7220,2178,10365,93,2.385734813287854,2.6571829803287983,6.961447885259986,3.71516402810812,6.050905212759972,16.727517126128078,22.348386934027076
1391,200.23595189,47312,7280,2179,10383,93,2.393490169197321,1.7903009429574013,7.0213209837675095,2.172084990888834,7.5661910232156515,16.759596997871995,21.52060787193477
1393,200.430899243,47535,7069,2179,10395,93,2.4404379073530436,2.7363409753888845,5.437335930764675,4.050540970638394,6.796871079131961,16.28474798053503,22.025001933798194
1394,200.528373378,47341,7120,2179,9820,98,2.339398954063654,1.6582130920141935,5.69722312502563,2.5257570669054985,6.256138673052192,14.47911886498332,19.018824910745025
1395,200.625846763,47179,7009,2180,10224,92,2.3680818267166615,4.775146953761578,5.451553035527468,2.4512079544365406,9.515308076515794,17.418069066479802,25.107250083237886
1396,200.723326731,47301,6995,2180,10280,93,2.4238969199359417,2.7395780198276043,7.674103137105703,3.0004559084773064,6.703394930809736,17.377953976392746,23.11041299253702
1397,200.918267375,47573,6842,2181,10307,92,2.43360479362309,2.965350169688463,5.458065075799823,3.6285610403865576,7.553295930847526,16.639922047033906,22.58282504044473
1398,201.01574326,47631,6784,2181,10311,92,2.3873080499470234,2.7997801080346107,5.178631981834769,2.92351096868515,9.776287944987416,17.878430895507336,23.816834902390838
1400,201.210690238,47895,6630,2181,10334,91,2.401765203103423,2.782257040962577,7.483064895495772,3.5215308889746666,8.83968430571258,19.84428009018302,25.601936038583517
1401,201.308163956,48071,6663,2182,9841,95,2.469772007316351,1.7871549353003502,6.705750012770295,2.6402510702610016,5.809783935546875,15.155785018578172,20.01194399781525
1402,201.405636924,48160,6522,2185,10202,93,2.386367181316018,2.6708790101110935,6.49796100333333,1.961219822987914,5.717051215469837,14.176232041791081,19.7802500333637
1403,201.503110476,48213,6493,2185,10246,92,2.577264094725251,2.9829631093889475,4.7334288246929646,3.991209901869297,9.012898430228233,17.737537156790495,23.93620810471475
1404,201.600585194,47990,6429,2186,10294,91,2.464903052896261,2.6596379466354847,5.064428085461259,3.3998428843915462,7.591037079691887,16.055308049544692,21.715031005442142
1405,201.795534255,48316,6326,2186,10321,91,2.43289303034544,2.628189045935869,4.573949845507741,2.574248006567359,8.576071355491877,15.724269207566977,21.328076953068376
1406,201.893006723,48451,6276,2188,10360,91,2.4087890051305294,3.7219359073787928,7.242926163598895,2.4295770563185215,7.009398657828569,16.681901877745986,23.390286834910512
1407,201.990479441,48499,6313,2189,9850,97,2.397187054157257,3.02337808534503,4.651325987651944,3.460876876488328,6.729855202138424,14.842058066278696,20.833221031352878
1408,202.087954993,48509,6185,2190,10115,95,2.410741988569498,3.354838816449046,4.589569056406617,2.037954982370138,6.723492871969938,13.351016910746694,19.711311906576157
1409,202.282901471,48598,6109,2192,10161,95,2.4582198821008205,6.63823401555419,5.206755129620433,4.493610002100468,7.254917873069644,16.955283004790545,26.61352907307446
1410,202.380397231,48629,6064,2193,10181,95,2.404139144346118,2.7465098537504673,5.584882106631994,2.077378099784255,6.020919885486364,13.683180091902614,19.464991055428982
1411,202.575326459,48651,5980,2193,10201,95,2.4185969959944487,2.8975640889257193,4.804312018677592,3.1917039304971695,9.072970133274794,17.068986082449555,22.984968032687902
1412,202.67279776,48601,5952,2194,10240,93,2.528632991015911,4.74872812628746,6.73421286046505,4.384645959362388,7.314811227843165,18.433670047670603,26.500278152525425
1413,202.867744905,48588,5685,2195,9768,95,2.3394180461764336,3.0854339711368084,4.734490066766739,4.4248211197555065,6.167904939502478,15.327216126024723,21.332866046577692
1414,202.965260956,48538,5700,2196,9966,95,2.456307876855135,1.9746758043766022,6.276937201619148,2.4742300156503916,6.348372669890523,15.099539887160063,20.122559973970056
1415,203.062735383,48547,5651,2197,10061,94,2.3902831599116325,2.7303299866616726,6.648011971265078,2.084842184558511,5.907236831262708,14.640090987086296,20.295014139264822
1416,203.160165976,48542,5620,2198,10086,94,2.4208298418670893,3.080755937844515,5.809442838653922,2.8873130213469267,8.4337352309376,17.13049109093845,23.18278793245554
1417,203.35511412,48593,5575,2201,10142,95,2.4212009739130735,2.6773910503834486,4.794723819941282,2.18186411075294,7.994842017069459,14.971429947763681,20.602989941835403
1418,203.452588088,48598,5448,2203,10179,98,2.457980066537857,2.8299461118876934,4.929966060444713,3.815009957179427,6.164066959172487,14.909042976796627,20.794088020920753
1420,203.647534441,48597,5264,2205,9766,100,2.397006144747138,3.4685619175434113,4.474764922633767,5.854447139427066,6.556801963597536,16.88601402565837,23.337507853284478
1421,203.745008868,48571,5312,2205,9975,99,2.4005931336432695,1.6746441833674908,4.455899819731712,4.3541789054870605,7.521938299760222,16.332017024978995,20.974083803594112
1422,203.842482419,48536,5263,2206,10015,98,2.4339458905160427,2.729698782786727,7.155802100896835,2.030018949881196,6.05420209467411,15.240023145452142,20.984383998438716
1423,203.939955096,48487,5145,2207,10040,97,2.4767459835857153,2.842599991708994,4.61897486820817,2.1534201223403215,6.0740080662071705,12.846403056755662,18.78217188641429
1424,204.037469314,48418,5100,2208,10050,96,2.5352949742227793,3.1578398775309324,6.541382987052202,3.3776708878576756,6.561520276591182,16.48057415150106,22.983925882726908
1425,204.2323775,48389,4980,2208,10050,96,2.390243113040924,2.902552019804716,6.816948065534234,1.941103022545576,5.71465608663857,14.47270717471838,20.3096610493958
1426,204.329850802,48411,4928,2209,9704,99,2.4213811848312616,2.677620854228735,11.438558110967278,3.0431351624429226,5.659982794895768,20.14167606830597,25.78500797972083
1427,204.524848154,48383,4737,2210,9869,99,2.4047610349953175,2.6956049259752035,7.529571885243058,3.3751369919627905,6.139300065115094,17.044008942320943,22.69280096516013
1428,204.622333081,48348,4760,2211,9955,97,2.3734020069241524,1.6513809096068144,5.361384013667703,1.9629839807748795,5.8283580001443624,13.152725994586945,17.844727961346507
1429,204.719745882,48366,4703,2211,9970,97,2.4402469862252474,3.3811978064477444,4.949974128976464,2.0900110248476267,8.209204999729991,15.249190153554082,21.632155869156122
1430,204.817264434,48346,4599,2212,9984,98,2.4015139788389206,2.8237339574843645,4.938042024150491,2.1208389662206173,10.403730906546116,17.462611896917224,23.465107195079327
1431,205.012166912,48292,4388,2214,10013,97,2.404300030320883,4.52599092386663,4.975632997229695,1.950570149347186,7.074669934809208,14.00087308138609,21.506411023437977
1432,205.207115681,48171,4322,2214,9716,97,2.3634429089725018,4.586393944919109,4.691892070695758,3.705265000462532,8.20729904808104,16.60445611923933,24.154746904969215
1433,205.304588358,48174,4088,2217,9878,94,2.458280883729458,3.0085600446909666,4.612843040376902,2.200688933953643,7.927034981548786,14.74056695587933,20.791272167116404
1434,205.402062201,48161,4098,2220,9924,95,2.897663041949272,3.7322649732232094,4.732246045023203,3.5084460396319628,9.217972867190838,17.458664951846004,24.683005874976516
1435,205.499536711,48163,4058,2221,9945,96,2.3757158778607845,2.7597849257290363,4.584479844197631,2.9701190069317818,8.461205055937171,16.015803907066584,21.713078022003174
1436,205.597010387,48035,4011,2224,10004,97,2.4037291295826435,2.753764158114791,5.8512508403509855,2.8972418513149023,5.563693353906274,14.312186045572162,20.003508077934384
1437,205.69448473,47923,3861,2225,10031,98,2.4279539939016104,3.9863011334091425,4.512735875323415,2.042521955445409,9.467209223657846,16.02246705442667,23.036234080791473
1438,205.889478167,47931,3757,2225,9752,99,2.401734935119748,2.9152859933674335,4.547712160274386,5.829329835250974,6.467464147135615,16.844506142660975,22.739888867363334
1439,206.084378686,47771,3712,2227,9931,97,2.6207049377262592,3.1492640264332294,5.031557055190206,2.023607026785612,7.605654885992408,14.660818967968225,20.976428873836994
1440,206.181853696,47667,3476,2228,9989,98,2.395784016698599,2.887914888560772,6.061615189537406,2.121951198205352,5.98096358589828,14.164529973641038,19.981306977570057
1441,206.279327164,47579,3498,2228,10003,97,2.3618610575795174,1.6926981043070555,4.348658956587315,3.063173033297062,5.695710191503167,13.107542181387544,17.72963209077716
1442,206.376802174,47553,3349,2228,10005,96,2.4238359183073044,4.205260891467333,4.1231459472328424,2.1785779390484095,9.65201505459845,15.953738940879703,23.164663929492235
1443,206.474281517,47501,3296,2229,10019,96,2.3616899270564318,2.6874199975281954,7.447938900440931,2.0557378884404898,5.474626086652279,14.9783028755337,20.550401182845235
1444,206.669221078,47288,3198,2230,9716,96,2.3538360837846994,2.735178917646408,4.62467479519546,2.6851450093090534,9.717317298054695,17.02713710255921,22.80483115464449
1445,206.864170848,47158,3181,2231,9843,96,2.3849839344620705,2.9295531567186117,4.0450310334563255,2.046820940449834,11.264511849731207,17.356363823637366,23.38490611873567
1446,206.961661024,47153,3001,2232,9881,98,2.393689937889576,4.243743140250444,4.2849399615079165,2.538010012358427,10.314945131540298,17.137895105406642,24.360632989555597
1447,207.059118034,47050,3022,2233,9890,99,2.4008038453757763,1.658284105360508,8.38112598285079,2.607339061796665,6.831086007878184,17.81955105252564,22.496653953567147
1448,207.156591419,46853,2982,2234,9914,97,2.468740101903677,3.1710038892924786,4.788341000676155,2.4258599150925875,8.327326038852334,15.541526954621077,21.815910004079342
1449,207.254063512,46684,2933,2234,9915,96,2.42416700348258,3.7805349566042423,3.668225137516856,1.863888930529356,7.577681913971901,13.109795982018113,19.86390701495111
1450,207.351539522,46522,2882,2235,9687,98,2.363814041018486,4.589128773659468,3.851819084957242,2.753122942522168,8.762129116803408,15.367071144282818,22.884550038725138
1451,207.644003801,46351,2851,2235,9768,96,2.378592034801841,2.685236046090722,6.2389369122684,1.8988540396094322,5.646616918966174,13.784407870844007,19.433490931987762
1452,207.741433728,46189,2902,2238,9827,94,2.4174749851226807,1.7066649161279202,4.128786968067288,2.4999589659273624,5.675521912053227,12.304267846047878,16.963709145784378
1453,207.838907112,46056,2826,2239,9847,95,2.7327740099281073,3.240114077925682,4.95121581479907,4.025524016469717,9.340131189674139,18.316871020942926,24.899761890992522
1454,207.936391164,45996,2877,2240,9868,95,2.431621076539159,1.760224113240838,5.390838952735066,2.157467184588313,6.4681959338486195,14.016502071171999,18.785187043249607
1455,208.033854882,46010,3013,2245,9922,94,2.8557840269058943,2.890370087698102,4.734410205855966,2.20841309055686,8.312417892739177,15.255241189152002,21.72057214193046
1456,208.131329308,45811,3189,2248,9778,99,2.3457601200789213,4.116253927350044,3.9882638957351446,2.5251759216189384,6.461573066189885,12.975012883543968,20.004911115393043
1457,208.228803985,45646,3300,2250,9882,93,2.3448190186172724,2.5649811141192913,4.505072021856904,4.620257066562772,5.780968815088272,14.906297903507948,20.365915959700942
1458,208.521271139,45264,3442,2254,9923,97,2.386145992204547,3.045099088922143,4.5353879686445,5.890433909371495,5.952992243692279,16.378814121708274,22.382790921255946
1459,208.618698024,45004,3524,2256,9945,99,2.399310003966093,1.7749720718711615,3.9100381545722485,1.9987199921160936,6.917456863448024,12.826215010136366,17.572978977113962
1460,208.716171784,44763,4042,2264,10044,95,2.431882079690695,2.6626838371157646,4.867278970777988,1.9167768768966198,8.936827071011066,15.720882918685675,22.649721009656787
1461,208.81364521,44664,4179,2268,10103,96,2.37689889036119,2.1689089480787516,5.836945027112961,2.0265530329197645,6.816816981881857,14.680315041914582,19.797733053565025
1462,208.911119887,44564,4312,2271,9917,98,2.402166137471795,8.122090948745608,4.4168271124362946,3.19943786598742,6.712934002280235,14.32919898070395,25.417069904506207
1463,209.008593022,44664,4814,2278,10138,93,2.3898431099951267,4.647508030757308,4.403511062264442,1.9158250652253628,7.511839736253023,13.831175863742828,21.537028020247817
1464,209.106067156,44356,5436,2290,10362,90,2.3399898782372475,2.6400310453027487,4.989296896383166,3.0661688651889563,7.375274319201708,15.43074008077383,20.974755054339767
1465,209.398488811,43910,4992,2294,10419,90,2.371578011661768,2.964859129860997,4.738207906484604,2.0142400171607733,6.188360974192619,12.940808897837996,18.835570896044374
1466,209.495961821,43811,5138,2298,10496,89,2.579697873443365,2.243588911369443,7.828200934454799,2.6878209318965673,6.4190831035375595,16.935104969888926,22.32439210638404
1468,209.690933132,43676,6295,2316,10833,92,2.4829271715134382,3.1396460253745317,6.352550117298961,2.123133046552539,5.9847307857126,14.4604139495641,20.670426078140736
1469,209.788388767,43531,5857,2319,10334,93,2.341542160138488,2.9119900427758694,5.927183199673891,4.563009832054377,5.644273944199085,16.134466975927353,21.91854198463261
1470,209.885857068,43394,5328,2320,10735,92,2.3782409261912107,5.0988830626010895,5.266687134280801,1.940350979566574,8.157296804711223,15.364334918558598,23.444527992978692
1471,209.98333787,43184,5015,2320,10786,92,2.4112029932439327,2.665688982233405,5.048197926953435,6.148898042738438,6.503923097625375,17.701019067317247,23.344060173258185
1472,210.080804713,43186,4831,2321,10838,91,2.3914859630167484,3.686839947476983,5.045172991231084,5.644954973831773,7.456886116415262,18.14701408147812,24.810493923723698
1473,210.275751524,42758,5697,2322,10856,91,2.34916596673429,2.6541179977357388,7.429403951391578,2.0707049407064915,5.775751080363989,15.275859972462058,20.82561608403921
1474,210.373227617,42554,5221,2323,10874,91,2.4086679331958294,2.623559907078743,6.7240342032164335,2.0449371077120304,6.698627723380923,15.467599034309387,21.42632007598877
1476,210.568173553,42052,4098,2323,10390,96,2.434547059237957,2.686767838895321,4.31921286508441,2.681327983736992,6.10913522541523,13.109676074236631,18.81345105357468
1477,210.665649063,42018,4177,2324,10729,92,2.3701959289610386,1.7133858054876328,6.709377048537135,1.9987709820270538,6.5594560001045465,15.267604030668736,19.888393115252256
1478,210.763122906,41874,4579,2326,10852,91,2.330270828679204,3.1131671275943518,6.070472067221999,2.0407489500939846,7.554136915132403,15.665357932448387,21.690755151212215
1479,210.860594458,41651,4610,2326,10860,91,2.5263181887567043,3.305475926026702,5.059638991951942,1.8562539480626583,9.852650109678507,16.768543049693108,23.37949606589973
1480,210.958069967,41327,4075,2327,10897,91,2.387288026511669,3.087499178946018,8.392696967348456,2.026663161814213,7.460302673280239,17.87966280244291,23.942238884046674
1481,211.153016445,40754,4160,2328,10915,91,2.4349270388484,5.005076993256807,5.066311918199062,1.9287890754640102,8.124505868181586,15.119606861844659,23.09677703306079
1482,211.250490289,40630,4749,2331,10477,94,2.338796854019165,6.320229033008218,6.965325912460685,3.2823728397488594,7.983241230249405,18.23093998245895,27.480551972985268
1483,211.445484058,40030,4871,2332,10807,90,2.3754150606691837,4.223283845931292,5.916584050282836,3.7804250605404377,6.645686691626906,16.34269580245018,23.515440989285707
1484,211.542913026,39790,4855,2334,10901,90,2.6233899407088757,1.8424680456519127,7.272250950336456,2.3365130182355642,8.076394908130169,17.68515887670219,22.778451908379793
1485,211.640430536,39544,4262,2334,10919,90,2.3200418800115585,2.9435500036925077,9.315764997154474,1.95979792624712,5.937682930380106,17.2132458537817,23.03060400299728
1486,211.737859796,39400,4463,2335,10935,90,2.3708671797066927,3.0960249714553356,5.977035965770483,2.070534974336624,7.826619083061814,15.874190023168921,21.877956110984087
1487,211.835333806,39312,4737,2336,10957,89,2.3424241226166487,2.6409421116113663,5.1145420875400305,1.9861971959471703,7.866652682423592,14.967391965910792,20.488424925133586
1488,212.030280742,38966,5108,2340,10426,94,2.3846731055527925,3.7757670506834984,6.026939023286104,3.714571939781308,6.95020891726017,16.691719880327582,23.419822100549936
1489,212.127755752,38796,4870,2341,10812,88,2.392728114500642,3.0097230337560177,5.304216872900724,2.188496058806777,6.381673971191049,13.87438690289855,19.819474080577493
1491,212.322701688,38604,5112,2346,10977,89,2.750878920778632,2.9269380029290915,5.949455080553889,2.0459291990846395,6.448898697271943,14.444282976910472,20.769721129909158
1492,212.420176989,38356,5082,2349,11037,90,2.4564771447330713,1.7711450345814228,6.879725959151983,2.1503649186342955,8.913882076740265,17.943972954526544,22.71526283584535
1493,212.517651083,38405,5296,2351,11085,89,2.3447182029485703,3.242006991058588,5.817236844450235,1.945852069184184,5.982325877994299,13.745414791628718,19.861171022057533
1494,212.615123509,37856,4730,2353,11134,88,2.4428819306194782,2.800500951707363,6.655015051364899,1.9821098539978266,7.836957927793264,16.47408283315599,22.298462921753526
1495,212.712597435,37912,4150,2354,10532,97,2.3301809560507536,2.6086419820785522,5.7861898094415665,5.890795029699802,7.010249188169837,18.687234027311206,24.191546952351928
1496,212.907545705,37725,4333,2354,10939,90,2.583544934168458,2.8607440181076527,6.060883868485689,2.9105369467288256,6.185917183756828,15.157337998971343,21.23403106816113
1497,213.005019298,37631,4785,2356,11063,89,2.3762471973896027,2.790333004668355,5.503460066393018,4.180625081062317,6.1017288826406,15.785814030095935,21.51286299340427
1499,213.200014526,37135,4489,2357,11095,89,2.3835510946810246,3.528574015945196,6.149769062176347,2.9124210122972727,6.618145853281021,15.68033592775464,22.1631801687181
1500,213.297441744,36855,4526,2358,11102,89,2.3462309036403894,4.017669009044766,5.212725838646293,3.5862508229911327,8.862258167937398,17.661234829574823,24.604809936136007
1501,213.394913837,36932,4670,2360,11119,89,2.3097828961908817,4.350963048636913,7.080931914970279,2.152628032490611,5.93394716270268,15.16750711016357,22.419139044359326
1502,213.492388639,36790,5575,2367,10600,94,2.367360983043909,2.7538337744772434,6.4404739532619715,3.009401960298419,5.716488929465413,15.166364843025804,20.87540994398296
1503,213.589861482,36654,5661,2373,11213,88,2.3118460085242987,2.726583043113351,6.057607010006905,7.203090935945511,10.744590079411864,24.00528802536428,29.589578974992037
1504,213.88228197,36138,5082,2376,11291,89,2.601990010589361,5.503068910911679,5.617303075268865,3.1260510440915823,8.9646577835083,17.708011902868748,26.381454896181822
1505,213.979758104,36237,5116,2377,11308,89,2.418487099930644,2.1394239738583565,8.626946015283465,2.1261500660330057,6.567600881680846,17.320696962997317,22.425019880756736
1507,214.174710499,36004,6146,2389,11597,87,2.4192780256271362,2.902562962844968,7.098856149241328,2.188426209613681,6.031086668372154,15.318369027227163,21.205246914178133
1508,214.272179925,35713,5598,2390,11630,87,2.316385041922331,4.384455969557166,5.285813007503748,2.1954888943582773,5.576837109401822,13.058139011263847,20.291486056521535
1509,214.369653185,35698,5341,2394,10901,91,2.2602700628340244,2.670577960088849,5.686703138053417,2.8554738964885473,10.667003924027085,19.20918095856905,24.854236049577594
1510,214.467126195,35653,5393,2396,11575,87,2.609513932839036,4.421014105901122,8.335009915754199,3.241847036406398,6.439381977543235,18.01623892970383,25.60799685306847
1511,214.662073423,35462,6564,2407,11805,88,2.3380150087177753,3.1026070937514305,6.501098163425922,2.4431319907307625,5.690439837053418,14.634669991210103,20.62098286114633
1512,214.759546891,35418,6371,2414,11969,88,2.3730311077088118,2.7898410335183144,7.475461112335324,3.4503969363868237,6.680513033643365,17.606371082365513,23.399663856253028
1514,214.954497161,35323,6118,2419,12105,87,2.3202330339699984,2.721623983234167,6.898931926116347,1.9925390370190144,5.679971072822809,14.571442035958171,20.131458062678576
1515,215.051968462,35340,6130,2420,12128,87,2.2963578812777996,1.9983500242233276,5.774428136646748,2.48258700594306,11.06593874283135,19.322953885421157,24.180063977837563
1516,215.14944493,35224,6452,2422,11155,98,2.307798946276307,2.7015358209609985,10.827564867213368,2.5816720444709063,5.858745193108916,19.26798210479319,24.839358869940042
1517,215.246960482,35387,6752,2427,12061,87,2.4158109445124865,2.699753036722541,5.881557008251548,1.9439079333096743,6.613288074731827,14.438753016293049,20.10903600603342
1518,215.539338469,35903,6506,2431,12215,86,2.39144591614604,6.13796804100275,8.039305917918682,1.9957649055868387,8.53197812102735,18.56704894453287,27.632435085251927
1519,215.636811063,36235,6522,2432,12237,86,2.3900128435343504,1.6986089758574963,10.091787204146385,3.2784459181129932,5.7445308193564415,19.11476394161582,23.735683178529143
1521,215.831759499,36550,6639,2437,12329,87,2.3381460923701525,2.6864069513976574,7.122850976884365,2.5610628072172403,8.105280343443155,17.78919412754476,23.47407303750515
1522,215.929233342,36705,6364,2438,12375,87,2.3211240768432617,2.6159659028053284,6.109154084697366,2.0946399308741093,11.34881004691124,19.552604062482715,25.36838804371655
1523,216.026707477,36997,6391,2442,11468,92,2.348005073145032,2.693630987778306,8.18624091334641,2.7923360466957092,5.644744960591197,16.623321920633316,22.200069157406688
1524,216.124182237,37118,6460,2443,12235,86,2.407755935564637,1.6490970738232136,10.6562040746212,2.5185130070894957,6.677297875285149,19.852014956995845,24.689879035577178
1525,216.319129423,37954,6922,2450,12418,86,2.3397491313517094,2.6643769815564156,6.967409979552031,2.1487311460077763,5.711189936846495,14.827331062406301,20.371366990730166
1526,216.416603308,38445,6741,2454,12503,86,2.3525329306721687,2.7113049291074276,9.037404088303447,3.550815163180232,5.674219923093915,18.262439174577594,23.900542175397277
1528,216.611551161,39322,6770,2459,12588,87,2.40933895111084,2.7970350347459316,7.881110068410635,2.086515072733164,6.365173030644655,16.332798171788454,22.095943801105022
1529,216.709025504,39666,6803,2460,12589,87,2.328858943656087,1.8510438967496157,6.240729941055179,2.084772102534771,7.942463969811797,16.267966013401747,21.044024964794517
1530,216.806498347,39901,7073,2465,11605,92,2.371608978137374,3.867398016154766,6.420084973797202,3.6965080071240664,7.824805099517107,17.941398080438375,24.772602831944823
1531,216.904012857,39974,6879,2468,12474,88,2.4267418775707483,4.685560008510947,8.006965043023229,3.090023063123226,5.709055811166763,16.806043917313218,24.472531862556934
1532,217.196393386,39841,6666,2470,12550,86,2.3432548623532057,2.8968611732125282,8.108844980597496,2.0655449479818344,7.623870158568025,17.798260087147355,23.60642096027732
1533,217.293868479,39650,6699,2472,12581,88,2.3114958312362432,1.6414918936789036,9.3408920802176,2.0617989357560873,5.718142027035356,17.120833043009043,21.60801086574793
1535,217.488814999,39927,6745,2478,12678,87,2.3104038555175066,3.9294641464948654,7.106200093403459,2.9960169922560453,5.665652919560671,15.767870005220175,22.545746061950922
1536,217.586288883,39761,6556,2479,12699,87,2.3252118844538927,2.8868531808257103,6.4763210248202085,2.0609169732779264,5.974991945549846,14.51222994364798,20.249438006430864
1537,217.683762102,39812,6588,2484,11608,91,2.489518839865923,2.6438378263264894,10.618644068017602,2.9875808395445347,8.034316124394536,21.640541031956673,27.354284888133407
1538,217.78123507,39412,6796,2489,12596,87,2.3579031694680452,2.7034799568355083,11.423039017245173,2.264348091557622,5.570865934714675,19.25825304351747,24.854046059772372
1539,217.976184631,39618,6626,2493,12682,87,2.384271938353777,3.1371410004794598,6.686864886432886,1.9897138699889183,10.640865191817284,19.317443948239088,25.39625088684261
1541,218.268606035,39833,6898,2500,12816,88,2.3409409914165735,2.7428329922258854,7.937586167827249,4.735131980851293,6.014255806803703,18.686973955482244,24.34882102534175
1542,218.366078462,39819,6911,2505,12929,86,2.352483104914427,2.435909118503332,6.571609061211348,3.3148140646517277,7.848678855225444,17.73510198108852,23.08486495167017
1543,218.463552555,39895,6966,2509,13001,87,2.3965558502823114,3.025091951712966,5.809593014419079,2.1324511617422104,8.921596687287092,16.86364086344838,23.882176959887147
1544,218.561026856,40119,6975,2511,11781,96,2.3359209299087524,1.6351498197764158,8.431930094957352,3.127603093162179,8.605466922745109,20.16500011086464,24.7493798378855
1545,218.658499908,40326,6774,2512,12762,88,2.4383128620684147,2.9323589988052845,5.919578950852156,6.487390957772732,8.56815604493022,20.975125953555107,26.941954158246517
1546,218.853450219,40114,7303,2520,12961,88,2.3317940067499876,2.728136023506522,7.084378972649574,3.1237159855663776,7.806198904290795,18.014293862506747,23.63178809173405
1547,218.950931562,40279,7360,2530,13126,87,2.3596370592713356,3.239522920921445,7.5815292075276375,2.0077580120414495,5.60582079924643,15.195108018815517,21.34432806633413
1549,219.145869374,40867,7076,2533,13188,87,2.3706259671598673,4.257979104295373,5.86762186139822,3.572777146473527,7.386032957583666,16.826431965455413,24.002482881769538
1550,219.24334255,40994,7085,2534,13229,88,2.3361120838671923,1.6378050204366446,8.295174920931458,2.054844982922077,5.863164085894823,16.21318398974836,20.736770005896688
1551,219.340816976,41057,7077,2539,12099,93,2.4127259384840727,2.67485692165792,6.279723020270467,4.971844842657447,5.968611221760511,17.220179084688425,22.95098500326276
1552,219.633239339,41621,6994,2543,13039,88,2.3367730900645256,2.6252339594066143,8.425739128142595,2.862527035176754,5.6221329141408205,16.91039907746017,22.422074107453227
1553,219.730752266,41856,7028,2545,13128,88,2.3575120139867067,1.7042490653693676,6.123520899564028,1.9942419603466988,8.78160516731441,16.899368027225137,21.52197016403079
1555,219.925660327,42078,7418,2553,13283,89,2.3354908917099237,2.6633450761437416,8.851966820657253,2.6567219756543636,6.297587184235454,17.80627598054707,23.36453809402883
1556,220.02313492,42017,7228,2559,13413,88,2.3720490280538797,2.6325969956815243,8.672460913658142,2.609413815662265,5.689669167622924,16.97154389694333,22.529124980792403
1557,220.120608805,42402,7247,2561,13478,88,2.399700926616788,2.019269857555628,6.441435078158975,2.172175096347928,8.960540872067213,17.574151046574116,22.579068085178733
1558,220.413028709,42729,7028,2564,12122,89,2.4223129730671644,2.8978530317544937,6.92921900190413,5.548093002289534,7.486690767109394,19.964002771303058,25.851152138784528
1559,220.510503427,43049,7043,2564,13088,87,2.3855550680309534,2.0087789744138718,6.26735994592309,1.9277471583336592,8.877364685758948,17.072471790015697,22.020412143319845
1561,220.705451114,43467,6819,2567,13197,88,2.3525129072368145,2.69145704805851,5.918676964938641,2.011955948546529,6.483223056420684,14.413855969905853,20.08628216572106
1562,220.802924123,43539,6739,2567,13216,88,2.370986854657531,2.7168840169906616,6.517358124256134,2.0521609112620354,5.578479962423444,14.147998997941613,19.797072047367692
1563,220.900399633,43478,6917,2577,13377,90,2.340971026569605,3.893987974151969,9.524475084617734,2.056680154055357,5.7841946836560965,17.365349922329187,24.165086913853884
1564,220.997872018,43582,6989,2579,13404,90,2.5767420884221792,1.7969629261642694,7.833641022443771,2.216277876868844,8.378871250897646,18.42879015021026,23.409262066707015
1565,221.290292672,44107,6408,2580,12125,93,2.3706271313130856,2.7132579125463963,7.916947128251195,2.6798758190125227,5.622983211651444,16.219806158915162,21.836578845977783
1566,221.387769515,44136,6428,2582,13043,88,2.620544983074069,1.9327469635754824,5.902988137677312,2.0222249440848827,8.393978932872415,16.31919201463461,21.45021501928568
1568,221.582713743,44419,6966,2593,13311,93,2.382229082286358,3.134296042844653,9.093849919736385,2.698961878195405,7.701813243329525,19.494625041261315,25.613025994971395
1569,221.680187628,44553,6928,2597,13388,92,2.3770888801664114,3.7491871044039726,7.478716783225536,5.915140965953469,6.260466296225786,19.654324045404792,26.339416159316897
1570,221.777668263,44654,6592,2599,13466,93,2.8613258618861437,3.3600388560444117,10.243821889162064,2.7532230596989393,7.526877103373408,20.52392205223441,27.29047485627234
1571,222.070084334,44163,6821,2607,13621,93,2.37553589977324,3.8024159148335457,6.466392194852233,3.0833010096102953,7.389749865978956,16.939443070441484,23.67378701455891
1572,222.16755751,44027,6831,2610,12474,95,2.3470530286431313,2.050427021458745,7.7910819090902805,2.673783805221319,7.581419311463833,18.046285025775433,23.004634073004127
1573,222.265030104,44136,6299,2612,13270,94,2.4047610349953175,2.9094049241393805,5.91991888359189,2.869530115276575,7.301965961232781,16.091414960101247,21.94098406471312
1574,222.362516322,44287,6307,2612,13301,94,2.394481096416712,1.6571308951824903,7.850312860682607,1.9248430617153645,6.58558402210474,16.36073994450271,21.00747707299888
1575,222.459978873,44253,6317,2612,13322,94,2.373521914705634,2.644138876348734,7.620241027325392,3.304454032331705,5.4932518396526575,16.417946899309754,21.981959929689765
1576,222.557465175,44016,6292,2614,13374,94,2.340601058676839,2.692508976906538,8.18952708505094,2.9240630101412535,6.5316439140588045,17.645234009251,23.400895996019244
1577,222.849874454,44183,5996,2616,13432,94,2.4192980490624905,2.6621720753610134,5.889581982046366,2.198314992710948,6.4557320438325405,14.543629018589854,20.17469797283411
1578,222.947350047,44180,5868,2616,12331,98,2.4011938367038965,2.935884054750204,6.004336988553405,2.8110009152442217,6.014898186549544,14.83023609034717,20.80341405235231
1580,223.142295775,43862,6049,2623,13140,94,2.407856984063983,2.8336329851299524,5.838726880028844,2.122442005202174,6.446285173296928,14.407454058527946,20.199054153636098
1581,223.239769202,43816,5990,2628,13254,93,2.377229044213891,2.841247944161296,6.593519821763039,3.713309997692704,6.185095990076661,16.491925809532404,22.312078857794404
1582,223.337244295,43989,5823,2628,13260,92,2.387479180470109,2.704170998185873,7.939058123156428,2.8861919417977333,8.073950884863734,18.899200949817896,24.56490509212017
1583,223.629665241,43867,5799,2632,13359,92,2.3391679860651493,2.6091928593814373,7.788126124069095,2.2807589266449213,5.551039008423686,15.619924059137702,21.105180028826
1584,223.727138917,43914,5941,2635,13412,92,2.3361220955848694,3.0403609853237867,7.615492912009358,2.9401418287307024,7.840805221349001,18.39643996208906,24.36464000493288
1586,223.922088312,44012,5362,2637,12323,98,2.550713950768113,2.9175200033932924,6.595824845135212,3.548210021108389,6.514722015708685,16.658756881952286,22.6966580376029
1587,224.019559988,43918,5402,2638,12945,93,2.36332300119102,1.6230579931288958,7.276819087564945,2.065926091745496,5.915801739320159,15.2585469186306,19.78414715267718
1588,224.117033873,43710,5571,2644,13111,94,2.307979855686426,2.7561290189623833,8.418885990977287,2.938619814813137,5.657859146595001,17.015364952385426,22.615666035562754
1589,224.214507674,43595,5686,2648,13186,93,2.364285057410598,2.9265170451253653,8.466876111924648,2.869429998099804,5.9842008631676435,17.320506973192096,23.174693109467626
1590,224.506931204,43666,5235,2650,13243,93,2.529714023694396,2.9507121071219444,6.288018077611923,2.221818082034588,7.7433527912944555,16.253188950940967,22.303482051938772
1591,224.604402839,43831,5281,2652,13300,92,2.370476955547929,1.6748250927776098,8.339327992871404,2.0406090188771486,6.491820095106959,16.87175710685551,21.488056052476168
1592,224.701878432,43606,5561,2657,12339,95,2.4278429336845875,2.7494560927152634,6.264534080401063,4.315225873142481,6.610032171010971,17.189792124554515,22.894358029589057
1593,224.799351192,43547,5588,2660,13035,93,2.371738897636533,1.9205340649932623,5.757224978879094,3.369355108588934,5.569022847339511,14.695602934807539,19.53906798735261
1594,224.89682416,44103,5488,2663,13183,93,2.3661479353904724,2.748353173956275,7.015781011432409,4.3091250117868185,5.451803095638752,16.77670911885798,22.472579032182693
1595,224.994299419,44057,5339,2667,13268,93,2.3603281006217003,2.9824119992554188,6.4160181209445,2.158300019800663,13.162143062800169,21.736461203545332,27.694893069565296
1596,225.286719991,43786,5434,2674,13422,94,2.382538979873061,2.960250014439225,6.797573063522577,2.094180090352893,7.518869824707508,16.41062297858298,22.31936203315854
1597,225.384194125,43749,5458,2677,13465,94,2.3922768887132406,1.7212710808962584,6.150461034849286,1.9997421186417341,5.531782982870936,13.681986136361957,18.334244145080447
1599,225.579142728,43621,5134,2680,12353,100,2.406324027106166,3.049116116017103,7.462284993380308,2.695905975997448,7.318397983908653,17.47658895328641,23.671632865443826
1600,225.676614613,43460,5169,2681,13119,96,2.3548570461571217,2.918172162026167,6.175657967105508,2.1520371083170176,9.123646887019277,17.451341962441802,23.342086002230644
1601,225.774088289,43381,5451,2688,13262,96,2.365818014368415,2.62784818187356,7.473937934264541,3.2020630314946175,5.34898997284472,16.024990938603878,21.553297992795706
1602,226.066510944,43146,5123,2689,13268,97,2.4320108350366354,3.140829037874937,8.844333002343774,2.178656868636608,5.769568029791117,16.7925579007715,22.958839079365134
1603,226.16398337,42994,5140,2689,13278,97,2.3431649897247553,1.8507740460336208,5.701892077922821,1.9099342171102762,7.7253286726772785,15.337154967710376,20.096882013604045
1605,226.358931432,42419,5233,2696,13389,98,2.3175878450274467,2.670679008588195,6.646368885412812,1.9967569969594479,5.952100269496441,14.595226151868701,20.11433499865234
1606,226.456408066,42211,5097,2698,12367,102,2.377880970016122,2.5746889878064394,9.447260992601514,3.493577940389514,5.893880967050791,18.83471990004182,24.37938703224063
1607,226.55387916,41969,4959,2699,13017,96,2.7723091188818216,3.005885984748602,6.817449815571308,2.2729940246790648,8.634018246084452,17.724462086334825,24.122175993397832
1608,226.651395628,41921,5006,2701,13126,96,2.823685063049197,2.0285160280764103,5.8689238503575325,1.959466841071844,8.436099393293262,16.264490084722638,21.66258217766881
1609,226.94377624,42573,5106,2710,13361,96,2.375626005232334,2.9965280555188656,5.814041011035442,2.7977561112493277,9.133633924648166,17.745431046932936,23.681160993874073
1610,227.041248625,42305,5136,2713,13424,95,2.3618200793862343,2.0010049920529127,5.880776094272733,2.7068660128861666,6.471911910921335,15.059554018080235,19.97108687646687
1611,227.138721718,41941,5233,2716,13478,95,2.4022147990763187,2.7635020669549704,8.632767014205456,2.701655961573124,6.385070038959384,17.719493014737964,23.42551201581955
1612,227.236195853,41894,5190,2719,12669,99,2.321694977581501,1.689061988145113,5.69586013443768,2.5479188188910484,11.118086986243725,19.361865939572453,23.93411402590573
1613,227.333669655,41728,5177,2721,13276,94,2.3866971023380756,2.7969451621174812,7.523471023887396,2.0705650094896555,5.503349006175995,15.097385039553046,20.853648893535137
1614,227.431142998,41579,5020,2721,13312,95,2.3332571145147085,2.7269939891994,5.05849695764482,1.9495189189910889,6.09094905667007,13.098964933305979,18.719895975664258
1615,227.723565902,40912,5079,2722,13331,94,2.358383033424616,2.7819371316581964,5.608666921034455,2.065555891022086,6.654254160821438,14.32847697287798,20.049803890287876
1616,227.821037953,40892,5090,2726,13416,94,2.3322750348597765,1.9730620551854372,5.595872178673744,2.0135780796408653,5.444620735943317,13.054070994257927,17.891044029965997
1618,228.015989098,40927,5098,2730,13500,95,2.3726108483970165,2.7229359839111567,7.116458844393492,2.403547987341881,5.96008519642055,15.480092028155923,21.147759165614843
1619,228.113460608,40748,5007,2733,12522,96,2.3876791819930077,5.719293840229511,5.768315866589546,5.347388098016381,5.579572170972824,16.69527613557875,25.364991975948215
1620,228.210934951,40406,5061,2734,13212,94,2.333106007426977,2.747762016952038,9.062732104212046,3.110230900347233,5.4341088980436325,17.60707190260291,23.219906957820058
1621,228.308453002,40239,5141,2738,13329,94,2.43515707552433,2.833261853083968,5.7528570760041475,2.001445973291993,11.718330904841423,19.472633954137564,26.178142987191677
1622,228.503355064,39720,5007,2740,13385,94,2.6109260506927967,2.7824779972434044,6.624206900596619,2.1933650132268667,6.477072136476636,15.294644050300121,21.31412085145712
1623,228.60082974,39584,4965,2741,13405,94,2.381257014349103,1.650318969041109,9.942478034645319,2.0999200642108917,5.377122899517417,17.419520998373628,22.010423941537738
1624,228.79577626,39594,5394,2745,13464,94,2.461516996845603,2.838362008333206,6.043129833415151,2.1130540408194065,6.229039281606674,14.385223155841231,20.284464117139578
1625,228.893252311,39668,5421,2749,12627,102,2.4102709721773863,1.9154848996549845,11.459446977823973,2.653145929798484,5.491788266226649,19.604381173849106,24.471008218824863
1626,228.990725738,39467,5595,2753,13404,95,2.3542658891528845,2.736882073804736,5.779387196525931,4.876956809312105,6.005119066685438,16.661463072523475,22.290297783911228
1627,229.088198372,39566,5583,2756,13484,97,2.333938144147396,3.356191096827388,6.608687806874514,2.292610937729478,7.7146494295448065,16.615948174148798,22.839275188744068
1628,229.380620069,39140,6009,2764,13640,94,2.361560007557273,2.866484923288226,6.246530916541815,1.9974778406322002,5.519109079614282,13.763117836788297,19.53631406649947
1629,229.478093995,38877,5993,2767,13688,95,2.3600070271641016,1.7246180213987827,5.774477031081915,2.5315480306744576,5.516694858670235,13.822719920426607,18.44394882209599
1631,229.673041848,38593,5778,2771,13771,97,2.537048887461424,2.905807923525572,6.587468786165118,2.133903792127967,6.768768420442939,15.490140998736024,21.520106121897697
1632,229.770523066,38649,6016,2775,12879,101,2.3051949683576822,2.606318099424243,9.268426103517413,2.7170651592314243,5.588749656453729,17.574240919202566,23.13894615508616
1633,229.867989034,38491,6582,2785,13755,94,2.335451077669859,2.7417209930717945,6.317563122138381,2.9190329369157553,8.715742733329535,17.95233879238367,23.58252601698041
1634,229.965462419,38502,6616,2792,14000,92,2.459482988342643,1.7139469273388386,7.155130850151181,1.958184875547886,5.673178238794208,14.786493964493275,19.532506819814444
1635,230.16041323,38528,6373,2796,14091,93,2.343726111575961,2.654087031260133,6.339343963190913,2.5575270410627127,9.689945029094815,18.58681603334844,24.161278968676925
1636,230.257886365,38517,6297,2797,14108,93,2.4173439014703035,3.0006158631294966,6.958644138649106,2.8320509009063244,10.452280985191464,20.242976024746895,27.542687952518463
1637,230.452831885,38057,6962,2808,14312,92,2.3335570003837347,4.132324131205678,9.16977203451097,4.757865099236369,6.964803673326969,20.89244080707431,27.932516997680068
1638,230.550305728,37809,6946,2810,13127,104,2.3416520562022924,1.7829469870775938,6.583991926163435,6.109343841671944,6.388647016137838,19.081982783973217,23.7756569404155
1639,230.647780029,37806,6804,2812,14156,92,2.4202801287174225,3.001035889610648,7.621323922649026,1.9636647775769234,6.320719374343753,15.905708074569702,21.876011975109577
1640,230.940201392,38192,7131,2818,14307,93,2.3537548258900642,2.6135011576116085,7.75802880525589,3.690265817567706,5.5494774132966995,16.997772036120296,22.515799151733518
1641,231.037676777,38549,7495,2824,14443,93,2.3661479353904724,3.077730070799589,7.218689890578389,3.7182490341365337,5.944475997239351,16.881414921954274,22.969819139689207
1643,231.232621921,38939,6920,2824,14449,93,2.3225669283419847,3.009503008797765,6.545610027387738,2.711003879085183,9.645181009545922,18.901794916018844,24.79538507759571
1644,231.330097139,38776,7102,2830,14628,93,2.3577020037919283,2.655640011653304,8.4248969797045,2.4739301297813654,5.916142836213112,16.814969945698977,22.398890927433968
1645,231.427570274,38511,7347,2835,13398,100,2.3516009096056223,3.439387073740363,8.64303600974381,3.9453941863030195,5.823297658935189,18.41172785498202,24.786949157714844
1646,231.719995512,37899,6683,2838,14373,94,2.319721970707178,2.6640458963811398,5.943614058196545,2.1480899304151535,5.939186085015535,14.030890073627234,21.13110781647265
1647,231.81746523,37969,6692,2841,14512,94,2.330722054466605,1.660236855968833,8.485750993713737,2.0729699172079563,6.400048034265637,16.95876894518733,21.50704083032906
1649,232.012414083,38146,7409,2850,14682,93,2.8927039820700884,3.392508951947093,11.54274307191372,2.156606176868081,5.781740648671985,19.481089897453785,26.351968059316278
1650,232.109886926,37995,7163,2851,14703,93,2.3471128661185503,2.881844062358141,7.104617077857256,3.806493943557143,6.068828050047159,16.97993907146156,22.772609954699874
1651,232.207361186,38177,6683,2852,14752,93,2.3943709675222635,2.789932070299983,7.775803096592426,2.1143469493836164,7.340108044445515,17.230258090421557,23.022367851808667
1652,232.499785382,38233,7004,2859,13576,101,2.306666923686862,3.299545031040907,9.265640983358026,3.5370299592614174,6.090458016842604,18.893128959462047,25.048229144886136
1653,232.597256892,38035,7007,2860,14594,93,2.495410153642297,1.7529500182718039,6.697104079648852,1.9656179938465357,8.46230797469616,17.125030048191547,22.054826142266393
1655,232.792206745,38345,6500,2862,14666,93,2.493406878784299,6.9118759129196405,6.356396013870835,2.386125037446618,8.105810964480042,16.848332015797496,26.951350970193744
1656,232.889680004,38530,6597,2867,14747,94,2.3548868484795094,2.7583420742303133,6.403343984857202,1.958905952051282,6.847205106168985,15.209455043077469,20.869588013738394
1657,232.987151389,38478,6957,2874,14907,94,2.3359619081020355,2.969508059322834,6.696233060210943,1.9752669613808393,7.49263190664351,16.164131928235292,22.018638905137777
1658,233.084624816,38189,6918,2876,14976,94,2.482054987922311,2.8269400354474783,6.629857933148742,2.2820511367172003,6.065773079171777,14.977682149037719,20.904202945530415
1659,233.377090262,38311,6463,2877,13568,98,2.3840710055083036,3.501193132251501,6.056606071069837,3.061259165406227,9.895789669826627,19.01365490630269,25.45934822410345
1661,233.571993365,38309,7010,2889,14755,93,2.4697422049939632,2.758994000032544,7.442469010129571,2.132000168785453,5.670021753758192,15.244490932673216,21.061267936602235
1662,233.669468958,38038,7021,2893,14883,94,2.3225671611726284,1.7200089059770107,6.389136891812086,1.9972678273916245,5.823399173095822,14.209803892299533,18.806387204676867
1663,233.767004426,38229,6455,2894,14917,94,2.339809201657772,4.267276031896472,5.84245496429503,3.5300960298627615,7.085049990564585,16.457600984722376,23.612071061506867
1664,233.864416186,38299,6375,2896,14982,93,2.328617963939905,3.228001995012164,6.289260927587748,2.0834689494222403,7.520364131778479,15.893094008788466,22.0456188544631
1665,234.156837298,38529,7568,2907,15069,92,2.5577570777386427,2.8475900180637836,8.707216009497643,2.321343868970871,10.913065169006586,21.9416250474751,27.93028298765421
1667,234.351785901,38541,6591,2910,13984,95,2.3787219543009996,2.73101101629436,7.80119001865387,2.764964010566473,6.0442727990448475,16.61042682826519,22.333919070661068
1668,234.449263536,38741,6556,2912,14795,91,2.3902340326458216,1.7300981562584639,7.426890078932047,2.4647631216794252,6.355293793603778,16.24694699421525,20.917888963595033
1669,234.546732296,38877,7524,2920,14962,89,2.359835896641016,2.884858986362815,6.942081963643432,3.0691539868712425,7.345007034018636,17.35624298453331,23.161236895248294
1670,234.644206431,39016,8315,2933,15116,89,2.3502889089286327,1.7552650533616543,9.817484067752957,2.0313821732997894,7.129982579499483,18.97884882055223,23.625076049938798
1671,234.936628293,39862,6439,2939,15247,95,2.3396890610456467,2.651702845469117,5.9173740446567535,2.1133949048817158,8.320493157953024,16.351262107491493,21.916136844083667
1672,235.034101845,40030,6401,2941,15299,95,2.3503690026700497,1.6843120101839304,8.968485053628683,3.355330089107156,7.328134961426258,19.651950104162097,24.273999966681004
1674,235.229050406,40755,8383,2955,13864,103,2.384142018854618,2.6283590123057365,6.126394961029291,5.2887590136379,5.909249885007739,17.32440385967493,22.882475052028894
1675,235.326522833,41331,8718,2964,15187,103,2.4212109856307507,1.8077329732477665,6.485447054728866,2.119906945154071,7.691224804148078,16.296578804031014,21.080984035506845
1676,235.423996467,41382,7221,2966,15252,102,2.3413519375026226,2.8478698804974556,10.5069640558213,2.1578080486506224,5.878211930394173,18.542984034866095,24.284349055960774
1677,235.521514852,41581,7865,2973,15407,96,2.655340125784278,3.132512094452977,12.514742091298103,2.2295129019767046,7.034765090793371,21.77902008406818,28.130988124758005
1678,235.813892965,41791,9412,2984,15548,96,2.400742843747139,2.5680060498416424,7.08232494071126,2.1113320253789425,6.96438318118453,16.158040147274733,21.6639949940145
1679,235.911365933,41869,9883,3000,15819,91,2.4352979380637407,3.175141988322139,6.7225119564682245,2.097515854984522,8.23785737156868,17.057885183021426,23.21154181845486
1681,236.106316036,41872,10306,3023,14612,96,2.427042927592993,3.3171079121530056,7.513811811804771,2.802895847707987,6.277829175814986,16.594536835327744,22.901971824467182
1682,236.203788504,41907,11607,3042,16284,88,2.3632128722965717,4.0649170987308025,7.7422200702130795,4.106714855879545,6.502411095425487,18.35134602151811,25.333161931484938
1683,236.301303431,42091,10289,3047,16458,88,2.4947391357272863,4.4241000432521105,7.294100942090154,2.173617947846651,8.38570506311953,17.853423953056335,25.44739586301148
1684,236.593682502,42460,10044,3054,16605,87,2.399571007117629,2.6719600427895784,12.650556163862348,4.147581988945603,6.090328795835376,22.888466948643327,28.5340528935194
1685,236.691195803,42126,10099,3057,16659,87,2.3868370335549116,1.7145290039479733,7.751957979053259,8.189246989786625,8.432090980932117,24.373295949772,29.039970133453608
1686,236.886104156,41465,9681,3060,16742,88,2.432753099128604,6.448850035667419,8.616776904091239,6.901615997776389,13.615582138299942,29.13397504016757,38.70479785837233
1687,236.983578999,41118,10011,3067,14909,94,2.371719107031822,1.7312909476459026,7.642082870006561,3.0362720135599375,6.604992086067796,17.283346969634295,21.94099291227758
1688,237.081052842,40973,9167,3071,16309,86,2.351852133870125,2.7476518880575895,7.129553006961942,2.737283008173108,8.453481830656528,18.32031784579158,23.98760407231748
1689,237.373473247,40901,9722,3074,16534,86,2.3556880187243223,3.6066300235688686,6.442046025767922,3.041642950847745,8.241083938628435,17.724772915244102,24.391328915953636
1690,237.470949715,41014,9890,3076,16584,86,2.3384469095617533,1.7286851070821285,10.647696908563375,2.6212960947304964,9.41320788115263,22.6822008844465,27.305552968755364
1691,237.665895234,41028,10751,3084,16788,86,3.2906390260905027,3.189679002389312,7.385211996734142,2.1857009269297123,9.366930229589343,18.937843153253198,25.983800180256367
1692,237.763369494,40950,10894,3088,16881,86,2.3760669864714146,1.6558689530938864,11.656506219878793,2.1123432088643312,6.051074480637908,19.819923909381032,24.387341924011707
1693,238.055828232,41170,7911,3092,15337,93,2.3794330190867186,2.692338079214096,7.135735126212239,4.304064903408289,6.5234689973294735,17.96326902695,23.662955965846777
1694,238.153263533,41139,8002,3098,16371,87,2.326495014131069,1.851614797487855,6.28770818002522,2.1523479372262955,9.072719840332866,17.51277595758438,22.36212184652686
1695,238.250737668,41215,8961,3099,16566,87,2.3543869610875845,2.561965025961399,6.864608032628894,2.098497934639454,6.539807887747884,15.502913855016232,21.030148956924677
1696,238.348212553,41455,9125,3103,16690,87,2.8353570960462093,3.511651884764433,6.747838808223605,2.190779894590378,6.924149347469211,15.862768050283194,22.789761889725924
1697,238.640635791,41633,6450,3109,16777,88,2.369724912568927,3.094351151958108,7.994943065568805,2.8809921350330114,6.13675476051867,17.012689961120486,23.02488195709884
1698,238.7381353,41788,6616,3111,16813,88,2.357952995225787,1.6911050770431757,7.705631898716092,1.9994319882243872,6.606664042919874,16.311727929860353,20.902801072224975
1700,238.933058487,41973,7393,3115,15167,95,2.3495068307965994,2.720251912251115,7.550389971584082,2.761057112365961,9.984017116948962,20.295464200899005,25.905383052304387
1701,239.030580455,42133,6754,3119,15992,91,2.4190370459109545,2.6532751508057117,7.044703932479024,3.2135748770087957,10.296540101990104,20.554818911477923,26.350094936788082
1702,239.128005631,42411,6389,3125,16142,91,2.3962052073329687,3.7955529987812042,5.995851010084152,3.1704639550298452,7.843460189178586,17.009775154292583,23.761900840327144
1703,239.420426702,42991,7339,3129,16273,91,2.3766488302499056,3.776637837290764,6.681174971163273,2.3091821931302547,6.624366855248809,15.614724019542336,22.35847502015531
1704,239.517901129,43265,7535,3133,16350,91,2.3608379997313023,1.640639966353774,6.045393878594041,2.023136941716075,10.444086277857423,18.51261709816754,23.103819927200675
1705,239.712849482,43536,6352,3136,16437,91,2.563977846875787,3.1234959606081247,7.976918946951628,2.961292862892151,8.670957060530782,19.60916887037456,25.852253893390298
1706,239.810387783,43667,7241,3139,15004,101,2.3959639947861433,2.999423071742058,7.4766529724001884,4.4669099152088165,8.231996092945337,20.175558980554342,26.11578698270023
1707,239.907796376,43789,7405,3143,15935,92,2.3603769950568676,2.6338589377701283,6.734954891726375,1.9739540293812752,7.6655971352010965,16.374506056308746,21.899376064538956
1708,240.200217864,43755,6131,3151,16128,93,2.3306419607251883,2.654087031260133,6.946170004084706,2.189718186855316,6.3472597394138575,15.48314793035388,21.016923943534493
1709,240.297690832,43672,6263,3152,16176,93,2.4586617946624756,1.7326229717582464,8.525365963578224,2.245221985504031,6.07155286706984,16.842140816152096,21.603832952678204
1710,240.492638227,43414,7000,3154,16220,93,2.418066142126918,2.58617103099823,10.591172147542238,3.796275006607175,6.511506857350469,20.89895401149988,26.462185196578503
1711,240.590116445,43437,7157,3157,16275,92,2.3941209074109793,1.7793809529393911,6.670905044302344,2.139223972335458,7.080209907144308,15.89033892378211,20.704039139673114
1712,240.785061006,43302,6368,3162,15012,100,2.413968089967966,2.807755023241043,10.157851036638021,3.427335061132908,10.344879934564233,23.930066032335162,29.7371840570122
1713,240.882534058,43168,6456,3164,15773,91,2.557225991040468,3.729369957000017,6.058427970856428,2.1256080362945795,10.494180954992771,18.67821696214378,25.563052156940103
1714,241.077481244,43200,6934,3164,15855,90,2.3769489489495754,2.9439290519803762,7.309379987418652,2.8842780739068985,11.572988936677575,21.766646998003125,27.714528841897845
1715,241.174955545,43165,7075,3171,16059,91,2.3976268712431192,1.653584185987711,6.514642154797912,3.9618450682610273,8.604853879660368,19.081341102719307,23.66577205248177
1716,241.272491222,43172,6715,3174,16129,91,2.3435759358108044,3.5234440583735704,6.7946468479931355,3.089742036536336,6.587098119780421,16.471487004309893,22.930395090952516
1717,241.564850751,43383,6753,3177,16189,90,2.331203082576394,2.633709227666259,7.684462005272508,2.1904800087213516,7.067746948450804,16.942688962444663,22.756208898499608
1718,241.662325594,43388,6964,3183,15026,98,2.351862145587802,1.6815869603306055,7.092132931575179,2.8897488955408335,6.265294970944524,16.247176798060536,20.823501981794834
1720,241.857271322,43250,6729,3188,15892,90,2.3485259152948856,2.9283000621944666,5.957609973847866,2.1025550086051226,8.321062894538045,16.381227876991034,22.231417009606957
1721,241.954746332,43379,6915,3194,16061,89,2.650670940056443,1.9510809797793627,8.662712061777711,3.326286096125841,7.431838661432266,19.42083681933582,24.793422082439065
1722,242.052260925,43559,7278,3194,16140,89,2.5067119859158993,2.9297429136931896,6.300220964476466,2.6755379512906075,6.496448069810867,15.472206985577941,21.61821909248829
1723,242.344640538,43917,7043,3197,16211,89,2.3667889181524515,2.6092231273651123,8.38804803788662,5.355211906135082,7.626284146681428,21.36954409070313,26.96975483559072
1725,242.637061567,43976,7889,3204,16328,90,2.3385968524962664,2.544783055782318,9.506382048130035,2.3176679387688637,6.167100975289941,17.99115096218884,23.440049029886723
1726,242.734538202,44055,8191,3211,15097,100,2.3471119347959757,1.6630019526928663,7.035977905616164,2.930194139480591,5.812117829918861,15.778289875015616,20.31497098505497
1727,242.832009837,44028,7880,3219,16244,91,2.365726977586746,4.530739039182663,6.491068052127957,3.03536094725132,8.02936707623303,17.555796075612307,24.991842918097973
1728,243.124431158,44092,7577,3222,16390,91,2.9494299087673426,3.397097112610936,8.394039934501052,7.408173987641931,7.7552651055157185,23.5574790276587,30.48346098512411
1731,243.416853312,44206,7210,3224,16433,90,2.394631039351225,4.658909048885107,6.453567882999778,2.3528130259364843,6.358470069244504,15.164850978180766,22.74374500848353
1732,243.514326822,44365,7098,3232,16602,90,2.3716080468147993,2.899406012147665,6.728481967002153,2.314471872523427,8.042232366278768,17.085186205804348,22.925135912373662
1733,243.611800582,44556,7432,3236,16687,90,2.3871869780123234,2.6857159100472927,8.80311499349773,2.2764098830521107,7.649758132174611,18.72928300872445,24.373064981773496
1734,243.709283217,44691,7880,3241,15298,105,2.398759126663208,3.9056199602782726,7.383258081972599,5.069086793810129,5.897147115319967,18.349491991102695,25.214751018211246
1735,243.904224236,44918,7954,3242,16284,93,2.374574076384306,2.980487886816263,8.19250289350748,4.311258904635906,6.220691371709108,18.724453169852495,24.655563989654183
1736,244.001697246,45020,7603,3244,16461,91,2.412394853308797,2.873949008062482,6.879955995827913,2.6775109581649303,9.314562194049358,18.872029148042202,24.72132700495422
1738,244.196643641,45434,7744,3249,16589,90,2.549000084400177,3.2968500163406134,6.121807033196092,2.1406570449471474,6.718562915921211,14.98102699406445,21.39207604341209
1739,244.294118984,45423,7845,3251,16628,90,2.3634140379726887,1.6967759002000093,7.092533865943551,2.0623498130589724,12.033010367304087,21.18789404630661,26.135243009775877
1740,244.391592952,45603,8143,3253,16698,90,2.3894920013844967,3.1569579150527716,6.846853997558355,2.1816829685121775,8.498446084558964,17.526983050629497,23.816342931240797
1741,244.684012315,45828,7053,3258,15434,105,2.3929979652166367,2.748294034972787,6.856071064248681,2.986049046739936,7.2516819927841425,17.09380210377276,24.354000110179186
1743,244.976433636,45841,7173,3265,16451,90,2.4351179599761963,2.6982200797647238,5.7238328736275434,1.976539148017764,10.546338045969605,18.246710067614913,23.940515937283635
1744,245.073909562,45730,7406,3268,16611,91,2.387479180470109,1.8519058357924223,8.133912924677134,3.4265839494764805,6.31928606890142,17.879782943055034,22.66150200739503
1745,245.171382113,45666,6925,3274,16753,93,2.3781501222401857,3.6137329880148172,5.813731113448739,3.4143300727009773,7.796591846272349,17.024653032422066,23.63827987574041
1746,245.268856915,45663,6931,3277,16805,92,2.381677972152829,1.8370889592915773,7.428162032738328,2.074992982670665,6.234940141439438,15.73809515684843,20.51074616611004
1747,245.561277444,45845,6712,3280,16919,92,2.4224540684372187,3.458451945334673,10.84031816571951,3.1477510929107666,6.385110784322023,20.3731800429523,26.843348052352667
1748,245.658752246,45884,6871,3281,15590,99,2.38999305292964,1.6511399298906326,7.9554489348083735,5.035515176132321,6.17561605758965,19.166580168530345,23.759176954627037
1750,245.853699057,45950,6591,3287,16417,93,2.373741939663887,3.033636836335063,6.0487608425319195,5.9974039904773235,7.290495093911886,19.33665992692113,25.376342935487628
1751,245.951174858,46108,6885,3291,16612,93,2.390354173257947,5.531182046979666,5.8792028576135635,2.19742301851511,7.0156201254576445,15.092246001586318,23.54923402890563
1752,246.243636221,46092,6340,3294,16680,93,2.499918919056654,2.964138053357601,5.780188133940101,1.9956650212407112,8.818513713777065,16.594366868957877,22.623310098424554
1753,246.341068773,46085,6491,3297,16787,92,2.3600771091878414,1.9745861645787954,8.202590979635715,2.000644104555249,6.869476987048984,17.07271207123995,21.951102185994387
1754,246.438590574,45974,7077,3302,16884,92,2.356440993025899,2.5607820134609938,6.322762928903103,1.9657290540635586,11.59098302014172,19.879475003108382,25.540350005030632
1755,246.536014584,46039,7232,3305,15683,101,2.404850907623768,1.6616398934274912,6.634948076680303,4.883349873125553,6.284621078521013,17.80291902832687,22.40047394298017
1756,246.633528969,46007,6828,3309,16447,94,2.408578060567379,2.6511121541261673,6.337360013276339,2.387668937444687,7.650990039110184,16.37601898983121,21.968906046822667
1757,246.92591154,46544,6959,3312,16616,93,2.385745057836175,2.8786780312657356,8.406231878325343,2.323158085346222,6.911806063726544,17.64119602739811,23.442894220352173
1759,247.218332152,46466,6563,3315,16697,94,2.4406779557466507,4.324604058638215,7.652221014723182,2.121821977198124,8.727173088118434,18.50121608003974,25.829670950770378
1760,247.315807371,46462,6749,3320,16790,95,2.448432147502899,2.364525105804205,7.193273166194558,1.9346610642969608,7.043921854346991,16.17185608483851,21.55875787138939
1761,247.413279672,46506,7105,3323,16851,95,2.44690990075469,2.8516168240457773,7.177292834967375,3.6136331036686897,6.355204153805971,17.146130092442036,23.075697012245655
1762,247.51075564,46459,7395,3327,15723,105,2.378149889409542,4.209477920085192,6.970104994252324,2.5932739954441786,8.083608001470566,17.64698699116707,24.783733999356627
1763,247.803176961,46866,6732,3329,16503,94,2.358074067160487,3.0232579447329044,7.507371017709374,4.351755138486624,6.109112873673439,17.968239029869437,23.905460024252534
1764,247.900649054,46978,6890,3332,16678,94,2.5378898717463017,2.793838968500495,6.535862106829882,2.021753927692771,8.899646112695336,17.45726214721799,23.385345935821533
1766,248.095597616,47082,7231,3341,16905,94,2.4048201739788055,2.621726132929325,7.754652993753552,6.495296023786068,7.481021108105779,21.7309701256454,27.344014961272478
1767,248.193071167,47130,6996,3346,17004,94,2.4035179521888494,2.658525016158819,8.394761011004448,2.062580082565546,6.973230978474021,17.430572072044015,23.021566215902567
1768,248.388019353,47235,6699,3348,17045,95,2.4608150124549866,2.9609319753944874,6.526174023747444,2.212862018495798,11.821092804893851,20.560128847137094,26.643915101885796
1769,248.582966498,47421,7092,3352,15769,101,2.6910859160125256,2.737432951107621,9.81781492009759,2.7999510057270527,6.056604208424687,18.67437013424933,24.66176520101726
1770,248.680489633,47337,6923,3354,16534,93,2.3757158778607845,2.6708689983934164,5.847543943673372,2.055566990748048,8.130426052957773,16.033536987379193,21.63131395354867
1771,248.777914726,47459,7087,3358,16682,94,2.3835909087210894,1.633517211303115,6.863985909149051,1.955630024895072,7.380593102425337,16.20020903646946,20.749212941154838
1772,249.070336422,47565,6859,3362,16793,93,2.3991200141608715,2.7382350526750088,7.717984961345792,2.5166398845613003,5.972737213596702,16.207362059503794,21.918921964243054
1773,249.167809723,47633,6996,3366,16894,93,2.4745010305196047,1.9363339524716139,6.88839191570878,2.0743519999086857,6.186648039147258,15.149391954764724,20.139011088758707
1775,249.362800618,47856,6495,3370,16937,94,2.41098296828568,2.7302191592752934,5.731918150559068,1.9647569861263037,10.7582937926054,18.45496892929077,24.152463069185615
1776,249.460230419,47793,6637,3373,15936,99,2.381487051025033,1.6549271531403065,9.21093812212348,3.4137191250920296,5.927663762122393,18.552321009337902,23.14413501881063
1777,249.557748721,47900,6682,3374,16597,94,2.3754460271447897,3.225887194275856,7.925553014501929,2.8625368140637875,6.339285057038069,17.127374885603786,23.296451196074486
1778,249.85012675,48164,6706,3378,16772,93,2.3735719732940197,2.6090529281646013,5.83077291958034,3.4378638956695795,7.987629156559706,17.256265971809626,22.79168600216508
1779,249.947599885,48283,6441,3379,16796,92,2.517381915822625,3.111714031547308,7.7176440972834826,2.3342189379036427,6.196115864440799,16.247978899627924,22.4444349296391
1781,250.142548155,48488,6846,3385,16958,93,2.434506081044674,2.8108209371566772,6.239567184820771,5.558682838454843,6.0372198931872845,17.8354699164629,23.61330296844244
1782,250.240022456,48534,6978,3391,17034,92,2.4028769694268703,1.647392986342311,6.777124013751745,1.9637160003185272,8.626122958958149,17.36696297302842,21.99181797914207
1783,250.532443402,48545,6544,3396,15799,102,2.4948290083557367,2.904225839301944,6.265806965529919,4.543903982266784,7.209803210571408,18.01951415836811,23.98309507407248
1784,250.629918995,48554,6691,3396,16667,94,2.411592984572053,1.7185260076075792,8.17492906935513,2.113685943186283,8.082957938313484,18.371572950854897,23.038126062601805
1786,250.824864348,48582,7042,3398,16853,92,2.4314511101692915,2.622388070449233,9.87023301422596,2.1193469874560833,5.863932892680168,17.85351289436221,23.444687016308308
1787,250.922339608,48577,6745,3402,16911,95,2.3516409564763308,2.644128864631057,5.696049891412258,2.1955689880996943,9.166506119072437,17.05812499858439,22.60854304768145
1788,251.019849951,48598,6472,3404,16930,96,2.3789519909769297,4.331777803599834,5.922855110839009,2.0123061258345842,5.985651630908251,13.920812867581844,21.17043104954064
1789,251.312233272,48634,6473,3408,16982,96,2.3915760684758425,2.6179500855505466,8.897411869838834,2.009700983762741,5.848766071721911,16.755878925323486,22.356780944392085
1790,251.40970774,48602,6610,3411,15702,102,2.5291128549724817,1.7212918028235435,6.2222948763519526,2.6591659989207983,6.477223243564367,15.358684118837118,20.173193886876106
1792,251.604662218,48515,6035,3412,16448,98,2.580819884315133,3.4871757961809635,6.362457061186433,2.0870959851890802,7.562994956970215,16.012548003345728,22.618692135438323
1793,251.702137936,48503,6036,3414,16567,97,2.440648153424263,3.0704159289598465,5.9857729356735945,4.726266022771597,5.872710142284632,16.584749100729823,22.643719101324677
1794,251.897084873,48502,6297,3416,16668,97,2.559178974479437,3.353456035256386,5.783695029094815,2.17234599404037,8.89664888381958,16.852689906954765,23.365389090031385
1795,252.092026142,48580,6196,3418,16740,98,2.495269989594817,2.8470188844949007,5.4635158739984035,2.0533830393105745,6.0731652192771435,13.590064132586122,19.503090996295214
1796,252.189497444,48615,5597,3421,16822,98,2.3870680015534163,2.947045024484396,12.192778987810016,2.624311950057745,7.308087078854442,22.125178016722202,28.005764121189713
1797,252.286972162,48556,5682,3422,15845,103,2.402296056970954,2.216747961938381,5.0995540805161,2.7244288939982653,9.71095496788621,17.534937942400575,22.73475914262235
1798,252.384445713,48599,5763,3422,16460,96,2.4383929558098316,2.734928159043193,5.839829100295901,2.4069540668278933,10.14070981182158,18.387492978945374,24.13906715810299
1799,252.676917201,48408,5798,3424,16577,96,2.42709182202816,2.8257290832698345,5.8287689462304115,2.7649039402604103,6.742689060047269,15.33636194653809,21.147598046809435
1800,252.774341086,48388,5673,3426,16651,97,2.4805720895528793,2.6137109380215406,5.591885885223746,4.810173064470291,5.9537210036069155,16.355779953300953,22.010544082149863
1801,252.96928973,48367,5883,3427,16692,96,2.62153591029346,3.216520184651017,5.739911925047636,2.0256410352885723,7.042882032692432,14.80843499302864,21.252505015581846
1802,253.066771907,48245,5925,3430,16753,96,2.43411585688591,1.7948090098798275,5.631490144878626,2.109257038682699,7.989082019776106,15.729829203337431,20.511178066954017
1803,253.359183353,48139,5419,3432,15723,101,2.7520512230694294,2.836348954588175,5.555758019909263,7.3742009699344635,6.628724979236722,19.558683969080448,25.744521990418434
1804,253.456701654,48032,5441,3432,16438,97,2.4071650113910437,1.772747840732336,5.547411972656846,4.747374914586544,6.325187161564827,16.619974048808217,21.344736916944385
1806,253.651605091,48008,5893,3434,16566,96,2.3802549112588167,2.7809839230030775,5.027518840506673,2.9965578578412533,9.676070185378194,17.70014688372612,23.40664598159492
1807,253.74912835,47887,5832,3436,16635,97,2.4464279413223267,3.64249711856246,5.907766055315733,3.474012017250061,7.850622991099954,17.232401063665748,23.919244995340705
1808,253.84655336,47967,5766,3436,16635,97,2.6095740031450987,4.573298851028085,5.438389023765922,3.7242399994283915,8.750314824283123,17.912943847477436,25.662467814981937
1809,254.138974348,48147,6217,3436,16660,97,2.3835410829633474,2.735548885539174,5.507126916199923,2.942777005955577,8.168268017470837,16.618171939626336,22.276290925219655
1810,254.236449816,48142,6300,3438,15779,100,2.560992958024144,1.6878580208867788,8.844793075695634,4.303232999518514,5.902518052607775,19.050544127821922,23.864462971687317
1812,254.431400169,48333,6007,3439,16536,97,2.3834609892219305,2.604695037007332,9.756980929523706,2.1297759376466274,6.338602164760232,18.225359031930566,23.75237410888076
1813,254.52887047,48277,5808,3440,16664,98,2.4567069485783577,2.9135930817574263,6.217336049303412,2.1542320027947426,6.4428867772221565,14.814454829320312,20.782875828444958
1814,254.723818657,48267,6091,3440,16697,98,2.416411880403757,2.6706887874752283,7.647612830623984,1.9490679260343313,5.850459216162562,15.447139972820878,21.077906945720315
1815,254.821291166,48289,6511,3444,16745,99,2.411303110420704,2.7229459956288338,5.943723022937775,2.1253579761832952,5.878241965547204,13.947322964668274,19.653643015772104
1816,255.016239144,48379,6426,3445,16760,100,2.432832960039377,6.603479152545333,5.791057832539082,2.0955922082066536,8.302257861942053,16.188907902687788,25.795858120545745
1817,255.113713529,48387,6536,3446,15863,105,2.378351055085659,2.038955921307206,7.192310178652406,3.0192399863153696,7.239700760692358,17.451250925660133,22.405222058296204
1818,255.406134142,48367,7013,3446,16589,99,2.4093990214169025,2.733115805312991,8.148921187967062,2.3801547940820456,6.21032202616334,16.739398008212447,22.414729930460453
1819,255.503607902,48397,7059,3447,16624,100,2.3909539449959993,1.7632499802857637,8.5588782094419,1.9456008449196815,6.769418949261308,17.27389800362289,22.004883037880063
1821,255.698556546,48547,6829,3448,16660,100,2.4352569598704576,2.6593671645969152,6.504643941298127,2.113314811140299,10.638420237228274,19.2563789896667,24.89625383168459
1822,255.796029723,48526,7059,3449,16690,99,2.406493993476033,2.8572268784046173,7.411862025037408,2.498466055840254,7.220361847430468,17.13068992830813,22.96721306629479
1823,255.893504774,48593,7177,3453,16737,101,2.393589820712805,1.8556530121713877,5.1399399526417255,1.9774911925196648,6.144007900729775,13.261439045891166,18.140229862183332
1824,256.18592697,48593,7465,3456,15874,104,2.398167969658971,2.6195428799837828,7.971208076924086,3.314172150567174,6.007062736898661,17.29244296438992,22.850234992802143
1825,256.283399397,48594,7573,3460,16648,102,2.520998939871788,3.5997868981212378,6.428720895200968,3.3506611362099648,6.509784143418074,16.289166174829006,23.000615881755948
1827,256.478348166,48368,7808,3462,16819,98,2.5123218074440956,2.811271930113435,7.6051929499953985,3.952797967940569,5.8460410218685865,17.404031939804554,23.276322055608034
1828,256.575821384,48244,7895,3463,16855,98,2.391115063801408,1.6977379564195871,7.5748569797724485,1.9939420744776726,7.503331871703267,17.072130925953388,21.69876010157168
1829,256.673294352,48219,7916,3467,16913,99,2.4010129272937775,2.7504470199346542,6.7216388415545225,2.073501003906131,5.96755906008184,14.762698905542493,20.45694598928094
1830,256.965726174,47990,7689,3469,16938,98,2.4156710132956505,3.164872992783785,5.842434009537101,6.573653081431985,6.1541281174868345,18.57021520845592,24.694947060197592
1831,257.063190392,47791,7786,3470,15896,103,2.4194070138037205,1.8408349715173244,5.701371002942324,2.662553219124675,8.321162778884172,16.68508700095117,21.480882074683905
1832,257.25813737,47863,7620,3470,16714,95,2.4662960786372423,3.2611240167170763,8.868566947057843,2.6858060155063868,6.354053039103746,17.908426001667976,24.26291792653501
1833,257.355613588,47899,7727,3473,16823,97,2.380716148763895,1.6896729357540607,7.102463161572814,2.722705015912652,7.956910878419876,17.782079055905342,22.729078074917197
1834,257.453086389,48030,7734,3477,16866,96,2.4011540226638317,2.7205219957977533,6.574966013431549,2.2521947976201773,9.057541145011783,17.88470195606351,23.56989192776382
1835,257.745506419,47925,7508,3479,16906,95,2.642566105350852,3.4856030251830816,7.248326204717159,2.1579181775450706,6.919740466400981,16.32598484866321,22.979466943070292
1836,257.842980012,47941,7598,3481,16919,95,2.400321885943413,1.9211848266422749,6.508159916847944,2.113274997100234,6.227175006642938,14.848609920591116,19.73549509420991
1838,258.03792999,48132,7476,3483,15945,102,2.403497928753495,2.7139591984450817,5.87288080714643,2.644619904458523,9.95108438655734,18.468585098162293,24.116975022479892
1839,258.135446666,48296,7524,3484,16649,96,2.400031080469489,1.911717001348734,8.611046010628343,2.370096044614911,6.85620098374784,17.837343038991094,22.69613603129983
1840,258.427823779,48045,7220,3488,16753,95,2.5262280832976103,3.002509009093046,10.133465053513646,2.119065960869193,5.895793903619051,18.14832491800189,24.233442964032292
1841,258.525348664,48029,7361,3489,16772,96,2.3655679542571306,1.7528301104903221,8.306385949254036,2.034416887909174,7.239048136398196,17.579850973561406,22.25339785218239
1843,258.72024535,48083,7284,3492,16805,96,2.432032022625208,2.7791811153292656,5.568241002038121,2.0512090995907784,6.867221789434552,14.486671891063452,20.250799832865596
1844,258.81772036,48117,7281,3492,16821,95,2.3865969851613045,2.657023025676608,6.205294048413634,2.341182203963399,8.926734793931246,17.47321104630828,23.15552602522075
1845,259.012667546,48384,7175,3493,16020,103,2.630822826176882,3.9652211125940084,5.608716979622841,2.790571888908744,7.324479287490249,15.723768156021833,22.876735078170896
1846,259.110140931,48407,7168,3494,16578,96,2.3730008397251368,2.806731965392828,5.699146073311567,3.6949149798601866,6.917185848578811,16.311246901750565,22.05406385473907
1847,259.305089367,48476,6975,3494,16652,96,2.4616969749331474,3.677362110465765,6.545178825035691,2.5788359344005585,6.8900862243026495,16.0141009837389,22.72572205401957
1848,259.402566002,48319,7003,3496,16672,96,2.362200990319252,1.6934690065681934,5.326207960024476,2.0890189334750175,8.52516619488597,15.940393088385463,20.539571065455675
1849,259.500037511,48314,6958,3498,16711,97,2.346921944990754,2.6380070485174656,5.1884399726986885,2.6327171362936497,6.078887963667512,13.90004507265985,19.42281983792782
1850,259.792457291,48434,6811,3500,16764,95,2.3891618475317955,2.831478836014867,9.061578894034028,2.214594976976514,6.30760402418673,17.583777895197272,23.339370032772422
1851,259.889937301,48389,6840,3500,16005,99,2.428484847769141,1.7208410426974297,5.856500938534737,2.8543719090521336,9.54518304206431,18.25605588965118,22.986318916082382
1853,260.084879737,48364,6582,3501,16478,96,2.4381030816584826,2.6463628746569157,9.615746093913913,2.629481954500079,6.1888620257377625,18.434090074151754,24.073453852906823
1854,260.182353705,48466,6624,3502,16528,96,2.3851338773965836,2.661250066012144,5.679979920387268,2.0333558786660433,8.58203205280006,16.29536785185337,21.907791029661894
1855,260.474773693,48559,6384,3503,16560,96,2.4522999301552773,2.9156170785427094,8.32700403407216,2.3172670044004917,8.10191291384399,18.746183952316642,24.76960700005293
1856,260.572249244,48378,6410,3503,16560,96,2.4167229421436787,1.6594459302723408,5.732940044254065,2.2596491035073996,7.217526901513338,15.210116049274802,19.83525208197534
1857,260.669722671,48390,6260,3503,16561,96,2.3539960384368896,2.684694016352296,7.549077970907092,2.04887380823493,6.023343186825514,15.621294965967536,21.176102105528116
1858,260.767196764,48257,6302,3503,15882,105,2.3671709932386875,1.6324149910360575,7.300212979316711,3.1981051433831453,6.60423981025815,17.102557932958007,21.682308986783028
1859,260.864669524,48164,6218,3505,16189,98,3.2541300170123577,3.6522550508379936,7.828401168808341,2.6470739394426346,7.859949953854084,18.33542506210506,25.813641026616096
1860,261.157091928,47936,5954,3507,16243,98,2.4146689102053642,2.6641669683158398,4.966295091435313,1.9684440921992064,6.938114762306213,13.872853945940733,19.486899953335524
1861,261.254566479,47830,6026,3509,16295,98,2.6587960310280323,1.7414798494428396,5.86948380805552,2.4364900309592485,9.282674174755812,17.58864801377058,22.529334062710404
1862,261.449514582,47645,5791,3510,16308,98,2.404250204563141,4.816083936020732,5.894050933420658,2.0773380529135466,6.513410015031695,14.4847990013659,22.242337930947542
1863,261.546986551,47703,5863,3512,16318,99,2.3599069099873304,1.6063570510596037,5.080267088487744,2.099700039252639,8.938368875533342,16.118336003273726,20.76909993775189
1864,261.644503477,47725,5814,3513,15650,104,2.459642942994833,2.8061720076948404,8.498776005581021,2.806402975693345,6.134659983217716,17.439838964492083,23.241156013682485
1865,261.936950006,47764,5603,3514,15998,99,2.439806004986167,3.5210701171308756,5.041153868660331,2.03518895432353,10.945515241473913,18.021858064457774,24.544015061110258
1866,262.034355683,47825,5619,3514,16056,99,2.3936189245432615,1.6330762300640345,4.349029157310724,1.9195729400962591,11.63698872551322,17.905590822920203,22.47673599049449
1868,262.229304161,48015,5320,3515,16076,99,2.363493898883462,5.936190020292997,4.4780808966606855,2.187172882258892,6.661408115178347,13.326661894097924,22.190039977431297
1869,262.326777629,48062,5221,3515,16077,98,2.6231990195810795,2.8643112163990736,5.344331962987781,7.316733943298459,7.420176174491644,20.081242080777884,26.255456963554025
1870,262.619199367,48394,5056,3515,16078,98,2.5866010691970587,2.729397965595126,8.916107006371021,2.0091000478714705,5.951848812401295,16.877055866643786,22.745880065485835
1871,262.716695793,48446,5112,3518,15670,105,2.3927679285407066,1.9030021503567696,5.556149175390601,2.842690097168088,7.219390710815787,15.618229983374476,20.470801973715425
1872,262.814147969,48477,4903,3518,15870,99,2.4329228326678276,2.89167114533484,5.021297140046954,4.071629839017987,7.692196872085333,16.785123851150274,22.667191922664642
1873,262.911621771,48430,4926,3518,15903,100,2.487785881385207,1.6895730514079332,7.029074942693114,2.1221020724624395,7.087234174832702,16.238411189988256,20.944969030097127
1874,263.009140489,48416,4875,3518,15930,100,2.417815150693059,2.8105999808758497,6.162162870168686,2.047642832621932,6.926132366061211,15.135938068851829,20.907459082081914
1875,263.301517852,48543,4599,3518,15933,100,2.4135371204465628,2.777528017759323,4.312701057642698,2.012046054005623,8.673101896420121,14.997849008068442,20.7411281298846
1876,263.398992445,48559,4627,3518,15934,100,2.5745078455656767,2.342754043638706,4.588356940075755,2.3832099977880716,12.260887073352933,19.23245401121676,24.753627134487033
1877,263.59393809,48506,4427,3520,15642,105,2.400752156972885,3.2642590813338757,3.7799349520355463,2.607210073620081,7.308295927941799,13.695440953597426,19.899172009900212
1878,263.691457683,48469,4438,3520,15778,100,2.364485990256071,1.6813769470900297,5.389627069234848,2.33621196821332,5.817677825689316,13.543516863137484,18.116626190021634
1879,263.788886526,48520,4368,3521,15805,101,2.5046581868082285,3.300056094303727,6.547664059326053,2.1294760517776012,7.372918073087931,16.050058184191585,22.444625850766897
1880,264.08130668,48607,4185,3523,15817,102,2.5027638766914606,3.3538269344717264,4.516863962635398,2.1106309723109007,6.633624201640487,13.261119136586785,19.71028815023601
1881,264.17878494,48637,4243,3526,15824,103,2.3856149055063725,1.728735864162445,4.238031106069684,1.9217368680983782,7.254356984049082,13.414124958217144,18.09768984094262
1883,264.373728918,48616,4071,3528,15836,103,2.388901077210903,2.774371998384595,4.484412958845496,3.4860039595514536,9.579417062923312,17.549833981320262,23.26133381575346
1884,264.471201594,48601,4055,3529,15543,108,2.359155099838972,2.9711099341511726,5.7503110729157925,2.5878141168504953,6.733661750331521,15.071786940097809,21.02621109224856
1885,264.568676062,48560,3995,3530,15634,107,2.4820049293339252,2.940863836556673,4.683635896071792,2.0765059161931276,10.2329112123698,16.99305302463472,22.962754825130105
1886,264.861098758,48262,3866,3530,15660,106,2.606308087706566,6.2034400179982185,4.230016842484474,2.112783957272768,11.085546109825373,17.428346909582615,26.886990061029792
1887,264.958571768,48160,3890,3530,15670,104,2.3685828782618046,1.619600923731923,3.6352830938994884,1.8039660062640905,9.31811984628439,14.757368946447968,19.301624037325382
1889,265.153557913,47893,3810,3530,15677,104,2.366960048675537,2.857087180018425,6.458065938204527,2.169942017644644,6.109273061156273,14.737281017005444,20.49222099594772
1890,265.250993756,47791,3750,3531,15690,104,2.430077875033021,4.909649025648832,3.6700491327792406,3.3203240018337965,6.184152793139219,13.174525927752256,21.115758921951056
1891,265.348466724,47779,3788,3531,15513,105,2.4333950132131577,1.6937600448727608,8.174108108505607,2.5133038870990276,6.344603141769767,17.0320151373744,21.908762166276574
1892,265.640888629,47811,3616,3534,15565,106,2.448893152177334,2.7617388404905796,3.6245640367269516,1.9542381633073092,10.138212935999036,15.717015136033297,21.51528582908213
1893,265.738362263,47758,3645,3535,15568,106,2.3975272197276354,3.312639193609357,3.7192311137914658,1.9418839365243912,6.858576089143753,12.51969113945961,18.77816393971443
1895,265.933312741,47757,3529,3535,15576,106,2.435597823932767,4.951768089085817,4.299015970900655,1.929291058331728,6.514320848509669,12.742627877742052,20.83476190455258
1896,266.030785876,47733,3535,3535,15576,104,2.4294171016663313,2.7151410467922688,3.6447709426283836,1.8861598800867796,8.609794080257416,14.140724902972579,19.87220114096999
1897,266.128305761,47787,3520,3535,15579,103,2.373982919380069,4.144656006246805,4.431352950632572,1.932566985487938,7.7007419895380735,14.064661925658584,21.153039066120982
1898,266.323207905,47657,3521,3538,15466,105,2.4410588666796684,2.7054229285568,5.5667380802333355,2.497283974662423,7.970607839524746,16.034629894420505,21.78489090874791
1899,266.42068054,47743,3511,3539,15499,102,2.4122342001646757,2.6934409979730844,3.8064841646701097,1.86631316319108,8.65406566299498,14.32686299085617,20.067387027665973
1901,266.615628518,48057,3328,3541,15506,103,2.472436986863613,2.8177229687571526,4.099752986803651,1.9804169423878193,8.707856060937047,14.788025990128517,20.650118123739958
1902,266.713101153,48032,3361,3541,15507,103,2.39027407951653,1.6079801134765148,3.7271559704095125,2.0919148810207844,9.744466282427311,15.563537133857608,20.12553601525724
1903,266.810575288,47897,3388,3541,15508,103,2.377960132434964,3.0128289945423603,5.26885106228292,1.9309939816594124,6.535580847412348,13.73542589135468,19.724935991689563
1904,267.1029974,47958,3261,3543,15515,106,2.488838043063879,2.7057738043367863,5.393774947151542,1.9876398146152496,6.518740206956863,13.900154968723655,19.624658161774278
1905,267.200511494,48057,3292,3544,15427,107,2.3743740748614073,1.6533441375941038,3.349528880789876,2.5126130785793066,5.741694243624806,11.603836202993989,16.167809022590518
1907,267.395417555,47926,3264,3546,15449,108,2.4357889778912067,2.885259920731187,3.8001020438969135,4.500943003222346,8.339087013155222,16.64013206027448,22.524195024743676
1908,267.492894898,48005,3294,3547,15454,106,2.947496948763728,3.1421298626810312,4.115200834348798,6.284280912950635,6.761104334145784,17.160586081445217,23.87188677676022
1909,267.590365824,48168,3259,3548,15455,106,2.4145690258592367,2.857457846403122,3.4940498881042004,1.930291997268796,8.216827176511288,13.641169061884284,19.461130956187844
1910,267.882788979,48006,3215,3551,15477,105,2.3833399172872305,2.9090838506817818,3.653006162494421,1.988651929423213,11.86574692837894,17.507405020296574,23.37858290411532
1911,267.980261155,47974,3237,3552,15478,105,2.4023859295994043,1.7238869331777096,3.497085068374872,1.9455808214843273,7.110899081453681,12.55356497131288,17.1944301109761
1913,268.175210258,47835,3219,3555,15428,104,2.4140579625964165,2.6737540028989315,7.877432974055409,3.2590089831501245,7.226563990116119,18.363005947321653,24.00586800649762
1914,268.272688351,47716,3223,3556,15458,105,2.3987088352441788,3.175182966515422,3.7450690288096666,2.0606869366019964,6.6509670577943325,12.456723023205996,18.58099503442645
1915,268.467632079,47381,3304,3556,15460,105,2.4405070580542088,2.706735162064433,5.580032942816615,2.2164981346577406,6.164015736430883,13.960546813905239,19.679050194099545
1916,268.565104506,47168,3433,3558,15477,106,2.4250380229204893,4.63391188532114,3.8526200223714113,3.48541303537786,7.861444028094411,15.199477085843682,22.82966603524983
1917,268.760052234,46934,3291,3558,15480,107,2.4268419947475195,3.061719937250018,3.8223338779062033,1.989923883229494,5.967317381873727,11.779575143009424,17.94253010302782
1918,268.857527327,46794,3382,3559,15483,107,2.4007128085941076,1.7899400554597378,6.398844998329878,2.0071060862392187,7.395941996946931,15.801893081516027,20.590715808793902
1919,268.954999212,46667,3386,3562,15450,109,2.3839918430894613,2.668034052476287,6.098893936723471,2.8841570019721985,7.1068210527300835,16.089871991425753,21.6921370010823
1920,269.247442616,46044,3570,3563,15469,111,3.362393006682396,3.7868369836360216,3.698652144521475,2.44183000177145,9.643798926845193,15.784281073138118,23.684727028012276
1921,269.344936876,45992,3663,3565,15482,111,2.357461955398321,1.6632529441267252,6.920080864802003,4.80203703045845,7.348753046244383,19.070870941504836,23.640903877094388
1923,269.539882937,45865,3705,3568,15494,113,2.4282350204885006,3.504449035972357,6.721409037709236,3.2908690627664328,10.67888573743403,20.6911638379097,27.195377042517066
1924,269.637367072,45846,3929,3571,15518,115,2.3844221141189337,2.815229119732976,3.731603967025876,2.5514750741422176,10.052983881905675,16.33606292307377,22.097094915807247
1925,269.734790498,45801,3942,3571,15520,115,2.390023088082671,1.6572619788348675,3.77225992269814,1.9573529716581106,6.037940038368106,11.767552932724357,16.35938696563244
1926,270.027214528,45719,3718,3572,15499,116,2.3730709217488766,2.8602927923202515,3.631055820733309,3.2536990474909544,5.7182221207767725,12.602976989001036,18.37223395705223
1927,270.124748162,45788,3768,3573,15521,117,2.443993929773569,1.993581186980009,4.085605964064598,2.0870559383183718,6.427339045330882,12.600000947713852,17.582746921107173
1929,270.319633432,45553,4075,3575,15534,116,2.3877990897744894,2.6623927988111973,4.012921126559377,2.4991969112306833,6.372275063768029,12.88439310155809,18.516083946451545
1930,270.41710965,45461,3981,3576,15540,117,2.439856994897127,2.828843891620636,3.6059191916137934,2.039206912741065,11.5958908572793,17.24101696163416,23.078381083905697
1931,270.612093253,45369,4046,3577,15548,116,2.6009969878941774,2.7238379698246717,3.6654500290751457,2.8573069721460342,8.529724087566137,15.052481088787317,20.93030116520822
1932,270.709528721,45262,4339,3578,15549,118,2.3544959258288145,3.149003954604268,3.639431204646826,1.9570719450712204,5.85206295363605,11.448566103354096,17.50283711589873
1934,270.904477491,45211,4296,3578,15514,117,2.3890710435807705,3.760196967050433,3.7776099052280188,2.7224752120673656,6.853094790130854,13.353179907426238,20.049032056704164
1935,271.001950542,45226,4354,3580,15545,118,2.398529089987278,1.6281870193779469,5.66438096575439,2.0505469292402267,6.690762238577008,14.405690133571625,18.959383014589548
1936,271.09942551,45149,4235,3581,15559,118,2.414860064163804,4.4303820468485355,3.734349040314555,2.175171161070466,8.937075734138489,14.84659593552351,22.23511296324432
1937,271.39184654,45081,4413,3587,15592,119,2.3704059422016144,2.7759859804064035,3.703380934894085,1.9978589843958616,8.860663045197725,14.561902964487672,20.322214113548398
1938,271.489320174,45144,4513,3589,15599,118,2.3946219589561224,1.623037038370967,6.762877106666565,2.4218519683927298,6.093745119869709,15.278474194929004,19.82713700272143
1940,271.684267486,45330,4422,3592,15633,118,2.3922878317534924,2.8681380208581686,8.360747015103698,2.2113588638603687,6.07663206756115,16.648737946525216,22.454354213550687
1941,271.781748537,45121,4486,3592,15591,117,2.4224428925663233,2.6596770621836185,4.065969027578831,2.753692911937833,7.185269147157669,14.004931086674333,19.668129039928317
1942,271.87921438,45023,4481,3593,15624,117,2.408397849649191,1.7581209540367126,3.9825430139899254,2.1299358922988176,7.704239105805755,13.816718012094498,18.52578087709844
1943,272.171636076,45026,4181,3593,15628,117,2.539111999794841,3.320454154163599,4.225027048960328,2.0236968994140625,9.76862316019833,16.01734710857272,22.613762179389596
1944,272.269110753,44954,4206,3593,15629,117,2.3385570384562016,1.6540950164198875,3.587464103475213,1.907760975882411,9.88313602283597,15.378361102193594,19.910292932763696
1945,272.366585179,44851,4195,3595,15636,117,2.3449789732694626,2.7518400456756353,3.669227007776499,1.9594768527895212,5.792791256681085,11.421495117247105,17.076038056984544
1946,272.464058856,44790,4281,3598,15645,115,2.4301379453390837,3.398139961063862,3.787989029660821,1.9777819979935884,6.148566957563162,11.914337985217571,18.298967042937875
1947,272.561533574,44813,4174,3601,15603,115,2.4137378204613924,2.7182570192962885,4.609366180375218,3.633110085502267,10.525467805564404,18.76794407144189,24.4789719581604
1948,272.853996437,44656,4095,3602,15639,116,2.368612913414836,7.177873980253935,4.231449915096164,2.735259011387825,6.566689116880298,13.533398043364286,23.663015803322196
1949,272.951427863,44579,4102,3602,15644,114,2.3457100614905357,2.6576139498502016,3.6180620081722736,6.372595904394984,6.479406030848622,16.47006394341588,22.012928035110235
1951,273.146391924,44492,3851,3603,15656,116,2.408738015219569,2.724589081481099,3.7304419092833996,2.5262581184506416,7.614229805767536,13.870929833501577,19.538756925612688
1952,273.243850476,44459,3888,3603,15658,116,2.380174119025469,1.7376821488142014,3.771479008719325,2.461046213284135,6.768716964870691,13.001242186874151,17.77363382279873
1953,273.53627238,44403,3828,3604,15658,117,2.652224153280258,3.680278081446886,3.7665890995413065,1.9509810954332352,6.46580196917057,12.183372164145112,19.13320808671415
1954,273.633745348,44446,3961,3605,15603,117,2.64556217007339,1.9556600600481033,14.026560820639133,2.6820790953934193,6.929539144039154,23.638179060071707,29.12687207572162
1955,273.7312189,44555,3866,3606,15644,117,2.376727992668748,2.6375860907137394,3.8071649614721537,2.2856281138956547,14.71708295866847,20.80987603403628,26.38035104610026
1956,273.82869316,44685,3894,3606,15649,118,2.3775200825184584,1.638106070458889,3.366699907928705,1.8221798818558455,12.690181378275156,17.879061168059707,22.46229792945087
1957,273.926167503,44674,3984,3606,15650,117,2.3964550346136093,2.9960968531668186,4.268447868525982,9.253489086404443,7.762317080050707,21.28425403498113,27.291266014799476
1958,274.218589365,45135,3899,3608,15657,115,2.43266299366951,3.477148013189435,3.7263138219714165,1.9700780976563692,6.67346827685833,12.369860196486115,19.07441788353026
1959,274.316068667,45353,3835,3608,15658,116,2.372379880398512,2.6809070259332657,4.61987592279911,1.873526955023408,9.737564017996192,16.23096689581871,21.831819089129567
1960,274.511010228,45678,3901,3609,15629,117,2.367500914260745,3.2590588089078665,3.77951399423182,2.5261170230805874,6.34979410097003,12.655425118282437,18.926932010799646
1961,274.60848378,45874,3923,3610,15666,117,2.7074969839304686,1.9927490502595901,4.203096963465214,1.8102368339896202,5.820714170113206,11.83404796756804,17.081659054383636
1962,274.705958248,46138,3949,3611,15668,117,2.354786964133382,2.7144509367644787,3.5370599944144487,1.9947232212871313,6.240318762138486,11.772101977840066,17.393182031810284
1963,274.998378777,46840,3801,3612,15668,117,2.5805188342928886,2.9187321197241545,8.208181010559201,2.6710990350693464,6.559315836057067,17.438595881685615,23.481796961277723
1964,275.09585312,46917,3846,3613,15668,117,2.3775699082762003,1.6614000778645277,3.665840020403266,1.8959380686283112,6.135132862254977,11.696910951286554,16.25070278532803
1966,275.290802181,47149,3806,3615,15688,117,2.393849892541766,2.6167479809373617,3.6015298683196306,2.5476280134171247,5.771843250840902,11.921001132577658,17.47145806439221
1967,275.388276608,47370,3776,3615,15648,116,2.3795729503035545,3.255662973970175,3.6292618606239557,2.687319880351424,6.727531319484115,13.044113060459495,19.256017869338393
1968,275.485748368,47531,3815,3615,15676,116,2.3587550967931747,1.6611989121884108,4.248530836775899,1.9062869250774384,8.869831217452884,15.024648979306221,19.666034961119294
1969,275.778170272,47982,3886,3616,15684,117,2.373922849074006,2.682100050151348,3.1153501477092505,2.7912540826946497,9.469251846894622,15.375856077298522,21.07928995974362
1970,275.875644157,47978,3947,3618,15691,117,2.4430418852716684,2.0021970849484205,3.876555012539029,2.043423941358924,6.237604189664125,12.157583143562078,17.242639791220427
1972,276.070591468,48197,3796,3619,15702,117,2.3653770331293344,2.9021010268479586,5.852583097293973,2.2110079880803823,7.94526981189847,16.008860897272825,21.95458789356053
1973,276.168068061,48212,3905,3619,15712,115,2.637455938383937,2.8024050407111645,3.795393044129014,1.8305459525436163,5.90766710229218,11.53360609896481,17.506934003904462
1974,276.363014039,48187,3950,3620,15668,115,2.5236131623387337,2.707317005842924,3.6664120852947235,5.721768829971552,6.63952506147325,16.027705976739526,21.87000005505979
1975,276.460487841,48238,3940,3621,15696,114,2.413976937532425,2.5989441201090813,3.4621290396898985,2.0240279845893383,7.141987094655633,12.62814411893487,18.18308001384139
1977,276.65543461,48178,3862,3621,15696,114,2.505288925021887,4.513707011938095,3.5204191226512194,2.4391349870711565,8.852646918967366,14.812201028689742,22.404379909858108
1978,276.752910328,48226,3990,3622,15703,114,2.413567155599594,1.6842919867485762,3.752201795578003,2.100480953231454,6.369230104610324,12.22191285341978,16.85709785670042
1979,276.850382255,48234,4104,3623,15709,115,2.346761990338564,3.4863040782511234,3.798568854108453,1.9364741165190935,6.645727902650833,12.38077087327838,18.758496968075633
1980,277.142808701,48264,4051,3624,15709,115,3.122955095022917,2.9684659093618393,4.329913994297385,2.6270458474755287,6.142375059425831,13.099334901198745,19.736798014491796
1981,277.240280044,48319,4136,3624,15655,114,2.3884400725364685,1.6855038702487946,3.669637953862548,2.4456470273435116,11.86852203682065,17.98380701802671,22.59463584050536
1983,277.43522623,48315,4168,3626,15678,113,2.4928958155214787,3.1007430516183376,3.5655731335282326,2.3468320723623037,7.131837774068117,13.044242979958653,19.2863040138036
1984,277.532700282,48315,4148,3627,15680,115,2.5787060149013996,3.207413014024496,3.637406975030899,2.0363610237836838,6.676997058093548,12.35076505690813,18.72956193983555
1985,277.630225708,48333,4197,3628,15681,116,2.374894917011261,1.6592550091445446,3.9542701561003923,1.928769052028656,5.9394268319010735,11.822466040030122,16.426553018391132
1986,277.922596529,48289,4100,3630,15695,114,2.575621008872986,3.352744970470667,6.073185941204429,2.3872980382293463,7.125074043869972,15.585558023303747,22.04822306521237
1987,278.020069497,48283,4150,3633,15700,115,2.4974739644676447,1.697055995464325,6.691613933071494,2.8951189015060663,6.659211125224829,16.24594395980239,21.11660991795361
1989,278.215065892,48267,4097,3634,15675,115,2.6626030448824167,3.2476880587637424,4.362914944067597,2.7971549425274134,6.867141928523779,14.02721181511879,20.5400709528476
1990,278.312491943,48286,4180,3635,15688,116,2.4152800906449556,2.7140399906784296,4.669959889724851,2.1579188760370016,8.167104329913855,14.994983095675707,20.689060213044286
1991,278.409964661,48251,4206,3636,15692,117,2.3960850667208433,3.222501138225198,3.228662069886923,1.9051949493587017,5.945809185504913,11.079666204750538,17.23136892542243
1992,278.702385941,48237,4125,3636,15693,116,2.6288810186088085,2.9981210827827454,2.8948881663382053,5.490906070917845,7.316752802580595,15.702547039836645,21.87305619008839
1993,278.799859201,48321,4206,3637,15697,117,2.4403270799666643,1.6798940487205982,5.63572789542377,2.184998942539096,7.616013288497925,15.43674012646079,20.181949948891997
1995,278.994808304,48332,4197,3637,15697,117,2.4581400211900473,2.9161579441279173,3.7694850470870733,2.0468709990382195,6.695820949971676,12.512176996096969,18.47387384623289
1996,279.092280522,48336,4210,3639,15682,119,2.4710840079933405,2.60749994777143,3.758814185857773,4.376591183245182,9.025852661579847,17.161258030682802,22.822241997346282
1997,279.18979599,48316,4296,3641,15705,120,2.387498039752245,1.8820518162101507,2.9429278802126646,1.9078601617366076,7.716831983998418,12.56762002594769,17.405985156074166
1998,279.482176228,48222,4234,3643,15719,117,2.452629851177335,2.9660421423614025,3.4007139038294554,1.9918279722332954,9.85185825265944,15.24440012872219,21.233969135209918
1999,279.579698529,48144,4265,3645,15729,119,2.391616115346551,1.6536649782210588,2.9036151245236397,1.9122078083455563,6.8333682138472795,11.649191146716475,16.489430097863078
2001,279.774598257,47987,4194,3646,15729,119,2.438293071463704,2.6560011319816113,4.700236953794956,6.840612972155213,6.623595952987671,18.16444587893784,23.809780133888125
2002,279.87207185,47955,4236,3647,15729,116,3.4685221035033464,3.536198055371642,4.06513805501163,2.2244530264288187,6.860188907012343,13.149779988452792,20.688728895038366
2003,279.96954511,47889,4278,3647,15710,116,2.4089280050247908,1.6910838894546032,2.960490994155407,2.5590891018509865,8.473908994346857,13.99348909035325,18.661004956811666
2004,280.261967764,47620,4210,3648,15722,118,2.421783050522208,3.5416081082075834,3.8227441255003214,2.007808070629835,6.725155981257558,12.555708177387714,19.065071130171418
2005,280.359441107,47528,4240,3649,15729,117,2.4579199962317944,1.7172240186482668,2.9526858124881983,1.9670119509100914,6.501867203041911,11.4215649664402,16.124326968565583
2007,280.554388835,47438,4148,3651,15733,118,2.4566880892962217,4.1608980391174555,3.2960788812488317,2.461927942931652,6.1415331438183784,11.899539967998862,19.085739040747285
2008,280.651862053,47307,4174,3653,15734,119,2.4179660249501467,3.00973211415112,2.9427469708025455,4.549174103885889,8.654516888782382,16.146437963470817,22.162127075716853
2009,280.749337272,47035,4221,3654,15737,118,2.4180260952562094,1.79581088013947,4.039048915728927,1.9496188033372164,9.476726409047842,15.465394128113985,20.22002195008099
2010,281.041761259,46881,4067,3655,15716,117,2.5079341139644384,6.16241293027997,3.032855922356248,2.534323139116168,6.868734955787659,12.435914017260075,21.64257410913706
2011,281.139231894,46740,4132,3655,15722,117,2.423394937068224,1.7158219125121832,3.741741878911853,2.3939600214362144,12.132157105952501,18.26785900630057,22.94829790480435
2013,281.334179955,46367,4062,3657,15725,118,2.3593560326844454,2.6721099857240915,3.0468518380075693,5.806887988001108,8.223591139540076,17.077330965548754,22.691187215968966
2014,281.431653132,46246,4061,3659,15739,118,2.366038039326668,2.605265937745571,2.8684791177511215,1.8986130598932505,5.755740916356444,10.522833094000816,16.06562710367143
2015,281.62664486,45952,4059,3662,15751,119,2.5166200939565897,2.7139289304614067,2.9613219667226076,2.394251059740782,9.187413845211267,14.542986871674657,20.34691907465458
2016,281.724075869,45702,4091,3663,15786,120,2.373792929574847,2.694031922146678,3.678303910419345,1.9526840187609196,5.78976608812809,11.420754017308354,17.03942008316517
2018,281.919023306,45598,3995,3663,15771,120,2.3169969208538532,2.7698141057044268,4.044829867780209,2.5570860598236322,9.950561914592981,16.552477842196822,22.17326802201569
2019,282.016495482,45490,4033,3663,15790,120,2.3563699796795845,1.7496540676802397,2.895719837397337,1.8316779751330614,7.934308378025889,12.661706190556288,17.314824974164367
2020,282.113971534,45517,4051,3664,15803,119,2.3837308399379253,3.031183034181595,5.600451026111841,3.9530880749225616,7.260198006406426,16.81373710744083,22.820889949798584
2021,282.406434521,45591,4019,3668,15843,114,2.3701260797679424,2.6215959805995226,3.5097291693091393,2.8626578859984875,8.986576925963163,15.35896398127079,20.935460925102234
2022,282.503865781,45644,4173,3671,15858,115,2.4341049138456583,1.622997922822833,4.194269888103008,1.9747959449887276,5.98803604952991,12.157101882621646,16.814899165183306
2024,282.698813759,45977,4222,3673,15899,116,2.3871168959885836,2.717436058446765,4.587566014379263,7.124122930690646,6.761885015293956,18.473573960363865,24.287033127620816
2025,282.796288186,46054,4279,3675,15848,121,2.4218428879976273,3.025481943041086,4.908977076411247,2.609883900731802,7.90634797886014,15.425208956003189,21.435226080939174
2026,282.893760862,46057,4329,3675,15903,116,2.379051875323057,1.669334014877677,4.2260088957846165,1.8491398077458143,9.377170354127884,15.452319057658315,20.07299684919417
2027,283.186182183,46509,4297,3678,15924,117,2.405721927061677,4.021746106445789,4.404924111440778,3.221368882805109,8.50251317024231,16.128806164488196,23.152078967541456
2028,283.283655943,46583,4389,3679,15934,116,2.393829869106412,1.6943910159170628,4.834488034248352,1.8510350491851568,7.164526963606477,13.850050047039986,18.594169057905674
2030,283.478604671,46828,4395,3679,15936,116,2.358163008466363,2.801633905619383,4.212233005091548,2.340621082112193,10.719951940700412,17.272806027904153,23.066440131515265
2031,283.576077181,46920,4441,3680,15949,116,2.451858948916197,7.527849171310663,4.340443992987275,1.8775940407067537,5.83270494826138,12.050742981955409,22.590146865695715
2032,283.771026533,47055,4435,3681,15918,116,2.492674859240651,2.6782620698213577,4.248260986059904,2.856205916032195,6.034692982211709,13.139159884303808,18.911303021013737
2033,283.965974303,46922,4494,3684,15988,116,2.406763844192028,2.6783321518450975,4.391588969156146,2.3188700433820486,6.021389039233327,12.731848051771522,18.415294121950865
2034,284.063451521,47109,4528,3686,16023,116,2.396073890849948,4.485504003241658,4.618364153429866,3.944132011383772,8.274934953078628,16.837431117892265,24.24941281788051
2035,284.160964906,47437,4674,3688,16047,116,2.419207012280822,1.7448060680180788,4.325164947658777,1.9139819778501987,10.41402923874557,16.653176164254546,21.398297045379877
2036,284.258398374,47563,4742,3690,16083,116,2.4233548901975155,6.403274135664105,4.467371152713895,1.9461121410131454,6.9792314898222685,13.392714783549309,22.751840064302087
2037,284.550847404,47573,4676,3693,16121,113,2.415481023490429,2.6342999190092087,4.66541200876236,5.063616903498769,7.506116991862655,17.235145904123783,22.88404805585742
2038,284.648290622,47821,4702,3694,15996,117,2.6604090817272663,1.6584941186010838,7.015138864517212,2.6695861015468836,7.052689092233777,16.737414058297873,21.60580619238317
2040,284.843239808,48033,4625,3694,16091,114,2.4463688023388386,3.349117934703827,5.550427827984095,1.8730650190263987,6.752127083018422,14.175619930028915,20.497411023825407
2041,284.940711776,48050,4695,3694,16099,113,2.3955730721354485,1.8320479430258274,5.021468037739396,1.8121518660336733,6.216644076630473,13.050263980403543,17.800794914364815
2042,285.038185494,48114,4745,3697,16151,114,2.38934182561934,3.141499124467373,4.196013091132045,4.094392992556095,7.450192933902144,15.740599017590284,21.8405039049685
2043,285.33060719,48251,4639,3699,16152,114,2.396916039288044,2.9857379850000143,4.776849877089262,1.899384893476963,9.35971736907959,16.035952139645815,21.970929112285376
2044,285.428082658,48217,4712,3700,16177,113,2.4052008520811796,3.3536069095134735,4.283576970919967,1.9025600049644709,5.8912960812449455,12.077433057129383,18.38563894852996
2046,285.623028803,48190,4753,3701,16058,116,2.3635728284716606,2.7576610445976257,7.432529935613275,5.073804873973131,6.75149611197412,19.257830921560526,24.924556957557797
2047,285.720505604,48111,4700,3703,16175,117,2.3844819515943527,2.647434128448367,8.15737689845264,2.1826340816915035,7.161743938922882,17.501754919067025,23.12133088707924
2048,286.012925175,48012,4646,3705,16215,116,2.500528935343027,3.447050927206874,4.381099017336965,1.9704781007021666,8.894586935639381,15.246164053678513,21.998198935762048
2049,286.110398852,47929,4742,3705,16218,116,2.648476976901293,1.9141621887683868,4.551857942715287,1.9570731092244387,10.899238986894488,17.408170038834214,22.519745863974094
2051,286.305346121,47874,4642,3705,16233,115,2.3793820291757584,4.68530785292387,4.301579901948571,2.422823803499341,7.101642433553934,13.826046139001846,21.424296079203486
2052,286.402820048,47865,4689,3705,16238,115,4.224817035719752,3.215316915884614,5.20774582400918,1.995725091546774,6.896447157487273,14.099918073043227,22.152247838675976
2053,286.500331599,47858,4664,3708,16087,117,2.675458090379834,5.8188599068671465,4.3713010381907225,3.6596788559108973,6.339184008538723,14.370163902640343,23.422776022925973
2054,286.792715379,47852,4625,3710,16225,118,2.4464691523462534,3.0268949922174215,4.402199061587453,4.075587959960103,6.446452811360359,14.924239832907915,21.11055888235569
2055,286.89023468,47857,4665,3711,16238,118,2.493375912308693,4.293164005503058,5.009676096960902,2.0017470233142376,6.923175882548094,13.934599002823234,21.25399699434638
2057,287.085135783,47788,4529,3712,16253,118,2.388749970123172,2.80771404504776,4.833645885810256,1.9102550577372313,6.866249954327941,13.610150897875428,19.37761506997049
2058,287.182611293,47875,4575,3712,16267,118,2.384874038398266,3.064926015213132,4.4607890304178,1.8999960739165545,6.093583069741726,12.45436817407608,18.456330988556147
2059,287.377559854,47791,4563,3713,16271,118,2.4319319054484367,2.762560034170747,6.969312904402614,1.9813280086964369,6.848217220976949,15.798858134076,21.554179023951292
2060,287.475033739,47683,4522,3714,16081,121,2.3585138842463493,4.688926041126251,4.624214954674244,2.900176914408803,6.612986093387008,14.137377962470055,21.75590698607266
2062,287.669989342,47783,4457,3715,16237,120,2.413366921246052,2.755336929112673,6.299860076978803,2.053673844784498,6.4070511143654585,14.76058503612876,20.50681901164353
2063,287.767457643,47790,4516,3717,16260,121,2.378020901232958,1.7705140635371208,4.81962994672358,1.862035132944584,5.861599929630756,12.54326500929892,17.214948078617454
2064,287.864927778,47773,4497,3719,16280,121,2.428394975140691,2.737171947956085,4.424160113558173,2.1684980019927025,12.959884945303202,19.552543060854077,25.282335933297873
2065,288.157349724,47840,4397,3719,16281,121,2.384993014857173,3.326656064018607,4.724882775917649,1.9319159910082817,6.42848014831543,13.08527891524136,19.336028024554253
2066,288.254823317,47812,4444,3720,16286,121,2.4132258258759975,1.7254180274903774,9.992460953071713,2.1116919815540314,6.657239980995655,18.7613929156214,23.64138513803482
2068,288.449771254,47771,4390,3721,16129,124,2.4022459983825684,2.8939058538526297,5.063025979325175,2.6107761077582836,10.052342899143696,17.726144986227155,23.55907205492258
2069,288.547245263,47748,4362,3723,16247,122,2.3879390209913254,2.654528012499213,5.154316080734134,2.8314089868217707,11.63595705293119,19.621682120487094,25.201214011758566
2070,288.64471769,47742,4393,3724,16255,123,2.415100112557411,1.831448171287775,4.458402981981635,2.085793996229768,6.1511320527642965,12.6953290309757,17.519447952508926
2071,288.937139136,47571,4293,3726,16270,124,2.664285944774747,2.823693910613656,4.399404162541032,2.0081878174096346,6.747117033228278,13.154709013178945,19.179585156962276
2072,289.034615937,47476,4339,3728,16278,122,2.4405871517956257,1.7415990587323904,4.4521428644657135,2.0319619216024876,6.808331003412604,13.292435789480805,18.071561120450497
2074,289.229560957,47392,4315,3730,16281,124,2.424979116767645,2.748935017734766,9.812634903937578,1.9926191307604313,6.099945865571499,17.90519990026951,23.62294984050095
2075,289.327035383,47422,4320,3730,16081,122,2.4114728439599276,2.7259509079158306,4.338399041444063,2.550933975726366,6.644516019150615,13.533849036321044,19.214550033211708
2076,289.521982778,47390,4305,3731,16214,121,2.537338063120842,3.0983779579401016,4.54333215020597,2.1192459389567375,12.323884991928935,18.986463081091642,25.313585065305233
2077,289.716930131,47457,4317,3732,16236,123,2.4211721029132605,3.0468518380075693,6.399636855348945,3.1714460346847773,7.110897218808532,16.681980108842254,22.722845897078514
2078,289.814403891,47492,4244,3735,16250,124,2.428715117275715,2.7925458271056414,4.741364158689976,19.68578202649951,16.565270954743028,40.99241713993251,46.85973818413913
2079,289.911879942,47479,4330,3737,16263,125,2.5377790443599224,6.402843166142702,13.747869059443474,2.0845208782702684,14.095511054620147,29.92790099233389,39.453717879951
2080,290.106825128,47356,4189,3737,16265,126,3.1996581237763166,13.659142889082432,4.315125988796353,1.9133610185235739,7.993238978087902,14.22172598540783,31.650695018470287
2081,290.399247283,47375,4119,3740,16171,129,2.3202220909297466,2.8727769386023283,3.7223161198198795,2.600857987999916,18.95310077816248,25.276274885982275,34.03217205777764
2082,290.496722293,47434,4194,3740,16203,129,2.4093289393931627,1.703518908470869,3.722606925293803,2.106912899762392,6.8857071455568075,12.715226970613003,17.509229015558958
2083,290.691676979,47354,4061,3742,16222,127,2.4105720221996307,3.4594740718603134,20.88072896003723,2.1186249796301126,5.925919860601425,28.92527380026877,35.350068006664515
2084,290.789183489,47369,4128,3745,16257,126,2.4221129715442657,1.7658451106399298,4.3658597860485315,1.962232869118452,6.016750354319811,12.344843009486794,17.08890195004642
2085,290.984090383,47246,4031,3745,16260,128,2.4328939616680145,5.3091158624738455,5.8072879910469055,2.1514869295060635,9.854864096269011,17.81363901682198,26.150230085477233
2086,291.179040153,47151,4002,3745,16266,128,2.5207579601556063,10.186183033511043,11.11488207243383,4.348217975348234,7.967380108311772,23.430480156093836,36.699183052405715
2087,291.276513538,47043,3916,3746,16123,127,2.3548868484795094,2.7157929725944996,3.612190019339323,16.5485308971256,6.4259960781782866,26.58671699464321,32.22675295546651
2088,291.373986922,47065,3943,3749,16164,125,2.4394248612225056,1.978052081540227,7.823812076821923,4.568520002067089,10.286922799423337,22.67925487831235,27.689870912581682
2089,291.763882962,46690,3710,3750,16164,127,2.3934899363666773,2.75375391356647,4.42372914403677,2.066877903416753,19.525982905179262,26.016589952632785,31.73993108794093
2090,291.861354596,46644,3894,3751,16182,128,2.46709818020463,1.7881561070680618,4.0322160348296165,3.014632035046816,6.030706921592355,13.077554991468787,17.891824943944812
2091,291.958831106,46503,3823,3754,16190,128,2.3897220380604267,2.714840928092599,3.9626159705221653,2.072828821837902,20.604161312803626,26.639606105163693,32.306362176313996
2092,292.056304074,46374,3833,3755,16195,130,2.387918997555971,1.752970041707158,4.322360036894679,2.0551460329443216,7.568873930722475,13.946380000561476,18.809882923960686
2093,292.153777667,46275,3762,3755,16141,129,2.3765680380165577,8.956281933933496,5.1377760246396065,2.8036569710820913,6.375852040946484,14.317285036668181,26.250628056004643
2094,292.543674332,45126,3658,3756,16151,128,2.465904923155904,2.8903200291097164,3.9129930082708597,2.2944340016692877,6.866900948807597,13.074327958747745,19.044792978093028
2096,292.738619101,44584,3565,3757,16155,126,2.4013540241867304,2.796472981572151,8.910947013646364,4.568360047414899,6.17827195674181,19.657579017803073,25.402100989595056
2097,292.836094778,44175,3627,3759,16161,127,2.4254191666841507,1.8088859505951405,4.207012942060828,2.3395081516355276,7.812031079083681,14.358552172780037,19.26189800724387
2098,292.933570037,44028,3559,3759,16161,126,2.334719989448786,2.590928925201297,3.986882045865059,2.0760551560670137,5.900021875277162,11.962959077209234,17.428917810320854
2099,293.031041256,43882,3546,3760,16162,126,2.389142056927085,5.408712895587087,5.427638068795204,2.9177700635045767,7.458328967913985,15.803737100213766,24.192977929487824
2100,293.323468952,43557,3848,3766,16128,132,2.365807071328163,5.7201748713850975,4.139888100326061,2.9930819291621447,6.460701115429401,13.593671144917607,22.232247050851583
2101,293.420938461,43350,4115,3770,16157,133,2.4094791151583195,1.9320659339427948,3.7623820826411247,1.883193850517273,5.940817994996905,11.586393928155303,16.47439179942012
2103,293.615884564,43231,3770,3770,16160,132,2.5473081041127443,2.986429026350379,4.188599064946175,2.134415088221431,6.597986910492182,12.921001063659787,18.995490157976747
2104,293.713357657,43223,3929,3776,16215,133,2.304723020642996,2.5821321178227663,3.716144012287259,1.99942197650671,9.99628915451467,15.71185514330864,21.142828976735473
2105,293.90830726,42774,4050,3777,16231,134,2.3734020069241524,2.8191062156111,4.3297631200402975,2.0415110047906637,8.184416918084025,14.555691042914987,20.2975959982723
2106,294.005779104,42789,4194,3784,16329,131,2.3451989982277155,3.055779030546546,4.331906791776419,2.005652990192175,6.557052256539464,12.894612038508058,18.822045996785164
2108,294.200728998,42985,4210,3786,16268,138,2.3295499850064516,2.6812581345438957,5.655985092744231,2.8854000847786665,7.691755890846252,16.23314106836915,21.9314550049603
2109,294.298200841,43109,4706,3790,16376,130,2.370357047766447,4.777892027050257,7.5634748209267855,2.1843379363417625,6.128380307927728,15.876193065196276,23.61120912246406
2110,294.395675268,43057,4780,3793,16446,128,2.364545129239559,1.65833393111825,5.312673049047589,4.509259015321732,6.8912559654563665,16.713188029825687,21.279704989865422
2111,294.688097464,43170,4481,3796,16488,127,2.5062200147658587,2.810258883982897,5.005897954106331,2.0584729500114918,6.401450140401721,13.465821044519544,19.33448389172554
2112,294.785571724,43355,4571,3797,16507,127,2.3532540071755648,1.6876279842108488,6.134561030194163,1.9851550459861755,9.015542920678854,17.135258996859193,21.782886935397983
2114,294.980519826,43255,4851,3802,16609,127,2.3829699493944645,2.802054164931178,7.750685093924403,2.8512058779597282,7.748952833935618,18.35084380581975,24.07474583014846
2115,295.077993086,43141,4903,3803,16448,130,2.3562898859381676,1.6603970434516668,6.477423012256622,2.645730972290039,7.0807719603180885,16.20392594486475,20.810015965253115
2116,295.370414074,43030,4671,3806,16641,127,2.3639339487999678,3.1055121216923,4.987834952771664,1.9908659160137177,9.31865000165999,16.29735087044537,22.36870303750038
2117,295.467933292,42864,4808,3807,16646,128,2.3516409564763308,1.7245879862457514,4.969890927895904,1.905806828290224,7.373579312115908,14.249277068302035,18.871278036385775
2118,295.662836312,42811,4709,3810,16677,128,2.357842866331339,2.6658689603209496,5.8093329425901175,2.3402099031955004,9.155053179711103,17.30459602549672,22.931055165827274
2119,295.760310738,42640,4888,3810,16681,128,3.388672135770321,2.559178974479437,6.142826983705163,2.1051401272416115,7.388115860521793,15.636082971468568,22.126069059595466
2120,295.857783706,42739,5199,3813,16725,129,2.3444381076842546,3.318210132420063,5.72342099621892,2.0406991243362427,6.746997823938727,14.51111794449389,20.738181890919805
2121,296.150205527,42435,5150,3817,16606,132,2.3365330416709185,2.5730051565915346,5.912805907428265,2.8445529751479626,12.081260094419122,20.83861897699535,26.322933146730065
2122,296.247678495,42238,5239,3819,16792,129,2.321965992450714,1.6441470943391323,4.911832977086306,1.9745558965951204,8.231885265558958,15.118274139240384,19.614128163084388
2124,296.442626932,41874,5240,3820,16827,129,2.3785510566085577,5.0519451033324,5.682856077328324,2.520487178117037,6.871588760986924,15.074932016432285,23.08322978205979
2125,296.540104941,42397,5394,3822,16866,128,2.3180879652500153,2.8512259013950825,4.8841009847819805,2.085674088448286,6.902716821059585,13.872491894289851,19.614188000559807
2126,296.832522388,43757,5168,3824,16921,128,3.2878629863262177,3.9866010192781687,6.63906498812139,2.1163609344512224,16.22606790624559,24.981493828818202,32.94646902941167
2127,296.929995939,44570,5289,3824,16923,128,2.4033179506659508,1.7096397932618856,8.3993598818779,1.8645890522748232,6.3252681866288185,16.58921712078154,21.257553016766906
2128,297.027470032,45632,5745,3828,16635,132,2.409880980849266,2.6703979820013046,4.964621039107442,4.7215360682457685,7.482644869014621,17.16880197636783,22.804579231888056
2129,297.124945,46608,5828,3829,16893,126,2.3447980638593435,1.6799340955913067,5.2176350727677345,1.9606798887252808,6.653110031038523,13.831424992531538,18.40546610765159
2130,297.222417177,47922,5830,3829,16960,128,2.4125149939209223,3.095442894846201,7.992949103936553,2.94175511226058,6.492690648883581,17.427394865080714,23.488548817113042
2131,297.514839623,48523,5844,3829,16970,128,2.406654180958867,2.6876810006797314,6.229188991710544,2.019388834014535,7.321621058508754,15.570198884233832,21.238398039713502
2133,297.807260777,48244,6101,3831,17003,128,2.436659997329116,2.8775848913937807,4.98798512853682,1.9714799709618092,9.025069884955883,15.984534984454513,21.848920034244657
2134,297.904735245,48184,6133,3833,17036,128,2.6153649669140577,1.888955943286419,5.532975075766444,2.244671108201146,7.013164693489671,14.790810877457261,19.8566319886595
2135,298.002208338,48143,6090,3833,16707,132,2.4060430005192757,2.964749000966549,6.969091948121786,2.527539851143956,7.099488051608205,16.596119850873947,22.512953961268067
2136,298.099683682,48166,6335,3834,17007,127,2.4126549251377583,4.0289300959557295,9.950432926416397,2.1060719154775143,7.297315169125795,19.353820011019707,26.338933035731316
2137,298.392106003,48145,6300,3835,17022,127,2.3611090146005154,2.6965970173478127,5.637089954689145,2.547947922721505,5.915471352636814,14.100509230047464,19.676113035529852
2138,298.489580429,48150,6358,3837,17031,127,2.456708112731576,4.181274911388755,5.371922859922051,2.171043073758483,7.7810431830585,15.324009116739035,22.543661063537
2140,298.684527615,48174,6533,3840,17055,127,2.378129865974188,2.7952210512012243,6.815675878897309,2.07589496858418,6.868985015898943,15.760555863380432,21.467044949531555
2141,298.781998208,48091,6614,3841,17060,128,2.4649829138070345,3.9711520075798035,5.178550956770778,7.165560033172369,7.689531892538071,20.033642882481217,27.05952199175954
2142,298.976946645,47924,6424,3841,16808,127,2.459903946146369,4.402900114655495,6.221624091267586,3.037974936887622,6.09434605576098,15.353945083916187,22.81158184632659
2143,299.171896081,47922,6370,3843,17042,126,2.37962300889194,2.892193151637912,6.048889830708504,2.230995101854205,11.238584062084556,19.518468994647264,25.34691710025072
2144,299.269368424,47998,6585,3844,17096,125,2.4144488852471113,2.8205791022628546,8.520096074789762,3.417275846004486,5.9403060004115105,17.87767792120576,23.692029993981123
2145,299.366861684,47998,6622,3844,17105,125,2.424567937850952,1.927827950567007,6.933456053957343,2.0158730912953615,6.046996917575598,14.996326062828302,19.90930107422173
2146,299.659262672,48010,6122,3844,17108,124,2.367160050198436,3.0322540551424026,9.384091943502426,2.2347120102494955,7.931635016575456,19.550438970327377,25.527795078232884
2148,299.951685159,47919,6164,3845,17112,125,2.3788721300661564,2.79992981813848,6.309267831966281,2.275338163599372,7.826346904039383,16.410952899605036,22.181373089551926
2149,300.049160336,47831,6146,3845,16838,127,2.448851941153407,1.7667568754404783,5.5250299628824,2.8751110658049583,9.29440394975245,17.694544978439808,22.526649059727788
2150,300.341580782,47813,5825,3847,17049,126,2.395243151113391,2.8834170661866665,5.972507176920772,4.96443104930222,6.728252628818154,17.665190855041146,23.48145586438477
2151,300.43905625,47745,5834,3847,17088,126,2.4210710544139147,1.8888849299401045,5.017550894990563,1.8815009389072657,5.928094033151865,12.827145867049694,17.71579496562481
2153,300.634002644,47628,5811,3847,17096,125,2.371829003095627,2.6778208557516336,5.72393205948174,4.796616034582257,6.375282071530819,16.895830165594816,22.53094711340964
2154,300.926424424,47570,5809,3847,17113,125,2.3678310681134462,2.8137359768152237,6.2544450629502535,2.201730152592063,6.285053910687566,14.741229126229882,20.453759003430605
2156,301.218845162,47460,5772,3849,17178,124,2.3734220303595066,2.7417109813541174,5.297584924846888,3.099299967288971,8.190017193555832,16.58690208569169,22.241684840992093
2157,301.316319296,47423,5840,3850,16892,121,2.4377619847655296,1.7775457818061113,5.116516025736928,3.5132551565766335,6.000779801979661,14.630550984293222,19.411158049479127
2158,301.511266774,47490,5801,3852,17132,122,2.396574942395091,2.937166951596737,6.893872050568461,1.9699870608747005,6.211193976923823,15.075053088366985,20.954275969415903
2159,301.706215586,47506,5797,3853,17182,123,2.3959740065038204,3.052963875234127,5.15080988407135,1.9806770142167807,6.497218972072005,13.628705870360136,19.738671137019992
2160,301.80369072,47541,5618,3854,17187,123,2.3631718941032887,2.7215739246457815,8.552485844120383,2.0297891460359097,5.868052132427692,16.450327122583985,22.091784048825502
2161,302.096110041,47550,5645,3856,17252,121,2.339297207072377,2.6772699784487486,9.98394493944943,2.0831080619245768,6.197309121489525,18.26436212286353,23.837312124669552
2162,302.19358476,47612,5727,3858,17290,121,2.4653440341353416,1.765865134075284,5.309577099978924,2.0430029835551977,6.9651559460908175,14.317736029624939,19.120434066280723
2163,302.388531529,47710,5590,3859,16938,120,2.4014238733798265,3.129446180537343,5.0457429606467485,3.402288071811199,9.188154945150018,17.636185977607965,23.770255967974663
2164,302.680954309,48129,5443,3862,17174,119,2.3751049302518368,2.760825911536813,5.345334066078067,5.183350993320346,6.002072943374515,16.530758002772927,22.210618015378714
2165,302.778428943,48224,5510,3863,17202,119,2.4614259600639343,1.8702901434153318,5.891615990549326,2.1562259644269943,6.323995068669319,14.37183702364564,19.291694974526763
2166,302.973375588,48471,5281,3865,17232,118,2.796452958136797,2.9071809258311987,6.023983936756849,2.5359559804201126,8.883455069735646,17.443394986912608,23.937698919326067
2167,303.265797867,48573,5212,3866,17295,118,2.393909962847829,2.997388830408454,8.722494821995497,1.9938109908252954,5.902566248551011,16.618872061371803,22.536405827850103
2168,303.363271252,48578,5310,3868,17303,116,2.389553003013134,1.70661392621696,7.1069300174713135,2.9163581784814596,6.462704855948687,16.48599305190146,21.174677880480886
2169,303.558262813,48470,5234,3869,16844,116,2.360817976295948,3.0910251662135124,6.091370014473796,2.9331189580261707,9.711364982649684,18.73585395514965,24.73631384782493
2170,303.850641009,48441,5140,3870,17110,116,2.4043999146670103,2.7597451116889715,4.478120943531394,2.821429865434766,6.0259581077843904,13.32550891675055,19.06325714662671
2171,303.948120686,48478,5191,3871,17192,116,2.399459946900606,3.5853199660778046,5.150970071554184,2.3923669941723347,7.45946099050343,15.002798056229949,21.570428973063827
2172,304.143061872,48342,4999,3872,17213,117,2.4565670173615217,2.7855730149894953,4.1102219838649035,2.7984168846160173,8.881462272256613,15.790101140737534,21.640039049088955
2173,304.24053534,48312,4947,3872,17259,117,2.372340066358447,2.7309912256896496,4.6152169816195965,6.468005012720823,6.179754855111241,17.26297684945166,22.912229876965284
2174,304.53299687,48390,4766,3873,17265,118,2.5536089669913054,3.226288128644228,4.065738990902901,3.5921521484851837,6.320219021290541,13.978110160678625,20.355334971100092
2176,304.825379191,48403,4649,3876,16979,119,2.6724119670689106,2.8265900909900665,3.7818579003214836,2.55261710844934,6.62236288189888,12.956837890669703,19.04711709357798
2177,304.9228957,48390,4744,3876,17069,119,2.3714080452919006,1.86175387352705,4.401677055284381,1.8065809272229671,7.193853845819831,13.402111828327179,18.196403980255127
2178,305.117800553,48303,4610,3876,17106,119,2.481894800439477,2.9943541157990694,3.923392854630947,2.06578616052866,9.742784081026912,15.731963096186519,22.027794970199466
2179,305.215274563,48218,4617,3877,17160,119,2.405111910775304,3.7212742026895285,4.057533806189895,2.477465895935893,6.263933377340436,12.798933079466224,19.46425694040954
2180,305.410266833,48191,4543,3879,17207,118,2.400191966444254,4.306618822738528,3.832362126559019,1.9842740148305893,7.0899189449846745,12.906555086374283,20.166682079434395
2181,305.702687279,48076,4449,3881,17278,119,2.4017048999667168,2.852407982572913,3.222431056201458,1.9494090229272842,9.683711919933558,14.8555519990623,20.722902845591307
2183,305.995066808,47817,4289,3882,17004,119,3.4169547725468874,2.9803679790347815,3.598203882575035,4.974029026925564,9.321355260908604,17.893588170409203,25.096629047766328
2184,306.092539193,47842,4379,3884,17179,120,2.3779200855642557,1.7939580138772726,3.4813350066542625,5.386941134929657,6.671095732599497,15.539371874183416,20.257361000403762
2185,306.287491213,47602,4306,3884,17203,120,2.6082710828632116,3.3845840953290462,3.763863816857338,2.2959469351917505,7.6286974363029,13.688508188351989,20.331559935584664
2186,306.48243394,47529,4263,3888,17318,120,2.441749908030033,2.9814201407134533,6.435584044083953,2.541096182540059,6.105465814471245,15.082146041095257,21.050375886261463
2187,306.579918325,47567,4143,3890,17374,120,2.379724057391286,2.796082990244031,6.1831120401620865,2.6023699901998043,6.208769045770168,14.994251076132059,20.7413281314075
2188,306.872331188,47327,4032,3892,17413,120,2.4025358725339174,2.9175598174333572,3.943529911339283,3.8269918877631426,6.228928221389651,13.999450020492077,19.993697991594672
2190,307.164751634,46890,3942,3894,17049,120,2.3831601720303297,2.9642870649695396,7.008126005530357,3.1079070176929235,6.549505982547998,16.66553900577128,22.59544818662107
2191,307.262225477,46675,3996,3895,17189,120,2.3654771503061056,1.818173099309206,4.222191870212555,4.929926013574004,6.799796130508184,15.951914014294744,20.69253590889275
2192,307.554651673,46122,3853,3897,17251,121,2.4024660233408213,3.1091980636119843,4.604848101735115,1.9906451925635338,5.965945776551962,12.56143907085061,18.60740315169096
2193,307.652121225,45982,3902,3897,17284,121,2.3904740810394287,1.7531509511172771,5.683375988155603,2.2487591486424208,7.138449931517243,15.070585068315268,19.816727144643664
2194,307.847068244,45821,3707,3898,17317,121,2.364696003496647,4.5877061784267426,3.4848719369620085,2.992139896377921,8.39887815527618,14.875889988616109,22.3765280097723
2195,308.13949169,45573,3631,3898,17321,121,2.3676410783082247,2.7606559451669455,3.116711974143982,6.246048957109451,5.973131163045764,15.335892094299197,21.007454954087734
2196,308.236962658,45519,3681,3898,17028,120,2.3452190216630697,1.6330461949110031,3.132401965558529,5.014394875615835,7.566881133243442,15.713677974417806,20.286525832489133
2197,308.431912095,45661,3553,3899,17129,118,2.4384730495512486,2.8672958724200726,8.012365084141493,2.0883679389953613,6.31146295927465,16.412195982411504,22.278014104813337
2198,308.724332499,45837,3454,3901,17171,117,2.371337963268161,2.7849420439451933,3.6541090812534094,2.8263500425964594,10.355300037190318,16.835759161040187,22.549131186679006
2201,309.016755487,45901,3366,3901,17238,117,2.589697018265724,6.484546000137925,3.5071028396487236,1.7958309035748243,5.794585216790438,11.097518960013986,20.72333311662078
2202,309.114227913,45989,3446,3903,17294,117,2.3656568955630064,2.7913639787584543,4.604656947776675,2.1407559979707003,8.575178915634751,15.320591861382127,21.04944409802556
2203,309.309176016,45987,3323,3903,17311,117,2.5112999137490988,3.4750730264931917,3.613413078710437,1.8562739714980125,9.7003229893744,15.170010039582849,21.702966885641217
2204,309.406649943,46061,3361,3903,17043,117,2.374483970925212,1.9197328947484493,3.8215010426938534,3.5228838678449392,8.906709030270576,16.25109394080937,21.106641041114926
2206,309.601598796,46267,3420,3903,17176,117,2.592711942270398,3.4848321229219437,3.1869939994066954,1.897861948236823,6.793333915993571,11.87818986363709,18.660933943465352
2207,309.894019742,46452,3422,3905,17209,117,2.4200589396059513,3.828916000202298,3.465625923126936,1.9672419875860214,7.061926182359457,12.494794093072414,19.268561154603958
2208,309.991494751,46537,3429,3906,17235,117,2.4754118639975786,1.8738568760454655,5.6772250682115555,2.0064550917595625,7.140773814171553,14.82445397414267,19.774848129600286
2209,310.186440604,46607,3285,3906,17237,117,2.40606302395463,3.7205631379038095,5.054007982835174,1.9926389213651419,11.43584307283163,18.482489977031946,25.201113894581795
2210,310.283915739,46590,3275,3906,17259,117,2.3614000529050827,3.6360439844429493,3.0778299551457167,1.805939944460988,5.914489040151238,10.798258939757943,17.351053189486265
2211,310.576336893,46590,3327,3906,17048,116,2.380294958129525,3.1978648621588945,3.3680640626698732,3.363995114341378,8.36966373026371,15.101722907274961,21.232988219708204
2212,310.673810945,46634,3377,3907,17226,116,2.417585114017129,1.8310369923710823,4.114039009436965,1.9333581440150738,8.712164824828506,14.759561978280544,19.58292885683477
2213,310.868758131,46655,3373,3907,17276,119,2.378972014412284,2.836718922480941,3.6875309888273478,1.864830031991005,6.200334057211876,11.752695078030229,17.497026128694415
2214,311.161181244,46695,3505,3909,17340,120,2.3257220163941383,1.701143104583025,6.429061992093921,1.9824299961328506,6.781160831451416,15.192652819678187,19.758668029680848
2215,311.258654379,46666,3735,3910,17363,120,2.4278440978378057,1.9438669551163912,3.2976611983031034,1.9827100913971663,7.081923773512244,12.362295063212514,17.342396080493927
2216,311.453602107,47986,3751,3912,17431,120,2.40816711448133,2.7538840658962727,4.326026188209653,2.02414789237082,7.886288920417428,14.236463000997901,20.015578949823976
2217,311.746070344,48873,3816,3913,17171,119,2.6645460166037083,3.8986459840089083,3.7294100038707256,3.622528864070773,6.189615232869983,13.541554100811481,20.697325002402067
2220,312.03844504,48277,3797,3913,17304,117,2.3836209438741207,3.474022028967738,3.767580958083272,1.9374960102140903,8.475941838696599,14.181018806993961,20.612125052139163
2221,312.135917884,48196,3898,3915,17449,117,2.3889699950814247,2.8102691285312176,4.728168016299605,2.764663891866803,6.7427202593535185,14.235552167519927,19.996193004772067
2222,312.233428977,48076,3943,3915,17473,117,2.3896819911897182,1.694762147963047,3.8709749933332205,1.8380898982286453,11.006287299096584,16.71535219065845,21.358913043513894
2223,312.428338955,47866,3923,3916,17492,118,2.4374620988965034,2.6609799824655056,3.706857096403837,2.1369101013988256,6.381281651556492,12.225048849359155,17.898207064718008
2224,312.525813631,47795,3980,3916,17520,118,2.4503760505467653,1.7879758961498737,3.879179945215583,2.357281045988202,12.930379947647452,19.166840938851237,24.03816720470786
2225,312.623287682,47758,4003,3916,17194,119,2.381055848672986,2.6299820747226477,3.896252019330859,9.021684061735868,6.955877877771854,19.873813958838582,25.453926995396614
2226,312.720760692,47743,4012,3917,17363,119,4.792969906702638,4.329873947426677,3.3349310979247093,3.5838468465954065,6.872772937640548,13.791550882160664,23.490512976422906
2227,312.915709129,47673,4061,3918,17445,119,2.4663761723786592,3.082247916609049,6.960185943171382,2.512932987883687,6.355154095217586,15.828273026272655,21.92047401331365
2228,313.208131158,47535,3956,3920,17518,119,2.5796678382903337,3.148321993649006,4.320245003327727,2.302038948982954,7.761665154248476,14.383949106559157,20.72416595183313
2229,313.305605501,47493,4031,3921,17545,120,2.4385140277445316,1.7650739755481482,4.3584369122982025,1.913451123982668,6.229809019714594,12.501697055995464,17.23379292525351
2231,313.500552521,47467,4106,3922,17589,120,2.6469340082257986,5.1155840046703815,4.554924089461565,3.1575700268149376,8.2507508341223,15.963244950398803,24.32521409355104
2232,313.598025864,47439,4123,3922,17153,121,2.38133710809052,2.754364861175418,4.516392946243286,5.682735005393624,6.049310090020299,16.24843804165721,21.938536781817675
2233,313.890448851,47291,4062,3922,17338,122,2.427011961117387,3.223423147574067,3.941075876355171,1.9996121991425753,8.652372984215617,14.593061059713364,20.797281991690397
2234,313.987926861,47366,4133,3922,17446,122,2.410682151094079,1.6571918968111277,4.350191913545132,1.911347033455968,11.021586135029793,17.283125082030892,21.962392143905163
2236,314.182870548,47347,4147,3922,17477,122,2.3805550299584866,2.750387880951166,7.448700023815036,2.0181371364742517,6.2015969306230545,15.668434090912342,21.351970033720136
2237,314.280342932,47347,4144,3922,17542,123,2.5851379614323378,2.8044981881976128,4.024973139166832,1.9782721064984798,9.266521781682968,15.26976702734828,21.207390120252967
2238,314.572765628,47595,4153,3922,17586,123,2.4690008722245693,3.1753829680383205,7.696784101426601,1.9331169314682484,6.132897920906544,15.762798953801394,21.992087829858065
2239,314.670242055,47672,4200,3922,17200,122,2.3508090525865555,1.6330869402736425,3.8392050191760063,2.4725969415158033,9.34326695278287,15.655068913474679,20.234208088368177
2241,314.865188449,47687,4127,3924,17420,123,2.391756046563387,2.75382399559021,4.057192942127585,2.211138140410185,6.526152836158872,12.794483918696642,18.530871020630002
2242,314.962667376,47666,4130,3925,17543,123,2.381415804848075,3.1908820383250713,4.515661159530282,1.9421149045228958,8.683590916916728,15.141366980969906,21.3709759991616
2243,315.060133052,47783,4168,3925,17611,123,2.4167231749743223,1.953616039827466,6.284310948103666,3.1139978673309088,6.828980054706335,16.22728887014091,21.127430023625493
2244,315.352556165,47933,4061,3925,17628,123,2.3761270567774773,4.788992926478386,3.733126213774085,2.4406579323112965,6.635888945311308,12.80967309139669,20.506437169387937
2245,315.4500293,47925,4091,3926,17713,123,2.4041198194026947,1.6444679349660873,6.5804950427263975,2.0322739146649837,6.840049987658858,15.45281894505024,20.041798008605838
2247,315.644976778,47893,4065,3926,17196,124,2.4165918584913015,2.697017975151539,8.240462047979236,2.983273006975651,6.035204976797104,17.25894003175199,22.95116288587451
2248,315.742450746,47927,4094,3928,17481,124,2.4236158933490515,2.333897864446044,4.769847029820085,2.0155119709670544,7.216345053166151,14.00170405395329,19.323954125866294
2249,316.034872609,47915,4048,3928,17649,124,2.3646350018680096,4.431413020938635,3.9706609677523375,1.8913291860371828,6.110315909609199,11.972306063398719,19.30414792150259
2250,316.132348952,47896,4117,3928,17682,124,2.4064239114522934,1.69562385417521,4.51533985324204,2.17802613042295,8.028906071558595,14.722272055223584,19.373957999050617
2251,316.327294096,47902,4075,3928,17716,124,2.3845629766583443,2.83748097717762,10.915146907791495,2.0132779609411955,6.413684226572514,19.342109095305204,25.173973059281707
2252,316.424772523,47913,4075,3928,17762,124,2.4517178535461426,1.6304210294038057,3.92606807872653,1.8818911630660295,6.092121824622154,11.900081066414714,16.52506599202752
2253,316.717229385,47770,4049,3928,17263,124,2.3979980032891035,2.6300721801817417,11.375409085303545,2.6554400101304054,6.433820817619562,20.464669913053513,26.180826826021075
2254,316.814663145,47762,4117,3928,17494,124,2.4289051070809364,1.7460479866713285,4.024500958621502,1.8775039352476597,6.276406114920974,12.178411008790135,16.891020815819502
2256,317.009611998,47734,4042,3928,17642,124,2.432412002235651,2.9285610653460026,10.599557077512145,2.12944601662457,6.415945943444967,19.144949037581682,25.079244980588555
2257,317.107085675,47682,4085,3928,17722,124,2.403337974101305,1.8807300366461277,3.8240069989115,1.8750489689409733,6.100146099925041,11.799202067777514,16.61280100233853
2258,317.399507621,47566,4029,3929,17777,124,2.3786521051079035,2.6831820141524076,3.878347808495164,5.232091993093491,7.120706140995026,16.23114594258368,21.824835101142526
2259,317.496980547,47534,4047,3929,17820,123,2.3938510566949844,1.8961280584335327,4.087098874151707,1.8662819638848305,9.391217026859522,15.344597864896059,20.206396002322435
2261,317.691929317,47416,3965,3929,17337,123,2.411473076790571,2.8325009625405073,3.7990701384842396,2.5311470963060856,12.219217838719487,18.549435073509812,24.36045091599226
2262,317.789403493,47385,4033,3929,17589,123,2.3677709978073835,2.594855846837163,3.792787902057171,1.8887750338762999,6.31883624009788,12.000399176031351,17.484160838648677
2263,318.081823564,47206,3972,3929,17681,123,2.435889095067978,2.777677960693836,3.7066868972033262,1.862505916506052,5.966235185042024,11.535427998751402,17.2787772025913
2264,318.179299449,47081,4014,3929,17721,123,2.4110120721161366,3.587934887036681,3.7454599514603615,2.137731062248349,8.880728855729103,14.763919869437814,21.38384012505412
2266,318.374245344,46913,3972,3930,17732,123,2.3842619266361,2.7245888486504555,8.114987052977085,2.6172890793532133,6.193139823153615,16.925415955483913,22.595566930249333
2267,318.471721812,46764,4022,3930,17748,124,2.4314008187502623,1.778437988832593,3.9844170678406954,1.92781793884933,11.367243016138673,17.279478022828698,22.044727113097906
2268,318.764143799,46608,3871,3931,17248,125,2.373222028836608,3.6295419558882713,4.49306913651526,2.847519004717469,7.578793680295348,14.919381821528077,21.50016720406711
2270,319.056562954,46145,3812,3931,17489,125,2.423414960503578,2.6211750227957964,4.037416074424982,1.9661691039800644,5.925509845837951,11.929095024242997,17.50680385157466
2271,319.154036797,46085,3881,3933,17552,125,2.370636910200119,1.6944811213761568,3.8002021610736847,2.0210021175444126,6.162653677165508,11.983857955783606,16.591921914368868
2272,319.25151039,45956,3926,3935,17670,125,2.399299992248416,2.9767609667032957,4.126483108848333,1.9458720926195383,12.092559831216931,18.164915032684803,24.09485401585698
2273,319.543932336,45508,3794,3935,17715,125,2.4683689698576927,4.2610138189047575,3.831620793789625,2.0482330583035946,7.838079240173101,13.717933092266321,21.086824126541615
2275,319.738879522,45485,3776,3936,17766,124,2.3849629797041416,8.095409953966737,6.707052001729608,2.4861430283635855,8.092324947938323,17.285519978031516,28.342522913590074
2276,319.836353366,45309,3804,3936,17349,124,2.3946710862219334,1.6916058957576752,5.2288759034127,5.387102020904422,8.442460093647242,19.058438017964363,23.966012056916952
2277,319.933827125,45305,3803,3937,17558,123,2.5887349620461464,2.682721009477973,3.799149999395013,1.977291190996766,6.233735708519816,12.010176898911595,17.87135610356927
2278,320.031301593,45043,3799,3937,17667,123,2.4099599104374647,3.4471109975129366,4.445799859240651,1.912820152938366,9.738205000758171,16.096825012937188,22.531948052346706
2279,320.323726248,44367,3737,3937,17729,124,2.7795720379799604,5.480316001921892,3.9258969482034445,1.8642290960997343,5.922805052250624,11.712931096553802,20.51341999322176
2280,320.421197508,44051,3830,3937,17770,123,2.456126967445016,3.76870296895504,6.375070894137025,1.905255950987339,6.507659098133445,14.787985943257809,21.54989098198712
2282,320.616146069,44010,3766,3937,17804,123,2.4133562110364437,2.863788977265358,3.813578048720956,2.9879917856305838,6.905553163960576,13.707122998312116,19.505794858559966
2283,320.71361812,44013,3794,3937,17337,124,2.366448985412717,2.9813197907060385,4.437715047970414,2.548780059441924,6.783975986763835,13.770471094176173,19.688045140355825
2284,321.006039525,43635,3690,3937,17485,124,2.345719840377569,2.6298421435058117,4.277055151760578,1.903663156554103,8.185637649148703,14.366355957463384,19.873301964253187
2285,321.103514535,43482,3687,3937,17582,123,2.4110821541398764,3.416453953832388,4.27546096034348,2.7044210582971573,6.750324042513967,13.730206061154604,20.134642021730542
2287,321.298461971,43503,3747,3938,17671,124,2.691115951165557,3.253077855333686,5.073494976386428,2.0275949500501156,6.432317895814776,13.53340782225132,20.047588972374797
2288,321.395958314,43424,3878,3939,17779,123,2.3447591811418533,1.6440970357507467,7.895275950431824,2.577684121206403,5.963410949334502,16.43637102097273,20.951109938323498
2289,321.688356468,43088,3793,3940,17793,123,2.5198960211127996,2.997118979692459,4.341786028817296,2.0242289174348116,7.488322909921408,13.854337856173515,20.175678888335824
2290,321.785831811,43073,3803,3940,17371,123,2.3998820688575506,1.856634160503745,4.236608976498246,4.534455947577953,7.760633947327733,16.531698871403933,21.6253821272403
2291,321.980777623,42753,3944,3940,17618,123,2.3691740352660418,2.912671072408557,5.195261910557747,2.044516149908304,9.869681904092431,17.109459964558482,22.96231407672167
2292,322.078293091,42564,3905,3940,17703,123,2.3626009933650494,1.8300649244338274,7.599912816658616,3.914475906640291,6.172402296215296,17.686791019514203,22.41205400787294
2293,322.273199569,42347,4017,3941,17752,123,2.430568914860487,2.7645539958029985,4.053977085277438,2.9029829893261194,9.418906876817346,16.375866951420903,22.157927975058556
2294,322.468147255,42299,4257,3943,17843,124,2.689072862267494,2.7708758134394884,5.691139958798885,2.176393987610936,9.20920423232019,17.07673817873001,23.115010000765324
2295,322.565621765,42367,4510,3944,17919,124,2.3216339759528637,2.597711980342865,5.471999989822507,6.837376160547137,6.3042789697647095,18.613655120134354,24.103610077872872
2296,322.663096441,42353,4800,3945,17458,125,2.4043188896030188,1.7449359875172377,9.148460812866688,2.941354876384139,6.378617370501161,18.468433059751987,23.17976113408804
2297,322.955517512,42283,4654,3947,17832,127,2.3719591554254293,3.8781780749559402,5.583830177783966,2.0412500016391277,6.676755845546722,14.301836024969816,21.114215021952987
2298,323.052994314,42349,4690,3948,17910,127,2.3841019719839096,1.76354986615479,5.776571109890938,2.13696900755167,9.073140798136592,16.9866809155792,22.01123395934701
2299,323.247940042,42193,4842,3948,17992,126,2.390724141150713,3.3948528580367565,5.5352491326630116,2.001785906031728,8.946713991463184,16.483749030157924,22.803036030381918
2300,323.345412468,42082,4893,3949,18032,125,2.4520689621567726,1.6496870666742325,6.969262845814228,2.2669220343232155,9.463131194934249,18.699316075071692,23.36295321583748
2301,323.637835414,41995,4694,3950,18040,126,2.4472998920828104,2.945501822978258,6.795617984607816,2.3864058312028646,9.204085217788815,18.386109033599496,24.375367909669876
2302,323.735307382,41966,4678,3951,17390,129,2.309482078999281,1.6521818470209837,5.52780507132411,2.5598499923944473,10.954010765999556,19.041665829718113,23.557967972010374
2304,323.930256319,41894,4812,3952,17826,127,2.3884200491011143,2.8751699719578028,5.953532177954912,2.0997198298573494,6.737668998539448,14.79092100635171,20.896446891129017
2305,324.02772962,41834,4577,3953,17969,124,2.3701449390500784,2.6676820125430822,8.357991930097342,2.8175930492579937,6.720618112012744,17.89620309136808,23.527942830696702
2306,324.320154649,41968,4766,3953,18013,124,2.4693207815289497,6.1234598979353905,5.467001115903258,1.9235499203205109,7.115847896784544,14.506398933008313,23.658335907384753
2307,324.417630868,42009,4795,3953,18039,124,2.3558579850941896,1.6900128684937954,4.990638932213187,1.8314879853278399,10.415543103590608,17.237670021131635,21.82915317825973
2309,324.612572595,41834,4327,3953,18053,124,2.307770075276494,2.7122260071337223,5.498269805684686,2.0390970166772604,6.231912178918719,13.769279001280665,19.330105977132916
2310,324.710046814,42090,4178,3953,17567,129,2.330541843548417,2.670368179678917,11.176696978509426,3.37995495647192,8.05904297158122,22.615694906562567,28.290584916248918
2311,325.002469218,42257,4584,3953,17862,127,2.3618501145392656,3.6674540024250746,5.751132965087891,2.0598950795829296,7.032360881567001,14.843388926237822,21.40252385288477
2312,325.099942603,42088,4646,3953,17934,124,2.3737831506878138,1.7066439613699913,4.939114209264517,1.9419738091528416,9.929022053256631,16.81011007167399,21.454171044752
2314,325.294933664,41562,4415,3955,17985,123,2.382348058745265,2.867266070097685,5.376813001930714,2.4576098658144474,11.926069157198071,19.760492024943233,25.584541028365493
2315,325.392363549,42077,4859,3957,18034,122,2.337354002520442,2.7321530506014824,5.7240319438278675,2.06973310559988,7.6916159596294165,15.485381009057164,21.090381080284715
2316,325.684785912,41759,5053,3962,18088,125,2.4315710179507732,4.5188069343566895,6.230680970475078,2.6920181699097157,6.606151815503836,15.528850955888629,23.127492982894182
2317,325.782261046,41865,5215,3963,17536,131,2.388209803029895,1.5812600031495094,4.943702835589647,7.529329974204302,6.445673294365406,18.918706104159355,23.48530199378729
2319,325.977206941,41722,5198,3965,17970,127,2.337204059585929,2.7772581670433283,8.381836814805865,2.068541944026947,9.312968235462904,19.763346994295716,25.41901101358235
2320,326.074689284,41629,5408,3967,18076,125,2.3702760227024555,2.78619397431612,5.069938022643328,7.125566015020013,6.490006111562252,18.685510149225593,24.512675125151873
2321,326.172155835,41542,5635,3970,18154,124,2.318468876183033,2.650660928338766,5.331668071448803,1.9535659812390804,9.060986805707216,16.3462208583951,21.885728929191828
2322,326.464616657,41782,5512,3972,18202,124,2.373201074078679,3.0880901031196117,6.078134989365935,2.067208057269454,11.041194899007678,19.186537945643067,25.29601100832224
2324,326.756998644,42096,6031,3975,18279,125,2.4018650874495506,3.747433889657259,5.742806941270828,1.9811778329312801,9.514306206256151,17.23829098045826,24.007349042221904
2325,326.854473196,42102,6016,3977,17781,130,2.434174995869398,1.6400290187448263,8.332042954862118,3.1827660277485847,6.9842420052737,18.499050987884402,23.135056952014565
2326,326.951945706,42137,5861,3978,18181,128,2.3691041860729456,2.909925999119878,5.496777128428221,2.096473937854171,7.401811890304089,14.99506295658648,20.888583036139607
2327,327.146895017,42398,5306,3980,18274,127,2.6469130534678698,3.2101478427648544,7.0252378936856985,2.8648420702666044,7.090047933161259,16.98012789711356,23.42342585325241
2328,327.244367818,42347,5143,3980,18298,127,2.448412124067545,1.8323499243706465,8.600425906479359,4.494110122323036,6.802039919421077,19.89657594822347,24.771408876404166
2329,327.439318171,42405,5437,3981,18341,126,2.3402899969369173,6.889253854751587,5.559353856369853,2.3904128465801477,7.875379407778382,15.825146110728383,25.628292933106422
2330,327.536790264,42603,5458,3981,18349,126,2.381187165156007,2.0725089125335217,5.233735078945756,2.229301957413554,6.255717016756535,13.718754053115845,18.708703108131886
2331,327.829211169,42590,5248,3983,17603,136,2.363061998039484,2.789741149172187,4.953931085765362,3.0572819523513317,11.559002101421356,19.57021513953805,25.34357993863523
2332,327.926683512,42418,5437,3985,18125,133,2.39342893473804,1.700913067907095,8.522540098056197,2.4222040083259344,6.669890834018588,17.61463494040072,22.255521034821868
2333,328.121632365,42660,6203,3985,18261,127,2.3546069860458374,7.904241792857647,5.787522066384554,1.9610500894486904,7.384589873254299,15.133162029087543,25.963861029595137
2334,328.219105041,42671,5949,3986,18303,126,2.3334568832069635,1.6711880452930927,5.827546119689941,6.92808604799211,6.245607743039727,19.00123991072178,23.539163172245026
2335,328.511532321,42610,5490,3987,18330,127,2.658264013007283,2.6737339794635773,5.460008978843689,1.9628731533885002,10.212281718850136,17.635163851082325,23.523935116827488
2336,328.609002705,42662,5329,3988,18330,127,2.516368869692087,1.9873890560120344,5.15132094733417,2.0831390284001827,7.028532912954688,14.262992888689041,19.33363196440041
2337,328.803949392,42371,5374,3990,17799,135,2.387417946010828,4.400214878842235,5.508589092642069,2.8856410644948483,7.5090129394084215,15.903243096545339,23.238640977069736
2338,328.901424401,42052,5542,3993,18200,130,2.3876079358160496,1.7841490916907787,5.176947917789221,2.0111838821321726,6.462164223194122,13.650296023115516,18.483301857486367
2339,329.193844181,42636,5301,3995,18303,129,2.5101681239902973,3.0568100046366453,5.745192989706993,2.588663948699832,6.429591914638877,14.763448853045702,20.890265004709363
2340,329.291320066,42347,5403,3996,18330,130,2.311907010152936,1.7642620950937271,6.698515964671969,2.1405559964478016,9.35340509749949,18.19247705861926,22.88384595885873
2342,329.486266793,42555,7049,3999,18438,127,2.330952091142535,2.87652388215065,10.178278898820281,2.2060980554670095,6.546902237460017,18.931279191747308,24.74355697631836
2343,329.58374197,42883,6436,4001,18494,125,2.3835510946810246,2.979506039991975,5.810525035485625,2.036412013694644,5.999215878546238,13.846152927726507,19.753628876060247
2344,329.876161916,43198,5718,4002,17822,133,2.544220769777894,2.981850178912282,5.159986903890967,2.6789240073412657,11.455869069322944,19.294779980555177,25.436623953282833
2345,329.973635592,42877,6063,4004,18330,127,2.6304428465664387,1.6919160261750221,5.0565330311656,5.2313110791146755,6.837274879217148,17.125118989497423,22.017375100404024
2346,330.071110644,43677,5553,4005,18382,127,2.3999009281396866,2.629291033372283,8.781193988397717,2.1170920226722956,6.0122020076960325,16.910488018766046,22.482215194031596
2347,330.16862407,43654,5359,4005,18395,127,2.4196079466491938,1.7679380252957344,5.172629840672016,1.927277073264122,7.876872085034847,14.976778998970985,19.70684085972607
2348,330.461006933,43677,4938,4006,18411,127,2.4004329461604357,3.040560055524111,5.102639785036445,2.597671002149582,8.624570211395621,16.324880998581648,22.332794964313507
2350,330.753470837,44027,4837,4006,18423,128,2.375975949689746,3.37855308316648,5.085367010906339,1.9527440890669823,6.118341814726591,13.156452914699912,19.442817196249962
2351,330.850901181,44289,4885,4009,17757,136,2.3579730186611414,1.705662114545703,4.506384022533894,2.555683022364974,6.403613835573196,13.465680880472064,18.066672142595053
2352,330.948375315,44966,4148,4010,18029,135,2.3342890199273825,3.154834033921361,4.392551025375724,1.976439030840993,11.297062039375305,17.666052095592022,23.719721008092165
2353,331.240797511,46985,4543,4010,18150,134,2.4504060856997967,2.758563030511141,5.214469041675329,5.10252988897264,9.702828247100115,20.019827177748084,25.768694933503866
2354,331.338271355,47507,4491,4010,18192,133,2.354677068069577,1.6505289822816849,3.675829153507948,1.8367581069469452,6.486438913270831,11.999026173725724,16.533903079107404
2355,331.435746406,47919,4025,4011,18199,134,2.640190999954939,2.629291033372283,4.233413143083453,2.0667079370468855,6.955136079341173,13.255257159471512,19.082522951066494
2356,331.533218041,48201,4059,4011,18200,133,2.438833937048912,1.8125521019101143,4.392802016809583,2.4924040772020817,6.621211068704724,13.506417162716389,18.33179802633822
2357,331.82564232,48757,5213,4011,17616,139,2.5247549638152122,2.8421899769455194,6.109933834522963,3.1532819848507643,7.73418415337801,16.997399972751737,22.930993931367993
2359,332.118103475,48980,4499,4012,17889,137,2.3843320086598396,2.7442260179668665,6.444060010835528,2.02122307382524,7.083816919475794,15.549100004136562,21.22674509882927
2360,332.215535984,49030,4484,4012,17990,137,2.507501980289817,2.2647378500550985,5.2661357913166285,1.9161761738359928,9.24750603735447,16.42981800250709,21.772696869447827
2361,332.313008452,49072,5048,4013,18031,138,2.394281094893813,2.717074938118458,9.794760961085558,2.3928089067339897,6.262088194489479,18.449658062309027,24.13467806763947
2362,332.410484046,49101,5160,4013,18072,138,2.4429820477962494,2.6742650661617517,9.160593850538135,2.6687150821089745,7.230621064081788,19.059929996728897,24.772340897470713
2363,332.507957639,49123,5117,4014,18113,133,2.5397532153874636,2.813784871250391,4.877849016338587,1.964655937626958,9.591220179572701,16.433725133538246,22.352172061800957
